"Time (s)","Magnetic Field x (µT)","Magnetic Field y (µT)","Magnetic Field z (µT)","Absolute field (µT)"
2.662108332E-2,4.908796310E0,-4.590612030E1,-3.701400757E0,4.631596409E1
3.661008336E-2,4.942777634E0,-4.611299896E1,-3.673912048E0,4.652243925E1
4.659908335E-2,5.005033493E0,-4.612784576E1,-3.733535767E0,4.654855319E1
5.658708332E-2,5.211733818E0,-4.619702911E1,-3.689575195E0,4.663625878E1
6.657608337E-2,5.378361702E0,-4.604353714E1,-3.596450806E0,4.649589816E1
7.656508335E-2,5.618703842E0,-4.597978592E1,-3.598663330E0,4.646139175E1
8.655408333E-2,5.859613419E0,-4.575773239E1,-3.483512878E0,4.626272803E1
9.654308332E-2,6.103434563E0,-4.579688263E1,-3.678115845E0,4.634797631E1
1.065320834E-1,6.250975609E0,-4.568825531E1,-3.871055603E0,4.627608930E1
1.165210833E-1,6.340641975E0,-4.566500854E1,-3.845130920E0,4.626317950E1
1.265100833E-1,6.502177238E0,-4.568085480E1,-3.878051758E0,4.630397488E1
1.364990834E-1,6.602262497E0,-4.558614731E1,-4.001564026E0,4.623525939E1
1.464870833E-1,6.673385620E0,-4.563463211E1,-4.243850708E0,4.631483555E1
1.564760833E-1,6.746719360E0,-4.560068130E1,-4.468704224E0,4.631316956E1
1.664650834E-1,6.922635078E0,-4.535026932E1,-4.818199158E0,4.612791830E1
1.764540834E-1,7.253875732E0,-4.545756149E1,-5.077476501E0,4.631187081E1
1.864430833E-1,7.700879097E0,-4.528153610E1,-5.250045776E0,4.623076931E1
1.964320833E-1,7.932317734E0,-4.525126648E1,-5.458732605E0,4.626441985E1
2.064210834E-1,8.297494888E0,-4.513872910E1,-5.958465576E0,4.628019660E1
2.164100833E-1,8.727390289E0,-4.502781296E1,-6.091964722E0,4.626859967E1
2.263990833E-1,9.135905266E0,-4.493313980E1,-6.386810303E0,4.629517430E1
2.363880834E-1,9.546440125E0,-4.473913956E1,-6.561988831E0,4.621455209E1
2.463760833E-1,9.918469429E0,-4.465203094E1,-6.865776062E0,4.625277056E1
2.563650833E-1,1.017215538E1,-4.453775024E1,-6.927825928E0,4.620691197E1
2.663540833E-1,1.056827736E1,-4.434897614E1,-7.029083252E0,4.612947195E1
2.763430834E-1,1.100234127E1,-4.418464661E1,-7.288078308E0,4.611345351E1
2.863320833E-1,1.150306129E1,-4.393269348E1,-7.626533508E0,4.604960357E1
2.963210833E-1,1.194679356E1,-4.377195358E1,-7.876930237E0,4.605166475E1
3.063100834E-1,1.221446800E1,-4.368756866E1,-8.229141235E0,4.610331496E1
3.162990834E-1,1.249785233E1,-4.363618851E1,-8.589546204E0,4.619625054E1
3.262870833E-1,1.259403610E1,-4.363856506E1,-8.789390564E0,4.626216048E1
3.362760834E-1,1.253220272E1,-4.353295517E1,-8.666130066E0,4.612240346E1
3.462650834E-1,1.233049488E1,-4.353769684E1,-8.609840393E0,4.606193115E1
3.562540833E-1,1.221348572E1,-4.378887177E1,-8.441108704E0,4.623728842E1
3.662430833E-1,1.203335285E1,-4.388181686E1,-8.255180359E0,4.624460439E1
3.762320834E-1,1.163295937E1,-4.405619431E1,-7.997612000E0,4.626268256E1
3.862210833E-1,1.125347137E1,-4.412122726E1,-7.447044373E0,4.613872325E1
3.962100833E-1,1.090615082E1,-4.432767105E1,-6.678604126E0,4.613556437E1
4.061990834E-1,1.057180882E1,-4.459756470E1,-6.105583191E0,4.623833977E1
4.161870833E-1,1.009791088E1,-4.459179688E1,-5.357376099E0,4.603365759E1
4.261760833E-1,9.734081268E0,-4.486511993E1,-4.605323792E0,4.613935773E1
4.361650833E-1,9.312762260E0,-4.488903046E1,-3.878196716E0,4.600861882E1
4.461540834E-1,8.839097023E0,-4.511211777E1,-3.372131348E0,4.609342768E1
4.561430833E-1,8.297410965E0,-4.528570557E1,-2.743606567E0,4.612124819E1
4.661320833E-1,7.810107231E0,-4.540075684E1,-2.177993774E0,4.611908665E1
4.761210834E-1,7.048020363E0,-4.550252533E1,-1.394767761E0,4.606625424E1
4.861100834E-1,6.314882278E0,-4.557701874E1,-9.848709106E-1,4.602295455E1
4.960990833E-1,5.983839989E0,-4.567104721E1,-3.040695190E-1,4.606238544E1
5.060880833E-1,5.309196472E0,-4.572579575E1,3.798675537E-2,4.603300345E1
5.160760834E-1,4.806354523E0,-4.576750183E1,3.675613403E-1,4.602065155E1
5.260641667E-1,4.291522026E0,-4.568793869E1,5.848083496E-1,4.589277616E1
5.360531667E-1,3.858092308E0,-4.561244965E1,9.606552124E-1,4.578540485E1
5.460421667E-1,3.553190231E0,-4.578535461E1,9.972000122E-1,4.593384663E1
5.560311667E-1,3.401090622E0,-4.592443848E1,1.197837830E0,4.606578212E1
5.660201667E-1,3.243824959E0,-4.594626617E1,1.448188782E0,4.608339209E1
5.760091667E-1,2.923927307E0,-4.577201843E1,1.761016846E0,4.589910895E1
5.859981667E-1,2.437046051E0,-4.582258606E1,1.983566284E0,4.593019836E1
5.959871667E-1,2.250804901E0,-4.565510559E1,2.188179016E0,4.576289891E1
6.059751667E-1,1.843317032E0,-4.581939697E1,2.547500610E0,4.592716752E1
6.159641667E-1,1.678792953E0,-4.563780594E1,3.022117615E0,4.576855767E1
6.259531667E-1,1.468881607E0,-4.580118179E1,3.430290222E0,4.595294069E1
6.359421667E-1,1.319944382E0,-4.567904663E1,3.735717773E0,4.585055225E1
6.459311667E-1,1.017824173E0,-4.561135101E1,4.360244751E0,4.583059067E1
6.559201667E-1,8.480701447E-1,-4.552017975E1,4.761444092E0,4.577638405E1
6.659091667E-1,6.757946014E-1,-4.557611847E1,4.960266113E0,4.585022915E1
6.758981667E-1,7.281188965E-1,-4.541938019E1,5.367218018E0,4.574119897E1
6.858861667E-1,7.985839844E-1,-4.548363876E1,5.824600220E0,4.586202241E1
6.958751667E-1,7.930107117E-1,-4.530195618E1,6.424682617E0,4.576213114E1
7.058641667E-1,6.344184875E-1,-4.529092026E1,6.419769287E0,4.574804239E1
7.158531667E-1,5.340137482E-1,-4.517335892E1,6.687942505E0,4.566887454E1
7.258421667E-1,5.340137482E-1,-4.517335892E1,6.687942505E0,4.566887454E1
7.358311667E-1,4.811172485E-1,-4.524720383E1,7.006866455E0,4.578905006E1
7.458201667E-1,3.282814026E-1,-4.510425949E1,7.354652405E0,4.570112586E1
7.558091667E-1,2.634849548E-1,-4.522725677E1,7.456855774E0,4.583861776E1
7.657981667E-1,2.499217987E-1,-4.520153427E1,7.547142029E0,4.582794469E1
7.757861667E-1,1.795940399E-1,-4.534854507E1,7.690742493E0,4.599641632E1
7.857751667E-1,8.417129517E-2,-4.517654037E1,7.517768860E0,4.579785730E1
7.957641667E-1,-2.164230347E-1,-4.518254852E1,7.689987183E0,4.583279866E1
8.057531667E-1,-9.313011169E-2,-4.513695145E1,7.818351746E0,4.580916593E1
8.157421667E-1,-1.146392822E-1,-4.536563110E1,7.845718384E0,4.603921073E1
8.257311667E-1,-7.354927063E-2,-4.526613617E1,8.158172607E0,4.599548101E1
8.357201667E-1,-1.102561951E-1,-4.522964096E1,8.308975220E0,4.598664640E1
8.457091667E-1,-1.330490112E-1,-4.515496826E1,8.233520508E0,4.589967016E1
8.556981667E-1,-2.362289429E-1,-4.519256592E1,8.534324646E0,4.599193968E1
8.656861667E-1,-1.501598358E-1,-4.511956406E1,8.697898865E0,4.595052832E1
8.756751667E-1,-3.082656860E-1,-4.516769791E1,8.867118835E0,4.603087831E1
8.856641666E-1,-5.161094666E-2,-4.510564041E1,8.639511108E0,4.592562044E1
8.956531667E-1,-2.218170166E-1,-4.518816376E1,8.620513916E0,4.600361515E1
9.056421667E-1,-2.073860168E-1,-4.505722809E1,8.581405640E0,4.586760659E1
9.156311667E-1,-1.625041962E-1,-4.515459442E1,8.595222473E0,4.596565734E1
9.256201667E-1,-3.557205200E-2,-4.526713181E1,8.569900513E0,4.607122401E1
9.356091667E-1,-9.236335754E-2,-4.517459869E1,8.729995728E0,4.601049580E1
9.455981667E-1,-2.038116455E-1,-4.493078613E1,8.876052856E0,4.579957856E1
9.555861667E-1,-2.445468903E-1,-4.511935043E1,9.061691284E0,4.602097169E1
9.655751667E-1,-1.465873718E-1,-4.489592361E1,9.074150085E0,4.580399158E1
9.755641667E-1,-2.292003632E-1,-4.501875687E1,8.968452454E0,4.590396652E1
9.855531667E-1,-2.824039459E-1,-4.481652451E1,9.208518982E0,4.575366043E1
9.955421667E-1,-3.447799683E-1,-4.492153931E1,9.034446716E0,4.582231765E1
1.005531167E0,-4.877605438E-1,-4.475897980E1,9.060157776E0,4.566936218E1
1.015520167E0,-3.077983856E-1,-4.484777451E1,9.403129578E0,4.582397259E1
1.025509167E0,-1.015930176E-1,-4.493899155E1,9.456085205E0,4.592320579E1
1.035498167E0,-6.795883179E-2,-4.502039337E1,9.550880432E0,4.602238319E1
1.045486167E0,2.909469604E-2,-4.505478287E1,9.345466614E0,4.601382457E1
1.055475167E0,2.159156799E-1,-4.511073685E1,9.222068787E0,4.604423689E1
1.065464167E0,2.771987915E-1,-4.507176590E1,9.285575867E0,4.601915731E1
1.075453167E0,2.566623688E-1,-4.512334061E1,9.224166870E0,4.605721439E1
1.085442167E0,3.329715729E-1,-4.516617203E1,9.305297852E0,4.611596832E1
1.095431167E0,1.986465454E-1,-4.511772537E1,9.376068115E0,4.608209258E1
1.105420167E0,2.255306244E-1,-4.503053665E1,9.362007141E0,4.599399170E1
1.115409167E0,1.928691864E-1,-4.500117874E1,9.359588623E0,4.596460797E1
1.125398167E0,2.701511383E-1,-4.504756165E1,9.482658386E0,4.603560146E1
1.135386167E0,3.837871552E-1,-4.506193161E1,9.459663391E0,4.604574035E1
1.145375167E0,4.764823914E-1,-4.507518768E1,9.320716858E0,4.603124312E1
1.155364167E0,6.388893127E-1,-4.522716904E1,9.177810669E0,4.615340949E1
1.165353167E0,8.447685242E-1,-4.528891373E1,9.120590210E0,4.620589255E1
1.175342167E0,7.776775360E-1,-4.528306198E1,9.343360901E0,4.624347389E1
1.185331167E0,8.220596313E-1,-4.524319077E1,9.105384827E0,4.615766595E1
1.195320167E0,9.339389801E-1,-4.527033234E1,9.067817688E0,4.617900551E1
1.205309167E0,8.838233948E-1,-4.510945892E1,9.120758057E0,4.603077944E1
1.215298167E0,9.441719055E-1,-4.511466217E1,9.174507141E0,4.604775548E1
1.225286167E0,8.343181610E-1,-4.512549973E1,9.091362000E0,4.603976189E1
1.235275167E0,9.386386871E-1,-4.522983932E1,9.145294189E0,4.615469438E1
1.245264167E0,9.653720856E-1,-4.524362183E1,9.119453430E0,4.616364035E1
1.255253167E0,1.164720535E0,-4.529657745E1,9.037719727E0,4.620407862E1
1.265242167E0,1.121957779E0,-4.531455231E1,8.989593506E0,4.621125654E1
1.275231167E0,1.265602112E0,-4.541569901E1,8.934219360E0,4.630343119E1
1.285220167E0,1.245943069E0,-4.531732559E1,8.667572021E0,4.615559747E1
1.295209167E0,1.221921921E0,-4.527557373E1,8.848724365E0,4.614835417E1
1.305198167E0,1.104463577E0,-4.531440353E1,8.899406433E0,4.619322940E1
1.315186167E0,1.285205841E0,-4.541524124E1,9.025352478E0,4.632119254E1
1.325175167E0,1.214517593E0,-4.545738602E1,8.797309875E0,4.631675353E1
1.335164167E0,1.256631851E0,-4.543436432E1,8.872734070E0,4.630967496E1
1.345153167E0,1.433776855E0,-4.545155334E1,8.695831299E0,4.629813063E1
1.355142167E0,1.474565506E0,-4.558270264E1,8.736534119E0,4.643580678E1
1.365131167E0,1.678274155E0,-4.561825943E1,8.772682190E0,4.648442912E1
1.375120167E0,1.686845779E0,-4.545087433E1,8.751792908E0,4.631653382E1
1.385109167E0,1.635786057E0,-4.547837067E1,8.683128357E0,4.632876766E1
1.395098167E0,1.704629898E0,-4.555210495E1,8.600555420E0,4.638824832E1
1.405086167E0,1.438488007E0,-4.549640656E1,8.500305176E0,4.630601954E1
1.415075167E0,1.443355560E0,-4.546124268E1,8.491264343E0,4.626996251E1
1.425064167E0,1.520551682E0,-4.571580505E1,8.265747070E0,4.648192642E1
1.435053167E0,1.623693466E0,-4.573371124E1,8.154022217E0,4.648329595E1
1.445042167E0,1.570350647E0,-4.570204163E1,8.023498535E0,4.642756874E1
1.455031167E0,1.582971573E0,-4.554330444E1,8.262481689E0,4.631378825E1
1.465020167E0,1.599716187E0,-4.563445663E1,8.070701599E0,4.637023774E1
1.475009167E0,1.660755157E0,-4.555929565E1,8.169937134E0,4.631582236E1
1.484998167E0,1.624376297E0,-4.568475723E1,7.919403076E0,4.639453186E1
1.494986167E0,1.733453751E0,-4.575309753E1,8.019332886E0,4.648290541E1
1.504975167E0,1.599090576E0,-4.573888397E1,8.008110046E0,4.646216121E1
1.514964167E0,1.767259598E0,-4.569143677E1,7.916717529E0,4.640587265E1
1.524953167E0,1.685974121E0,-4.578820801E1,7.727706909E0,4.646633142E1
1.534942667E0,1.749132156E0,-4.574287415E1,7.677604675E0,4.641568282E1
1.544931667E0,1.749132156E0,-4.574287415E1,7.677604675E0,4.641568282E1
1.554920667E0,1.791896820E0,-4.571931839E1,7.829208374E0,4.641942990E1
1.564909667E0,1.892869949E0,-4.555266190E1,7.817016602E0,4.625725577E1
1.574898667E0,1.860946655E0,-4.574993134E1,7.702529907E0,4.643111356E1
1.584886667E0,1.877689362E0,-4.575951004E1,7.821128845E0,4.646104317E1
1.594875667E0,1.837228775E0,-4.578371811E1,7.915710449E0,4.649927661E1
1.604864667E0,1.902463913E0,-4.565705109E1,7.820358276E0,4.636101473E1
1.614853667E0,1.854890823E0,-4.567837524E1,7.610542297E0,4.634517169E1
1.624842667E0,1.782339096E0,-4.543736267E1,7.583999634E0,4.610040900E1
1.634831667E0,1.785060883E0,-4.554164124E1,7.801971436E0,4.623957490E1
1.644820667E0,1.771142960E0,-4.554615021E1,7.562171936E0,4.620362746E1
1.654809667E0,1.761308670E0,-4.556213760E1,7.611389160E0,4.622708985E1
1.664798667E0,1.696004868E0,-4.557598877E1,7.527336121E0,4.622453866E1
1.674786667E0,1.629705429E0,-4.558855438E1,7.630996704E0,4.625153339E1
1.684775667E0,1.915359497E0,-4.549858093E1,7.801910400E0,4.620237304E1
1.694764667E0,1.806632996E0,-4.551137543E1,7.497924805E0,4.616024363E1
1.704753667E0,1.967536926E0,-4.530854034E1,7.894226074E0,4.603318189E1
1.714742667E0,1.992876053E0,-4.549337387E1,7.620521545E0,4.617023900E1
1.724731667E0,1.961696625E0,-4.523421860E1,7.660766602E0,4.592025839E1
1.734720667E0,2.055192947E0,-4.539848328E1,7.511337280E0,4.606154893E1
1.744709667E0,2.295034409E0,-4.528446579E1,7.697868347E0,4.599138182E1
1.754698667E0,2.315898895E0,-4.543523026E1,7.590919495E0,4.612315682E1
1.764687667E0,2.391721725E0,-4.531880951E1,7.752044678E0,4.603921182E1
1.774675667E0,2.395202637E0,-4.536113739E1,8.107612610E0,4.614220588E1
1.784664667E0,2.567377090E0,-4.525561905E1,8.035362244E0,4.603509017E1
1.794653667E0,2.382678986E0,-4.539950943E1,8.049064636E0,4.616903786E1
1.804642667E0,2.469837189E0,-4.528578568E1,8.169982910E0,4.608308910E1
1.814631667E0,2.392568588E0,-4.528545380E1,8.122703552E0,4.607032693E1
1.824620667E0,2.491405487E0,-4.514906311E1,8.200111389E0,4.595526986E1
1.834609667E0,2.713546753E0,-4.508843613E1,8.274543762E0,4.592165592E1
1.844598667E0,2.863159180E0,-4.513106537E1,8.404670715E0,4.599618714E1
1.854587667E0,3.085886002E0,-4.535847473E1,8.334503174E0,4.622096781E1
1.864575667E0,3.460953712E0,-4.535553741E1,8.460800171E0,4.626757087E1
1.874564667E0,3.492053986E0,-4.543129730E1,8.401382446E0,4.633336209E1
1.884553667E0,3.849114418E0,-4.533680725E1,8.557914734E0,4.629772865E1
1.894542667E0,3.957243919E0,-4.543574524E1,8.522735596E0,4.639723857E1
1.904531667E0,4.103825569E0,-4.514305115E1,8.446289062E0,4.610939438E1
1.914520667E0,4.121223450E0,-4.500090027E1,8.471984863E0,4.597651613E1
1.924509667E0,4.263181686E0,-4.499095917E1,8.496505737E0,4.598425529E1
1.934498667E0,4.280890465E0,-4.504904175E1,8.501037598E0,4.604356443E1
1.944487667E0,4.439463615E0,-4.498179626E1,8.374992371E0,4.596967837E1
1.954475667E0,4.538389206E0,-4.509297180E1,8.386871338E0,4.609026680E1
1.964464667E0,4.727492332E0,-4.486675262E1,8.463348389E0,4.590210170E1
1.974453667E0,4.839667320E0,-4.488241959E1,8.501312256E0,4.593611083E1
1.984442667E0,5.033761024E0,-4.489416885E1,8.211860657E0,4.591579034E1
1.994431667E0,5.094132423E0,-4.498400116E1,8.094329834E0,4.598944141E1
2.004420667E0,5.387184143E0,-4.513685989E1,8.181739807E0,4.618764705E1
2.014409667E0,5.240567207E0,-4.497687149E1,8.233871460E0,4.602368035E1
2.024398667E0,5.365897179E0,-4.486329651E1,8.074668884E0,4.589889436E1
2.034387667E0,5.702455521E0,-4.500931549E1,8.123023987E0,4.609056301E1
2.044376667E0,5.598917007E0,-4.487054443E1,7.955398560E0,4.591298287E1
2.054364667E0,5.527804375E0,-4.475916672E1,8.232986450E0,4.584453830E1
2.064353667E0,5.585080147E0,-4.470598221E1,8.115394592E0,4.577857135E1
2.074342667E0,5.765001297E0,-4.482486343E1,8.215927124E0,4.593479161E1
2.084331667E0,5.925651550E0,-4.486226654E1,8.276557922E0,4.600258380E1
2.094320667E0,5.920637131E0,-4.480326843E1,8.227050781E0,4.593551100E1
2.104309667E0,5.843201637E0,-4.483711624E1,8.251823425E0,4.596305677E1
2.114298667E0,5.969489098E0,-4.477132034E1,8.353721619E0,4.593354537E1
2.124287667E0,5.985565186E0,-4.472462845E1,8.427581787E0,4.590363292E1
2.134276667E0,5.939850807E0,-4.472734070E1,8.258705139E0,4.586963096E1
2.144264667E0,5.886068344E0,-4.453565216E1,8.377883911E0,4.569747316E1
2.154253667E0,6.081101418E0,-4.485205460E1,8.319053650E0,4.602057420E1
2.164242667E0,6.230542183E0,-4.473696136E1,8.263465881E0,4.591840847E1
2.174231667E0,6.273434639E0,-4.467113113E1,8.352783203E0,4.587630027E1
2.184220667E0,6.266244888E0,-4.466981506E1,8.308876038E0,4.586606179E1
2.194209667E0,6.267189026E0,-4.478473663E1,8.278778076E0,4.597269255E1
2.204198667E0,6.197387695E0,-4.472658920E1,8.186225891E0,4.588997374E1
2.214187667E0,6.268124580E0,-4.457514191E1,8.268775940E0,4.576685829E1
2.224176667E0,6.195241928E0,-4.457854080E1,8.332939148E0,4.577188217E1
2.234165667E0,6.299399376E0,-4.465478516E1,8.713241577E0,4.593095741E1
2.244153667E0,6.380919456E0,-4.460773849E1,8.681373596E0,4.589044252E1
2.254142667E0,6.424287796E0,-4.453791809E1,8.429542542E0,4.578159902E1
2.264131667E0,6.586474419E0,-4.467631531E1,8.339439392E0,4.592277261E1
2.274120667E0,6.364341736E0,-4.469089508E1,8.563041687E0,4.594678043E1
2.284109667E0,6.342993736E0,-4.463605499E1,8.623054504E0,4.590172158E1
2.294098667E0,6.484251022E0,-4.460015106E1,8.596496582E0,4.588157298E1
2.304087667E0,6.316658020E0,-4.463267136E1,8.521217346E0,4.587577428E1
2.314076667E0,6.321814537E0,-4.474647903E1,8.615844727E0,4.600484219E1
2.324065667E0,6.451392174E0,-4.478879166E1,8.741973877E0,4.608772533E1
2.334054667E0,6.438974380E0,-4.476319504E1,8.733528137E0,4.605951080E1
2.344042667E0,6.323573112E0,-4.472035980E1,8.472251892E0,4.595298913E1
2.354031667E0,6.410259247E0,-4.456654358E1,8.719467163E0,4.586171974E1
2.364020667E0,6.410259247E0,-4.456654358E1,8.719467163E0,4.586171974E1
2.374009667E0,6.390557289E0,-4.435995483E1,8.800537109E0,4.567378098E1
2.383998667E0,6.452945709E0,-4.431481171E1,8.894096375E0,4.565685047E1
2.393987667E0,6.413545609E0,-4.442636108E1,8.849899292E0,4.575102014E1
2.403976667E0,6.505532265E0,-4.445385361E1,8.942016602E0,4.580858775E1
2.413965667E0,6.530489922E0,-4.459000778E1,8.942611694E0,4.594438373E1
2.423954667E0,6.414514542E0,-4.440626526E1,8.846199036E0,4.573092639E1
2.433942667E0,6.299790382E0,-4.446781540E1,8.969078064E0,4.579867167E1
2.443931667E0,6.241005898E0,-4.425169754E1,9.197814941E0,4.562633767E1
2.453920667E0,6.273778915E0,-4.438203812E1,9.071327209E0,4.573198647E1
2.463909667E0,6.255620003E0,-4.433092117E1,8.999992371E0,4.566577730E1
2.473898667E0,6.287533760E0,-4.449634552E1,8.857879639E0,4.580305533E1
2.483887667E0,6.341633797E0,-4.443598938E1,8.959129333E0,4.577160113E1
2.493876667E0,6.236453056E0,-4.452549362E1,9.064308167E0,4.586474258E1
2.503865667E0,6.501096725E0,-4.446583557E1,9.118583679E0,4.585437122E1
2.513854667E0,6.304347038E0,-4.461937332E1,9.041023254E0,4.596056319E1
2.523843667E0,6.279940605E0,-4.446777344E1,8.972763062E0,4.579662657E1
2.533831167E0,6.168025970E0,-4.457417679E1,8.984870911E0,4.588714075E1
2.543820167E0,6.100904465E0,-4.453780746E1,8.956214905E0,4.583722411E1
2.553809167E0,6.057491302E0,-4.453077316E1,8.989936829E0,4.583123306E1
2.563798167E0,6.000402451E0,-4.435886383E1,8.882369995E0,4.563562344E1
2.573787167E0,5.952890396E0,-4.441547394E1,8.723175049E0,4.565375135E1
2.583776167E0,5.957314491E0,-4.438448334E1,8.617774963E0,4.560414457E1
2.593765167E0,6.021394730E0,-4.452576828E1,8.498695374E0,4.572777120E1
2.603754167E0,5.857553482E0,-4.454128647E1,8.645668030E0,4.574914981E1
2.613743167E0,5.803816795E0,-4.450947571E1,8.583930969E0,4.569968915E1
2.623732167E0,5.919023514E0,-4.455351639E1,8.451927185E0,4.573276435E1
2.633720167E0,5.927480698E0,-4.452507019E1,8.565483093E0,4.572728292E1
2.643709167E0,5.919357300E0,-4.445824432E1,8.486839294E0,4.564647544E1
2.653698167E0,5.829947472E0,-4.473167419E1,8.502632141E0,4.590431044E1
2.663687167E0,5.819346428E0,-4.452845001E1,8.469871521E0,4.569886625E1
2.673676167E0,5.731883049E0,-4.480258942E1,8.627838135E0,4.598441141E1
2.683665167E0,5.807657242E0,-4.478250885E1,8.490051270E0,4.594869913E1
2.693654167E0,5.711264610E0,-4.488457870E1,8.517410278E0,4.604117969E1
2.703643167E0,5.792160988E0,-4.462107849E1,8.508041382E0,4.579275644E1
2.713632167E0,5.820315361E0,-4.475199509E1,8.439285278E0,4.591120420E1
2.723621167E0,5.721646309E0,-4.462946701E1,8.585716248E0,4.580656160E1
2.733609167E0,5.651756287E0,-4.484386063E1,8.610237122E0,4.601141563E1
2.743598167E0,5.576269150E0,-4.479976654E1,8.656730652E0,4.596795455E1
2.753587167E0,5.500194550E0,-4.481635284E1,8.832595825E0,4.600839457E1
2.763576167E0,5.341819763E0,-4.485200882E1,8.629074097E0,4.598585275E1
2.773565167E0,5.362666130E0,-4.492979431E1,8.602348328E0,4.605914678E1
2.783554167E0,5.245401382E0,-4.485507584E1,8.616241455E0,4.597533774E1
2.793543167E0,5.176178932E0,-4.505241394E1,8.663787842E0,4.616897281E1
2.803532167E0,4.915387154E0,-4.494974899E1,8.636352539E0,4.603506870E1
2.813521167E0,4.864578247E0,-4.504700089E1,8.628738403E0,4.612322123E1
2.823510167E0,4.677633286E0,-4.498269272E1,8.658546448E0,4.604664292E1
2.833498167E0,4.636139870E0,-4.500031281E1,8.773216248E0,4.608135489E1
2.843487167E0,4.388709068E0,-4.507242966E1,8.788032532E0,4.613040427E1
2.853476167E0,4.156353951E0,-4.514264679E1,8.747833252E0,4.616988655E1
2.863465167E0,4.092682838E0,-4.498485184E1,8.700561523E0,4.600094258E1
2.873454167E0,3.853480339E0,-4.510874939E1,8.759948730E0,4.611274535E1
2.883443167E0,3.944065094E0,-4.522933197E1,8.671745300E0,4.622171877E1
2.893432167E0,3.673313141E0,-4.529843903E1,8.540161133E0,4.624257951E1
2.903421167E0,3.557033539E0,-4.526516342E1,8.666748047E0,4.622445272E1
2.913410167E0,3.399376869E0,-4.540078735E1,8.630271912E0,4.633863236E1
2.923399167E0,3.343960762E0,-4.541571045E1,8.791755676E0,4.637956228E1
2.933387167E0,3.301947594E0,-4.551111984E1,8.782791138E0,4.646829357E1
2.943376167E0,3.123324394E0,-4.525222015E1,8.709259033E0,4.618841605E1
2.953365167E0,2.971481323E0,-4.532842255E1,8.781509399E0,4.626673210E1
2.963354167E0,2.982429504E0,-4.542516708E1,8.729553223E0,4.635240867E1
2.973343167E0,2.911159515E0,-4.533628464E1,8.585914612E0,4.623387810E1
2.983332167E0,2.821836472E0,-4.536711502E1,8.656921387E0,4.627180755E1
2.993321167E0,2.824970245E0,-4.541104126E1,8.617858887E0,4.630778139E1
3.003310167E0,2.619091034E0,-4.533871460E1,8.641082764E0,4.622907084E1
3.013299167E0,2.515796661E0,-4.532217789E1,8.753890991E0,4.622834248E1
3.023288167E0,2.335659027E0,-4.525042725E1,8.710830688E0,4.614038405E1
3.033276167E0,2.259696960E0,-4.542079544E1,8.953376770E0,4.634994978E1
3.043265167E0,2.142169952E0,-4.539505386E1,8.843200684E0,4.629796978E1
3.053254167E0,1.925289154E0,-4.549681091E1,8.720016479E0,4.636491377E1
3.063243167E0,1.965440750E0,-4.553760529E1,8.853767395E0,4.643194643E1
3.073232167E0,1.700180054E0,-4.549643707E1,8.890106201E0,4.638804142E1
3.083221167E0,1.608398438E0,-4.559885788E1,8.821899414E0,4.647223574E1
3.093210167E0,1.702800751E0,-4.566762161E1,8.780891418E0,4.653531184E1
3.103199167E0,1.417230606E0,-4.551438141E1,8.891723633E0,4.639644606E1
3.113188167E0,1.523698807E0,-4.547930527E1,9.117927551E0,4.640932523E1
3.123177167E0,1.272258759E0,-4.539893723E1,9.114540100E0,4.632231627E1
3.133166167E0,1.202163696E0,-4.536988831E1,9.008499146E0,4.627121156E1
3.143154167E0,9.887084961E-1,-4.539472198E1,9.107574463E0,4.630989356E1
3.153143167E0,8.199214935E-1,-4.544115448E1,9.050201416E0,4.634087761E1
3.163132167E0,8.800277710E-1,-4.557469177E1,9.033508301E0,4.646968099E1
3.173121167E0,6.677341461E-1,-4.534806061E1,9.003601074E0,4.623805037E1
3.183110167E0,4.798145294E-1,-4.542295074E1,9.080375671E0,4.632416107E1
3.193099167E0,4.798145294E-1,-4.542295074E1,9.080375671E0,4.632416107E1
3.203088167E0,4.124794006E-1,-4.533425140E1,9.210983276E0,4.626236810E1
3.213077167E0,1.678009033E-1,-4.538695526E1,9.338996887E0,4.633811312E1
3.223066167E0,8.374404907E-2,-4.522844696E1,9.499214172E0,4.621530588E1
3.233055167E0,-2.821731567E-2,-4.526799774E1,9.781517029E0,4.631274653E1
3.243043167E0,-1.828880310E-1,-4.523126984E1,9.822166443E0,4.628580963E1
3.253032167E0,-3.710594177E-1,-4.530909729E1,9.801475525E0,4.635861198E1
3.263021167E0,-5.088920593E-1,-4.524737930E1,9.938331604E0,4.632876795E1
3.273010167E0,-6.642684937E-1,-4.521121216E1,1.000095367E1,4.630889798E1
3.282999167E0,-8.852729797E-1,-4.519691086E1,9.970207214E0,4.629200245E1
3.292988167E0,-1.202713013E0,-4.519648743E1,1.014825439E1,4.633741535E1
3.302977167E0,-1.297021866E0,-4.523713684E1,1.018441010E1,4.638753091E1
3.312966167E0,-1.746847153E0,-4.511684418E1,1.015180206E1,4.627785851E1
3.322955167E0,-1.702541351E0,-4.521197128E1,1.011225891E1,4.636031465E1
3.332944167E0,-2.123699188E0,-4.520437622E1,1.003071594E1,4.635257264E1
3.342932167E0,-2.310047150E0,-4.502921677E1,1.035345459E1,4.626187093E1
3.352921167E0,-2.627676010E0,-4.508164597E1,1.038930511E1,4.633785866E1
3.362910167E0,-2.994239807E0,-4.500353241E1,1.042378998E1,4.629188697E1
3.372899167E0,-3.307598114E0,-4.504931641E1,1.051331329E1,4.637791361E1
3.382888167E0,-3.333087921E0,-4.497506332E1,1.039941406E1,4.628189288E1
3.392877167E0,-3.671581268E0,-4.513579941E1,1.047158051E1,4.647983321E1
3.402866167E0,-3.958393097E0,-4.490198517E1,1.037708282E1,4.625517264E1
3.412855167E0,-4.372272491E0,-4.491920853E1,1.047121429E1,4.633031826E1
3.422844167E0,-4.432889938E0,-4.487050247E1,1.074956512E1,4.635262296E1
3.432833167E0,-4.776725769E0,-4.458015823E1,1.083182526E1,4.612522147E1
3.442821167E0,-4.892213821E0,-4.448740387E1,1.094603729E1,4.607470664E1
3.452810167E0,-5.215187073E0,-4.445127106E1,1.089823914E1,4.606392614E1
3.462799167E0,-5.390768051E0,-4.445890045E1,1.098297882E1,4.611160411E1
3.472788167E0,-5.689229965E0,-4.443920898E1,1.096343231E1,4.612382769E1
3.482777167E0,-5.955018997E0,-4.432403564E1,1.107012177E1,4.607200867E1
3.492766167E0,-6.340875626E0,-4.449079895E1,1.094020844E1,4.625284916E1
3.502755167E0,-6.531789780E0,-4.422741699E1,1.097373199E1,4.603424253E1
3.512744167E0,-7.030014038E0,-4.427530670E1,1.081911469E1,4.611699387E1
3.522733167E0,-7.142765045E0,-4.414390564E1,1.112326813E1,4.608069652E1
3.532722667E0,-7.198501587E0,-4.421900558E1,1.103489685E1,4.614008917E1
3.542711667E0,-7.392791748E0,-4.406751251E1,1.081406403E1,4.597328583E1
3.552699667E0,-7.779857635E0,-4.407478333E1,1.117569733E1,4.613034707E1
3.562688667E0,-7.802833557E0,-4.384943771E1,1.120759583E1,4.592676348E1
3.572677667E0,-8.134998322E0,-4.395620346E1,1.144318390E1,4.614404055E1
3.582666667E0,-8.308696747E0,-4.365597916E1,1.137179565E1,4.587152378E1
3.592655667E0,-8.493471146E0,-4.376757431E1,1.122710419E1,4.597594460E1
3.602644667E0,-8.538898468E0,-4.372621155E1,1.135627747E1,4.597672673E1
3.612633667E0,-8.733873367E0,-4.359212494E1,1.153857422E1,4.593139009E1
3.622622667E0,-8.885389328E0,-4.352228546E1,1.182688141E1,4.596753854E1
3.632611667E0,-8.992778778E0,-4.343349457E1,1.210572815E1,4.597702877E1
3.642600667E0,-9.045949936E0,-4.342111969E1,1.188814545E1,4.591895957E1
3.652588667E0,-9.345565796E0,-4.327790070E1,1.202921295E1,4.588047791E1
3.662577667E0,-9.366521835E0,-4.306369019E1,1.223551178E1,4.573752171E1
3.672566667E0,-9.528541565E0,-4.311109161E1,1.254151917E1,4.589824645E1
3.682555667E0,-9.604082108E0,-4.295527649E1,1.266962433E1,4.580298628E1
3.692544667E0,-9.660306931E0,-4.302918243E1,1.263354492E1,4.587415970E1
3.702533667E0,-9.566843033E0,-4.303452301E1,1.271523285E1,4.588215124E1
3.712522667E0,-9.574277878E0,-4.319330597E1,1.272769165E1,4.603610118E1
3.722511667E0,-9.662826538E0,-4.298394775E1,1.280283356E1,4.587921674E1
3.732500667E0,-9.798946381E0,-4.317015076E1,1.285371399E1,4.609662927E1
3.742489667E0,-9.788717270E0,-4.296663666E1,1.271756744E1,4.586597184E1
3.752478667E0,-9.794092178E0,-4.290632629E1,1.259562683E1,4.577692533E1
3.762466667E0,-9.845890045E0,-4.297647095E1,1.260311127E1,4.585582863E1
3.772455667E0,-9.934150696E0,-4.307566071E1,1.278862762E1,4.601900577E1
3.782444667E0,-9.760393143E0,-4.309188080E1,1.264214325E1,4.595649302E1
3.792433667E0,-9.963699341E0,-4.303848267E1,1.266021729E1,4.595505844E1
3.802422667E0,-9.835269928E0,-4.305972290E1,1.254182434E1,4.591480838E1
3.812411667E0,-9.869464874E0,-4.311618805E1,1.285697174E1,4.606206390E1
3.822400667E0,-9.949790955E0,-4.296359253E1,1.267665863E1,4.588645004E1
3.832389667E0,-9.870096207E0,-4.300773621E1,1.268547821E1,4.591302136E1
3.842378667E0,-9.906229019E0,-4.302218628E1,1.256044769E1,4.589996440E1
3.852367667E0,-9.988721848E0,-4.309474182E1,1.265897369E1,4.601283464E1
3.862356667E0,-9.849071503E0,-4.308945465E1,1.270185089E1,4.598958934E1
3.872344667E0,-9.781032562E0,-4.323545837E1,1.271368408E1,4.611519513E1
3.882333667E0,-9.792013168E0,-4.312039185E1,1.255288696E1,4.596549451E1
3.892322667E0,-9.654846191E0,-4.328645325E1,1.238436127E1,4.604677506E1
3.902311667E0,-9.749233246E0,-4.317631531E1,1.261744690E1,4.602653277E1
3.912300667E0,-9.678060532E0,-4.322047424E1,1.240579987E1,4.599541412E1
3.922289667E0,-9.733562469E0,-4.320614624E1,1.236054230E1,4.598147798E1
3.932278667E0,-9.752447128E0,-4.330006409E1,1.234860229E1,4.607053021E1
3.942267667E0,-9.694639206E0,-4.336778259E1,1.233166504E1,4.611746479E1
3.952256667E0,-9.646356583E0,-4.352635193E1,1.253713989E1,4.631171973E1
3.962245667E0,-9.546640396E0,-4.337307739E1,1.262185669E1,4.617004929E1
3.972234667E0,-9.664676666E0,-4.338694763E1,1.257693481E1,4.619537303E1
3.982222667E0,-9.639661789E0,-4.346160126E1,1.269331360E1,4.629205195E1
3.992211667E0,-9.391572952E0,-4.356334686E1,1.251374054E1,4.628780114E1
4.002200667E0,-9.443103790E0,-4.349264526E1,1.236278534E1,4.619113403E1
4.012189667E0,-9.443103790E0,-4.349264526E1,1.236278534E1,4.619113403E1
4.022178667E0,-9.178716660E0,-4.357670593E1,1.264488983E1,4.629331894E1
4.032167667E0,-9.291065216E0,-4.352606964E1,1.268447876E1,4.627892212E1
4.042156667E0,-9.099012375E0,-4.357636261E1,1.266638947E1,4.628313761E1
4.052145667E0,-9.057428360E0,-4.369607544E1,1.250257874E1,4.634326804E1
4.062134667E0,-8.849105835E0,-4.366814423E1,1.247521210E1,4.626925989E1
4.072123667E0,-8.751806259E0,-4.359846497E1,1.248368835E1,4.618725728E1
4.082112667E0,-8.744756699E0,-4.355670166E1,1.248794556E1,4.614765231E1
4.092100667E0,-8.701105118E0,-4.367531586E1,1.227452850E1,4.619422578E1
4.102089667E0,-8.581027985E0,-4.367041016E1,1.244272614E1,4.621212177E1
4.112078667E0,-8.406341553E0,-4.365281677E1,1.240417480E1,4.615299062E1
4.122067667E0,-8.197196960E0,-4.367607117E1,1.236940002E1,4.612803147E1
4.132056667E0,-8.279699326E0,-4.381697083E1,1.241629791E1,4.628871144E1
4.142045667E0,-8.189916611E0,-4.369335175E1,1.252762604E1,4.618576767E1
4.152034667E0,-8.087144852E0,-4.375962830E1,1.240293884E1,4.619675175E1
4.162023667E0,-7.944368362E0,-4.383396149E1,1.244124603E1,4.625271637E1
4.172012667E0,-7.889225006E0,-4.378581238E1,1.235692596E1,4.617500250E1
4.182001667E0,-7.903318405E0,-4.372291946E1,1.222167206E1,4.608172519E1
4.191990667E0,-7.872257233E0,-4.383578110E1,1.228230286E1,4.619960067E1
4.201978667E0,-7.422367096E0,-4.411472321E1,1.226596069E1,4.638592597E1
4.211967667E0,-7.352943420E0,-4.411893463E1,1.234304810E1,4.639932118E1
4.221956667E0,-7.155275345E0,-4.397427368E1,1.219950104E1,4.619266756E1
4.231945667E0,-7.172580719E0,-4.396917725E1,1.207549286E1,4.615790279E1
4.241934667E0,-7.023950577E0,-4.390118408E1,1.232270050E1,4.613565642E1
4.251923667E0,-7.080219269E0,-4.392617416E1,1.207927704E1,4.610365729E1
4.261912667E0,-6.870481491E0,-4.391909409E1,1.215515137E1,4.608511740E1
4.271901667E0,-6.867702484E0,-4.389058685E1,1.194435120E1,4.600235295E1
4.281890667E0,-6.435665131E0,-4.414983749E1,1.183829498E1,4.616027691E1
4.291879667E0,-6.356824875E0,-4.410319901E1,1.207886505E1,4.616709181E1
4.301868667E0,-6.116146088E0,-4.421137238E1,1.187145233E1,4.618424050E1
4.311856667E0,-6.202083588E0,-4.414622498E1,1.178717804E1,4.611174022E1
4.321845667E0,-5.950193405E0,-4.407604218E1,1.203948212E1,4.607658218E1
4.331834667E0,-5.855567932E0,-4.420037460E1,1.172415924E1,4.610224182E1
4.341823667E0,-5.652475357E0,-4.408325577E1,1.172989655E1,4.596601342E1
4.351812667E0,-5.306665421E0,-4.425476074E1,1.183383179E1,4.611598553E1
4.361801667E0,-5.115163803E0,-4.433099365E1,1.182810211E1,4.616606869E1
4.371790667E0,-5.082798004E0,-4.440984344E1,1.183303833E1,4.623948341E1
4.381779667E0,-4.928174973E0,-4.416511917E1,1.178324890E1,4.597488026E1
4.391768667E0,-4.818910599E0,-4.433972168E1,1.167098999E1,4.610254684E1
4.401757667E0,-4.435806274E0,-4.431732941E1,1.163964844E1,4.603459003E1
4.411746667E0,-4.407178879E0,-4.432981110E1,1.152675629E1,4.601544836E1
4.421734667E0,-4.115018845E0,-4.446684647E1,1.164202881E1,4.614943824E1
4.431723667E0,-3.906518936E0,-4.462533569E1,1.162403107E1,4.627958053E1
4.441712667E0,-3.689409256E0,-4.456850052E1,1.167212677E1,4.621906016E1
4.451701667E0,-3.486997604E0,-4.463007736E1,1.171959686E1,4.627474374E1
4.461690667E0,-3.295951843E0,-4.447311020E1,1.174781799E1,4.611650525E1
4.471679667E0,-3.238948822E0,-4.458673859E1,1.154087067E1,4.616990083E1
4.481668667E0,-3.108018875E0,-4.446716309E1,1.143048096E1,4.601786902E1
4.491657667E0,-3.019495010E0,-4.467044449E1,1.157510376E1,4.624444819E1
4.501646667E0,-2.929470062E0,-4.451529694E1,1.140936279E1,4.604744309E1
4.511635667E0,-2.744062424E0,-4.463555145E1,1.134455109E1,4.613633244E1
4.521624667E0,-2.569648743E0,-4.458979797E1,1.142922974E1,4.610293342E1
4.531613208E0,-2.478887558E0,-4.464973831E1,1.122274017E1,4.610524820E1
4.541601208E0,-2.221233368E0,-4.468993759E1,1.130004120E1,4.614992233E1
4.551590208E0,-2.110591888E0,-4.488298798E1,1.143247223E1,4.636419555E1
4.561579208E0,-2.083370209E0,-4.456404877E1,1.142590332E1,4.605264532E1
4.571568208E0,-2.051116943E0,-4.469586563E1,1.152969360E1,4.620455951E1
4.581557208E0,-1.819599152E0,-4.453463364E1,1.162307739E1,4.606235407E1
4.591546208E0,-1.654546738E0,-4.467674255E1,1.133353424E1,4.612155514E1
4.601535208E0,-1.506532669E0,-4.461534119E1,1.129759216E1,4.604816933E1
4.611524208E0,-1.349853516E0,-4.470144653E1,1.143531799E1,4.616067508E1
4.621513208E0,-1.267908096E0,-4.469771194E1,1.140394592E1,4.614697202E1
4.631502208E0,-1.200309753E0,-4.478821182E1,1.142211914E1,4.623731683E1
4.641491208E0,-1.225727081E0,-4.467056656E1,1.135919952E1,4.610849528E1
4.651479208E0,-1.140079498E0,-4.476548767E1,1.129900360E1,4.618350517E1
4.661468208E0,-8.219223022E-1,-4.470951080E1,1.129442596E1,4.612136132E1
4.671457208E0,-8.292560577E-1,-4.481246185E1,1.133616638E1,4.623151599E1
4.681446208E0,-5.555934906E-1,-4.485062408E1,1.132818604E1,4.626245739E1
4.691435208E0,-6.160888672E-1,-4.496736908E1,1.111013031E1,4.632363158E1
4.701424208E0,-4.955463409E-1,-4.478742981E1,1.112823486E1,4.615189104E1
4.711413208E0,-4.259586334E-1,-4.474031067E1,1.129730988E1,4.614657138E1
4.721402208E0,-2.611999512E-1,-4.476932526E1,1.117133331E1,4.614281523E1
4.731391208E0,-2.459430695E-1,-4.476714325E1,1.134333038E1,4.618255890E1
4.741380208E0,-2.083721161E-1,-4.462929535E1,1.126481628E1,4.602948520E1
4.751369208E0,-2.575111389E-2,-4.483680725E1,1.137101746E1,4.625624267E1
4.761358208E0,4.457473755E-2,-4.494788361E1,1.135163116E1,4.635918202E1
4.771346208E0,2.509498596E-2,-4.487339020E1,1.129331207E1,4.627267742E1
4.781335208E0,1.623973846E-1,-4.454708862E1,1.147093201E1,4.600056259E1
4.791324208E0,2.933769226E-1,-4.470806885E1,1.143061829E1,4.614711827E1
4.801313208E0,3.689155579E-1,-4.456011963E1,1.122499084E1,4.595368080E1
4.811302208E0,4.523277283E-1,-4.461857224E1,1.123916626E1,4.601456777E1
4.821291208E0,5.697841644E-1,-4.472131729E1,1.120271301E1,4.610663350E1
4.831280208E0,7.346096039E-1,-4.468256378E1,1.123706818E1,4.607974456E1
4.841269208E0,7.346096039E-1,-4.468256378E1,1.123706818E1,4.607974456E1
4.851258208E0,8.830718994E-1,-4.456187439E1,1.104248810E1,4.591815554E1
4.861247208E0,9.338607788E-1,-4.467498779E1,1.099381256E1,4.601728528E1
4.871236208E0,1.202428818E0,-4.470582962E1,1.072971344E1,4.599112727E1
4.881225208E0,1.374250412E0,-4.466708755E1,1.057460022E1,4.592231968E1
4.891213208E0,1.451206207E0,-4.467781830E1,1.031192017E1,4.587536534E1
4.901202208E0,1.754850388E0,-4.494974518E1,1.026738739E1,4.614085321E1
4.911191208E0,1.873651505E0,-4.491991425E1,1.025200653E1,4.611304483E1
4.921180208E0,2.080953598E0,-4.491088486E1,1.036478424E1,4.613834304E1
4.931169208E0,2.207796097E0,-4.477577591E1,1.045599365E1,4.603338218E1
4.941158208E0,2.253929138E0,-4.478462982E1,1.033819580E1,4.601762225E1
4.951147208E0,2.572401047E0,-4.490220642E1,1.021804047E1,4.612194423E1
4.961136208E0,2.715972900E0,-4.490485382E1,1.020104980E1,4.612899113E1
4.971125208E0,2.872238159E0,-4.478831482E1,1.028398895E1,4.604349384E1
4.981114208E0,2.901605606E0,-4.472491837E1,1.006757355E1,4.593575595E1
4.991103208E0,2.995544434E0,-4.471021652E1,1.010511780E1,4.593571762E1
5.001092208E0,3.060441971E0,-4.466777420E1,1.010549927E1,4.589877419E1
5.011080208E0,3.055465698E0,-4.456679153E1,1.002585602E1,4.578266667E1
5.021069208E0,3.329853058E0,-4.467604065E1,1.012946320E1,4.593084535E1
5.031058208E0,3.233289719E0,-4.469285583E1,1.010768127E1,4.593550637E1
5.041047208E0,3.399031639E0,-4.477202225E1,1.004656219E1,4.601109436E1
5.051036208E0,3.455355644E0,-4.470460892E1,1.009410095E1,4.596011766E1
5.061025208E0,3.616076469E0,-4.462454987E1,9.939956665E0,4.586097686E1
5.071014208E0,3.529418945E0,-4.453311539E1,9.877868652E0,4.575180273E1
5.081003208E0,3.806287766E0,-4.447734451E1,1.001902008E1,4.575044005E1
5.090992208E0,3.925607681E0,-4.462177277E1,9.990760803E0,4.589475244E1
5.100981208E0,4.138830185E0,-4.444011688E1,1.023902893E1,4.579182915E1
5.110970208E0,4.107481956E0,-4.456375885E1,1.013444519E1,4.588580380E1
5.120959208E0,4.257376671E0,-4.438461304E1,1.002902222E1,4.570230210E1
5.130947208E0,4.332644463E0,-4.437966156E1,1.009172058E1,4.571836603E1
5.140936208E0,4.376084328E0,-4.433477402E1,1.013048553E1,4.568751513E1
5.150925208E0,4.536849976E0,-4.428979492E1,1.015862274E1,4.566581389E1
5.160914208E0,4.821338654E0,-4.432797241E1,1.007222748E1,4.571284514E1
5.170903208E0,5.014337540E0,-4.434823608E1,1.011342621E1,4.576233183E1
5.180892208E0,5.356477737E0,-4.420964813E1,1.028025055E1,4.570413978E1
5.190881208E0,5.343884468E0,-4.426350784E1,1.040686035E1,4.578338094E1
5.200870208E0,5.524820328E0,-4.409238434E1,1.041204834E1,4.564069179E1
5.210859208E0,5.580453873E0,-4.412311935E1,1.032614136E1,4.565764254E1
5.220848208E0,5.848523140E0,-4.428170776E1,1.065778351E1,4.592018309E1
5.230837208E0,5.832250595E0,-4.423437500E1,1.064834595E1,4.587027741E1
5.240826208E0,5.976754189E0,-4.423925400E1,1.088046265E1,4.594798856E1
5.250815208E0,6.144801140E0,-4.436924362E1,1.096309662E1,4.611483328E1
5.260803208E0,6.099318504E0,-4.423450089E1,1.110163879E1,4.601238028E1
5.270792208E0,6.086418152E0,-4.425579453E1,1.108020020E1,4.602597822E1
5.280781208E0,6.212439537E0,-4.420732880E1,1.115081787E1,4.601329225E1
5.290770208E0,6.396184921E0,-4.450114822E1,1.114127350E1,4.631836947E1
5.300759208E0,6.560795784E0,-4.436564636E1,1.132687378E1,4.625637997E1
5.310748208E0,6.590910912E0,-4.445269012E1,1.110678864E1,4.629084704E1
5.320737208E0,6.642316818E0,-4.430480576E1,1.124420166E1,4.618948210E1
5.330726208E0,6.802969933E0,-4.442955780E1,1.125529480E1,4.633516664E1
5.340715208E0,7.063640594E0,-4.436436081E1,1.101206207E1,4.625318410E1
5.350704208E0,7.075663567E0,-4.458343506E1,1.079840088E1,4.641501005E1
5.360693208E0,7.291455269E0,-4.443747711E1,1.100444031E1,4.635679452E1
5.370682208E0,7.278894424E0,-4.438880920E1,1.087956238E1,4.627865128E1
5.380670208E0,7.434922218E0,-4.434942245E1,1.093341064E1,4.627838382E1
5.390659208E0,7.513528824E0,-4.423798370E1,1.092520905E1,4.618238312E1
5.400648208E0,7.680214882E0,-4.433950043E1,1.095487213E1,4.631399596E1
5.410637208E0,7.706377029E0,-4.435808563E1,1.082400513E1,4.630536788E1
5.420626208E0,7.754517555E0,-4.433210754E1,1.099491882E1,4.632878740E1
5.430615208E0,7.720035553E0,-4.449306488E1,1.108472443E1,4.649841811E1
5.440604208E0,7.817384720E0,-4.428487396E1,1.106670380E1,4.631126751E1
5.450593208E0,7.741039276E0,-4.439952087E1,1.117179871E1,4.643328794E1
5.460582208E0,7.935010910E0,-4.434449768E1,1.105393982E1,4.638521810E1
5.470571208E0,7.712339401E0,-4.450104523E1,1.110556030E1,4.650974817E1
5.480560208E0,7.719548225E0,-4.449171448E1,1.101966095E1,4.648157710E1
5.490549208E0,7.614666939E0,-4.458647919E1,1.090285492E1,4.652751363E1
5.500538208E0,7.519865990E0,-4.455569458E1,1.087496185E1,4.647604866E1
5.510526208E0,7.232014656E0,-4.462837982E1,1.122194672E1,4.658246891E1
5.520515208E0,7.152097702E0,-4.457317352E1,1.130560303E1,4.653747908E1
5.530504208E0,6.837917328E0,-4.490670776E1,1.127831268E1,4.680352393E1
5.540492958E0,6.614101410E0,-4.482920074E1,1.137573242E1,4.672056148E1
5.550481958E0,6.270209312E0,-4.501200104E1,1.125009155E1,4.681837590E1
5.560470958E0,5.944540024E0,-4.484091187E1,1.124360657E1,4.660969450E1
5.570459958E0,5.580413818E0,-4.484217072E1,1.116661835E1,4.654733782E1
5.580448958E0,5.342535019E0,-4.471906281E1,1.109416199E1,4.638337729E1
5.590437958E0,5.119825363E0,-4.482017517E1,1.103598022E1,4.644193766E1
5.600426958E0,4.984764099E0,-4.466916656E1,1.095511627E1,4.626226202E1
5.610415958E0,4.710606575E0,-4.479069519E1,1.084846497E1,4.632586083E1
5.620404958E0,4.491521835E0,-4.465969849E1,1.072235107E1,4.614792790E1
5.630393958E0,4.194299698E0,-4.458309555E1,1.068368530E1,4.603678627E1
5.640381958E0,4.081293106E0,-4.469097519E1,1.060626984E1,4.611326465E1
5.650370958E0,3.755556107E0,-4.465725327E1,1.075057220E1,4.608632415E1
5.660359958E0,3.675652504E0,-4.452683640E1,1.069212341E1,4.593986378E1
5.670348958E0,3.675652504E0,-4.452683640E1,1.069212341E1,4.593986378E1
5.680337958E0,3.405052185E0,-4.467063141E1,1.044705200E1,4.600218023E1
5.690326958E0,3.240240097E0,-4.453763199E1,1.047837830E1,4.586824861E1
5.700315958E0,3.054109573E0,-4.471994019E1,1.060012054E1,4.606042977E1
5.710304958E0,3.018367767E0,-4.474562073E1,1.043114471E1,4.604443396E1
5.720293958E0,2.731584549E0,-4.478253937E1,1.037036133E1,4.604868924E1
5.730282958E0,2.592828751E0,-4.463839722E1,1.034275055E1,4.589424535E1
5.740271958E0,2.287401199E0,-4.475415039E1,1.062501526E1,4.605493601E1
5.750260958E0,2.165946960E0,-4.472801208E1,1.051895142E1,4.599929054E1
5.760249958E0,1.954891205E0,-4.474149323E1,1.055165863E1,4.601043703E1
5.770237958E0,1.797931671E0,-4.480313873E1,1.029964447E1,4.600691768E1
5.780226958E0,1.510454178E0,-4.472325134E1,1.036086273E1,4.593253922E1
5.790215958E0,1.408004761E0,-4.477033997E1,1.040175629E1,4.598437074E1
5.800204958E0,1.127836227E0,-4.467409134E1,1.060244751E1,4.592884001E1
5.810193958E0,1.091917038E0,-4.468170929E1,1.077696991E1,4.597597751E1
5.820182958E0,1.047330856E0,-4.467285156E1,1.071533966E1,4.595192132E1
5.830171958E0,8.178825378E-1,-4.464557266E1,1.079173279E1,4.593862848E1
5.840160958E0,8.169937134E-1,-4.484302902E1,1.082146454E1,4.613749912E1
5.850149958E0,6.524124146E-1,-4.469969559E1,1.077922058E1,4.598565020E1
5.860138958E0,4.360561371E-1,-4.466005707E1,1.065544891E1,4.591567743E1
5.870127958E0,3.042011261E-1,-4.468192673E1,1.068169403E1,4.594198191E1
5.880116958E0,1.464576721E-1,-4.459154510E1,1.087953186E1,4.589979911E1
5.890105958E0,1.033515930E-1,-4.472279358E1,1.059609222E1,4.596102825E1
5.900094958E0,-1.199722290E-2,-4.467933655E1,1.068174744E1,4.593846957E1
5.910082958E0,-5.434417725E-2,-4.475196075E1,1.076300812E1,4.602807066E1
5.920071958E0,-2.301597595E-2,-4.465380859E1,1.076367188E1,4.593277462E1
5.930060958E0,-1.585083008E-1,-4.477554321E1,1.070623779E1,4.603800520E1
5.940049958E0,-1.676807404E-1,-4.486815643E1,1.064894867E1,4.611485321E1
5.950038958E0,-3.213214874E-1,-4.477082062E1,1.072449493E1,4.603851016E1
5.960027958E0,-4.123249054E-1,-4.483118820E1,1.073330688E1,4.609999267E1
5.970016958E0,-2.860240936E-1,-4.477079010E1,1.058356476E1,4.600562247E1
5.980005958E0,-3.903369904E-1,-4.482192230E1,1.085962677E1,4.612037050E1
5.989994958E0,-5.779476166E-1,-4.478761673E1,1.070439148E1,4.605267237E1
5.999983958E0,-5.621910095E-1,-4.484516144E1,1.080019379E1,4.613077876E1
6.009972958E0,-8.526020050E-1,-4.483235931E1,1.068230438E1,4.609532513E1
6.019961958E0,-9.100055695E-1,-4.469385910E1,1.103273773E1,4.604443998E1
6.029950958E0,-1.044870377E0,-4.482834244E1,1.113772583E1,4.620304077E1
6.039939958E0,-1.028291702E0,-4.472840118E1,1.118665314E1,4.611755051E1
6.049927958E0,-1.067127228E0,-4.469590759E1,1.130038452E1,4.611465718E1
6.059916958E0,-1.124780655E0,-4.457343674E1,1.126377869E1,4.598835836E1
6.069905958E0,-1.195388794E0,-4.465614700E1,1.127309418E1,4.607258482E1
6.079894958E0,-1.274463654E0,-4.449794769E1,1.141570282E1,4.595660864E1
6.089883958E0,-1.370738983E0,-4.460639954E1,1.176564789E1,4.615235937E1
6.099872958E0,-1.311084747E0,-4.446779633E1,1.169669342E1,4.599909228E1
6.109861958E0,-1.688316345E0,-4.444847870E1,1.149159241E1,4.594098787E1
6.119850958E0,-1.742311478E0,-4.445008469E1,1.168524933E1,4.599337702E1
6.129839958E0,-1.728132248E0,-4.447614288E1,1.175373840E1,4.603546560E1
6.139828958E0,-1.756942749E0,-4.445121765E1,1.183697510E1,4.603380908E1
6.149817958E0,-1.843389511E0,-4.442284012E1,1.183523560E1,4.600934265E1
6.159806958E0,-1.887586594E0,-4.439862823E1,1.202310181E1,4.603646543E1
6.169795958E0,-2.049650192E0,-4.451879883E1,1.198966217E1,4.615058520E1
6.179783958E0,-2.155998230E0,-4.428587723E1,1.197952271E1,4.592816363E1
6.189772958E0,-2.210041046E0,-4.447333908E1,1.196035767E1,4.610653236E1
6.199761958E0,-2.137079239E0,-4.441247559E1,1.212495422E1,4.608741271E1
6.209750958E0,-2.346519470E0,-4.445902252E1,1.189894104E1,4.608357229E1
6.219739958E0,-2.449575424E0,-4.436537170E1,1.222663116E1,4.608445655E1
6.229728958E0,-2.656782150E0,-4.427984619E1,1.224253845E1,4.601785542E1
6.239717958E0,-2.673040390E0,-4.430044556E1,1.210249329E1,4.600157568E1
6.249706958E0,-2.734649658E0,-4.450887680E1,1.227999115E1,4.625274700E1
6.259695958E0,-2.714534760E0,-4.442823410E1,1.231108856E1,4.618224319E1
6.269684958E0,-2.817674637E0,-4.452670288E1,1.227734375E1,4.627417994E1
6.279673958E0,-3.028768539E0,-4.427553940E1,1.249158478E1,4.610354128E1
6.289662958E0,-3.098039627E0,-4.450009918E1,1.243081665E1,4.630747110E1
6.299651958E0,-3.207691193E0,-4.437421417E1,1.244603729E1,4.619809531E1
6.309639958E0,-3.205381393E0,-4.442397690E1,1.234996796E1,4.621997298E1
6.319628958E0,-3.383390427E0,-4.433475113E1,1.237589264E1,4.615387532E1
6.329617958E0,-3.500532150E0,-4.445552063E1,1.237840271E1,4.627928147E1
6.339606958E0,-3.532398224E0,-4.433038712E1,1.239154053E1,4.616504452E1
6.349595958E0,-3.614376068E0,-4.431254578E1,1.230931854E1,4.613225282E1
6.359584958E0,-3.574438095E0,-4.428957748E1,1.236135864E1,4.612099813E1
6.369573958E0,-3.860031128E0,-4.427799606E1,1.250548553E1,4.617172234E1
6.379562958E0,-3.771057129E0,-4.408671570E1,1.245095825E1,4.596613682E1
6.389551958E0,-3.898841858E0,-4.437784195E1,1.256980896E1,4.628816178E1
6.399540958E0,-3.959693909E0,-4.411316681E1,1.251438141E1,4.602456305E1
6.409529958E0,-4.087722778E0,-4.417675400E1,1.255870056E1,4.610874137E1
6.419518958E0,-4.288393021E0,-4.393505096E1,1.278993225E1,4.595934491E1
6.429507958E0,-4.236400604E0,-4.407091522E1,1.281686401E1,4.609191536E1
6.439495958E0,-4.327192307E0,-4.393021011E1,1.282448578E1,4.596798222E1
6.449484958E0,-4.469102859E0,-4.398228455E1,1.287278748E1,4.604479223E1
6.459473958E0,-4.380792618E0,-4.386979294E1,1.289309692E1,4.593454065E1
6.469462958E0,-4.629972458E0,-4.393136215E1,1.283467102E1,4.600141308E1
6.479451958E0,-4.514364243E0,-4.379801559E1,1.294509125E1,4.589358389E1
6.489440958E0,-4.552873611E0,-4.389216995E1,1.309769440E1,4.603043384E1
6.499429958E0,-4.552873611E0,-4.389216995E1,1.309769440E1,4.603043384E1
6.509418958E0,-4.602224350E0,-4.381133270E1,1.296457672E1,4.592051384E1
6.519407958E0,-4.816404343E0,-4.399007797E1,1.306846619E1,4.614227475E1
6.529396958E0,-4.825696945E0,-4.384749603E1,1.317302704E1,4.603714697E1
6.539386958E0,-4.990617752E0,-4.378534698E1,1.336542511E1,4.605103109E1
6.549375958E0,-5.129970551E0,-4.367684937E1,1.314043427E1,4.589830913E1
6.559364958E0,-5.292284012E0,-4.385631943E1,1.301662445E1,4.605233475E1
6.569353958E0,-5.372581482E0,-4.383950043E1,1.290991974E1,4.601556755E1
6.579341958E0,-5.515237808E0,-4.383459473E1,1.305109406E1,4.606756559E1
6.589330958E0,-5.658123016E0,-4.374596786E1,1.309083557E1,4.601189016E1
6.599319958E0,-5.917152405E0,-4.375344849E1,1.297079468E1,4.601758861E1
6.609308958E0,-5.772554398E0,-4.372533035E1,1.290144348E1,4.595295576E1
6.619297958E0,-5.894517899E0,-4.376382828E1,1.300165558E1,4.603326031E1
6.629286958E0,-5.965106964E0,-4.381068420E1,1.312113190E1,4.612073995E1
6.639275958E0,-6.059755325E0,-4.378793335E1,1.304850006E1,4.609085696E1
6.649264958E0,-6.129364014E0,-4.376788712E1,1.293113708E1,4.604792451E1
6.659253958E0,-6.322826385E0,-4.377887344E1,1.301782227E1,4.610891009E1
6.669242958E0,-6.390975952E0,-4.359388733E1,1.313527679E1,4.597615776E1
6.679231958E0,-6.596523285E0,-4.368484879E1,1.314154053E1,4.609316891E1
6.689220958E0,-6.615377426E0,-4.364790344E1,1.297946930E1,4.601488147E1
6.699209958E0,-6.636505127E0,-4.364770508E1,1.329772949E1,4.610851297E1
6.709198958E0,-6.622388840E0,-4.360148239E1,1.316841888E1,4.602556416E1
6.719186958E0,-6.738077164E0,-4.359772873E1,1.330512238E1,4.607808498E1
6.729175958E0,-6.870523453E0,-4.351303101E1,1.309838867E1,4.595819563E1
6.739164958E0,-6.948062897E0,-4.340989304E1,1.306278992E1,4.586208534E1
6.749153958E0,-6.909099579E0,-4.340692520E1,1.305716705E1,4.585178758E1
6.759142958E0,-6.862424850E0,-4.350930023E1,1.294832611E1,4.591090536E1
6.769131958E0,-6.767248154E0,-4.348860550E1,1.318126678E1,4.594344621E1
6.779120958E0,-6.937629700E0,-4.353359604E1,1.320664215E1,4.601869280E1
6.789109958E0,-6.986494064E0,-4.335612488E1,1.334117889E1,4.589718638E1
6.799098958E0,-7.084901810E0,-4.338181686E1,1.362132263E1,4.601867337E1
6.809087958E0,-7.165971756E0,-4.322145081E1,1.342442322E1,4.582204818E1
6.819076958E0,-7.077539444E0,-4.332456970E1,1.346329498E1,4.591699267E1
6.829065958E0,-7.142446518E0,-4.333810806E1,1.345378113E1,4.593702624E1
6.839054958E0,-7.195943832E0,-4.318062210E1,1.359114075E1,4.583739564E1
6.849042958E0,-7.129497528E0,-4.321725464E1,1.339777374E1,4.580459775E1
6.859031958E0,-7.224363327E0,-4.320171356E1,1.326802826E1,4.576701928E1
6.869020958E0,-7.119989395E0,-4.324414062E1,1.352249908E1,4.586510579E1
6.879009958E0,-7.170743942E0,-4.327227402E1,1.364789581E1,4.593663383E1
6.888998958E0,-7.045104980E0,-4.336932373E1,1.337963867E1,4.592979943E1
6.898987958E0,-6.894269943E0,-4.355002975E1,1.351473236E1,4.611706886E1
6.908976958E0,-7.062883377E0,-4.350540161E1,1.360320282E1,4.612647199E1
6.918965958E0,-7.152582169E0,-4.319136047E1,1.350408173E1,4.581498963E1
6.928954958E0,-7.080390930E0,-4.331891632E1,1.345505524E1,4.590968262E1
6.938943958E0,-7.039857864E0,-4.319692612E1,1.352452087E1,4.580880581E1
6.948932958E0,-6.999197006E0,-4.343759537E1,1.361985016E1,4.605772214E1
6.958921958E0,-6.905820847E0,-4.339877701E1,1.362454224E1,4.600839444E1
6.968910958E0,-6.941869736E0,-4.343946075E1,1.352726746E1,4.602350781E1
6.978898958E0,-6.807786942E0,-4.337193298E1,1.359642792E1,4.596012822E1
6.988887958E0,-6.923879623E0,-4.330150604E1,1.344236755E1,4.586564924E1
6.998876958E0,-6.950611115E0,-4.312546158E1,1.352655029E1,4.572837187E1
7.008865958E0,-6.968568802E0,-4.334473038E1,1.340547943E1,4.590243437E1
7.018854958E0,-6.885171890E0,-4.325459671E1,1.355339813E1,4.584823148E1
7.028843958E0,-6.953229904E0,-4.328358841E1,1.353392792E1,4.588010066E1
7.038832958E0,-7.023347855E0,-4.306060791E1,1.351833344E1,4.567590949E1
7.048821958E0,-6.872959137E0,-4.328924561E1,1.346198273E1,4.585216823E1
7.058810958E0,-6.779954910E0,-4.341980362E1,1.359368896E1,4.600038603E1
7.068799958E0,-6.796155930E0,-4.346592331E1,1.350019073E1,4.601879371E1
7.078788958E0,-6.658138275E0,-4.338773727E1,1.354112244E1,4.593678861E1
7.088777958E0,-6.653297424E0,-4.344145966E1,1.365563965E1,4.602068315E1
7.098766958E0,-6.404268265E0,-4.335451126E1,1.367394257E1,4.590865936E1
7.108755958E0,-6.497755051E0,-4.352994156E1,1.351271057E1,4.603987380E1
7.118743958E0,-6.403760910E0,-4.349000168E1,1.348400116E1,4.598050334E1
7.128732958E0,-6.390316010E0,-4.353155518E1,1.341078949E1,4.599654019E1
7.138721958E0,-6.427370071E0,-4.349108124E1,1.343089294E1,4.596927364E1
7.148710958E0,-6.385442734E0,-4.353666306E1,1.329116821E1,4.596596634E1
7.158699958E0,-6.367376328E0,-4.340519714E1,1.338664246E1,4.586672886E1
7.168688958E0,-6.441297531E0,-4.347930908E1,1.345016479E1,4.596572163E1
7.178677958E0,-6.372770309E0,-4.343185043E1,1.332202911E1,4.587389555E1
7.188666958E0,-6.334175110E0,-4.359808350E1,1.344909668E1,4.606292284E1
7.198655958E0,-6.303936005E0,-4.339669800E1,1.354213715E1,4.589556062E1
7.208644958E0,-6.374666214E0,-4.361152649E1,1.333248138E1,4.604733078E1
7.218633958E0,-6.182077408E0,-4.361805725E1,1.323577118E1,4.599933302E1
7.228622958E0,-6.311056137E0,-4.357783508E1,1.337423706E1,4.601877179E1
7.238611958E0,-6.212423325E0,-4.348352432E1,1.332354736E1,4.590128544E1
7.248599958E0,-6.270328522E0,-4.357555008E1,1.335457611E1,4.600532890E1
7.258588958E0,-6.119794846E0,-4.364551544E1,1.329588318E1,4.603437212E1
7.268577958E0,-6.256202698E0,-4.358790207E1,1.338433075E1,4.602375027E1
7.278566958E0,-6.184883118E0,-4.347638321E1,1.334575653E1,4.589725366E1
7.288555958E0,-6.371847153E0,-4.353877258E1,1.346061707E1,4.601536011E1
7.298544958E0,-6.331661224E0,-4.344538498E1,1.325874329E1,4.586268291E1
7.308533958E0,-6.469326019E0,-4.351770401E1,1.328117371E1,4.595685277E1
7.318522958E0,-6.424442291E0,-4.332503128E1,1.319933319E1,4.574444437E1
7.328511958E0,-6.424442291E0,-4.332503128E1,1.319933319E1,4.574444437E1
7.338500958E0,-6.459304810E0,-4.342776871E1,1.329235840E1,4.587352728E1
7.348489958E0,-6.324764252E0,-4.335555267E1,1.315670776E1,4.574719171E1
7.358478958E0,-6.331567764E0,-4.346895981E1,1.308037567E1,4.583378061E1
7.368467958E0,-6.308408737E0,-4.342575455E1,1.297982788E1,4.576098896E1
7.378456958E0,-6.356397629E0,-4.354608536E1,1.312354279E1,4.592268193E1
7.388444958E0,-6.229314804E0,-4.350901031E1,1.317379761E1,4.588449940E1
7.398433958E0,-6.436573029E0,-4.353871536E1,1.317557526E1,4.594175651E1
7.408422958E0,-6.330270767E0,-4.351391983E1,1.304011536E1,4.586478121E1
7.418411958E0,-6.444925308E0,-4.358229065E1,1.304417419E1,4.594674745E1
7.428400958E0,-6.433303833E0,-4.353200912E1,1.296380615E1,4.587464972E1
7.438389958E0,-6.323696136E0,-4.360607529E1,1.305133820E1,4.595450319E1
7.448378958E0,-6.300916672E0,-4.356718063E1,1.304337311E1,4.591220275E1
7.458367958E0,-6.393955231E0,-4.348881531E1,1.311802673E1,4.587202138E1
7.468356958E0,-6.189779282E0,-4.349393082E1,1.316567230E1,4.586251533E1
7.478345958E0,-6.387300491E0,-4.354257965E1,1.290786743E1,4.586247804E1
7.488334958E0,-6.188158035E0,-4.349612427E1,1.307981873E1,4.583980567E1
7.498323958E0,-6.212749481E0,-4.366271210E1,1.296386719E1,4.596838627E1
7.508312958E0,-6.106277466E0,-4.357709122E1,1.290425873E1,4.585596359E1
7.518300958E0,-6.072372437E0,-4.367068863E1,1.292881775E1,4.594732942E1
7.528289958E0,-6.011678696E0,-4.367565918E1,1.267258453E1,4.587262674E1
7.538278167E0,-5.936408997E0,-4.360942841E1,1.280580139E1,4.583679468E1
7.548267167E0,-6.051326752E0,-4.338764954E1,1.290307617E1,4.566832669E1
7.558256167E0,-6.089218140E0,-4.363359451E1,1.298490906E1,4.593013184E1
7.568245167E0,-5.973682404E0,-4.361392975E1,1.296756744E1,4.589136689E1
7.578234167E0,-5.950700760E0,-4.364830780E1,1.289982605E1,4.590197300E1
7.588223167E0,-5.893346786E0,-4.365721893E1,1.274668121E1,4.586024622E1
7.598212167E0,-5.935293198E0,-4.362216949E1,1.286251068E1,4.586464388E1
7.608201167E0,-5.702537537E0,-4.372645187E1,1.272730255E1,4.589668570E1
7.618190167E0,-5.766292572E0,-4.353052139E1,1.278110504E1,4.573306319E1
7.628179167E0,-5.655258179E0,-4.364475250E1,1.305416107E1,4.590487433E1
7.638168167E0,-5.654651642E0,-4.370153046E1,1.291842651E1,4.592041586E1
7.648157167E0,-5.634256363E0,-4.348006821E1,1.304360962E1,4.574272541E1
7.658145167E0,-5.590213776E0,-4.348850250E1,1.322385406E1,4.579705947E1
7.668134167E0,-5.376703262E0,-4.343413925E1,1.328480530E1,4.573750586E1
7.678123167E0,-5.335247040E0,-4.345528030E1,1.320812225E1,4.573052308E1
7.688112167E0,-5.184617996E0,-4.349185181E1,1.300690460E1,4.569027254E1
7.698101167E0,-5.281757355E0,-4.344911194E1,1.296873474E1,4.564986714E1
7.708090167E0,-5.180889130E0,-4.354439163E1,1.298320007E1,4.573312956E1
7.718079167E0,-5.025949478E0,-4.361592865E1,1.312013245E1,4.582299942E1
7.728068167E0,-4.869329453E0,-4.372490311E1,1.290129089E1,4.584780069E1
7.738057167E0,-4.832799911E0,-4.361224365E1,1.297383118E1,4.575701090E1
7.748046167E0,-4.666969299E0,-4.376405716E1,1.274394226E1,4.582009784E1
7.758035167E0,-4.756538391E0,-4.379547501E1,1.296510315E1,4.592126074E1
7.768024167E0,-4.508825302E0,-4.369478989E1,1.297729492E1,4.580364999E1
7.778013167E0,-4.361574173E0,-4.377359009E1,1.292858887E1,4.585083346E1
7.788001167E0,-4.427350998E0,-4.361827087E1,1.287425232E1,4.569355932E1
7.797990167E0,-4.387802124E0,-4.380582428E1,1.305356598E1,4.591947989E1
7.807979167E0,-4.278102875E0,-4.379119492E1,1.294218445E1,4.586361362E1
7.817968167E0,-4.209835052E0,-4.374230576E1,1.323554993E1,4.589435484E1
7.827957167E0,-4.217008591E0,-4.385610962E1,1.310150909E1,4.596510691E1
7.837946167E0,-4.106243134E0,-4.388024902E1,1.315383148E1,4.599305132E1
7.847935167E0,-3.896068573E0,-4.397562408E1,1.283123016E1,4.597472492E1
7.857924167E0,-3.849611282E0,-4.395279694E1,1.296398163E1,4.598622278E1
7.867913167E0,-3.773796082E0,-4.403309250E1,1.283325195E1,4.602007309E1
7.877902167E0,-3.805206299E0,-4.389647293E1,1.290735626E1,4.591274089E1
7.887891167E0,-3.828762054E0,-4.396702194E1,1.256777191E1,4.588798675E1
7.897880167E0,-3.729515076E0,-4.392879868E1,1.268101501E1,4.587435861E1
7.907869167E0,-3.786293030E0,-4.396924973E1,1.251945496E1,4.587338759E1
7.917858167E0,-3.718202591E0,-4.400587845E1,1.252362061E1,4.590406781E1
7.927846167E0,-3.702972412E0,-4.405734634E1,1.244132996E1,4.592982106E1
7.937835167E0,-3.608755112E0,-4.396181870E1,1.243366241E1,4.582859999E1
7.947824167E0,-3.536300659E0,-4.406982803E1,1.244349670E1,4.592924750E1
7.957813167E0,-3.490615845E0,-4.392824936E1,1.237907410E1,4.577244768E1
7.967802167E0,-3.591096878E0,-4.397832489E1,1.221482849E1,4.578417928E1
7.977791167E0,-3.408655167E0,-4.406763840E1,1.218116760E1,4.584709945E1
7.987780167E0,-3.318906784E0,-4.417029953E1,1.226049805E1,4.596031239E1
7.997769167E0,-3.080469131E0,-4.413331223E1,1.224265289E1,4.590338863E1
8.007758167E0,-3.010890961E0,-4.425226593E1,1.217015839E1,4.599392633E1
8.017747167E0,-3.000518799E0,-4.423847198E1,1.213307190E1,4.597017457E1
8.027736167E0,-3.104793549E0,-4.416603470E1,1.217471313E1,4.591842772E1
8.037725167E0,-3.094823837E0,-4.414500427E1,1.220555115E1,4.590571659E1
8.047714167E0,-3.029777527E0,-4.419932938E1,1.217082977E1,4.594441605E1
8.057702167E0,-2.897573471E0,-4.420110321E1,1.217041779E1,4.593748498E1
8.067691167E0,-2.806186676E0,-4.431227493E1,1.207694244E1,4.601418186E1
8.077680167E0,-2.503118515E0,-4.426022339E1,1.188191986E1,4.589567514E1
8.087669167E0,-2.410224915E0,-4.437953186E1,1.174218750E1,4.596989232E1
8.097658167E0,-2.265064240E0,-4.436926651E1,1.177409363E1,4.596076161E1
8.107647167E0,-2.218837738E0,-4.448441315E1,1.178741455E1,4.607308754E1
8.117636167E0,-2.095146179E0,-4.435484314E1,1.177956390E1,4.594017711E1
8.127625167E0,-2.105243683E0,-4.440441132E1,1.158861542E1,4.593995867E1
8.137614167E0,-2.229600906E0,-4.424964523E1,1.176539612E1,4.584132164E1
8.147603167E0,-2.193363190E0,-4.442041397E1,1.169535828E1,4.598657874E1
8.157592167E0,-2.193363190E0,-4.442041397E1,1.169535828E1,4.598657874E1
8.167581167E0,-2.118246078E0,-4.439826584E1,1.151557159E1,4.591624293E1
8.177570167E0,-2.002946854E0,-4.444038391E1,1.155836487E1,4.596254254E1
8.187558167E0,-1.737129211E0,-4.436264038E1,1.153664398E1,4.587107622E1
8.197547167E0,-1.725770950E0,-4.459465027E1,1.164117432E1,4.612134059E1
8.207536167E0,-1.495801926E0,-4.454616165E1,1.151043701E1,4.603355408E1
8.217525167E0,-1.494493484E0,-4.458022690E1,1.145805359E1,4.605341609E1
8.227514167E0,-1.412479401E0,-4.460933304E1,1.149032593E1,4.608704028E1
8.237503167E0,-1.380153656E0,-4.469410324E1,1.122427368E1,4.610262474E1
8.247492167E0,-1.386455536E0,-4.474374008E1,1.105734253E1,4.611062089E1
8.257481167E0,-1.249177933E0,-4.490811539E1,1.080075836E1,4.620558034E1
8.267470167E0,-1.129617691E0,-4.484350586E1,1.074859619E1,4.612752296E1
8.277459167E0,-1.149400711E0,-4.496999359E1,1.052671051E1,4.619992511E1
8.287448167E0,-9.797191620E-1,-4.497338867E1,1.040631866E1,4.617203706E1
8.297437167E0,-1.046262741E0,-4.508973694E1,1.018753815E1,4.623813336E1
8.307426167E0,-1.051414490E0,-4.504669189E1,9.980560303E0,4.615107265E1
8.317414167E0,-9.723873138E-1,-4.524272919E1,9.822250366E0,4.630687512E1
8.327403167E0,-1.028589249E0,-4.518112183E1,9.621398926E0,4.620566072E1
8.337392167E0,-9.236774445E-1,-4.512171173E1,9.664894104E0,4.615443887E1
8.347381167E0,-8.487091064E-1,-4.507057953E1,9.521560669E0,4.607317619E1
8.357370167E0,-8.393383026E-1,-4.516764069E1,9.523452759E0,4.616834853E1
8.367359167E0,-7.031688690E-1,-4.514974594E1,9.365577698E0,4.611624498E1
8.377348167E0,-6.937885284E-1,-4.520597839E1,9.215911865E0,4.614103224E1
8.387337167E0,-3.535537720E-1,-4.513162231E1,9.048484802E0,4.603111350E1
8.397326167E0,-3.732471466E-1,-4.505815125E1,8.925178528E0,4.593511858E1
8.407315167E0,-1.272392273E-1,-4.508498383E1,9.012901306E0,4.597721551E1
8.417304167E0,-8.962631226E-3,-4.514001846E1,8.857788086E0,4.600088865E1
8.427293167E0,-7.008361816E-2,-4.520339584E1,8.639747620E0,4.602170299E1
8.437282167E0,5.184173584E-2,-4.511803818E1,8.646926880E0,4.593919243E1
8.447270167E0,2.057189941E-1,-4.513994598E1,8.555526733E0,4.594403205E1
8.457259167E0,3.584575653E-1,-4.525726318E1,8.508316040E0,4.605149080E1
8.467248167E0,5.091018677E-1,-4.508044434E1,8.387519836E0,4.585690935E1
8.477237167E0,4.609165192E-1,-4.509891129E1,8.353446960E0,4.586833678E1
8.487226167E0,6.263217926E-1,-4.500904465E1,8.272949219E0,4.576732533E1
8.497215167E0,8.103504181E-1,-4.504052734E1,8.258613586E0,4.579858589E1
8.507204167E0,8.621807098E-1,-4.506199646E1,8.155296326E0,4.580213684E1
8.517193167E0,8.980865479E-1,-4.493780136E1,8.134574890E0,4.567695107E1
8.527182167E0,1.071271896E0,-4.493788910E1,8.170669556E0,4.568721201E1
8.537171292E0,1.310237885E0,-4.504037094E1,8.305526733E0,4.581848439E1
8.547160292E0,1.402799606E0,-4.480638504E1,8.136970520E0,4.556084148E1
8.557149292E0,1.474567413E0,-4.481730270E1,7.946166992E0,4.554016404E1
8.567138292E0,1.765752792E0,-4.466201401E1,8.165100098E0,4.543657379E1
8.577126292E0,1.883361816E0,-4.480179596E1,8.081047058E0,4.556370589E1
8.587115292E0,2.035524368E0,-4.453889084E1,8.153030396E0,4.532469593E1
8.597104292E0,2.205129623E0,-4.467139053E1,8.437622070E0,4.551471405E1
8.607093292E0,2.393255234E0,-4.447105789E1,8.210479736E0,4.528592097E1
8.617082292E0,2.682060242E0,-4.439088821E1,8.235313416E0,4.522792048E1
8.627071292E0,2.742488861E0,-4.418567657E1,7.969032288E0,4.498222688E1
8.637060292E0,2.770156860E0,-4.400204086E1,8.211517334E0,4.484732306E1
8.647049292E0,2.996603012E0,-4.373676300E1,8.406478882E0,4.463802140E1
8.657038292E0,3.106855392E0,-4.344035721E1,8.604110718E0,4.439310652E1
8.667027292E0,3.242579460E0,-4.316623306E1,8.544578552E0,4.412309850E1
8.677016292E0,3.459493637E0,-4.320011902E1,8.338134766E0,4.413323998E1
8.687005292E0,3.583374023E0,-4.323018265E1,8.237335205E0,4.415362898E1
8.696994292E0,3.754219055E0,-4.306601715E1,8.087425232E0,4.397934107E1
8.706982292E0,3.630151749E0,-4.310328293E1,7.917991638E0,4.397460168E1
8.716971292E0,3.672475815E0,-4.310169601E1,7.959213257E0,4.398400111E1
8.726960292E0,3.662329674E0,-4.302502823E1,8.151359558E0,4.394326314E1
8.736949292E0,3.634312630E0,-4.285304642E1,8.248863220E0,4.379081593E1
8.746938292E0,3.662995338E0,-4.256998444E1,8.287086487E0,4.352352137E1
8.756927292E0,3.632188797E0,-4.244080353E1,8.423522949E0,4.342085142E1
8.766916292E0,3.619097710E0,-4.234779739E1,8.399238586E0,4.332413901E1
8.776905292E0,3.635370255E0,-4.229915619E1,8.467063904E0,4.329117349E1
8.786894292E0,3.620188713E0,-4.209569931E1,8.548080444E0,4.310711480E1
8.796883292E0,3.799780846E0,-4.182985687E1,8.789855957E0,4.291196603E1
8.806872292E0,3.851942062E0,-4.183344650E1,8.639739990E0,4.288962358E1
8.816861292E0,4.100051880E0,-4.179652405E1,8.845199585E0,4.291849722E1
8.826850292E0,4.217648506E0,-4.175654221E1,9.173072815E0,4.295977934E1
8.836838292E0,4.477569580E0,-4.166179657E1,9.505859375E0,4.296644371E1
8.846827292E0,4.773860931E0,-4.157262039E1,9.575996399E0,4.292752289E1
8.856816292E0,5.152297974E0,-4.163953400E1,9.888458252E0,4.310659546E1
8.866805292E0,5.435424805E0,-4.181118393E1,1.048043060E1,4.344603975E1
8.876794292E0,5.657573700E0,-4.196193695E1,1.129829407E1,4.382309598E1
8.886783292E0,5.953899384E0,-4.259533310E1,1.182705688E1,4.460594797E1
8.896772292E0,6.398169518E0,-4.297109985E1,1.237493896E1,4.517290239E1
8.906761292E0,6.420223236E0,-4.361302948E1,1.281061554E1,4.590672584E1
8.916750292E0,6.468853951E0,-4.415206909E1,1.314947510E1,4.652053280E1
8.926739292E0,6.306674004E0,-4.484713745E1,1.312553406E1,4.715208923E1
8.936728292E0,6.027798653E0,-4.536426163E1,1.326891327E1,4.764781893E1
8.946717292E0,5.713046074E0,-4.579881668E1,1.316923523E1,4.799582546E1
8.956706292E0,5.291257858E0,-4.606399918E1,1.311763763E1,4.818673933E1
8.966694292E0,4.866394997E0,-4.642322159E1,1.291818237E1,4.843218701E1
8.976683292E0,4.500018120E0,-4.649214554E1,1.254644775E1,4.836510220E1
8.986672292E0,4.500018120E0,-4.649214554E1,1.254644775E1,4.836510220E1
8.996661292E0,4.113968849E0,-4.667291260E1,1.211252594E1,4.839420208E1
9.006650292E0,4.002775192E0,-4.658044434E1,1.201396179E1,4.827106050E1
9.016639292E0,3.634784698E0,-4.677572250E1,1.164070892E1,4.833927988E1
9.026628292E0,3.434601784E0,-4.669206619E1,1.124916840E1,4.815069391E1
9.036617292E0,3.109411240E0,-4.676136017E1,1.069380951E1,4.806922929E1
9.046606292E0,3.037796021E0,-4.675402069E1,9.721076965E0,4.785045447E1
9.056595292E0,2.984807968E0,-4.687007523E1,8.492706299E0,4.772671255E1
9.066584292E0,2.754539490E0,-4.627025223E1,7.359603882E0,4.693279768E1
9.076573292E0,2.557094574E0,-4.536788177E1,6.251708984E0,4.586793318E1
9.086562292E0,2.540546417E0,-4.413096619E1,5.616859436E0,4.455946210E1
9.096550292E0,2.620172501E0,-4.293205643E1,5.519668579E0,4.336465743E1
9.106539292E0,3.358837128E0,-4.156757736E1,6.433128357E0,4.219633177E1
9.116528292E0,4.133031845E0,-4.069345093E1,7.502723694E0,4.158521087E1
9.126517292E0,4.896861076E0,-4.033319473E1,9.077331543E0,4.163104363E1
9.136506292E0,5.437563896E0,-4.057495117E1,1.043370819E1,4.224637298E1
9.146495292E0,5.942532539E0,-4.110367966E1,1.126242065E1,4.303101548E1
9.156484292E0,5.956777573E0,-4.176046753E1,1.197718048E1,4.385057240E1
9.166473292E0,5.864683151E0,-4.253614807E1,1.236446381E1,4.468331195E1
9.176462292E0,5.538031578E0,-4.334450150E1,1.242490387E1,4.542899779E1
9.186451292E0,5.370779991E0,-4.402485275E1,1.214862823E1,4.598502045E1
9.196440292E0,4.749543190E0,-4.441023636E1,1.205850983E1,4.626267300E1
9.206429292E0,4.463464737E0,-4.477159882E1,1.163772583E1,4.647424276E1
9.216418292E0,4.097911835E0,-4.515716934E1,1.119380188E1,4.670400438E1
9.226406292E0,3.908540726E0,-4.535671234E1,1.081583405E1,4.679198982E1
9.236395292E0,3.553013802E0,-4.557797623E1,1.041750336E1,4.688816695E1
9.246384292E0,3.555255890E0,-4.542810059E1,1.021553040E1,4.669806451E1
9.256373292E0,3.462792397E0,-4.545704269E1,1.002421570E1,4.667781659E1
9.266362292E0,3.525649071E0,-4.530430222E1,9.801734924E0,4.648638519E1
9.276351292E0,3.336611748E0,-4.521196747E1,9.532440186E0,4.632626033E1
9.286340292E0,3.494160652E0,-4.516949844E1,9.354103088E0,4.626004748E1
9.296329292E0,3.755704880E0,-4.537805557E1,9.176338196E0,4.644866445E1
9.306318292E0,3.892112732E0,-4.516292953E1,9.314712524E0,4.627745256E1
9.316307292E0,4.138655663E0,-4.518408585E1,8.992813110E0,4.625581879E1
9.326296292E0,4.418520927E0,-4.503506851E1,8.666755676E0,4.607378188E1
9.336285292E0,4.702651024E0,-4.492670441E1,8.581993103E0,4.598015116E1
9.346274292E0,4.932444572E0,-4.474785233E1,8.306121826E0,4.577871729E1
9.356262292E0,4.810297966E0,-4.463261032E1,7.976867676E0,4.559429009E1
9.366251292E0,4.986627579E0,-4.449063873E1,7.472709656E0,4.538859746E1
9.376240292E0,4.872625351E0,-4.465500641E1,7.200454712E0,4.549350089E1
9.386229292E0,4.814537048E0,-4.466970444E1,7.021820068E0,4.547381905E1
9.396218292E0,4.597554207E0,-4.485367584E1,6.721595764E0,4.558694540E1
9.406207292E0,4.561037064E0,-4.510563278E1,6.321983337E0,4.577432295E1
9.416196292E0,4.703128815E0,-4.553110886E1,6.430534363E0,4.622286303E1
9.426185292E0,4.662169456E0,-4.565035629E1,6.430297852E0,4.633615850E1
9.436174292E0,4.639431953E0,-4.594799423E1,6.561416626E0,4.664541447E1
9.446163292E0,4.838650703E0,-4.581192780E1,6.663475037E0,4.654618318E1
9.456152292E0,4.861609459E0,-4.591178131E1,6.755813599E0,4.666013209E1
9.466141292E0,4.975087166E0,-4.586966324E1,6.957176208E0,4.666025931E1
9.476129292E0,5.009545326E0,-4.575896072E1,7.140937805E0,4.658294778E1
9.486118292E0,5.147200584E0,-4.550757217E1,7.403968811E0,4.639236525E1
9.496107292E0,5.090132713E0,-4.518693542E1,7.414459229E0,4.607323290E1
9.506096292E0,4.942211151E0,-4.502059937E1,7.111282349E0,4.584593935E1
9.516085292E0,4.902086258E0,-4.481033707E1,7.103080750E0,4.563387463E1
9.526074292E0,4.867328644E0,-4.468077087E1,6.959304810E0,4.548070027E1
9.536063792E0,4.616836548E0,-4.447253799E1,6.995887756E0,4.525554398E1
9.546052792E0,4.353335381E0,-4.423229599E1,6.687530518E0,4.494630799E1
9.556041792E0,4.070521355E0,-4.398033524E1,6.676597595E0,4.467007933E1
9.566030792E0,3.808071136E0,-4.370088196E1,6.701660156E0,4.437545198E1
9.576019792E0,3.560455322E0,-4.364224243E1,6.691886902E0,4.429563767E1
9.586008792E0,3.281923294E0,-4.350432968E1,6.253814697E0,4.407389159E1
9.595997792E0,2.938723564E0,-4.319678497E1,6.393760681E0,4.376617991E1
9.605985792E0,2.534883499E0,-4.310850143E1,6.216346741E0,4.362810444E1
9.615974792E0,2.313833237E0,-4.306325912E1,6.123527527E0,4.355795794E1
9.625963792E0,2.142644882E0,-4.290928268E1,5.986587524E0,4.337783648E1
9.635952792E0,1.790142059E0,-4.273378754E1,5.951072693E0,4.318328927E1
9.645941792E0,1.394744873E0,-4.221002197E1,5.979171753E0,4.265421155E1
9.655930792E0,1.211160660E0,-4.186329651E1,5.799911499E0,4.228050944E1
9.665919792E0,9.702377319E-1,-4.135869217E1,5.611297607E0,4.174888549E1
9.675908792E0,6.106586456E-1,-4.080963516E1,5.725463867E0,4.121383460E1
9.685897792E0,-1.003494263E-1,-4.049068832E1,5.544807434E0,4.086870197E1
9.695886792E0,-4.353332520E-1,-3.961169815E1,5.871482849E0,4.004685326E1
9.705875792E0,-5.411415100E-1,-3.876472855E1,5.918907166E0,3.921773165E1
9.715864792E0,-5.019397736E-1,-3.785714340E1,6.317573547E0,3.838394177E1
9.725852792E0,-4.472064972E-1,-3.669980621E1,6.722396851E0,3.731308603E1
9.735841792E0,-5.566978455E-2,-3.559799957E1,7.626373291E0,3.640579957E1
9.745830792E0,8.577194214E-1,-3.459914398E1,8.442070007E0,3.562449990E1
9.755819792E0,2.065425873E0,-3.369896698E1,9.719261169E0,3.513332317E1
9.765808792E0,3.560078621E0,-3.271670151E1,1.163555908E1,3.490620221E1
9.775797792E0,5.833865166E0,-3.229866028E1,1.421854401E1,3.576876336E1
9.785786792E0,8.175758362E0,-3.235001373E1,1.713201904E1,3.750829895E1
9.795775792E0,1.088499260E1,-3.317562103E1,2.120503998E1,4.085044204E1
9.805764792E0,1.342829990E1,-3.542337799E1,2.466738129E1,4.520635626E1
9.815753792E0,1.342829990E1,-3.542337799E1,2.466738129E1,4.520635626E1
9.825742792E0,1.513004780E1,-3.971134186E1,2.656497955E1,5.011593716E1
9.835731792E0,1.444210243E1,-4.353908920E1,2.650669098E1,5.297953641E1
9.845719792E0,1.374014282E1,-4.603793335E1,2.662483978E1,5.492872587E1
9.855708792E0,1.338071251E1,-4.813515091E1,2.653681946E1,5.657065500E1
9.865697792E0,1.284982014E1,-5.051342010E1,2.532693481E1,5.794978098E1
9.875686792E0,1.111933136E1,-5.355761719E1,2.263945007E1,5.919968402E1
9.885675792E0,8.194997787E0,-5.590942001E1,1.809300232E1,5.933277314E1
9.895664792E0,5.009761810E0,-5.546831131E1,1.491453552E1,5.765652299E1
9.905653792E0,3.888266563E0,-5.280815125E1,1.414285278E1,5.480729641E1
9.915642792E0,4.138761520E0,-5.048027802E1,1.402572632E1,5.255576861E1
9.925631792E0,3.192903519E0,-5.005454254E1,1.191529083E1,5.155216792E1
9.935620792E0,6.404056549E-1,-4.956978607E1,1.040637970E1,5.065438332E1
9.945609792E0,7.781028748E-2,-4.692237473E1,1.229790497E1,4.850725483E1
9.955598792E0,2.005340576E0,-4.574005127E1,1.529071808E1,4.826986369E1
9.965587792E0,3.380624771E0,-4.722830963E1,1.610404968E1,5.001282106E1
9.975575792E0,2.997717857E0,-4.936520386E1,1.476480865E1,5.161307236E1
9.985564792E0,3.185380936E0,-4.981659698E1,1.464965057E1,5.202357397E1
9.995553792E0,4.508747101E0,-4.997654724E1,1.492340851E1,5.235162076E1
1.000554279E1,5.880753517E0,-5.103532791E1,1.485234070E1,5.347691073E1
1.001553179E1,6.117237091E0,-5.352530289E1,1.290219879E1,5.539716033E1
1.002552079E1,5.543336868E0,-5.555494690E1,1.092706299E1,5.689008186E1
1.003550979E1,4.844057083E0,-5.627621460E1,8.760345459E0,5.715960874E1
1.004549879E1,4.511270523E0,-5.646791840E1,5.667236328E0,5.693061511E1
1.005548779E1,2.632806778E0,-5.654629517E1,6.741943359E-1,5.661156866E1
1.006547679E1,-4.911708832E-1,-5.490831375E1,-4.496917725E0,5.509434124E1
1.007546579E1,-3.250947952E0,-5.058769989E1,-7.153717041E0,5.119433279E1
1.008545479E1,-2.698476791E0,-5.073434448E1,-6.511322021E0,5.122160483E1
1.009544279E1,-1.014739990E0,-4.597232056E1,-4.044021606E0,4.616100156E1
1.010543179E1,1.036140442E0,-4.291617584E1,-9.956970215E-1,4.294022763E1
1.011542079E1,2.526031494E0,-4.218579865E1,1.111953735E0,4.227598471E1
1.012540979E1,3.553843498E0,-4.217755890E1,2.436241150E0,4.239707005E1
1.013539879E1,3.895031929E0,-4.268151093E1,3.130004883E0,4.297300989E1
1.014538779E1,4.032264709E0,-4.313952637E1,3.146087646E0,4.344163626E1
1.015537679E1,3.806761742E0,-4.368310547E1,2.904220581E0,4.394473388E1
1.016536579E1,3.501949310E0,-4.414768982E1,2.114074707E0,4.433679597E1
1.017535479E1,2.608167648E0,-4.551192474E1,9.203872681E-1,4.559588737E1
1.018534379E1,1.930128098E0,-4.777719116E1,-1.977233887E-1,4.781657123E1
1.019533279E1,1.429494858E0,-5.073191833E1,-9.010162354E-1,5.076005146E1
1.020532179E1,1.531440735E0,-5.347049713E1,-4.772338867E-1,5.349455231E1
1.021530979E1,2.319412231E0,-5.601995087E1,1.254089355E0,5.608196955E1
1.022529879E1,3.468740463E0,-5.758559418E1,3.456031799E0,5.779339904E1
1.023528779E1,4.562088013E0,-5.811265564E1,5.763069153E0,5.857564646E1
1.024527679E1,5.435940742E0,-5.794391632E1,7.591110229E0,5.869132683E1
1.025526579E1,6.132159233E0,-5.780450439E1,8.815193176E0,5.879346678E1
1.026525479E1,6.682852745E0,-5.727624512E1,9.755546570E0,5.848418132E1
1.027524379E1,7.084354401E0,-5.673963165E1,1.037332153E1,5.811350684E1
1.028523279E1,7.568241119E0,-5.623474884E1,1.076026154E1,5.775299541E1
1.029522179E1,7.671727180E0,-5.579531860E1,1.105446625E1,5.739489699E1
1.030521079E1,7.909031868E0,-5.547476196E1,1.109492493E1,5.712354470E1
1.031519979E1,8.035692215E0,-5.504221344E1,1.135121918E1,5.677206872E1
1.032518879E1,8.107151985E0,-5.455329132E1,1.150608063E1,5.633983847E1
1.033517779E1,8.167257309E0,-5.403733063E1,1.176557159E1,5.590318299E1
1.034516579E1,8.213531494E0,-5.333155823E1,1.184912872E1,5.524598677E1
1.035515479E1,8.113317490E0,-5.266755676E1,1.158071136E1,5.453265381E1
1.036514379E1,7.810640335E0,-5.166883087E1,1.154910278E1,5.351687548E1
1.037513279E1,7.434872627E0,-5.095162201E1,1.151971436E1,5.276408755E1
1.038512179E1,6.984017372E0,-4.995359802E1,1.104367828E1,5.163430337E1
1.039511079E1,6.490930557E0,-4.937828064E1,1.060957336E1,5.092062279E1
1.040509979E1,5.907239914E0,-4.857986450E1,1.001788330E1,4.995254452E1
1.041508879E1,5.446657181E0,-4.814412689E1,9.641235352E0,4.940117861E1
1.042507779E1,4.712222099E0,-4.758742523E1,8.960144043E0,4.865236128E1
1.043506679E1,4.071260452E0,-4.703849792E1,8.280929565E0,4.793505234E1
1.044505579E1,3.453015327E0,-4.651235962E1,7.600349426E0,4.725556289E1
1.045504479E1,2.800268173E0,-4.632987213E1,7.182083130E0,4.696680606E1
1.046503279E1,2.340541840E0,-4.604693604E1,6.581474304E0,4.657375074E1
1.047502179E1,1.527603149E0,-4.593744659E1,6.069282532E0,4.636182440E1
1.048501079E1,1.131357193E0,-4.581991577E1,5.395851135E0,4.615040476E1
1.049499979E1,5.909423828E-1,-4.713881302E1,5.319671631E0,4.744170962E1
1.050498879E1,1.457347870E-1,-4.712420654E1,4.851036072E0,4.737345915E1
1.051497779E1,1.637268066E-2,-4.715932465E1,4.686920166E0,4.739165950E1
1.052496679E1,-4.024734497E-1,-4.737824249E1,4.157028198E0,4.756196726E1
1.053495579E1,-5.270938873E-1,-4.747689819E1,3.940727234E0,4.764307947E1
1.054494446E1,-6.489849091E-1,-4.755824661E1,3.449035645E0,4.768756493E1
1.055493346E1,-8.988189697E-1,-4.747534943E1,3.476226807E0,4.761093185E1
1.056492246E1,-9.806652069E-1,-4.738857651E1,3.202781677E0,4.750680686E1
1.057491146E1,-1.318351746E0,-4.702711105E1,3.219245911E0,4.715560168E1
1.058490046E1,-1.277431488E0,-4.675791550E1,3.491416931E0,4.690548459E1
1.059488846E1,-1.301982880E0,-4.632977295E1,3.609413147E0,4.648839516E1
1.060487746E1,-1.294004440E0,-4.567751312E1,3.747756958E0,4.584926755E1
1.061486646E1,-9.566574097E-1,-4.513267136E1,4.253349304E0,4.534274140E1
1.062485546E1,-5.492439270E-1,-4.442385864E1,4.829162598E0,4.468894379E1
1.063484446E1,-1.341476440E-1,-4.380693436E1,5.728576660E0,4.418010960E1
1.064483346E1,7.996997833E-1,-4.349938583E1,6.475593567E0,4.398601368E1
1.065482246E1,7.996997833E-1,-4.349938583E1,6.475593567E0,4.398601368E1
1.066481146E1,1.587703705E0,-4.327188110E1,7.851333618E0,4.400704417E1
1.067480046E1,2.830820084E0,-4.333718491E1,9.357391357E0,4.442618497E1
1.068478946E1,4.014861107E0,-4.381851959E1,1.111999512E1,4.538541682E1
1.069477846E1,5.151807785E0,-4.493901062E1,1.245446777E1,4.691662356E1
1.070476746E1,6.277259827E0,-4.618793488E1,1.373218536E1,4.859323239E1
1.071475546E1,6.896585464E0,-4.769238663E1,1.474570465E1,5.039407147E1
1.072474446E1,7.648091316E0,-4.943797302E1,1.545734406E1,5.235967879E1
1.073473346E1,7.832416534E0,-5.116904449E1,1.563504791E1,5.407469451E1
1.074472246E1,7.791600227E0,-5.287236404E1,1.541323853E1,5.562161303E1
1.075471146E1,7.436752319E0,-5.415313721E1,1.483999634E1,5.664003042E1
1.076470046E1,6.793179512E0,-5.505898285E1,1.407930756E1,5.723517958E1
1.077468946E1,6.085652351E0,-5.550726700E1,1.327170563E1,5.739538330E1
1.078467846E1,5.814955711E0,-5.570466995E1,1.272857666E1,5.743553454E1
1.079466746E1,5.273273468E0,-5.595440674E1,1.225945282E1,5.752388400E1
1.080465646E1,5.200342178E0,-5.589508057E1,1.198596191E1,5.740180200E1
1.081464546E1,4.866864204E0,-5.604599762E1,1.142337036E1,5.740499636E1
1.082463446E1,4.722776413E0,-5.602416229E1,1.081491089E1,5.725359094E1
1.083462346E1,4.566691399E0,-5.612990189E1,1.029462433E1,5.724857942E1
1.084461146E1,4.442417145E0,-5.624188995E1,9.799217224E0,5.726176660E1
1.085460046E1,4.379517555E0,-5.639305115E1,9.102226257E0,5.729054821E1
1.086458946E1,4.129945755E0,-5.616360092E1,8.232299805E0,5.691377057E1
1.087457846E1,3.675010681E0,-5.582944489E1,7.131454468E0,5.640292778E1
1.088456746E1,3.565246582E0,-5.470444107E1,6.108055115E0,5.515972438E1
1.089455646E1,1.364652634E0,-5.355665970E1,-1.730705261E1,5.630019667E1
1.090454546E1,1.819072723E0,-5.216464233E1,-1.694300079E1,5.487735609E1
1.091453446E1,2.276693344E0,-5.120865631E1,-1.605953979E1,5.371609286E1
1.092452346E1,2.875221252E0,-5.100749588E1,-1.503341675E1,5.325443787E1
1.093451246E1,3.240877151E0,-5.126299667E1,-1.410324097E1,5.326630754E1
1.094450146E1,3.493545532E0,-5.165940857E1,-1.320352173E1,5.343437414E1
1.095449046E1,3.320546150E0,-5.231248474E1,-1.268239594E1,5.393018870E1
1.096447846E1,3.098497391E0,-5.276228333E1,-1.213052368E1,5.422738084E1
1.097446746E1,2.715418816E0,-5.351636505E1,-1.175101471E1,5.485855607E1
1.098445646E1,2.298548698E0,-5.380580139E1,-1.129035187E1,5.502562707E1
1.099444546E1,1.658926964E0,-5.452185059E1,-1.107584381E1,5.566020613E1
1.100443446E1,1.084007263E0,-5.499939728E1,-1.113996887E1,5.612671092E1
1.101442346E1,4.219875336E-1,-5.545552063E1,-1.157954407E1,5.665314363E1
1.102441246E1,5.284500122E-2,-5.563624191E1,-1.189560699E1,5.689375776E1
1.103440146E1,-1.847133636E-1,-5.575902176E1,-1.239543152E1,5.712048099E1
1.104439046E1,-4.351692200E-1,-5.582334137E1,-1.285736084E1,5.728653019E1
1.105437946E1,-5.858974457E-1,-5.583687592E1,-1.331642914E1,5.740581219E1
1.106436846E1,-5.994110107E-1,-5.568198776E1,-1.351462555E1,5.730172911E1
1.107435746E1,-7.301769257E-1,-5.589830780E1,-1.379226685E1,5.757934176E1
1.108434546E1,-6.286067963E-1,-5.587802505E1,-1.417670441E1,5.765178036E1
1.109433446E1,-6.579799652E-1,-5.605072021E1,-1.439932251E1,5.787449061E1
1.110432346E1,-4.235572815E-1,-5.594171906E1,-1.464849854E1,5.782935103E1
1.111431246E1,-3.181419373E-1,-5.598186874E1,-1.469778442E1,5.788001131E1
1.112430146E1,-3.001365662E-1,-5.597446442E1,-1.447988892E1,5.781779944E1
1.113429046E1,5.613327026E-2,-5.605014420E1,-1.418482208E1,5.781722056E1
1.114427946E1,2.792339325E-1,-5.603279114E1,-1.408061981E1,5.777556152E1
1.115426846E1,2.504692078E-1,-5.596033478E1,-1.398626709E1,5.768221104E1
1.116425746E1,4.710807800E-1,-5.598404312E1,-1.359214783E1,5.761233795E1
1.117424646E1,4.210529327E-1,-5.603903961E1,-1.329498291E1,5.759607466E1
1.118423546E1,8.996715546E-1,-5.599375916E1,-1.325124359E1,5.754742331E1
1.119422446E1,9.876308441E-1,-5.606866837E1,-1.286207581E1,5.753350312E1
1.120421246E1,1.215473175E0,-5.573374557E1,-1.254815674E1,5.714178863E1
1.121420146E1,1.360978127E0,-5.561364365E1,-1.220943451E1,5.695436693E1
1.122419046E1,1.582492828E0,-5.512735367E1,-1.213685608E1,5.646975015E1
1.123417946E1,1.861511230E0,-5.483745956E1,-1.204666901E1,5.617592393E1
1.124416846E1,2.368316650E0,-5.441761780E1,-1.211941528E1,5.580113151E1
1.125415746E1,2.461045265E0,-5.418143463E1,-1.219155884E1,5.559063509E1
1.126414646E1,2.627794266E0,-5.352615738E1,-1.221968842E1,5.496613149E1
1.127413546E1,2.782459259E0,-5.331651688E1,-1.238101196E1,5.480586199E1
1.128412446E1,3.033313751E0,-5.290150452E1,-1.271466064E1,5.449250194E1
1.129411346E1,3.141813278E0,-5.269480515E1,-1.280751038E1,5.431984722E1
1.130410246E1,1.800061226E0,-5.258317566E1,-9.185859680E0,5.340983618E1
1.131409146E1,1.810420036E0,-5.236063385E1,-9.334724426E0,5.321701493E1
1.132407946E1,1.607131958E0,-5.198155212E1,-9.773216248E0,5.291673072E1
1.133406846E1,1.484891891E0,-5.193513870E1,-1.019314575E1,5.294680119E1
1.134405746E1,1.151658058E0,-5.166878891E1,-1.083432770E1,5.280504446E1
1.135404646E1,7.764282227E-1,-5.193194580E1,-1.103479767E1,5.309704884E1
1.136403546E1,5.490894318E-1,-5.202096939E1,-1.146577454E1,5.327238254E1
1.137402446E1,2.866535187E-1,-5.259726715E1,-1.170545959E1,5.388480738E1
1.138401346E1,-6.443023682E-2,-5.300965881E1,-1.176453400E1,5.429946905E1
1.139400246E1,-3.239984512E-1,-5.328192902E1,-1.161592865E1,5.453438120E1
1.140399146E1,-7.042751312E-1,-5.345326233E1,-1.155063629E1,5.469153916E1
1.141398046E1,-8.872470856E-1,-5.372183228E1,-1.111332703E1,5.486646068E1
1.142396946E1,-1.204046249E0,-5.369699097E1,-1.061820221E1,5.475000260E1
1.143395846E1,-1.394189835E0,-5.358024597E1,-1.024065399E1,5.456791656E1
1.144394646E1,-1.504720688E0,-5.339465332E1,-9.964111328E0,5.433724967E1
1.145393546E1,-1.663797379E0,-5.333329773E1,-9.832092285E0,5.425752397E1
1.146392446E1,-1.769220352E0,-5.310672760E1,-9.819946289E0,5.403596952E1
1.147391346E1,-1.769220352E0,-5.310672760E1,-9.819946289E0,5.403596952E1
1.148390246E1,-1.838991165E0,-5.302674484E1,-9.640434265E0,5.392731710E1
1.149389146E1,-1.734176636E0,-5.289606476E1,-9.656455994E0,5.379821724E1
1.150388046E1,-1.640203476E0,-5.260655975E1,-9.415206909E0,5.346762121E1
1.151386946E1,-1.374376297E0,-5.252501297E1,-9.630729675E0,5.341831944E1
1.152385846E1,-1.273273468E0,-5.214369583E1,-9.552970886E0,5.302683748E1
1.153384746E1,-1.055488586E0,-5.191138077E1,-9.539901733E0,5.279124202E1
1.154383708E1,-9.047031403E-1,-5.164708328E1,-9.644279480E0,5.254761485E1
1.155382608E1,-7.924709320E-1,-5.142778015E1,-9.850128174E0,5.236859370E1
1.156381408E1,-8.565788269E-1,-5.115296173E1,-1.021012878E1,5.216901332E1
1.157380308E1,-8.305721283E-1,-5.096062088E1,-1.049408722E1,5.203653137E1
1.158379208E1,-8.280391693E-1,-5.072954178E1,-1.076482391E1,5.186572560E1
1.159378108E1,-9.407463074E-1,-5.057871628E1,-1.104164886E1,5.177846612E1
1.160377008E1,-7.758102417E-1,-5.054434586E1,-1.104163361E1,5.174215353E1
1.161375908E1,-7.054538727E-1,-5.056564331E1,-1.138958740E1,5.183729015E1
1.162374808E1,-6.165275574E-1,-5.067663956E1,-1.143504333E1,5.195442348E1
1.163373708E1,-5.036067963E-1,-5.065688324E1,-1.172299957E1,5.199809764E1
1.164372608E1,-4.872751236E-1,-5.063043213E1,-1.174642944E1,5.197746338E1
1.165371508E1,-4.586772919E-1,-5.078273392E1,-1.185176849E1,5.214940906E1
1.166370408E1,-4.981975555E-1,-5.084815216E1,-1.186118317E1,5.221561495E1
1.167369308E1,-4.875040054E-1,-5.096363068E1,-1.195151520E1,5.234852460E1
1.168368108E1,-3.390598297E-1,-5.099935532E1,-1.168056488E1,5.232097859E1
1.169367008E1,-2.707653046E-1,-5.102375793E1,-1.164000702E1,5.233533177E1
1.170365908E1,7.627992630E-1,-5.048304367E1,-1.350127411E1,5.226283540E1
1.171364808E1,8.119640350E-1,-5.064921951E1,-1.347434998E1,5.241718068E1
1.172363708E1,8.211975098E-1,-5.078133011E1,-1.321961212E1,5.248024388E1
1.173362608E1,7.692127228E-1,-5.095022964E1,-1.319078064E1,5.263567500E1
1.174361508E1,8.675727844E-1,-5.137412643E1,-1.310064697E1,5.302528171E1
1.175360408E1,8.109245300E-1,-5.162836075E1,-1.297237396E1,5.323934371E1
1.176359308E1,8.812236786E-1,-5.171548843E1,-1.318572998E1,5.337725896E1
1.177358208E1,7.698574066E-1,-5.183062363E1,-1.342138672E1,5.354568001E1
1.178357108E1,8.534784317E-1,-5.187874222E1,-1.323908997E1,5.354816358E1
1.179356008E1,8.265943527E-1,-5.187857437E1,-1.366593933E1,5.365470748E1
1.180354808E1,8.333625793E-1,-5.186411667E1,-1.368061066E1,5.364457288E1
1.181353708E1,7.043952942E-1,-5.187345123E1,-1.386685181E1,5.369954092E1
1.182352608E1,7.858009338E-1,-5.181956100E1,-1.405462646E1,5.369745721E1
1.183351508E1,9.346675873E-1,-5.153050613E1,-1.399228668E1,5.340459486E1
1.184350408E1,1.202779770E0,-5.114922714E1,-1.381264496E1,5.299508729E1
1.185349308E1,1.363292694E0,-5.054518890E1,-1.361782074E1,5.236525308E1
1.186348208E1,1.796723366E0,-4.981681061E1,-1.276060486E1,5.145654351E1
1.187347108E1,2.356328011E0,-4.940463638E1,-1.142078400E1,5.076223680E1
1.188346008E1,3.269935608E0,-4.984421921E1,-8.660957336E0,5.069665521E1
1.189344908E1,3.935344696E0,-5.150510025E1,-6.404487610E0,5.205074208E1
1.190343808E1,3.694494247E0,-5.372887802E1,-5.716751099E0,5.415831297E1
1.191342608E1,2.729830742E0,-5.554134750E1,-6.411598206E0,5.597679742E1
1.192341508E1,2.095955849E0,-5.613600540E1,-8.015510559E0,5.674409699E1
1.193340408E1,1.271701813E0,-5.567393875E1,-9.248542786E0,5.645121987E1
1.194339308E1,6.590147018E-1,-5.506701660E1,-1.001275635E1,5.597379661E1
1.195338208E1,1.743297577E-1,-5.453345108E1,-9.737182617E0,5.539621289E1
1.196337108E1,-3.459930420E-3,-5.413306808E1,-9.135482788E0,5.489850743E1
1.197336008E1,-4.521026611E-1,-5.458934402E1,-8.378456116E0,5.523042101E1
1.198334908E1,-5.557632446E-1,-5.542774200E1,-8.050849915E0,5.601213833E1
1.199333808E1,-8.537445068E-1,-5.643098831E1,-8.589767456E0,5.708738413E1
1.200332708E1,-8.736572266E-1,-5.680768204E1,-9.362411499E0,5.758064575E1
1.201331608E1,-4.992637634E-1,-5.718141937E1,-9.991027832E0,5.804984602E1
1.202330508E1,-1.517143250E-1,-5.710121155E1,-1.086437225E1,5.812577709E1
1.203329308E1,1.218128204E-1,-5.728209686E1,-1.144406128E1,5.841421058E1
1.204328208E1,5.515384674E-1,-5.708863449E1,-1.206208038E1,5.835160808E1
1.205327108E1,6.434850693E-1,-5.711523819E1,-1.268738556E1,5.851097554E1
1.206326008E1,7.682256699E-1,-5.691411591E1,-1.313013458E1,5.841410099E1
1.207324908E1,1.016808510E0,-5.694631958E1,-1.361251831E1,5.855952414E1
1.208323808E1,1.372453690E0,-5.656121063E1,-1.386184692E1,5.825122297E1
1.209322708E1,-5.628744125E0,-5.526940155E1,-1.771449280E1,5.831117186E1
1.210321608E1,-5.285256386E0,-5.481115341E1,-1.829619598E1,5.802540186E1
1.211320508E1,-5.136922836E0,-5.446943283E1,-1.848383331E1,5.774910547E1
1.212319408E1,-4.875774384E0,-5.416611481E1,-1.876553345E1,5.753161231E1
1.213318308E1,-4.743573189E0,-5.372846603E1,-1.914938354E1,5.723590166E1
1.214317208E1,-4.346144676E0,-5.327692795E1,-1.924577332E1,5.681302505E1
1.215316008E1,-4.230751991E0,-5.304856873E1,-1.934617615E1,5.662441556E1
1.216314908E1,-4.054179192E0,-5.267226028E1,-1.933900452E1,5.625655933E1
1.217313808E1,-4.156682968E0,-5.253624344E1,-1.944570923E1,5.617357471E1
1.218312708E1,-3.895928383E0,-5.227120972E1,-1.944686890E1,5.590740857E1
1.219311608E1,-3.618927956E0,-5.242181778E1,-1.950851440E1,5.605109948E1
1.220310508E1,-3.685110092E0,-5.206660843E1,-1.946468353E1,5.570803941E1
1.221309408E1,-3.463740349E0,-5.199971390E1,-1.951535034E1,5.564904888E1
1.222308308E1,-3.525265694E0,-5.185155869E1,-1.950694275E1,5.551155242E1
1.223307208E1,-3.457325935E0,-5.178055191E1,-1.940296936E1,5.540445721E1
1.224306108E1,-3.408898354E0,-5.169908142E1,-1.921807098E1,5.526074430E1
1.225305008E1,-3.537208557E0,-5.172236633E1,-1.902185059E1,5.522269301E1
1.226303908E1,-3.296711922E0,-5.166836548E1,-1.856356812E1,5.500085783E1
1.227302708E1,-3.335219383E0,-5.184125137E1,-1.834985352E1,5.509406643E1
1.228301608E1,-3.554292679E0,-5.174907303E1,-1.813732910E1,5.495054379E1
1.229300508E1,-3.530068398E0,-5.184313202E1,-1.797532654E1,5.498439856E1
1.230299408E1,-3.725959778E0,-5.173569107E1,-1.773910522E1,5.481916053E1
1.231298308E1,-3.725959778E0,-5.173569107E1,-1.773910522E1,5.481916053E1
1.232297208E1,-3.817898750E0,-5.153962708E1,-1.724573517E1,5.448233559E1
1.233296108E1,-4.102632523E0,-5.135889053E1,-1.703317261E1,5.426505505E1
1.234295008E1,-4.164098740E0,-5.146717453E1,-1.653823853E1,5.421921344E1
1.235293908E1,-5.673034668E0,-5.010907745E1,1.138206482E0,5.044203088E1
1.236292808E1,-6.010037422E0,-5.000107574E1,1.471115112E0,5.038246029E1
1.237291708E1,-6.009104729E0,-4.997939682E1,1.648849487E0,5.036633946E1
1.238290608E1,-6.219114304E0,-4.994365692E1,1.945579529E0,5.036696863E1
1.239289408E1,-6.418882370E0,-4.977106476E1,1.980667114E0,5.022234543E1
1.240288308E1,-6.536267281E0,-4.953154755E1,2.213851929E0,5.000998033E1
1.241287208E1,-6.990882874E0,-4.981995392E1,3.431762695E0,5.042496650E1
1.242286108E1,-6.940306664E0,-4.984885406E1,3.949684143E0,5.048441456E1
1.243285008E1,-7.167778015E0,-4.971017075E1,3.848846436E0,5.037153696E1
1.244283908E1,-7.351000786E0,-4.973214722E1,3.887863159E0,5.042260564E1
1.245282808E1,-7.419980049E0,-4.964464569E1,4.210372925E0,5.037235541E1
1.246281708E1,-7.613296509E0,-4.963198853E1,4.606239319E0,5.042334786E1
1.247280608E1,-7.777564049E0,-4.968988800E1,4.471542358E0,5.049326849E1
1.248279508E1,-7.774877548E0,-4.967652130E1,4.606964111E0,5.049187665E1
1.249278408E1,-7.683271408E0,-4.919893646E1,2.818893433E0,4.987498540E1
1.250277308E1,-7.967403412E0,-4.904015350E1,2.792488098E0,4.976157315E1
1.251276108E1,-8.127510071E0,-4.899814224E1,3.033912659E0,4.976021492E1
1.252275008E1,-8.166801453E0,-4.902324295E1,3.141975403E0,4.979806226E1
1.253273908E1,-8.259897232E0,-4.909817505E1,3.285110474E0,4.989637909E1
1.254272754E1,-8.455568314E0,-4.913273239E1,3.305107117E0,4.996444497E1
1.255271654E1,-8.595880508E0,-4.902361679E1,3.591178894E0,4.990090912E1
1.256270554E1,-8.868902206E0,-4.899976349E1,3.749893188E0,4.993691968E1
1.257269454E1,-8.452607155E0,-4.943034744E1,3.892410278E0,5.029867467E1
1.258268354E1,-8.501566887E0,-4.928754425E1,4.102050781E0,5.018331873E1
1.259267254E1,-8.481060982E0,-4.947051620E1,3.919883728E0,5.034506786E1
1.260266154E1,-8.593062401E0,-4.946684265E1,4.128166199E0,5.037708804E1
1.261265054E1,-8.985299110E0,-4.943457794E1,3.988960266E0,5.040262791E1
1.262263854E1,-8.994780540E0,-4.939236450E1,4.294944763E0,5.038807695E1
1.263262754E1,-8.974490166E0,-4.939913559E1,4.294471741E0,5.039105633E1
1.264261654E1,-9.059874535E0,-4.933776093E1,4.192565918E0,5.033759618E1
1.265260554E1,-9.106751442E0,-4.936612701E1,4.331100464E0,5.038557184E1
1.266259454E1,-9.134272575E0,-4.946704102E1,4.355346680E0,5.049150549E1
1.267258354E1,-9.357291222E0,-4.952872849E1,4.239624023E0,5.058288501E1
1.268257254E1,-9.351786613E0,-4.936756897E1,4.248725891E0,5.042483962E1
1.269256154E1,-9.536120415E0,-4.942091751E1,4.166938782E0,5.050473304E1
1.270255054E1,-9.543317795E0,-4.925299454E1,3.571266174E0,5.029598719E1
1.271253954E1,-9.746515274E0,-4.928850555E1,3.694450378E0,5.037856988E1
1.272252854E1,-9.800493240E0,-4.931400299E1,3.822570801E0,5.042353227E1
1.273251754E1,-9.972991943E0,-4.929748535E1,3.632705688E0,5.042716709E1
1.274250554E1,-9.945859909E0,-4.921721268E1,3.889366150E0,5.036249916E1
1.275249454E1,-1.013742065E1,-4.925935745E1,4.133132935E0,5.046121661E1
1.276248354E1,-1.017137527E1,-4.911771011E1,4.170974731E0,5.033292513E1
1.277247254E1,-1.033100319E1,-4.914013290E1,4.139320374E0,5.038468281E1
1.278246154E1,-1.032823944E1,-4.904485321E1,4.352813721E0,5.030921530E1
1.279245054E1,-1.065099335E1,-4.913150024E1,4.444984436E0,5.046886032E1
1.280243954E1,-1.009528446E1,-4.928607178E1,5.462150574E0,5.060500695E1
1.281242854E1,-1.028000355E1,-4.931040955E1,5.657539368E0,5.068730328E1
1.282241754E1,-1.037994099E1,-4.918633270E1,5.854057312E0,5.060937153E1
1.283240654E1,-1.077690792E1,-4.921449280E1,6.138504028E0,5.075321938E1
1.284239554E1,-1.082042980E1,-4.905544281E1,6.309982300E0,5.062937929E1
1.285238454E1,-1.096565342E1,-4.914300537E1,6.478538513E0,5.076664252E1
1.286237254E1,-1.045411587E1,-4.938273621E1,6.237319946E0,5.086105911E1
1.287236154E1,-1.061371517E1,-4.936373901E1,6.251235962E0,5.087737837E1
1.288235054E1,-1.060255146E1,-4.944802856E1,6.201889038E0,5.095081014E1
1.289233954E1,-1.071351147E1,-4.953319550E1,6.320617676E0,5.107119532E1
1.290232854E1,-1.052990437E1,-4.952938843E1,6.226661682E0,5.101774711E1
1.291231754E1,-1.078625393E1,-4.958434296E1,6.122421265E0,5.111197885E1
1.292230654E1,-1.067172146E1,-4.940988159E1,6.094436646E0,5.091526486E1
1.293229554E1,-1.065369701E1,-4.946588898E1,5.980018616E0,5.095229195E1
1.294228454E1,-1.061011028E1,-4.956016541E1,5.958709717E0,5.103225114E1
1.295227354E1,-1.080233479E1,-4.968209076E1,5.841629028E0,5.117738962E1
1.296226254E1,-1.063748074E1,-4.949063110E1,5.645454407E0,5.093475944E1
1.297225054E1,-1.065860081E1,-4.976530457E1,5.680351257E0,5.120993751E1
1.298223954E1,-1.064053059E1,-4.953074646E1,5.742172241E0,5.098517704E1
1.299222854E1,-1.082420254E1,-4.969521332E1,5.895515442E0,5.120092469E1
1.300221754E1,-1.082863140E1,-4.958826447E1,5.808731079E0,5.108812570E1
1.301220654E1,-1.094295979E1,-4.958643341E1,5.907440186E0,5.112201675E1
1.302219554E1,-1.088384914E1,-4.939537048E1,6.030448914E0,5.093846397E1
1.303218454E1,-1.105237865E1,-4.949968719E1,6.128181458E0,5.108746142E1
1.304217354E1,-1.104749966E1,-4.948306274E1,6.074737549E0,5.106391273E1
1.305216254E1,-1.103197384E1,-4.953561401E1,6.115577698E0,5.111635544E1
1.306215154E1,-1.096951580E1,-4.939006805E1,6.400016785E0,5.099675788E1
1.307214054E1,-1.100777149E1,-4.953723907E1,6.422599792E0,5.115035558E1
1.308212954E1,-1.098674107E1,-4.945390320E1,6.459083557E0,5.106972470E1
1.309211754E1,-1.106543064E1,-4.951395416E1,6.364204407E0,5.113294936E1
1.310210654E1,-1.100999546E1,-4.945497131E1,6.186264038E0,5.104198321E1
1.311209554E1,-1.104151630E1,-4.953090668E1,6.274528503E0,5.113311556E1
1.312208454E1,-1.111913776E1,-4.935329437E1,6.339248657E0,5.098596830E1
1.313207354E1,-1.131227398E1,-4.933827209E1,6.395446777E0,5.102092096E1
1.314206254E1,-1.131227398E1,-4.933827209E1,6.395446777E0,5.102092096E1
1.315205154E1,-1.133590221E1,-4.909304810E1,6.417877197E0,5.079192060E1
1.316204054E1,-1.136718655E1,-4.942301941E1,6.622787476E0,5.114400347E1
1.317202954E1,-1.136724949E1,-4.917292023E1,6.694717407E0,5.091178337E1
1.318201854E1,-1.126257229E1,-4.934455109E1,6.832977295E0,5.107269168E1
1.319200754E1,-1.129681301E1,-4.926199341E1,6.984703064E0,5.102105502E1
1.320199654E1,-1.138232708E1,-4.926811218E1,6.949478149E0,5.104115491E1
1.321198454E1,-1.130620480E1,-4.927766418E1,7.049629211E0,5.104719117E1
1.322197354E1,-1.134217548E1,-4.923348236E1,7.166946411E0,5.102887272E1
1.323196254E1,-1.162080479E1,-4.910651398E1,7.191360474E0,5.097262485E1
1.324195154E1,-1.163463116E1,-4.904492188E1,7.274459839E0,5.092825120E1
1.325194054E1,-1.161042500E1,-4.905012512E1,7.130836487E0,5.090742158E1
1.326192954E1,-1.126183414E1,-4.910052109E1,6.978492737E0,5.085655750E1
1.327191854E1,-1.113611889E1,-4.892474747E1,7.012588501E0,5.066379828E1
1.328190754E1,-1.127535534E1,-4.908958817E1,7.028839111E0,5.085593263E1
1.329189654E1,-1.138702869E1,-4.900245667E1,6.825942993E0,5.076907208E1
1.330188554E1,-1.148182964E1,-4.905016327E1,6.873382568E0,5.084283938E1
1.331187454E1,-1.142472553E1,-4.907094574E1,6.924674988E0,5.085698765E1
1.332186354E1,-1.162677097E1,-4.890830612E1,6.956466675E0,5.075033635E1
1.333185154E1,-1.164282703E1,-4.897957230E1,6.722686768E0,5.079122406E1
1.334184054E1,-1.156250286E1,-4.906784821E1,6.848419189E0,5.087480757E1
1.335182954E1,-1.147441959E1,-4.910082245E1,6.769172668E0,5.087607265E1
1.336181854E1,-1.143391514E1,-4.921029663E1,6.926902771E0,5.099382013E1
1.337180754E1,-1.147244740E1,-4.908953476E1,6.810432434E0,5.087024142E1
1.338179654E1,-1.156952953E1,-4.909214783E1,6.738471985E0,5.088516480E1
1.339178554E1,-1.150615406E1,-4.903095627E1,6.693557739E0,5.080580645E1
1.340177454E1,-1.150348568E1,-4.900389099E1,6.816764832E0,5.079547025E1
1.341176354E1,-1.148701954E1,-4.913755035E1,6.455329895E0,5.087358604E1
1.342175254E1,-1.143330860E1,-4.914398956E1,6.660293579E0,5.089412310E1
1.343174154E1,-1.139517498E1,-4.897686386E1,6.668296814E0,5.072523424E1
1.344173054E1,-1.133813572E1,-4.919694519E1,6.791038513E0,5.094124990E1
1.345171854E1,-1.128460217E1,-4.924623489E1,6.607009888E0,5.095278674E1
1.346170754E1,-1.148549175E1,-4.911602783E1,6.519645691E0,5.086065759E1
1.347169654E1,-1.145876598E1,-4.917913437E1,6.533317566E0,5.091733313E1
1.348168554E1,-1.144762325E1,-4.923947144E1,6.261894226E0,5.093903164E1
1.349167454E1,-1.155276012E1,-4.921782684E1,6.217658997E0,5.093643126E1
1.350166354E1,-1.147341442E1,-4.920883942E1,6.562263489E0,5.095304130E1
1.351165254E1,-1.166813755E1,-4.928093719E1,6.419250488E0,5.104863349E1
1.352164154E1,-1.186400127E1,-4.935212708E1,6.487594604E0,5.117104510E1
1.353163054E1,-1.195282269E1,-4.923133469E1,6.181106567E0,5.103724487E1
1.354161917E1,-1.222698689E1,-4.924614334E1,6.370681763E0,5.113968545E1
1.355160817E1,-1.246827602E1,-4.924368668E1,6.230178833E0,5.117825430E1
1.356159717E1,-1.259887409E1,-4.924936295E1,5.963645935E0,5.118394721E1
1.357158517E1,-1.281523037E1,-4.932066727E1,5.830543518E0,5.129087235E1
1.358157417E1,-1.292791653E1,-4.930117035E1,5.708877563E0,5.128672057E1
1.359156317E1,-1.290042114E1,-4.913299561E1,6.574401855E0,5.122201560E1
1.360155217E1,-1.312872314E1,-4.906480789E1,6.651351929E0,5.122459592E1
1.361154117E1,-1.356783485E1,-4.917863083E1,6.530876160E0,5.143224880E1
1.362153017E1,-1.399658966E1,-4.911811829E1,6.842254639E0,5.152970517E1
1.363151917E1,-1.434310532E1,-4.904550934E1,6.824066162E0,5.155341439E1
1.364150817E1,-1.446699715E1,-4.895566940E1,6.852020264E0,5.150632733E1
1.365149717E1,-1.414978600E1,-4.868006897E1,6.971923828E0,5.117199703E1
1.366148617E1,-1.458554459E1,-4.859790802E1,7.053543091E0,5.122740717E1
1.367147517E1,-1.486796761E1,-4.855404663E1,7.039505005E0,5.126506155E1
1.368146417E1,-1.527509499E1,-4.837689590E1,7.028808594E0,5.121578599E1
1.369145217E1,-1.548896027E1,-4.802559662E1,6.974754333E0,5.094127029E1
1.370144117E1,-1.569758797E1,-4.806901169E1,7.072608948E0,5.105943546E1
1.371143017E1,-1.613069725E1,-4.801912689E1,7.002517700E0,5.113776682E1
1.372141917E1,-1.646290588E1,-4.800908661E1,6.991119385E0,5.123256208E1
1.373140817E1,-1.626757431E1,-4.762102509E1,7.303306580E0,5.085011594E1
1.374139717E1,-1.657716751E1,-4.754351044E1,7.504508972E0,5.090683178E1
1.375138617E1,-1.674739075E1,-4.763602448E1,7.395240784E0,5.103288656E1
1.376137517E1,-1.703351212E1,-4.747087860E1,7.510719299E0,5.099054574E1
1.377136417E1,-1.729415131E1,-4.740454102E1,7.361183167E0,5.099475655E1
1.378135317E1,-1.747176361E1,-4.719596863E1,7.446861267E0,5.087413607E1
1.379134217E1,-1.772730637E1,-4.673258591E1,7.434913635E0,5.053187031E1
1.380133117E1,-1.781529999E1,-4.654145432E1,7.482536316E0,5.039325583E1
1.381131917E1,-1.826889420E1,-4.641308975E1,7.516624451E0,5.044231397E1
1.382130817E1,-1.856127548E1,-4.625934982E1,7.524955750E0,5.040906022E1
1.383129717E1,-1.887299347E1,-4.619334793E1,7.443748474E0,5.045220180E1
1.384128617E1,-1.908277893E1,-4.608493423E1,7.372657776E0,5.042152019E1
1.385127517E1,-1.925493240E1,-4.618052673E1,7.325134277E0,5.056729243E1
1.386126417E1,-1.931389618E1,-4.605493164E1,7.554870605E0,5.050900300E1
1.387125317E1,-1.911993408E1,-4.593576431E1,7.827651978E0,5.036803012E1
1.388124217E1,-1.902992630E1,-4.586390686E1,7.592620850E0,5.023229976E1
1.389123117E1,-1.951638985E1,-4.574822617E1,7.394157410E0,5.028382676E1
1.390122017E1,-1.964631653E1,-4.568756485E1,7.297401428E0,5.026513108E1
1.391120917E1,-1.982346725E1,-4.580078888E1,7.390914917E0,5.045104299E1
1.392119817E1,-1.979402542E1,-4.569963074E1,7.359062195E0,5.034297854E1
1.393118617E1,-1.999136734E1,-4.575357056E1,7.388336182E0,5.047406758E1
1.394117517E1,-2.030978012E1,-4.566316986E1,7.379440308E0,5.051800065E1
1.395116417E1,-2.038875580E1,-4.565379333E1,7.167594910E0,5.051083672E1
1.396115317E1,-2.029101562E1,-4.566923523E1,7.233108521E0,5.049477419E1
1.397114217E1,-2.024125290E1,-4.527931213E1,7.529472351E0,5.016589858E1
1.398113117E1,-2.024125290E1,-4.527931213E1,7.529472351E0,5.016589858E1
1.399112017E1,-2.038906479E1,-4.512208939E1,7.321464539E0,5.005317928E1
1.400110917E1,-2.062473679E1,-4.516021729E1,7.263580322E0,5.017553778E1
1.401109817E1,-2.061438751E1,-4.520848846E1,7.136444092E0,5.019650621E1
1.402108717E1,-2.093245697E1,-4.516153336E1,7.054756165E0,5.027426215E1
1.403107617E1,-2.093656158E1,-4.527474213E1,6.861015320E0,5.035092270E1
1.404106517E1,-2.129072189E1,-4.519721222E1,6.696968079E0,5.040766026E1
1.405105417E1,-2.110843468E1,-4.480620193E1,7.110488892E0,5.003719415E1
1.406104317E1,-2.155196953E1,-4.467846298E1,6.937377930E0,5.008771963E1
1.407103117E1,-2.161845970E1,-4.483382416E1,6.666610718E0,5.021825651E1
1.408102017E1,-2.201396370E1,-4.485971451E1,6.522895813E0,5.039401505E1
1.409100917E1,-2.214917564E1,-4.490541840E1,6.178215027E0,5.045049974E1
1.410099817E1,-2.234788322E1,-4.484994125E1,5.812133789E0,5.044527742E1
1.411098717E1,-2.251307678E1,-4.478585052E1,5.809036255E0,5.046143018E1
1.412097617E1,-2.282360077E1,-4.482309723E1,5.495445251E0,5.059868295E1
1.413096517E1,-2.288046646E1,-4.481872177E1,5.129493713E0,5.058206473E1
1.414095417E1,-2.318635941E1,-4.484850693E1,4.752136230E0,5.071073491E1
1.415094317E1,-2.334473419E1,-4.478765869E1,4.500411987E0,5.070665335E1
1.416093217E1,-2.374654388E1,-4.477630234E1,4.285156250E0,5.086431128E1
1.417092117E1,-2.352809143E1,-4.430952454E1,5.190338135E0,5.043654093E1
1.418091017E1,-2.393050385E1,-4.423725891E1,4.943840027E0,5.053756667E1
1.419089817E1,-2.392682648E1,-4.431049347E1,4.603393555E0,5.056781673E1
1.420088717E1,-2.407612610E1,-4.431360626E1,4.196960449E0,5.060602755E1
1.421087617E1,-2.419069672E1,-4.431773376E1,4.021156311E0,5.064998551E1
1.422086517E1,-2.427016449E1,-4.432441711E1,3.792480469E0,5.067620492E1
1.423085417E1,-2.441816711E1,-4.402060699E1,3.742050171E0,5.047834848E1
1.424084317E1,-2.463644791E1,-4.402057266E1,3.435760498E0,5.056253389E1
1.425083217E1,-2.489965439E1,-4.390327072E1,3.072578430E0,5.056610235E1
1.426082117E1,-2.512912369E1,-4.391856003E1,3.036750793E0,5.069057731E1
1.427081017E1,-2.526596832E1,-4.379064560E1,2.810966492E0,5.063488254E1
1.428079917E1,-2.545020676E1,-4.380929947E1,2.702934265E0,5.073729986E1
1.429078817E1,-2.558306122E1,-4.377334595E1,2.621696472E0,5.076881059E1
1.430077717E1,-2.569146347E1,-4.372388077E1,2.473602295E0,5.077349459E1
1.431076617E1,-2.561492157E1,-4.378561783E1,2.768302917E0,5.080322860E1
1.432075417E1,-2.585533524E1,-4.356981659E1,2.859123230E0,5.074447619E1
1.433074317E1,-2.582356262E1,-4.346534348E1,2.853454590E0,5.063827281E1
1.434073217E1,-2.615303421E1,-4.351752472E1,2.885574341E0,5.085354162E1
1.435072117E1,-2.630472565E1,-4.350011826E1,2.963615417E0,5.092133046E1
1.436071017E1,-2.611468887E1,-4.360907364E1,3.244331360E0,5.093381946E1
1.437069917E1,-2.615033340E1,-4.348760986E1,3.399337769E0,5.085830951E1
1.438068817E1,-2.615282440E1,-4.347985840E1,3.543106079E0,5.086277530E1
1.439067717E1,-2.605824661E1,-4.351486588E1,3.576416016E0,5.084649959E1
1.440066617E1,-2.590407181E1,-4.342408752E1,3.490722656E0,5.068389743E1
1.441065517E1,-2.581664658E1,-4.341949081E1,3.499328613E0,5.063592325E1
1.442064417E1,-2.585804749E1,-4.343794250E1,3.662055969E0,5.068435777E1
1.443063317E1,-2.564545441E1,-4.340519333E1,3.746315002E0,5.055427792E1
1.444062117E1,-2.574924469E1,-4.354020691E1,3.621154785E0,5.071376521E1
1.445061017E1,-2.568016815E1,-4.360836792E1,3.808067322E0,5.075098192E1
1.446059917E1,-2.581157303E1,-4.354456329E1,3.835037231E0,5.076488752E1
1.447058817E1,-2.571401978E1,-4.359548187E1,3.822830200E0,5.075816076E1
1.448057717E1,-2.567110443E1,-4.349061584E1,4.028709412E0,5.066231113E1
1.449056617E1,-2.572373962E1,-4.361928177E1,3.852882385E0,5.078579747E1
1.450055517E1,-2.565802002E1,-4.364565277E1,4.085258484E0,5.079336900E1
1.451054417E1,-2.573744965E1,-4.355025101E1,4.038421631E0,5.074790169E1
1.452053317E1,-2.563224030E1,-4.365364456E1,4.133384705E0,5.079111433E1
1.453052217E1,-2.567336273E1,-4.361999893E1,4.051513672E0,5.077637860E1
1.454051192E1,-2.569614410E1,-4.349941635E1,4.053443909E0,5.068452873E1
1.455050092E1,-2.573492813E1,-4.353953552E1,4.223884583E0,5.075252585E1
1.456048992E1,-2.585182953E1,-4.336846924E1,4.426071167E0,5.068265305E1
1.457047792E1,-2.600909805E1,-4.329945755E1,4.342544556E0,5.069688254E1
1.458046692E1,-2.612410736E1,-4.332090759E1,4.913154602E0,5.082626396E1
1.459045592E1,-2.639156723E1,-4.316169739E1,4.963394165E0,5.083386887E1
1.460044492E1,-2.636300659E1,-4.316672516E1,5.063919067E0,5.083323277E1
1.461043392E1,-2.668736649E1,-4.287386322E1,5.032524109E0,5.075145295E1
1.462042292E1,-2.687392044E1,-4.278552246E1,5.308242798E0,5.080340514E1
1.463041192E1,-2.712363434E1,-4.265560913E1,5.687278748E0,5.086784514E1
1.464040092E1,-2.703644562E1,-4.216511917E1,5.860847473E0,5.043031032E1
1.465038992E1,-2.741538239E1,-4.206763840E1,6.136474609E0,5.058602289E1
1.466037892E1,-2.760594177E1,-4.177321625E1,6.291587830E0,5.046457861E1
1.467036792E1,-2.810788727E1,-4.148166656E1,6.693321228E0,5.055276982E1
1.468035692E1,-2.812646484E1,-4.125535583E1,6.946670532E0,5.041188988E1
1.469034592E1,-2.845814133E1,-4.117123032E1,6.794876099E0,5.050847805E1
1.470033392E1,-2.840534973E1,-4.092076874E1,7.211990356E0,5.033275288E1
1.471032292E1,-2.883925629E1,-4.068600845E1,7.480590820E0,5.042829787E1
1.472031192E1,-2.910594368E1,-4.033122635E1,7.400230408E0,5.028446267E1
1.473030092E1,-2.920011711E1,-4.009995651E1,7.545928955E0,5.017563548E1
1.474028992E1,-2.935462761E1,-4.000458527E1,7.550422668E0,5.019033659E1
1.475027892E1,-2.979379463E1,-3.989202499E1,7.386360168E0,5.033490015E1
1.476026792E1,-2.978206444E1,-3.976530457E1,7.546646118E0,5.025139478E1
1.477025692E1,-3.002590752E1,-3.978750610E1,7.533142090E0,5.041179419E1
1.478024592E1,-2.994013405E1,-3.955533218E1,7.717666626E0,5.020556054E1
1.479023492E1,-3.025914192E1,-3.942016602E1,7.500984192E0,5.025763546E1
1.480022392E1,-3.033089066E1,-3.941660309E1,7.577072144E0,5.030947773E1
1.481021292E1,-3.037075806E1,-3.936154175E1,7.696258545E0,5.030851130E1
1.482020192E1,-3.044844055E1,-3.919764328E1,7.770721436E0,5.023889810E1
1.483018992E1,-3.054485703E1,-3.915586472E1,7.944366455E0,5.029197740E1
1.484017892E1,-3.070064545E1,-3.922727585E1,7.852043152E0,5.042780367E1
1.485016792E1,-3.066970825E1,-3.910325623E1,8.018371582E0,5.033875182E1
1.486015692E1,-3.074507904E1,-3.911547852E1,8.097007751E0,5.040676620E1
1.487014592E1,-3.044710541E1,-3.917672348E1,8.264274597E0,5.030049826E1
1.488013492E1,-3.051942825E1,-3.942103195E1,7.910140991E0,5.047795154E1
1.489012392E1,-3.043175507E1,-3.925504684E1,7.966651917E0,5.030425391E1
1.490011292E1,-3.044874954E1,-3.929473877E1,7.890800476E0,5.033356311E1
1.491010192E1,-3.036431885E1,-3.929684448E1,8.111907959E0,5.031934912E1
1.492009092E1,-3.053622818E1,-3.934281158E1,7.754814148E0,5.040292846E1
1.493007992E1,-3.053474808E1,-3.936185455E1,7.457687378E0,5.037205113E1
1.494006892E1,-3.055127716E1,-3.952633286E1,7.275955200E0,5.048416632E1
1.495005792E1,-3.030465317E1,-3.956836319E1,7.009025574E0,5.033044614E1
1.496004592E1,-3.029614639E1,-3.972785568E1,6.842910767E0,5.042801237E1
1.497003492E1,-2.994680023E1,-3.988109589E1,6.637557983E0,5.031272035E1
1.498002392E1,-2.986432648E1,-4.022624207E1,6.281944275E0,5.049248826E1
1.499001292E1,-2.963789368E1,-4.032886124E1,6.128959656E0,5.042207787E1
1.500000192E1,-2.976963043E1,-4.030933762E1,5.937652588E0,5.046116639E1
1.500999092E1,-2.950638962E1,-4.047404861E1,5.927642822E0,5.043721433E1
1.501997992E1,-2.951995087E1,-4.059872437E1,5.793891907E0,5.052972494E1
1.502996892E1,-2.953935623E1,-4.051996231E1,5.697959900E0,5.046689667E1
1.503995792E1,-2.964417267E1,-4.050445557E1,5.787643433E0,5.052607951E1
1.504994692E1,-2.965146255E1,-4.033551788E1,5.780784607E0,5.039425270E1
1.505993592E1,-2.987940979E1,-4.030277252E1,5.819206238E0,5.050698727E1
1.506992492E1,-2.965634537E1,-4.026442719E1,5.809257507E0,5.034352381E1
1.507991392E1,-2.977556992E1,-4.030038834E1,5.839736938E0,5.044609392E1
1.508990192E1,-2.962830734E1,-4.040184784E1,6.099624634E0,5.047129209E1
1.509989092E1,-2.957844925E1,-4.041955566E1,6.127403259E0,5.045958988E1
1.510987992E1,-2.956813431E1,-4.040017700E1,6.110557556E0,5.043597706E1
1.511986892E1,-2.950632858E1,-4.047939301E1,6.194618225E0,5.047353742E1
1.512985792E1,-2.950065613E1,-4.038698196E1,6.112472534E0,5.038610269E1
1.513984692E1,-2.966385269E1,-4.044162369E1,6.111961365E0,5.052549015E1
1.514983592E1,-2.935700607E1,-4.039151382E1,5.963027954E0,5.028783051E1
1.515982492E1,-2.961701965E1,-4.035122681E1,6.190864563E0,5.043526705E1
1.516981392E1,-2.960489655E1,-4.031068039E1,6.182266235E0,5.039465516E1
1.517980292E1,-2.963693237E1,-4.036825180E1,6.038200378E0,5.044207943E1
1.518979192E1,-2.951820374E1,-4.028541946E1,6.191291809E0,5.032466063E1
1.519978092E1,-2.951858902E1,-4.034764481E1,6.181495667E0,5.037350919E1
1.520976992E1,-2.950423431E1,-4.037169647E1,6.312896729E0,5.040065856E1
1.521975792E1,-2.940619659E1,-4.038792038E1,6.271812439E0,5.035120795E1
1.522974692E1,-2.940850830E1,-4.033259964E1,6.295211792E0,5.031111851E1
1.523973592E1,-2.947951889E1,-4.024833298E1,6.583023071E0,5.032202832E1
1.524972492E1,-2.931077576E1,-4.019737625E1,6.647590637E0,5.019104596E1
1.525971392E1,-2.936262894E1,-4.011280441E1,6.915069580E0,5.018983207E1
1.526970292E1,-2.928311539E1,-4.010773849E1,7.161880493E0,5.017393812E1
1.527969192E1,-2.906014633E1,-4.004233932E1,7.583999634E0,5.005395183E1
1.528968092E1,-2.889672852E1,-4.011885071E1,7.732650757E0,5.004335109E1
1.529966992E1,-2.895462036E1,-4.003406525E1,8.079040527E0,5.006363267E1
1.530965892E1,-2.883728600E1,-4.000762558E1,8.247993469E0,5.000228559E1
1.531964792E1,-2.884224129E1,-3.992670822E1,8.570030212E0,4.999462301E1
1.532963692E1,-2.871814156E1,-3.989780426E1,8.725479126E0,4.992695089E1
1.533962592E1,-2.855783272E1,-4.007297897E1,8.639190674E0,4.996027491E1
1.534961392E1,-2.848153114E1,-3.997530365E1,8.730270386E0,4.985418878E1
1.535960292E1,-2.838926506E1,-4.003225708E1,8.769363403E0,4.985412432E1
1.536959192E1,-2.842419243E1,-4.011544800E1,8.705230713E0,4.992959969E1
1.537958092E1,-2.844932747E1,-4.018512344E1,8.783050537E0,5.001350174E1
1.538956992E1,-2.838336372E1,-4.019336319E1,8.854591370E0,4.999525547E1
1.539955892E1,-2.849411964E1,-4.012052917E1,8.739761353E0,4.997954726E1
1.540954792E1,-2.834491539E1,-4.017776108E1,8.613372803E0,4.991870296E1
1.541953692E1,-2.846643257E1,-4.017858124E1,8.394989014E0,4.995129642E1
1.542952592E1,-2.845839119E1,-4.015243149E1,8.469078064E0,4.993819247E1
1.543951492E1,-2.839867210E1,-4.017488861E1,8.593605042E0,4.994353111E1
1.544950392E1,-2.847435188E1,-4.008163834E1,8.435165405E0,4.988465157E1
1.545949292E1,-2.851991844E1,-4.018791199E1,8.399612427E0,4.999007408E1
1.546948192E1,-2.841077995E1,-4.024105072E1,8.360534668E0,4.996411833E1
1.547946992E1,-2.827623558E1,-4.033351517E1,8.543922424E0,4.999336511E1
1.548945892E1,-2.845347786E1,-4.031494522E1,8.310798645E0,5.003963014E1
1.549944792E1,-2.840857124E1,-4.026323318E1,8.351455688E0,4.997921247E1
1.550943692E1,-2.826113319E1,-4.042228699E1,8.376235962E0,5.002813472E1
1.551942592E1,-2.825847816E1,-4.034076691E1,8.168800354E0,4.992642949E1
1.552941492E1,-2.821332741E1,-4.036797333E1,8.205375671E0,4.992888246E1
1.553940392E1,-2.815281868E1,-4.053663254E1,8.151237488E0,5.002241947E1
1.554939208E1,-2.820022774E1,-4.055750656E1,8.035850525E0,5.004736833E1
1.555938108E1,-2.817580223E1,-4.053421402E1,8.080841064E0,5.002197847E1
1.556937008E1,-2.830381584E1,-4.053722382E1,7.868041992E0,5.006274654E1
1.557935908E1,-2.810655785E1,-4.051070404E1,7.870323181E0,4.993032869E1
1.558934808E1,-2.831226921E1,-4.041940689E1,7.777496338E0,4.995800727E1
1.559933708E1,-2.828787804E1,-4.047575378E1,7.764617920E0,4.998779831E1
1.560932608E1,-2.828856468E1,-4.044088745E1,7.780738831E0,4.996246758E1
1.561931408E1,-2.813260841E1,-4.042524338E1,7.900917053E0,4.988054178E1
1.562930308E1,-2.813260841E1,-4.042524338E1,7.900917053E0,4.988054178E1
1.563929208E1,-2.809752083E1,-4.037050247E1,8.085807800E0,4.984604733E1
1.564928108E1,-2.820230675E1,-4.033271027E1,8.142906189E0,4.988391068E1
1.565927008E1,-2.827249718E1,-4.037024307E1,8.239562988E0,4.996980109E1
1.566925908E1,-2.813117790E1,-4.028635025E1,8.674819946E0,4.989594861E1
1.567924808E1,-2.823101997E1,-4.024055481E1,8.504280090E0,4.988602530E1
1.568923708E1,-2.803803825E1,-4.005241776E1,8.842308044E0,4.968414404E1
1.569922608E1,-2.823918343E1,-3.996288300E1,8.878158569E0,4.973233553E1
1.570921508E1,-2.797112083E1,-3.985554504E1,9.258201599E0,4.956372028E1
1.571920408E1,-2.785487175E1,-3.983459091E1,9.504821777E0,4.952807437E1
1.572919308E1,-2.785550499E1,-3.982402039E1,9.745452881E0,4.956667842E1
1.573918208E1,-2.806976891E1,-3.947008514E1,9.984893799E0,4.945197318E1
1.574917108E1,-2.808993721E1,-3.932985687E1,1.004067230E1,4.936291436E1
1.575915908E1,-2.830219460E1,-3.927121735E1,9.974983215E0,4.942411376E1
1.576914808E1,-2.822862434E1,-3.909652710E1,1.010029602E1,4.926874916E1
1.577913708E1,-2.839227486E1,-3.914002228E1,1.000304413E1,4.937735825E1
1.578912608E1,-2.843848991E1,-3.904127502E1,1.024510193E1,4.937540863E1
1.579911508E1,-2.847218895E1,-3.893511200E1,1.032720184E1,4.932808113E1
1.580910408E1,-2.837010765E1,-3.891675186E1,1.057212830E1,4.930665757E1
1.581909308E1,-2.853175545E1,-3.892153549E1,1.078797150E1,4.945025099E1
1.582908208E1,-2.856617928E1,-3.865009308E1,1.144869995E1,4.940575902E1
1.583907108E1,-2.863496208E1,-3.869112778E1,1.164443970E1,4.952330157E1
1.584906008E1,-2.860095024E1,-3.849356842E1,1.193241119E1,4.941813029E1
1.585904908E1,-2.885195351E1,-3.842863083E1,1.181468964E1,4.948516727E1
1.586903808E1,-2.874233055E1,-3.830887222E1,1.211645508E1,4.940141435E1
1.587902708E1,-2.885369301E1,-3.832539368E1,1.225585938E1,4.951340717E1
1.588901508E1,-2.870217323E1,-3.800069427E1,1.244437408E1,4.922123485E1
1.589900408E1,-2.872465324E1,-3.797112656E1,1.246031952E1,4.921556378E1
1.590899308E1,-2.863987160E1,-3.789253235E1,1.263176727E1,4.914924005E1
1.591898208E1,-2.867809486E1,-3.781626129E1,1.275238800E1,4.914393292E1
1.592897108E1,-2.843849182E1,-3.743243027E1,1.327375031E1,4.884799996E1
1.593896008E1,-2.853722763E1,-3.760553360E1,1.334925842E1,4.905866099E1
1.594894908E1,-2.838571548E1,-3.748090744E1,1.364546967E1,4.895677796E1
1.595893808E1,-2.850789642E1,-3.747182083E1,1.358941650E1,4.900520131E1
1.596892708E1,-2.849888611E1,-3.745236969E1,1.390095520E1,4.907242668E1
1.597891608E1,-2.866267014E1,-3.736888504E1,1.404504395E1,4.914514714E1
1.598890508E1,-2.848173904E1,-3.724781799E1,1.409097290E1,4.896085091E1
1.599889408E1,-2.856891251E1,-3.721383286E1,1.402404022E1,4.896657862E1
1.600888308E1,-2.840199280E1,-3.704938126E1,1.416117859E1,4.878389924E1
1.601887208E1,-2.842412949E1,-3.711903763E1,1.437253571E1,4.891138798E1
1.602886108E1,-2.824492264E1,-3.709352875E1,1.448229980E1,4.882051349E1
1.603884908E1,-2.831151962E1,-3.713645172E1,1.469193268E1,4.895417322E1
1.604883808E1,-2.818923950E1,-3.709270096E1,1.462059784E1,4.882892144E1
1.605882708E1,-2.829427338E1,-3.702972031E1,1.465744019E1,4.885290825E1
1.606881608E1,-2.816739273E1,-3.689946747E1,1.483204651E1,4.873358510E1
1.607880508E1,-2.826118088E1,-3.690598297E1,1.481655884E1,4.878807579E1
1.608879408E1,-2.818175507E1,-3.693635559E1,1.499697876E1,4.882023202E1
1.609878308E1,-2.814957809E1,-3.690148163E1,1.504236603E1,4.878924952E1
1.610877208E1,-2.817814636E1,-3.690187073E1,1.475157166E1,4.871719267E1
1.611876108E1,-2.820421219E1,-3.694218445E1,1.486695099E1,4.879783611E1
1.612875008E1,-2.813616562E1,-3.691142273E1,1.484610748E1,4.872888108E1
1.613873908E1,-2.817949295E1,-3.691329193E1,1.492272949E1,4.877871257E1
1.614872808E1,-2.822394943E1,-3.675644684E1,1.504472351E1,4.872341748E1
1.615871708E1,-2.831109238E1,-3.670161438E1,1.512761688E1,4.875829409E1
1.616870508E1,-2.837604141E1,-3.670769501E1,1.499765778E1,4.876047926E1
1.617869408E1,-2.832786179E1,-3.670326996E1,1.517061615E1,4.878263393E1
1.618868308E1,-2.846096039E1,-3.662207031E1,1.515248108E1,4.879344201E1
1.619867208E1,-2.832424164E1,-3.660604858E1,1.536027527E1,4.876682800E1
1.620866108E1,-2.845512772E1,-3.656193542E1,1.520397186E1,4.876094929E1
1.621865008E1,-2.849750900E1,-3.641136169E1,1.533161926E1,4.871297393E1
1.622863908E1,-2.852025604E1,-3.650009155E1,1.521654510E1,4.875658861E1
1.623862808E1,-2.866084671E1,-3.637216949E1,1.520092010E1,4.873855578E1
1.624861708E1,-2.867820740E1,-3.614524078E1,1.526927948E1,4.860112043E1
1.625860608E1,-2.879190445E1,-3.611869049E1,1.543501282E1,4.870085405E1
1.626859508E1,-2.886972046E1,-3.620159149E1,1.522061157E1,4.874097868E1
1.627858408E1,-2.867544556E1,-3.570552444E1,1.551850891E1,4.835276386E1
1.628857308E1,-2.869541931E1,-3.561069870E1,1.562019348E1,4.832741867E1
1.629856208E1,-2.895266342E1,-3.560953522E1,1.571620178E1,4.851076907E1
1.630855008E1,-2.894398499E1,-3.548071289E1,1.586145782E1,4.845844713E1
1.631853908E1,-2.900822449E1,-3.525293350E1,1.616835785E1,4.843203696E1
1.632852808E1,-2.905223465E1,-3.518929291E1,1.605914307E1,4.837576614E1
1.633851708E1,-2.907765198E1,-3.519518661E1,1.626413727E1,4.846373042E1
1.634850608E1,-2.892050171E1,-3.533794022E1,1.615274048E1,4.843631347E1
1.635849508E1,-2.880591202E1,-3.525152969E1,1.638310242E1,4.838240339E1
1.636848408E1,-2.882541275E1,-3.531800842E1,1.633591461E1,4.842652419E1
1.637847308E1,-2.882419586E1,-3.530484772E1,1.651332855E1,4.847635052E1
1.638846208E1,-2.862705612E1,-3.531353378E1,1.650577545E1,4.836315368E1
1.639845108E1,-2.859120941E1,-3.529996109E1,1.655387878E1,4.834847889E1
1.640844008E1,-2.861266327E1,-3.523690033E1,1.643869781E1,4.827581620E1
1.641842908E1,-2.855931854E1,-3.531078720E1,1.676074219E1,4.840876829E1
1.642841808E1,-2.860963440E1,-3.524178314E1,1.681384277E1,4.840660873E1
1.643840708E1,-2.862071228E1,-3.518760300E1,1.684008789E1,4.838285994E1
1.644839608E1,-2.874430084E1,-3.493216324E1,1.706351471E1,4.834929569E1
1.645838408E1,-2.883129883E1,-3.510931778E1,1.728615570E1,4.860780972E1
1.646837308E1,-2.883275223E1,-3.514046097E1,1.727112579E1,4.862583042E1
1.647836208E1,-2.896017456E1,-3.506856918E1,1.725688934E1,4.864459358E1
1.648835108E1,-2.885359192E1,-3.484566879E1,1.745302582E1,4.849080851E1
1.649834008E1,-2.885385513E1,-3.486497498E1,1.730516815E1,4.845183465E1
1.650832908E1,-2.876149368E1,-3.482403183E1,1.739928436E1,4.840115503E1
1.651831808E1,-2.869093323E1,-3.492786026E1,1.742298126E1,4.844259848E1
1.652830708E1,-2.856720352E1,-3.499139023E1,1.757017517E1,4.846848009E1
1.653829608E1,-2.871072769E1,-3.488196182E1,1.768938446E1,4.851774384E1
1.654828554E1,-2.850760269E1,-3.494190216E1,1.750558472E1,4.837422283E1
1.655827454E1,-2.853195572E1,-3.502270126E1,1.770854187E1,4.852066113E1
1.656826354E1,-2.836096573E1,-3.499933624E1,1.775244141E1,4.841949081E1
1.657825254E1,-2.838964081E1,-3.508846283E1,1.765410614E1,4.846482634E1
1.658824154E1,-2.825361252E1,-3.507654953E1,1.790499115E1,4.846874927E1
1.659823054E1,-2.825139236E1,-3.518944931E1,1.787345123E1,4.853760163E1
1.660821854E1,-2.819152832E1,-3.523329163E1,1.784965515E1,4.852584154E1
1.661820754E1,-2.810595512E1,-3.537143326E1,1.764077759E1,4.850030967E1
1.662819654E1,-2.801758385E1,-3.533113480E1,1.768125153E1,4.843449954E1
1.663818554E1,-2.803436089E1,-3.520693588E1,1.765769196E1,4.834509085E1
1.664817454E1,-2.784708977E1,-3.543179321E1,1.768659210E1,4.841165065E1
1.665816354E1,-2.799444008E1,-3.561265564E1,1.780534363E1,4.867217047E1
1.666815254E1,-2.776257133E1,-3.555922699E1,1.773948669E1,4.847585357E1
1.667814154E1,-2.786120415E1,-3.570816422E1,1.764520264E1,4.860733344E1
1.668813054E1,-2.761937523E1,-3.563792419E1,1.759452820E1,4.839895610E1
1.669811954E1,-2.770223808E1,-3.587869263E1,1.743372345E1,4.856572138E1
1.670810854E1,-2.767235374E1,-3.572407150E1,1.732086945E1,4.839401786E1
1.671809754E1,-2.784967232E1,-3.571055603E1,1.729093170E1,4.847498715E1
1.672808654E1,-2.760908699E1,-3.590268326E1,1.733333588E1,4.849442114E1
1.673807554E1,-2.779775047E1,-3.589858246E1,1.713769531E1,4.852961729E1
1.674806354E1,-2.784869576E1,-3.590795898E1,1.706761169E1,4.854106244E1
1.675805254E1,-2.783874321E1,-3.612661362E1,1.697344208E1,4.866441791E1
1.676804154E1,-2.779665565E1,-3.603254700E1,1.704293060E1,4.859485561E1
1.677803054E1,-2.790144539E1,-3.624166107E1,1.682534790E1,4.873439221E1
1.678801954E1,-2.779442787E1,-3.588767624E1,1.680274963E1,4.840235451E1
1.679800854E1,-2.797374153E1,-3.606222153E1,1.669126129E1,4.859642209E1
1.680799754E1,-2.790413475E1,-3.594985962E1,1.660343933E1,4.844282548E1
1.681798654E1,-2.809216118E1,-3.595199203E1,1.681806183E1,4.862676685E1
1.682797554E1,-2.805830574E1,-3.587957382E1,1.663104248E1,4.848921440E1
1.683796454E1,-2.814070320E1,-3.597251129E1,1.661986542E1,4.860185873E1
1.684795354E1,-2.804036522E1,-3.593623734E1,1.651269531E1,4.848035006E1
1.685794254E1,-2.828976250E1,-3.596566010E1,1.652954865E1,4.865249579E1
1.686793154E1,-2.815816307E1,-3.581718063E1,1.670368958E1,4.852592937E1
1.687792054E1,-2.829693794E1,-3.588811111E1,1.669068146E1,4.865441464E1
1.688790954E1,-2.822692680E1,-3.589554596E1,1.660717773E1,4.859061606E1
1.689789754E1,-2.845326424E1,-3.594251633E1,1.682601929E1,4.883203509E1
1.690788654E1,-2.829577065E1,-3.585365677E1,1.675093079E1,4.864903927E1
1.691787554E1,-2.816144753E1,-3.583708954E1,1.707188416E1,4.867045656E1
1.692786454E1,-2.815547371E1,-3.569438553E1,1.708407593E1,4.856630013E1
1.693785354E1,-2.818703270E1,-3.567819977E1,1.705713654E1,4.856324390E1
1.694784254E1,-2.809914970E1,-3.556590652E1,1.694025421E1,4.838871908E1
1.695783154E1,-2.810817146E1,-3.562174606E1,1.712240601E1,4.849901940E1
1.696782054E1,-2.797063255E1,-3.550378418E1,1.716335297E1,4.834724047E1
1.697780954E1,-2.810775948E1,-3.558215714E1,1.725811768E1,4.851781812E1
1.698779854E1,-2.801951790E1,-3.553216553E1,1.736707306E1,4.846899418E1
1.699778754E1,-2.799699974E1,-3.538686752E1,1.775299072E1,4.848949440E1
1.700777654E1,-2.792934227E1,-3.528163528E1,1.788845062E1,4.842353368E1
1.701776554E1,-2.788108253E1,-3.535427475E1,1.793045807E1,4.846422219E1
1.702775454E1,-2.792858124E1,-3.517560577E1,1.808830261E1,4.842019809E1
1.703774354E1,-2.800861359E1,-3.522640610E1,1.806752777E1,4.849554290E1
1.704773154E1,-2.792202377E1,-3.505153656E1,1.809323120E1,4.832819717E1
1.705772054E1,-2.791146088E1,-3.509553528E1,1.812992096E1,4.836776074E1
1.706770954E1,-2.781232834E1,-3.500376892E1,1.822647858E1,4.828036835E1
1.707769854E1,-2.775491333E1,-3.498726654E1,1.821181488E1,4.822980650E1
1.708768754E1,-2.777483368E1,-3.496541977E1,1.816002655E1,4.820589725E1
1.709767654E1,-2.779257584E1,-3.497896194E1,1.852290344E1,4.836375711E1
1.710766554E1,-2.788941956E1,-3.497709656E1,1.844792175E1,4.838949084E1
1.711765454E1,-2.784653091E1,-3.506503677E1,1.836609650E1,4.839730972E1
1.712764354E1,-2.764023590E1,-3.509101868E1,1.838376617E1,4.830450384E1
1.713763254E1,-2.756388474E1,-3.507983398E1,1.834064484E1,4.823631150E1
1.714762154E1,-2.757031631E1,-3.513011551E1,1.850247192E1,4.833827495E1
1.715761054E1,-2.767718124E1,-3.503074646E1,1.831563568E1,4.825600553E1
1.716759954E1,-2.764200783E1,-3.484547043E1,1.840316772E1,4.813485212E1
1.717758854E1,-2.765658379E1,-3.481035233E1,1.857600403E1,4.818417978E1
1.718757754E1,-2.771758080E1,-3.485240173E1,1.870841217E1,4.830071301E1
1.719756554E1,-2.766967583E1,-3.479256439E1,1.875999451E1,4.825008696E1
1.720755454E1,-2.780212975E1,-3.478866577E1,1.867665863E1,4.829106814E1
1.721754354E1,-2.774576378E1,-3.479325485E1,1.882835388E1,4.832085368E1
1.722753254E1,-2.787858391E1,-3.460809326E1,1.881188965E1,4.825787762E1
1.723752154E1,-2.783883858E1,-3.459480286E1,1.889216614E1,4.825676387E1
1.724751054E1,-2.769021416E1,-3.463805771E1,1.884153748E1,4.818242975E1
1.725749954E1,-2.781599998E1,-3.456095505E1,1.907846832E1,4.829262286E1
1.726748854E1,-2.778123665E1,-3.458650589E1,1.919083405E1,4.833540742E1
1.727747754E1,-2.753918266E1,-3.471814346E1,1.943996429E1,4.839078713E1
1.728746654E1,-2.753918266E1,-3.471814346E1,1.943996429E1,4.839078713E1
1.729745554E1,-2.759590340E1,-3.458632278E1,1.932873535E1,4.828403068E1
1.730744454E1,-2.769798851E1,-3.446126175E1,1.929110718E1,4.823799275E1
1.731743354E1,-2.768235207E1,-3.445856857E1,1.958119965E1,4.834386149E1
1.732742254E1,-2.761075783E1,-3.450302505E1,1.949949646E1,4.830158432E1
1.733741054E1,-2.765194511E1,-3.446826172E1,1.929415894E1,4.821779447E1
1.734739954E1,-2.772799492E1,-3.432020187E1,1.946537781E1,4.822467099E1
1.735738854E1,-2.764049339E1,-3.446288300E1,1.937270355E1,4.823887252E1
1.736737754E1,-2.768589973E1,-3.442018890E1,1.940769196E1,4.824849174E1
1.737736654E1,-2.762131691E1,-3.434407043E1,1.949993896E1,4.819439741E1
1.738735554E1,-2.757364845E1,-3.425705338E1,1.945356750E1,4.808630869E1
1.739734454E1,-2.757717705E1,-3.423999405E1,1.953211975E1,4.810802000E1
1.740733354E1,-2.749814415E1,-3.412827301E1,1.968418884E1,4.804533527E1
1.741732254E1,-2.746700478E1,-3.400407028E1,1.979393005E1,4.798450598E1
1.742731154E1,-2.731315804E1,-3.398528671E1,2.019907379E1,4.805216849E1
1.743730054E1,-2.731438255E1,-3.398079681E1,2.026850891E1,4.807891950E1
1.744728954E1,-2.723398781E1,-3.385122299E1,2.054905701E1,4.806099389E1
1.745727854E1,-2.732085609E1,-3.372969437E1,2.074990845E1,4.811112304E1
1.746726754E1,-2.736614418E1,-3.343646240E1,2.094991302E1,4.801876426E1
1.747725654E1,-2.739520073E1,-3.335321045E1,2.111141205E1,4.804815698E1
1.748724454E1,-2.725811195E1,-3.313247299E1,2.149574280E1,4.798783588E1
1.749723354E1,-2.734704018E1,-3.325575638E1,2.137021637E1,4.806757833E1
1.750722254E1,-2.705755615E1,-3.317950439E1,2.156214142E1,4.793659144E1
1.751721154E1,-2.698949432E1,-3.325739670E1,2.145569611E1,4.790442709E1
1.752720054E1,-2.704494095E1,-3.308122253E1,2.164115143E1,4.789713510E1
1.753718954E1,-2.691966629E1,-3.315789413E1,2.187704468E1,4.798665919E1
1.754717804E1,-2.698859787E1,-3.300474167E1,2.166460419E1,4.782313731E1
1.755716704E1,-2.719076538E1,-3.286250687E1,2.188850403E1,4.794151320E1
1.756715604E1,-2.709934235E1,-3.275483704E1,2.218410492E1,4.795193652E1
1.757714504E1,-2.724681091E1,-3.275194168E1,2.217122650E1,4.802750955E1
1.758713404E1,-2.723583984E1,-3.251049805E1,2.227036285E1,4.790294894E1
1.759712304E1,-2.745595932E1,-3.243227005E1,2.234024811E1,4.800800484E1
1.760711204E1,-2.753231812E1,-3.225180054E1,2.270159149E1,4.809957832E1
1.761710104E1,-2.763121796E1,-3.206815720E1,2.273055267E1,4.804715326E1
1.762708904E1,-2.767247391E1,-3.187320900E1,2.264035034E1,4.789835830E1
1.763707804E1,-2.769521713E1,-3.176062584E1,2.286991882E1,4.794575677E1
1.764706704E1,-2.767739105E1,-3.138815880E1,2.303321838E1,4.776801898E1
1.765705604E1,-2.786781311E1,-3.128181267E1,2.305249023E1,4.781824043E1
1.766704504E1,-2.778026581E1,-3.117804909E1,2.303376007E1,4.769033462E1
1.767703404E1,-2.796274948E1,-3.114676857E1,2.314076233E1,4.782814477E1
1.768702304E1,-2.805585098E1,-3.105167580E1,2.322455597E1,4.786143901E1
1.769701204E1,-2.811035919E1,-3.100604057E1,2.332735443E1,4.791380084E1
1.770700104E1,-2.810137939E1,-3.098866463E1,2.315957642E1,4.781580114E1
1.771699004E1,-2.822263336E1,-3.085408211E1,2.309386444E1,4.776837857E1
1.772697904E1,-2.833068085E1,-3.065659142E1,2.331440735E1,4.781229616E1
1.773696804E1,-2.874545288E1,-3.049588394E1,2.354348755E1,4.806865720E1
1.774695704E1,-2.867795563E1,-3.029802322E1,2.357316589E1,4.791752811E1
1.775694604E1,-2.878548813E1,-3.027778625E1,2.376078796E1,4.806166572E1
1.776693504E1,-2.880197906E1,-3.009902954E1,2.365478516E1,4.790672644E1
1.777692404E1,-2.896220398E1,-2.996163559E1,2.378657532E1,4.798239294E1
1.778691204E1,-2.888808823E1,-2.977449036E1,2.383270264E1,4.784390904E1
1.779690104E1,-2.914485168E1,-2.955455017E1,2.380928802E1,4.785160407E1
1.780689004E1,-2.916153717E1,-2.937108994E1,2.382447815E1,4.775627638E1
1.781687904E1,-2.916637993E1,-2.921329117E1,2.384361267E1,4.767192008E1
1.782686804E1,-2.909383583E1,-2.927219009E1,2.372063446E1,4.760232027E1
1.783685704E1,-2.924507332E1,-2.924399185E1,2.388391876E1,4.775905096E1
1.784684604E1,-2.919293022E1,-2.915423965E1,2.391608429E1,4.768832092E1
1.785683504E1,-2.940104866E1,-2.900329971E1,2.397024536E1,4.775129024E1
1.786682404E1,-2.932675743E1,-2.893601990E1,2.405693054E1,4.770836254E1
1.787681304E1,-2.938558388E1,-2.880109787E1,2.416398621E1,4.771702011E1
1.788680204E1,-2.927027702E1,-2.874489594E1,2.409041595E1,4.757484945E1
1.789679104E1,-2.927854729E1,-2.866674423E1,2.429358673E1,4.763605685E1
1.790678004E1,-2.932625389E1,-2.848663330E1,2.431219482E1,4.756679789E1
1.791676904E1,-2.941771889E1,-2.843229294E1,2.452037048E1,4.769744265E1
1.792675804E1,-2.951660347E1,-2.822571182E1,2.460467529E1,4.767924847E1
1.793674604E1,-2.969730949E1,-2.809128952E1,2.456930542E1,4.769383091E1
1.794673504E1,-2.957994652E1,-2.806355286E1,2.469511414E1,4.766953846E1
1.795672404E1,-2.961903572E1,-2.799922562E1,2.456330109E1,4.758781012E1
1.796671304E1,-2.952270317E1,-2.794981766E1,2.465276337E1,4.754514750E1
1.797670204E1,-2.944272804E1,-2.793964005E1,2.455988312E1,4.744139099E1
1.798669104E1,-2.939035225E1,-2.794188690E1,2.483095551E1,4.755121660E1
1.799668004E1,-2.928897667E1,-2.810915756E1,2.497538757E1,4.766276196E1
1.800666904E1,-2.932653999E1,-2.815613174E1,2.500521088E1,4.772917634E1
1.801665804E1,-2.939675331E1,-2.804606247E1,2.509995270E1,4.775728584E1
1.802664704E1,-2.923654747E1,-2.797240448E1,2.498215485E1,4.755354015E1
1.803663604E1,-2.925392723E1,-2.808458328E1,2.494373322E1,4.761014496E1
1.804662504E1,-2.896726418E1,-2.814412689E1,2.489798737E1,4.744580115E1
1.805661404E1,-2.908268547E1,-2.824197388E1,2.491525269E1,4.758341622E1
1.806660304E1,-2.889808083E1,-2.824827194E1,2.491424561E1,4.747403056E1
1.807659204E1,-2.879247856E1,-2.817270279E1,2.499293518E1,4.740627398E1
1.808658004E1,-2.871291924E1,-2.827224350E1,2.497428131E1,4.740744889E1
1.809656904E1,-2.861962700E1,-2.820626831E1,2.496263123E1,4.730549206E1
1.810655804E1,-2.884648705E1,-2.821234894E1,2.498718262E1,4.745962223E1
1.811654704E1,-2.877409554E1,-2.804924393E1,2.530075073E1,4.748512026E1
1.812653604E1,-2.877409554E1,-2.804924393E1,2.530075073E1,4.748512026E1
1.813652504E1,-2.857987022E1,-2.802629852E1,2.511999512E1,4.725776704E1
1.814651404E1,-2.869437981E1,-2.801391602E1,2.530699921E1,4.741931180E1
1.815650304E1,-2.858292198E1,-2.790484619E1,2.540425873E1,4.733962644E1
1.816649204E1,-2.864073372E1,-2.778921509E1,2.553087616E1,4.737465293E1
1.817648104E1,-2.859428978E1,-2.781577682E1,2.546141052E1,4.732477442E1
1.818647004E1,-2.854856300E1,-2.781719971E1,2.534654236E1,4.723626000E1
1.819645904E1,-2.853732872E1,-2.784140396E1,2.546189117E1,4.730571643E1
1.820644804E1,-2.840044212E1,-2.777999115E1,2.545245361E1,4.718199250E1
1.821643704E1,-2.840540886E1,-2.791498566E1,2.531327820E1,4.718978417E1
1.822642604E1,-2.852697563E1,-2.784732437E1,2.531619263E1,4.722469081E1
1.823641404E1,-2.847339439E1,-2.784096146E1,2.545214081E1,4.726166306E1
1.824640304E1,-2.833829689E1,-2.805709839E1,2.533995056E1,4.724799398E1
1.825639204E1,-2.841991234E1,-2.803174210E1,2.523846436E1,4.722764090E1
1.826638104E1,-2.852216148E1,-2.788195419E1,2.543066406E1,4.730365462E1
1.827637004E1,-2.867605400E1,-2.789773178E1,2.546426392E1,4.742392063E1
1.828635904E1,-2.860666466E1,-2.787757492E1,2.553163910E1,4.740638186E1
1.829634804E1,-2.860906792E1,-2.800287247E1,2.545077515E1,4.743818703E1
1.830633704E1,-2.868670845E1,-2.776526260E1,2.558834076E1,4.741940776E1
1.831632604E1,-2.877126503E1,-2.779458237E1,2.547731018E1,4.742802794E1
1.832631504E1,-2.879879189E1,-2.773761749E1,2.555194092E1,4.745152814E1
1.833630404E1,-2.885773659E1,-2.781921005E1,2.532765198E1,4.741484328E1
1.834629304E1,-2.875141335E1,-2.777713394E1,2.537673950E1,4.735178821E1
1.835628204E1,-2.886452293E1,-2.789702606E1,2.541008759E1,4.750870761E1
1.836627104E1,-2.884502602E1,-2.775103378E1,2.536672211E1,4.738803638E1
1.837626004E1,-2.914287758E1,-2.777148438E1,2.513063812E1,4.745641822E1
1.838624804E1,-2.888628197E1,-2.767709732E1,2.531154633E1,4.734039902E1
1.839623704E1,-2.894655037E1,-2.796795273E1,2.497565460E1,4.736974225E1
1.840622604E1,-2.907699013E1,-2.774664688E1,2.504872894E1,4.735806784E1
1.841621504E1,-2.915394402E1,-2.772093964E1,2.513571167E1,4.743634627E1
1.842620404E1,-2.915306664E1,-2.781418228E1,2.511163330E1,4.747761743E1
1.843619304E1,-2.910526466E1,-2.774162292E1,2.515704346E1,4.742985251E1
1.844618204E1,-2.909946632E1,-2.770697784E1,2.529430389E1,4.747902033E1
1.845617104E1,-2.921915627E1,-2.766338730E1,2.538346863E1,4.757460004E1
1.846616004E1,-2.894848061E1,-2.769953537E1,2.533539581E1,4.740423051E1
1.847614904E1,-2.916162300E1,-2.772735596E1,2.523909760E1,4.749966918E1
1.848613804E1,-2.893844795E1,-2.786581802E1,2.546952057E1,4.756715318E1
1.849612704E1,-2.918380928E1,-2.767768097E1,2.545499420E1,4.759942728E1
1.850611604E1,-2.909067726E1,-2.756076813E1,2.551057434E1,4.750424030E1
1.851610504E1,-2.927114677E1,-2.739987564E1,2.558293915E1,4.756090826E1
1.852609404E1,-2.904602814E1,-2.744771957E1,2.568274689E1,4.750423716E1
1.853608204E1,-2.906800461E1,-2.758560181E1,2.560438538E1,4.755521916E1
1.854607117E1,-2.903876114E1,-2.755850983E1,2.557003021E1,4.750313208E1
1.855606017E1,-2.909571457E1,-2.772725296E1,2.563711548E1,4.767203429E1
1.856604917E1,-2.905366516E1,-2.767300797E1,2.545854187E1,4.751892448E1
1.857603817E1,-2.917922974E1,-2.785344696E1,2.534709167E1,4.764154712E1
1.858602717E1,-2.919467163E1,-2.769766998E1,2.535958862E1,4.756677947E1
1.859601617E1,-2.915180206E1,-2.780766678E1,2.531372833E1,4.758023473E1
1.860600517E1,-2.910367584E1,-2.767055893E1,2.547439575E1,4.755658333E1
1.861599417E1,-2.914556503E1,-2.779476547E1,2.537646484E1,4.760228899E1
1.862598317E1,-2.909703064E1,-2.768070602E1,2.547287750E1,4.755760892E1
1.863597217E1,-2.926358414E1,-2.767529297E1,2.545291901E1,4.764588422E1
1.864596117E1,-2.897677231E1,-2.760760117E1,2.571495056E1,4.757196294E1
1.865595017E1,-2.922192383E1,-2.756648254E1,2.556037903E1,4.761475368E1
1.866593917E1,-2.912335968E1,-2.739645386E1,2.580110931E1,4.758605893E1
1.867592817E1,-2.921565628E1,-2.747688293E1,2.600014496E1,4.779687443E1
1.868591717E1,-2.904703140E1,-2.751688004E1,2.588462830E1,4.765419921E1
1.869590517E1,-2.909023285E1,-2.748898697E1,2.588676453E1,4.766561265E1
1.870589417E1,-2.884924316E1,-2.760383224E1,2.591917419E1,4.760308789E1
1.871588317E1,-2.893505096E1,-2.779024887E1,2.590438080E1,4.775533532E1
1.872587217E1,-2.890068054E1,-2.784885025E1,2.579056549E1,4.770703370E1
1.873586117E1,-2.910608292E1,-2.782459259E1,2.586048889E1,4.785537484E1
1.874585017E1,-2.896545792E1,-2.782111740E1,2.578079224E1,4.772485279E1
1.875583917E1,-2.900500107E1,-2.799374390E1,2.580223846E1,4.786120866E1
1.876582817E1,-2.884248352E1,-2.788555527E1,2.562578583E1,4.760434799E1
1.877581717E1,-2.898098373E1,-2.780461502E1,2.551831055E1,4.758338163E1
1.878580617E1,-2.879685211E1,-2.783101654E1,2.567281342E1,4.757013267E1
1.879579517E1,-2.882357788E1,-2.786821365E1,2.563418579E1,4.758726148E1
1.880578417E1,-2.878559875E1,-2.784808350E1,2.568357086E1,4.757911582E1
1.881577317E1,-2.903440475E1,-2.789851379E1,2.559371948E1,4.771123776E1
1.882576217E1,-2.905046082E1,-2.789925766E1,2.535967255E1,4.759633225E1
1.883575117E1,-2.915330887E1,-2.804313278E1,2.534646606E1,4.773652748E1
1.884573917E1,-2.901895905E1,-2.815834427E1,2.524913025E1,4.767086022E1
1.885572817E1,-2.910215378E1,-2.835625839E1,2.519483185E1,4.780996022E1
1.886571717E1,-2.895173264E1,-2.832847977E1,2.503739929E1,4.761908180E1
1.887570617E1,-2.912898636E1,-2.844599915E1,2.494612122E1,4.774915368E1
1.888569517E1,-2.901615143E1,-2.832534409E1,2.501200867E1,4.764307650E1
1.889568417E1,-2.903560638E1,-2.835567093E1,2.472964478E1,4.752542312E1
1.890567317E1,-2.902397156E1,-2.828894043E1,2.476412964E1,4.749649663E1
1.891566217E1,-2.921557617E1,-2.821081543E1,2.492286682E1,4.765028110E1
1.892565117E1,-2.910456657E1,-2.817792130E1,2.504681396E1,4.762786930E1
1.893564017E1,-2.929195976E1,-2.810960388E1,2.529180908E1,4.783141587E1
1.894562917E1,-2.918519020E1,-2.799240875E1,2.539324188E1,4.775109431E1
1.895561817E1,-2.918519020E1,-2.799240875E1,2.539324188E1,4.775109431E1
1.896560717E1,-2.925146294E1,-2.797002411E1,2.533738708E1,4.774885880E1
1.897559617E1,-2.906657982E1,-2.809927368E1,2.519697571E1,4.763740997E1
1.898558517E1,-2.923449516E1,-2.797583389E1,2.510030365E1,4.761647018E1
1.899557317E1,-2.920192146E1,-2.784202194E1,2.518589020E1,4.756321549E1
1.900556217E1,-2.906067848E1,-2.783283234E1,2.559516907E1,4.768964530E1
1.901555117E1,-2.927619743E1,-2.770891571E1,2.557353210E1,4.773767161E1
1.902554017E1,-2.919922829E1,-2.760593796E1,2.584326935E1,4.777611656E1
1.903552917E1,-2.889612770E1,-2.777837753E1,2.574075317E1,4.763623441E1
1.904551817E1,-2.866123009E1,-2.774593353E1,2.564405060E1,4.742278217E1
1.905550717E1,-2.846081734E1,-2.795839310E1,2.561360931E1,4.741040867E1
1.906549617E1,-2.856711388E1,-2.806678391E1,2.571263123E1,4.759163538E1
1.907548517E1,-2.840543175E1,-2.804555130E1,2.581645203E1,4.753851802E1
1.908547417E1,-2.823954582E1,-2.811402130E1,2.605584717E1,4.761068487E1
1.909546317E1,-2.822422981E1,-2.828721619E1,2.568190002E1,4.750088143E1
1.910545217E1,-2.809858513E1,-2.835322189E1,2.553748322E1,4.738774870E1
1.911544117E1,-2.802649498E1,-2.844060516E1,2.559191895E1,4.742677259E1
1.912543017E1,-2.801032448E1,-2.845598984E1,2.552967834E1,4.739289094E1
1.913541917E1,-2.787469673E1,-2.863523102E1,2.554921722E1,4.743139966E1
1.914540817E1,-2.759048843E1,-2.872889328E1,2.549906921E1,4.729468143E1
1.915539617E1,-2.725885391E1,-2.897554779E1,2.577388763E1,4.740169586E1
1.916538517E1,-2.697274017E1,-2.920650864E1,2.570256805E1,4.734100616E1
1.917537417E1,-2.663031006E1,-2.951684570E1,2.563691711E1,4.730400737E1
1.918536317E1,-2.618128967E1,-2.968515396E1,2.574629211E1,4.721800348E1
1.919535217E1,-2.597230148E1,-2.999986649E1,2.561821747E1,4.723182719E1
1.920534117E1,-2.563240051E1,-3.020885086E1,2.573213959E1,4.724127045E1
1.921533017E1,-2.528722382E1,-3.038037491E1,2.581625366E1,4.721111968E1
1.922531917E1,-2.501499176E1,-3.067972565E1,2.560084534E1,4.714232345E1
1.923530817E1,-2.454238510E1,-3.110621262E1,2.539278412E1,4.706079701E1
1.924529717E1,-2.433063889E1,-3.142481613E1,2.544744873E1,4.719186057E1
1.925528617E1,-2.404567719E1,-3.158473969E1,2.532537842E1,4.708678333E1
1.926527517E1,-2.365338135E1,-3.174026489E1,2.527810669E1,4.696711128E1
1.927526417E1,-2.364658737E1,-3.206289673E1,2.512232971E1,4.709906465E1
1.928525317E1,-2.329421997E1,-3.234137344E1,2.520512390E1,4.715806814E1
1.929524217E1,-2.329890060E1,-3.261735916E1,2.485962677E1,4.716706405E1
1.930523017E1,-2.305618668E1,-3.273664856E1,2.467035675E1,4.703086651E1
1.931521917E1,-2.297242737E1,-3.290862274E1,2.454392242E1,4.704374558E1
1.932520817E1,-2.296361923E1,-3.303624344E1,2.436092377E1,4.703377293E1
1.933519717E1,-2.276771545E1,-3.329017258E1,2.440006256E1,4.713775037E1
1.934518617E1,-2.273331070E1,-3.339071655E1,2.425127411E1,4.711547159E1
1.935517517E1,-2.276488113E1,-3.360649872E1,2.388183594E1,4.709542076E1
1.936516417E1,-2.272982025E1,-3.355614471E1,2.397321320E1,4.708900644E1
1.937515317E1,-2.269398117E1,-3.385581207E1,2.388283539E1,4.724005312E1
1.938514217E1,-2.234744644E1,-3.407346725E1,2.390796661E1,4.724405149E1
1.939513117E1,-2.240855408E1,-3.421942139E1,2.351204681E1,4.717974609E1
1.940512017E1,-2.246966553E1,-3.410417557E1,2.369306946E1,4.721591046E1
1.941510917E1,-2.241028404E1,-3.420485687E1,2.350182343E1,4.716491036E1
1.942509817E1,-2.231759071E1,-3.434622192E1,2.343076324E1,4.718832993E1
1.943508717E1,-2.241960335E1,-3.435794830E1,2.314472961E1,4.710398852E1
1.944507617E1,-2.238448524E1,-3.453484344E1,2.306403351E1,4.717700958E1
1.945506517E1,-2.247385597E1,-3.488320923E1,2.268367767E1,4.729124360E1
1.946505317E1,-2.229957390E1,-3.495125580E1,2.251802826E1,4.717968710E1
1.947504217E1,-2.244155693E1,-3.509645844E1,2.214365387E1,4.717760357E1
1.948503117E1,-2.239381981E1,-3.529256439E1,2.189539337E1,4.718534219E1
1.949502017E1,-2.248261642E1,-3.564223480E1,2.191518402E1,4.749854981E1
1.950500917E1,-2.226152802E1,-3.603289032E1,2.149404144E1,4.749672233E1
1.951499817E1,-2.219716644E1,-3.631258392E1,2.098263550E1,4.745091086E1
1.952498717E1,-2.208601761E1,-3.661713409E1,2.068453217E1,4.750217420E1
1.953497617E1,-2.188996315E1,-3.695929337E1,2.018867493E1,4.746306404E1
1.954496579E1,-2.153681755E1,-3.743029785E1,1.965621185E1,4.744711131E1
1.955495479E1,-2.142537117E1,-3.800774384E1,1.894294739E1,4.756543258E1
1.956494379E1,-2.107882500E1,-3.848378754E1,1.838929749E1,4.757609724E1
1.957493279E1,-2.095479774E1,-3.889626694E1,1.773143005E1,4.760700308E1
1.958492179E1,-2.036717796E1,-3.949189758E1,1.705107117E1,4.759381200E1
1.959491079E1,-2.015001297E1,-3.999349213E1,1.613253021E1,4.760001015E1
1.960489979E1,-1.972982788E1,-4.051201248E1,1.521858978E1,4.756148377E1
1.961488879E1,-1.931375122E1,-4.106667709E1,1.468254089E1,4.769769345E1
1.962487679E1,-1.871202469E1,-4.169625473E1,1.367755127E1,4.770527157E1
1.963486579E1,-1.848782730E1,-4.219140244E1,1.268563843E1,4.777907094E1
1.964485479E1,-1.778862381E1,-4.273078156E1,1.189608765E1,4.778987059E1
1.965484379E1,-1.730848122E1,-4.323051453E1,1.127751160E1,4.791287067E1
1.966483279E1,-1.651042366E1,-4.335965347E1,1.077678680E1,4.763184620E1
1.967482179E1,-1.602885056E1,-4.370931625E1,9.841087341E0,4.758440267E1
1.968481079E1,-1.507337666E1,-4.414126587E1,9.071151733E0,4.751782645E1
1.969479979E1,-1.448182583E1,-4.436161423E1,8.708450317E0,4.747118287E1
1.970478879E1,-1.373914051E1,-4.460940933E1,8.162445068E0,4.738553463E1
1.971477779E1,-1.296298599E1,-4.498268127E1,7.740203857E0,4.744882903E1
1.972476679E1,-1.245945930E1,-4.510775757E1,7.410575867E0,4.738000162E1
1.973475579E1,-1.211414909E1,-4.538540649E1,7.114723206E0,4.751007280E1
1.974474479E1,-1.179510689E1,-4.537420654E1,6.900360107E0,4.738732041E1
1.975473379E1,-1.172430134E1,-4.547652054E1,6.814285278E0,4.745532263E1
1.976472279E1,-1.125423145E1,-4.548225784E1,6.650588989E0,4.732360762E1
1.977471179E1,-1.109274006E1,-4.574644470E1,6.121871948E0,4.746855171E1
1.978469979E1,-1.109274006E1,-4.574644470E1,6.121871948E0,4.746855171E1
1.979468879E1,-1.088119411E1,-4.578444290E1,5.850967407E0,4.742203514E1
1.980467779E1,-1.044268131E1,-4.590870667E1,5.547744751E0,4.740713462E1
1.981466679E1,-1.017082787E1,-4.593400955E1,5.455436707E0,4.736180700E1
1.982465579E1,-9.789928436E0,-4.597621536E1,5.489967346E0,4.732647060E1
1.983464479E1,-9.445713043E0,-4.593431091E1,5.251220703E0,4.718853391E1
1.984463379E1,-9.277719498E0,-4.600336075E1,5.357582092E0,4.723440446E1
1.985462279E1,-8.813495636E0,-4.597539520E1,5.526626587E0,4.713765237E1
1.986461179E1,-8.488191605E0,-4.610764313E1,5.891181946E0,4.725113942E1
1.987460079E1,-7.946412086E0,-4.605045319E1,6.358863831E0,4.716168840E1
1.988458979E1,-7.613036156E0,-4.609726715E1,6.427116394E0,4.716168130E1
1.989457879E1,-7.040644646E0,-4.592613220E1,6.493850708E0,4.691428773E1
1.990456779E1,-6.546797752E0,-4.610053635E1,6.716537476E0,4.704499854E1
1.991455679E1,-6.261982918E0,-4.603774643E1,6.671638489E0,4.693822841E1
1.992454579E1,-5.680634499E0,-4.597795868E1,6.860290527E0,4.683274366E1
1.993453479E1,-5.143334389E0,-4.588432312E1,6.827865601E0,4.667381220E1
1.994452279E1,-4.774615288E0,-4.596976089E1,6.759208679E0,4.670870122E1
1.995451179E1,-4.013545036E0,-4.584032059E1,6.673347473E0,4.649706552E1
1.996450079E1,-3.488558769E0,-4.601886749E1,6.995086670E0,4.667801886E1
1.997448979E1,-2.975159645E0,-4.592058182E1,6.740676880E0,4.650793625E1
1.998447879E1,-2.359107018E0,-4.582166672E1,6.572631836E0,4.635072832E1
1.999446779E1,-1.600917816E0,-4.575007248E1,6.550384521E0,4.624434676E1
2.000445679E1,-9.048080444E-1,-4.572885132E1,6.448242188E0,4.619011093E1
2.001444579E1,-3.279247284E-1,-4.564171600E1,6.754798889E0,4.614001606E1
2.002443479E1,3.283872604E-1,-4.576064682E1,7.017311096E0,4.629673088E1
2.003442379E1,8.298521042E-1,-4.532125092E1,7.001525879E0,4.586639079E1
2.004441279E1,1.566079140E0,-4.505110931E1,7.413528442E0,4.568386431E1
2.005440179E1,2.083469391E0,-4.476166916E1,7.418243408E0,4.542001988E1
2.006439079E1,2.572525024E0,-4.475334549E1,7.713623047E0,4.548603959E1
2.007437979E1,3.194682121E0,-4.470818710E1,7.809783936E0,4.549748029E1
2.008436879E1,3.620724678E0,-4.451135635E1,7.995704651E0,4.536851094E1
2.009435779E1,4.028557777E0,-4.449075699E1,8.002235413E0,4.538383530E1
2.010434579E1,4.282107353E0,-4.456449509E1,7.828689575E0,4.544908191E1
2.011433479E1,4.323049545E0,-4.454604340E1,7.520004272E0,4.538269719E1
2.012432379E1,4.402730942E0,-4.454354095E1,7.368392944E0,4.536302784E1
2.013431279E1,4.654234886E0,-4.447352219E1,7.286979675E0,4.530624847E1
2.014430179E1,4.639201164E0,-4.450378036E1,7.118835449E0,4.530768668E1
2.015429079E1,4.701892853E0,-4.450809097E1,6.943237305E0,4.529113051E1
2.016427979E1,4.588120461E0,-4.459995270E1,6.681732178E0,4.533047733E1
2.017426879E1,4.476970673E0,-4.461545181E1,6.524795532E0,4.531175083E1
2.018425779E1,4.441700935E0,-4.452335739E1,6.220817566E0,4.517473444E1
2.019424679E1,4.252247810E0,-4.453812408E1,5.940414429E0,4.513329848E1
2.020423579E1,4.380264282E0,-4.460117340E1,6.009384155E0,4.521685617E1
2.021422479E1,4.350296974E0,-4.462993622E1,5.966201782E0,4.523662072E1
2.022421379E1,4.268576622E0,-4.455791092E1,5.994689941E0,4.516153761E1
2.023420279E1,4.329982758E0,-4.468971252E1,5.735328674E0,4.526381724E1
2.024419179E1,4.353124619E0,-4.461878586E1,5.642440796E0,4.518432121E1
2.025418079E1,4.421222687E0,-4.464479446E1,5.379562378E0,4.518456124E1
2.026416879E1,4.616252899E0,-4.461582565E1,5.367271423E0,4.517398911E1
2.027415779E1,4.668813705E0,-4.450821304E1,5.324821472E0,4.506808819E1
2.028414679E1,4.898212433E0,-4.460431671E1,5.127067566E0,4.516441493E1
2.029413579E1,4.716031075E0,-4.463953018E1,4.922714233E0,4.515707829E1
2.030412479E1,4.863092422E0,-4.461381531E1,5.050071716E0,4.516132647E1
2.031411379E1,4.962059975E0,-4.464340210E1,5.115791321E0,4.520870172E1
2.032410279E1,5.014733315E0,-4.461684799E1,5.030128479E0,4.517867713E1
2.033409179E1,4.989880562E0,-4.457352066E1,4.934150696E0,4.512253866E1
2.034408079E1,4.862000465E0,-4.454932404E1,5.116836548E0,4.510502563E1
2.035406979E1,4.844849586E0,-4.467968369E1,5.009437561E0,4.521992002E1
2.036405879E1,4.954477310E0,-4.457852173E1,4.873474121E0,4.511698344E1
2.037404779E1,5.014703751E0,-4.472037888E1,4.891441345E0,4.526572367E1
2.038403679E1,4.873988152E0,-4.449053955E1,5.230354309E0,4.506129688E1
2.039402579E1,4.690481186E0,-4.464626312E1,5.226921082E0,4.519524453E1
2.040401479E1,4.799166679E0,-4.470816803E1,5.331077576E0,4.527993681E1
2.041400379E1,4.713439941E0,-4.456159973E1,5.362037659E0,4.512985857E1
2.042399279E1,4.723852158E0,-4.455967331E1,5.405509949E0,4.513423094E1
2.043398079E1,4.751627922E0,-4.469837952E1,5.312759399E0,4.526310321E1
2.044396979E1,4.656442642E0,-4.453997040E1,5.600318909E0,4.513152992E1
2.045395879E1,4.528946877E0,-4.454458618E1,5.675811768E0,4.513254211E1
2.046394779E1,4.472685814E0,-4.440427399E1,5.760673523E0,4.499922028E1
2.047393679E1,4.366093636E0,-4.455176926E1,5.667030334E0,4.512247943E1
2.048392579E1,4.590513229E0,-4.438711929E1,6.040992737E0,4.503090899E1
2.049391479E1,4.609356880E0,-4.440364456E1,6.091758728E0,4.505595794E1
2.050390379E1,4.917791367E0,-4.426109314E1,6.252197266E0,4.497020134E1
2.051389279E1,5.134973526E0,-4.418381119E1,6.447242737E0,4.494601276E1
2.052388179E1,5.449665070E0,-4.409693146E1,6.601600647E0,4.492014408E1
2.053387079E1,5.724408150E0,-4.404682541E1,6.476844788E0,4.488698247E1
2.054385979E1,6.201521873E0,-4.379467010E1,6.575363159E0,4.471764086E1
2.055384842E1,6.360999107E0,-4.384798050E1,6.873695374E0,4.483698687E1
2.056383742E1,6.866507530E0,-4.374713898E1,7.218627930E0,4.486724511E1
2.057382642E1,6.977839947E0,-4.378240585E1,7.110969543E0,4.490161690E1
2.058381542E1,7.275221348E0,-4.350063705E1,7.217979431E0,4.469153720E1
2.059380342E1,7.644144058E0,-4.350341415E1,7.215270996E0,4.475533618E1
2.060379242E1,7.842023849E0,-4.326539612E1,7.507286072E0,4.460662713E1
2.061378142E1,7.842023849E0,-4.326539612E1,7.507286072E0,4.460662713E1
2.062377042E1,8.036445618E0,-4.306578827E1,7.828491211E0,4.450316676E1
2.063375942E1,8.163116455E0,-4.267610931E1,8.239639282E0,4.422418379E1
2.064374842E1,8.270034790E0,-4.263206482E1,8.612854004E0,4.427265161E1
2.065373742E1,8.538269043E0,-4.249882507E1,8.756561279E0,4.422363097E1
2.066372642E1,8.834098816E0,-4.245579147E1,9.143051147E0,4.431851662E1
2.067371542E1,9.178939819E0,-4.228673172E1,9.538238525E0,4.431025400E1
2.068370442E1,9.130667686E0,-4.212686539E1,1.005158234E1,4.426145261E1
2.069369342E1,9.286934853E0,-4.188159561E1,1.008890533E1,4.406927752E1
2.070368242E1,9.334859848E0,-4.192127609E1,1.040557098E1,4.419059747E1
2.071367142E1,9.423656464E0,-4.169798279E1,1.053270721E1,4.402800235E1
2.072366042E1,9.442575455E0,-4.182258987E1,1.069201660E1,4.418835224E1
2.073364942E1,9.537263870E0,-4.170035172E1,1.059763336E1,4.407026853E1
2.074363842E1,9.448677063E0,-4.174298859E1,1.074488068E1,4.412716913E1
2.075362742E1,9.445962906E0,-4.161996078E1,1.106014252E1,4.408825358E1
2.076361542E1,9.488148689E0,-4.185580444E1,1.125139618E1,4.436808816E1
2.077360442E1,9.427362442E0,-4.173662186E1,1.130688477E1,4.425682331E1
2.078359342E1,9.515445709E0,-4.189281464E1,1.118262482E1,4.439147129E1
2.079358242E1,9.545427322E0,-4.168802643E1,1.125712585E1,4.422363184E1
2.080357142E1,9.563304901E0,-4.165121078E1,1.154347992E1,4.426660241E1
2.081356042E1,9.369404793E0,-4.161842346E1,1.159618378E1,4.420803542E1
2.082354942E1,9.335330963E0,-4.171511841E1,1.171173096E1,4.432227600E1
2.083353842E1,9.334813118E0,-4.154203415E1,1.179249573E1,4.418079099E1
2.084352742E1,9.187714577E0,-4.150768280E1,1.197473145E1,4.416668455E1
2.085351642E1,9.030183792E0,-4.136453629E1,1.220838165E1,4.406374546E1
2.086350542E1,8.944347382E0,-4.147341919E1,1.238871002E1,4.419871022E1
2.087349442E1,8.860295296E0,-4.137952042E1,1.259790039E1,4.415287801E1
2.088348342E1,8.764854431E0,-4.145808029E1,1.299502563E1,4.432229446E1
2.089347242E1,8.832546234E0,-4.147404861E1,1.333525085E1,4.445154099E1
2.090346142E1,8.895999908E0,-4.130443954E1,1.357786560E1,4.437965722E1
2.091345042E1,8.876028061E0,-4.120492935E1,1.341193390E1,4.423245469E1
2.092343842E1,8.827617645E0,-4.111285782E1,1.377204895E1,4.424774846E1
2.093342742E1,9.093748093E0,-4.084858704E1,1.393727875E1,4.410840120E1
2.094341642E1,9.199461937E0,-4.075059891E1,1.436574554E1,4.417709878E1
2.095340542E1,9.387206078E0,-4.056238556E1,1.460924530E1,4.412320034E1
2.096339442E1,9.565235138E0,-4.050183105E1,1.514213562E1,4.428517035E1
2.097338342E1,9.621427536E0,-4.013748169E1,1.537349701E1,4.404467862E1
2.098337242E1,9.770299911E0,-3.994272232E1,1.599310303E1,4.412096068E1
2.099336142E1,1.006656456E1,-3.987903214E1,1.640571594E1,4.428115222E1
2.100335042E1,1.027482128E1,-3.957304764E1,1.678652954E1,4.419712237E1
2.101333942E1,1.050729752E1,-3.943228912E1,1.721142578E1,4.428929785E1
2.102332842E1,1.071793556E1,-3.918215942E1,1.795626068E1,4.441332072E1
2.103331742E1,1.101676941E1,-3.875579834E1,1.822226715E1,4.422026835E1
2.104330642E1,1.123708534E1,-3.838105774E1,1.880923462E1,4.419462622E1
2.105329542E1,1.156984043E1,-3.809803009E1,1.902391052E1,4.412743224E1
2.106328442E1,1.183724785E1,-3.781932831E1,1.954544067E1,4.418649433E1
2.107327342E1,1.236865425E1,-3.743205643E1,2.012373352E1,4.426180190E1
2.108326242E1,1.287486649E1,-3.706604004E1,2.031883240E1,4.418719793E1
2.109325142E1,1.331027699E1,-3.703998184E1,2.061564636E1,4.443116703E1
2.110323942E1,1.354476643E1,-3.670705414E1,2.098517609E1,4.439871773E1
2.111322842E1,1.380372238E1,-3.657385254E1,2.122209930E1,4.448108519E1
2.112321742E1,1.390216446E1,-3.637351990E1,2.143848419E1,4.445122868E1
2.113320642E1,1.395319271E1,-3.623189545E1,2.128193665E1,4.427598290E1
2.114319542E1,1.403299332E1,-3.606073761E1,2.147273254E1,4.425358676E1
2.115318442E1,1.428054237E1,-3.603716278E1,2.145372009E1,4.430432369E1
2.116317342E1,1.437776279E1,-3.593606567E1,2.147560883E1,4.426423673E1
2.117316242E1,1.441968918E1,-3.596018982E1,2.130990601E1,4.421735838E1
2.118315142E1,1.452433109E1,-3.592249298E1,2.105217743E1,4.409734539E1
2.119314042E1,1.463784981E1,-3.609540558E1,2.098105621E1,4.424194470E1
2.120312942E1,1.482074451E1,-3.616157532E1,2.083158112E1,4.428621421E1
2.121311842E1,1.484094524E1,-3.628063202E1,2.043065643E1,4.420350255E1
2.122310742E1,1.482892323E1,-3.650802612E1,2.014001465E1,4.425328378E1
2.123309642E1,1.481121254E1,-3.677103424E1,1.993570709E1,4.437243957E1
2.124308542E1,1.457595348E1,-3.700949097E1,1.961779785E1,4.435108605E1
2.125307442E1,1.446377087E1,-3.729006195E1,1.945679474E1,4.447826716E1
2.126306242E1,1.422595406E1,-3.749780273E1,1.900042725E1,4.437881493E1
2.127305142E1,1.407535076E1,-3.798080826E1,1.865650940E1,4.459509657E1
2.128304042E1,1.374938202E1,-3.810111618E1,1.832809448E1,4.445964021E1
2.129302942E1,1.353728962E1,-3.861204147E1,1.773403931E1,4.459421607E1
2.130301842E1,1.310771847E1,-3.887631607E1,1.726739502E1,4.451228106E1
2.131300742E1,1.266107941E1,-3.920782852E1,1.672574615E1,4.446692404E1
2.132299642E1,1.225880241E1,-3.955139160E1,1.632786560E1,4.451056065E1
2.133298542E1,1.204891205E1,-3.980529022E1,1.647339630E1,4.473265247E1
2.134297442E1,1.159058475E1,-4.003859329E1,1.600563049E1,4.464986915E1
2.135296342E1,1.133649445E1,-4.046352005E1,1.554623413E1,4.480511083E1
2.136295242E1,1.094584656E1,-4.052869797E1,1.532901764E1,4.469189745E1
2.137294142E1,1.060167217E1,-4.096278763E1,1.491300964E1,4.486360752E1
2.138293042E1,1.014416599E1,-4.100104904E1,1.492835999E1,4.479783542E1
2.139291942E1,9.844888687E0,-4.129446411E1,1.467609406E1,4.491706064E1
2.140290842E1,9.443464279E0,-4.136718750E1,1.460024261E1,4.487304652E1
2.141289742E1,8.968165398E0,-4.161446381E1,1.445918274E1,4.495842028E1
2.142288642E1,8.968165398E0,-4.161446381E1,1.445918274E1,4.495842028E1
2.143287442E1,8.320852280E0,-4.189313507E1,1.378997803E1,4.488245585E1
2.144286342E1,8.153114319E0,-4.206801605E1,1.358901978E1,4.495389534E1
2.145285242E1,8.189115524E0,-4.207569122E1,1.365434265E1,4.498740355E1
2.146284142E1,7.837507248E0,-4.235921097E1,1.321799469E1,4.506045558E1
2.147283042E1,7.686414719E0,-4.234415817E1,1.303478241E1,4.496681282E1
2.148281942E1,7.403740883E0,-4.256026840E1,1.269079590E1,4.502497225E1
2.149280842E1,7.255730629E0,-4.253942490E1,1.250137329E1,4.492808288E1
2.150279742E1,7.008046150E0,-4.274102783E1,1.245662689E1,4.506745749E1
2.151278642E1,6.885300636E0,-4.278218842E1,1.241574860E1,4.507631111E1
2.152277542E1,6.666456223E0,-4.292103577E1,1.237284088E1,4.516352667E1
2.153276442E1,6.438652039E0,-4.288775253E1,1.251002502E1,4.513664014E1
2.154275342E1,6.187469482E0,-4.311872864E1,1.216085815E1,4.522605454E1
2.155274254E1,6.291400909E0,-4.317518616E1,1.208707428E1,4.527444964E1
2.156273154E1,6.128597260E0,-4.324507141E1,1.157689667E1,4.518540076E1
2.157272054E1,6.012803078E0,-4.326629257E1,1.145024872E1,4.515787937E1
2.158270954E1,5.801490784E0,-4.339889145E1,1.121775055E1,4.519910399E1
2.159269754E1,5.934113503E0,-4.347212601E1,1.084275818E1,4.519518611E1
2.160268654E1,5.925914764E0,-4.372738647E1,1.024459839E1,4.530069083E1
2.161267554E1,5.887973785E0,-4.369934464E1,9.917068481E0,4.519567683E1
2.162266454E1,5.888375282E0,-4.381350327E1,9.623435974E0,4.524275137E1
2.163265354E1,5.928157806E0,-4.373056793E1,9.277114868E0,4.509512709E1
2.164264254E1,6.031032562E0,-4.398127365E1,9.100402832E0,4.531603599E1
2.165263154E1,6.013024330E0,-4.374600983E1,8.938659668E0,4.505296299E1
2.166262054E1,6.033487320E0,-4.391126251E1,9.177101135E0,4.526390538E1
2.167260954E1,6.014717102E0,-4.381364441E1,9.111831665E0,4.515349083E1
2.168259854E1,5.923051834E0,-4.380266190E1,9.174072266E0,4.514331993E1
2.169258754E1,5.975339890E0,-4.398464966E1,9.044113159E0,4.530066308E1
2.170257654E1,5.809768677E0,-4.402624893E1,9.056762695E0,4.532205818E1
2.171256554E1,5.622997284E0,-4.394714737E1,8.756599426E0,4.516246111E1
2.172255454E1,5.605132103E0,-4.409939957E1,8.626144409E0,4.528338454E1
2.173254354E1,5.536909103E0,-4.405735779E1,8.335525513E0,4.517952106E1
2.174253254E1,5.284992218E0,-4.428025055E1,7.978958130E0,4.530270968E1
2.175252154E1,5.265507698E0,-4.429190063E1,7.989807129E0,4.531374020E1
2.176250954E1,5.067212105E0,-4.441819000E1,7.845718384E0,4.538950912E1
2.177249854E1,4.888657570E0,-4.450386810E1,7.345703125E0,4.537017306E1
2.178248754E1,4.520664215E0,-4.462916565E1,6.972282410E0,4.539616232E1
2.179247654E1,4.334901810E0,-4.477422714E1,6.544525146E0,4.545716224E1
2.180246554E1,4.154633522E0,-4.490600586E1,6.470283508E0,4.555957540E1
2.181245454E1,4.008947372E0,-4.498181534E1,5.911849976E0,4.554542063E1
2.182244354E1,3.765919685E0,-4.509971237E1,5.575241089E0,4.559878858E1
2.183243254E1,3.596368790E0,-4.484608841E1,5.325447083E0,4.530414882E1
2.184242154E1,3.573830605E0,-4.507706451E1,5.043678284E0,4.549893077E1
2.185241054E1,3.548563957E0,-4.516889191E1,4.837364197E0,4.556557028E1
2.186239954E1,3.454637527E0,-4.517305374E1,4.798110962E0,4.555832716E1
2.187238854E1,3.479302406E0,-4.513786316E1,4.390441895E0,4.548415346E1
2.188237754E1,3.631090164E0,-4.525650406E1,4.396263123E0,4.561428619E1
2.189236654E1,3.671801567E0,-4.519096756E1,4.013824463E0,4.551721062E1
2.190235554E1,3.713472366E0,-4.515828705E1,3.945678711E0,4.548218494E1
2.191234454E1,3.888657570E0,-4.529911423E1,3.954849243E0,4.563739958E1
2.192233254E1,3.918988228E0,-4.525074387E1,3.925651550E0,4.558946182E1
2.193232154E1,4.098751068E0,-4.517484283E1,3.771514893E0,4.551692553E1
2.194231054E1,4.220637321E0,-4.521850586E1,3.594062805E0,4.555704489E1
2.195229954E1,4.399353027E0,-4.519796753E1,3.462730408E0,4.554339774E1
2.196228854E1,4.616095543E0,-4.534360123E1,3.144737244E0,4.568632052E1
2.197227754E1,4.742009163E0,-4.524685287E1,3.133125305E0,4.560242121E1
2.198226654E1,4.914906502E0,-4.526959610E1,2.905296326E0,4.562820820E1
2.199225554E1,4.826889038E0,-4.503019714E1,2.734046936E0,4.537061301E1
2.200224454E1,4.939216614E0,-4.510589218E1,2.728553772E0,4.545747877E1
2.201223354E1,5.212626457E0,-4.502061081E1,2.800498962E0,4.540781504E1
2.202222254E1,5.338242531E0,-4.499851227E1,2.988540649E0,4.541249074E1
2.203221154E1,5.304764748E0,-4.481767654E1,2.898239136E0,4.522349445E1
2.204220054E1,5.832388878E0,-4.478212357E1,2.812057495E0,4.524779573E1
2.205218954E1,6.091897011E0,-4.465293121E1,3.154991150E0,4.517686846E1
2.206217854E1,6.360365868E0,-4.458876419E1,3.407058716E0,4.516879670E1
2.207216754E1,6.603931427E0,-4.470524979E1,3.185264587E0,4.530250743E1
2.208215554E1,6.758483887E0,-4.476491547E1,3.543739319E0,4.541071294E1
2.209214454E1,6.664525986E0,-4.470189285E1,3.578056335E0,4.533737551E1
2.210213354E1,6.826256752E0,-4.457455444E1,3.783737183E0,4.525268337E1
2.211212254E1,7.017085075E0,-4.439430237E1,3.941894531E0,4.511797977E1
2.212211154E1,7.175807953E0,-4.435647202E1,4.118659973E0,4.512152690E1
2.213210054E1,7.307152748E0,-4.435993958E1,4.218833923E0,4.515525750E1
2.214208954E1,7.385501862E0,-4.418196106E1,4.285850525E0,4.499955373E1
2.215207854E1,7.538105011E0,-4.407828522E1,4.393539429E0,4.493352249E1
2.216206754E1,7.850473404E0,-4.399004364E1,4.836494446E0,4.494602931E1
2.217205654E1,7.950480461E0,-4.394111633E1,4.926925659E0,4.492556556E1
2.218204554E1,8.135707855E0,-4.391165543E1,4.751945496E0,4.491107002E1
2.219203454E1,8.110713959E0,-4.378430939E1,4.690124512E0,4.477551448E1
2.220202354E1,8.435348511E0,-4.370988083E1,4.828041077E0,4.477743592E1
2.221201254E1,8.670665741E0,-4.365184784E1,4.992927551E0,4.478385412E1
2.222200154E1,8.910188675E0,-4.350487137E1,4.925750732E0,4.468029001E1
2.223199054E1,9.219743729E0,-4.356773758E1,4.946968079E0,4.480651655E1
2.224197854E1,9.500635147E0,-4.350679016E1,4.899353027E0,4.480074239E1
2.225196754E1,9.644084930E0,-4.357834625E1,4.748085022E0,4.488457360E1
2.226195654E1,9.854776382E0,-4.346998215E1,5.010200500E0,4.485374092E1
2.227194554E1,9.876600266E0,-4.353697968E1,4.805496216E0,4.490109827E1
2.228193454E1,9.876600266E0,-4.353697968E1,4.805496216E0,4.490109827E1
2.229192354E1,1.031184292E1,-4.346733475E1,4.948051453E0,4.494692990E1
2.230191254E1,1.047034454E1,-4.337177277E1,4.721778870E0,4.486684726E1
2.231190154E1,1.066725349E1,-4.330899811E1,4.509437561E0,4.483073322E1
2.232189054E1,1.079099751E1,-4.332978821E1,4.305366516E0,4.486036507E1
2.233187954E1,1.079451561E1,-4.314308167E1,3.974418640E0,4.465023031E1
2.234186854E1,1.102679443E1,-4.325267792E1,3.822471619E0,4.479950482E1
2.235185754E1,1.121474743E1,-4.341396332E1,3.580337524E0,4.498179173E1
2.236184654E1,1.179877472E1,-4.357516098E1,3.102416992E0,4.525075392E1
2.237183554E1,1.200326729E1,-4.347211838E1,2.381347656E0,4.516164654E1
2.238182454E1,1.200601387E1,-4.368025589E1,1.151855469E0,4.531485291E1
2.239181354E1,1.216550350E1,-4.358972549E1,-5.272521973E-1,4.525860845E1
2.240180154E1,1.193996048E1,-4.381559753E1,-3.355346680E0,4.553710130E1
2.241179054E1,9.535871506E0,-4.441730881E1,-1.180036163E1,4.693696520E1
2.242177954E1,1.386061478E1,-4.699254608E1,-2.273169708E1,5.401061082E1
2.243176854E1,1.236746979E1,-4.689237213E1,-2.650883484E1,5.526813908E1
2.244175754E1,1.078666592E1,-4.650997543E1,-2.854566956E1,5.562719862E1
2.245174654E1,9.029040337E0,-4.477398300E1,-2.960753632E1,5.443196974E1
2.246173554E1,7.509315491E0,-4.306719208E1,-2.946443939E1,5.271931374E1
2.247172454E1,6.975290298E0,-4.090829468E1,-2.733660889E1,4.969339427E1
2.248171354E1,8.242918015E0,-3.912287903E1,-2.145722961E1,4.537574312E1
2.249170254E1,9.847089767E0,-3.805786133E1,-1.654383087E1,4.265049033E1
2.250169154E1,1.184284019E1,-3.780469894E1,-1.148139954E1,4.124646241E1
2.251168054E1,1.381742954E1,-3.803408051E1,-7.150093079E0,4.109302216E1
2.252166954E1,1.539877415E1,-3.853473663E1,-3.624404907E0,4.165554565E1
2.253165854E1,1.638325500E1,-3.891368103E1,-1.285934448E0,4.224143988E1
2.254164754E1,1.430720997E1,-1.492380066E2,2.709022522E0,1.499467161E2
2.255163633E1,1.526941299E1,-1.490868225E2,4.141914368E0,1.499239510E2
2.256162533E1,1.544255447E1,-1.490684052E2,4.277778625E0,1.499271866E2
2.257161433E1,1.562304211E1,-1.486441956E2,4.641418457E0,1.495350096E2
2.258160233E1,1.624571037E1,-1.480982971E2,5.854927063E0,1.491016730E2
2.259159133E1,1.715615463E1,-1.472109680E2,6.508300781E0,1.483501288E2
2.260158033E1,1.710736847E1,-1.462400360E2,5.668083191E0,1.473463178E2
2.261156933E1,1.631186676E1,-1.453080139E2,3.638237000E0,1.462659655E2
2.262155833E1,4.253417969E1,-1.409826813E2,-3.742135620E1,1.519395629E2
2.263154733E1,4.012458801E1,-1.402227020E2,-4.125851440E1,1.515739217E2
2.264153633E1,3.827426910E1,-1.404235229E2,-4.411110687E1,1.520837770E2
2.265152533E1,3.742560577E1,-1.411033783E2,-4.589160919E1,1.530257466E2
2.266151433E1,3.622688675E1,-1.420034790E2,-4.756575775E1,1.540775022E2
2.267150333E1,3.541320038E1,-1.432818604E2,-4.876259613E1,1.554399468E2
2.268149233E1,3.500142670E1,-1.452970276E2,-4.946620178E1,1.574269075E2
2.269148133E1,4.344941711E1,-1.584009857E2,-6.040159607E1,1.750059340E2
2.270147033E1,4.280567932E1,-1.608251953E2,-6.045650482E1,1.770651253E2
2.271145933E1,4.222555542E1,-1.632927856E2,-6.020861816E1,1.790882717E2
2.272144833E1,4.205886841E1,-1.656935730E2,-5.983793640E1,1.811184341E2
2.273143733E1,4.251045990E1,-1.671534271E2,-5.900427246E1,1.822879907E2
2.274142533E1,4.322823334E1,-1.681018524E2,-5.798445892E1,1.830003017E2
2.275141433E1,2.091555786E1,-1.174689484E2,4.802859497E1,1.286202174E2
2.276140333E1,2.238756561E1,-1.177328644E2,4.949461365E1,1.296608932E2
2.277139233E1,2.392236710E1,-1.174199677E2,5.084817505E1,1.301739811E2
2.278138133E1,2.621787453E1,-1.168577118E2,5.279669952E1,1.308838922E2
2.279137033E1,3.596156311E1,-8.413759613E1,4.235932922E1,1.008299652E2
2.280135933E1,3.874676895E1,-8.291435242E1,4.400972748E1,1.015527353E2
2.281134833E1,4.024300003E1,-8.153619385E1,4.499981689E1,1.014526169E2
2.282133733E1,4.026965332E1,-8.055118561E1,4.493048096E1,1.006423698E2
2.283132633E1,4.697611618E1,-6.643000793E1,-5.402565002E0,8.154072083E1
2.284131533E1,4.594537735E1,-6.599448395E1,-5.678611755E0,8.061325104E1
2.285130433E1,4.515172577E1,-6.552503967E1,-5.756683350E0,7.978313460E1
2.286129333E1,4.439455414E1,-6.499279022E1,-5.634956360E0,7.890939077E1
2.287128233E1,4.682776642E1,-6.121122360E1,-1.732597351E0,7.708862106E1
2.288127133E1,4.706196594E1,-6.097291946E1,-1.226196289E0,7.703264960E1
2.289126033E1,4.727606201E1,-6.070896912E1,-8.593292236E-1,7.695026587E1
2.290124933E1,4.738549423E1,-6.065520859E1,-6.477355957E-1,7.697310539E1
2.291123733E1,4.757568741E1,-6.043412018E1,-7.243041992E-1,7.691718619E1
2.292122633E1,4.737363052E1,-6.037679672E1,-8.186798096E-1,7.674821619E1
2.293121533E1,4.978701019E1,-5.234729385E1,-6.022377014E0,7.249313473E1
2.294120433E1,4.943087006E1,-5.247615433E1,-6.460853577E0,7.238024811E1
2.295119333E1,4.922152710E1,-5.246825027E1,-6.890968323E0,7.227144292E1
2.296118233E1,4.930651855E1,-5.268844604E1,-7.520355225E0,7.255178055E1
2.297117133E1,4.953223038E1,-5.299649429E1,-7.927780151E0,7.297204911E1
2.298116033E1,4.998339462E1,-5.329508591E1,-8.268814087E0,7.353284440E1
2.299114933E1,5.036642838E1,-5.333128738E1,-8.313949585E0,7.382496244E1
2.300113833E1,5.095266724E1,-5.343091583E1,-7.897796631E0,7.425235523E1
2.301112733E1,5.122422409E1,-5.319705582E1,-7.727745056E0,7.425338999E1
2.302111633E1,5.124513245E1,-5.302386093E1,-7.329315186E0,7.410338918E1
2.303110533E1,4.328558350E1,-4.996640396E1,-1.482965088E1,6.775102810E1
2.304109433E1,4.284320831E1,-4.971424866E1,-1.492578125E1,6.730398178E1
2.305108333E1,4.194066620E1,-4.946545792E1,-1.512853241E1,6.659371968E1
2.306107233E1,4.148369217E1,-4.956271362E1,-1.540864563E1,6.644385342E1
2.307106033E1,4.099021912E1,-4.964765930E1,-1.566001129E1,6.625952076E1
2.308104933E1,4.067046356E1,-4.976621628E1,-1.572685242E1,6.616718806E1
2.309103833E1,4.024251556E1,-5.004710770E1,-1.648706818E1,6.630231116E1
2.310102733E1,3.977069855E1,-5.009449005E1,-1.668581390E1,6.610281977E1
2.311101633E1,3.977069855E1,-5.009449005E1,-1.668581390E1,6.610281977E1
2.312100533E1,3.935364532E1,-5.024217606E1,-1.688919830E1,6.601689689E1
2.313099433E1,2.789535141E1,-5.077531052E1,-9.931930542E0,5.877861884E1
2.314098333E1,2.769715500E1,-5.089733887E1,-1.056204224E1,5.890015480E1
2.315097233E1,2.779497910E1,-5.121241379E1,-1.088749695E1,5.927739686E1
2.316096133E1,2.803238487E1,-5.151546478E1,-1.135804749E1,5.973828719E1
2.317095033E1,2.857592392E1,-5.176919937E1,-1.157213593E1,6.025402693E1
2.318093933E1,2.892419243E1,-5.210100555E1,-1.181380463E1,6.075104663E1
2.319092833E1,2.955061150E1,-5.232288742E1,-1.163446808E1,6.120689532E1
2.320091733E1,2.973655891E1,-5.245379257E1,-1.190041351E1,6.145960570E1
2.321090633E1,3.008642960E1,-5.245021057E1,-1.215081787E1,6.167544252E1
2.322089533E1,3.007866859E1,-5.260541153E1,-1.278995514E1,6.193253248E1
2.323088433E1,2.938225746E1,-5.274920273E1,-1.393134308E1,6.196674723E1
2.324087333E1,2.874011993E1,-5.262305832E1,-1.451406860E1,6.169148197E1
2.325086133E1,2.864706993E1,-5.239278412E1,-1.452677917E1,6.145474560E1
2.326085033E1,2.788709641E1,-5.194258881E1,-1.482165527E1,6.078983585E1
2.327083933E1,2.839917183E1,-5.133624268E1,-1.430769348E1,6.038735683E1
2.328082833E1,2.933627701E1,-5.081671524E1,-1.353833771E1,6.021828862E1
2.329081733E1,3.129400635E1,-5.044140625E1,-1.249567413E1,6.066129054E1
2.330080633E1,3.248463821E1,-5.061236954E1,-1.181882477E1,6.129068680E1
2.331079533E1,3.234445572E1,-5.162360001E1,-1.183630371E1,6.205850448E1
2.332078433E1,3.188410568E1,-5.352545547E1,-1.149554443E1,6.335391165E1
2.333077333E1,3.297066879E1,-5.584077454E1,-1.066646576E1,6.571933196E1
2.334076233E1,3.315741348E1,-5.842119217E1,-1.137879181E1,6.813168621E1
2.335075133E1,2.874318314E1,-6.046185684E1,-1.323266602E1,6.824155742E1
2.336074033E1,2.205877495E1,-6.141161728E1,-1.475408936E1,6.690036952E1
2.337072933E1,1.781967354E1,-5.949787903E1,-1.471160126E1,6.382765533E1
2.338071833E1,1.361825180E1,-5.529079819E1,-1.498037720E1,5.888073409E1
2.339070733E1,1.057463837E1,-5.032898712E1,-1.427915192E1,5.337344003E1
2.340069633E1,1.344550896E1,-4.591382980E1,-1.169977570E1,4.925186524E1
2.341068433E1,1.827923393E1,-4.280051422E1,-9.598785400E0,4.752000728E1
2.342067333E1,1.964897728E1,-4.201289368E1,-8.713874817E0,4.719213025E1
2.343066233E1,4.615871048E1,-2.860667038E1,9.518737793E0,5.513233636E1
2.344065133E1,4.921048355E1,-2.848191071E1,1.136176300E1,5.798258866E1
2.345064033E1,5.000392151E1,-2.834108734E1,1.226264954E1,5.877058764E1
2.346062933E1,4.920770264E1,-2.834726715E1,1.257556152E1,5.816451067E1
2.347061833E1,5.061642456E1,-2.751678085E1,1.390087891E1,5.926575823E1
2.348060733E1,5.458245850E1,-2.711706924E1,1.554038239E1,6.289740618E1
2.349059633E1,5.816054916E1,-2.755401993E1,1.631307220E1,6.639269401E1
2.350058533E1,5.978290176E1,-2.922843933E1,1.617996216E1,6.848421851E1
2.351057433E1,6.156098557E1,-3.078430557E1,1.585338593E1,7.063114227E1
2.352056333E1,5.914706421E1,-5.709407425E1,-1.529205322E0,8.222193739E1
2.353055233E1,6.141622543E1,-5.908323669E1,-2.582618713E0,8.526107860E1
2.354054133E1,6.085866165E1,-6.102526855E1,-4.900001526E0,8.632421511E1
2.355053017E1,5.922581100E1,-6.185129166E1,-7.016586304E0,8.592154242E1
2.356051917E1,5.913658524E1,-6.186661530E1,-8.192863464E0,8.597521046E1
2.357050817E1,6.105442429E1,-6.156279755E1,-8.212890625E0,8.709232078E1
2.358049717E1,6.315157318E1,-6.202427673E1,-8.431854248E0,8.891697400E1
2.359048517E1,6.312335968E1,-6.291136551E1,-9.068367004E0,8.958031998E1
2.360047417E1,6.206229782E1,-6.317416382E1,-9.817886353E0,8.910159750E1
2.361046317E1,6.251531601E1,-6.267823792E1,-9.445159912E0,8.902773326E1
2.362045217E1,2.381248856E1,-5.389624786E1,-2.156986237E1,6.274630752E1
2.363044117E1,2.622716904E1,-5.510313797E1,-2.023963165E1,6.429512345E1
2.364043017E1,2.655558014E1,-5.712381744E1,-2.008704376E1,6.611972991E1
2.365041917E1,2.563182068E1,-5.873770142E1,-2.029552460E1,6.722362767E1
2.366040817E1,2.395318222E1,-5.989352036E1,-2.055426025E1,6.770130230E1
2.367039717E1,2.286259079E1,-6.040216827E1,-2.058518219E1,6.778546832E1
2.368038617E1,2.226312065E1,-6.098320389E1,-2.060227203E1,6.811058149E1
2.369037517E1,2.168221664E1,-6.118840408E1,-2.039619446E1,6.804516192E1
2.370036417E1,2.143070602E1,-6.144165421E1,-1.985926819E1,6.803486287E1
2.371035317E1,2.125192642E1,-6.163866425E1,-2.001064301E1,6.820113738E1
2.372034217E1,2.121471214E1,-6.191015244E1,-1.999605560E1,6.843079150E1
2.373033117E1,2.146467400E1,-6.208369064E1,-1.971246338E1,6.858351177E1
2.374032017E1,2.207056808E1,-6.232601929E1,-1.898358154E1,6.878967236E1
2.375030917E1,2.346241379E1,-6.217494583E1,-1.799010468E1,6.884658754E1
2.376029717E1,2.497254562E1,-6.143655396E1,-1.634304810E1,6.830207477E1
2.377028617E1,2.567116165E1,-6.015108871E1,-1.521800232E1,6.714722339E1
2.378027517E1,2.431788254E1,-5.899183655E1,-1.493386841E1,6.553179851E1
2.379026417E1,2.187506104E1,-5.880138779E1,-1.596579742E1,6.473815095E1
2.380025317E1,2.015996361E1,-5.967045975E1,-1.696302032E1,6.522830641E1
2.381024217E1,2.009062195E1,-6.068265533E1,-1.715226746E1,6.618321560E1
2.382023117E1,2.175739670E1,-6.139649200E1,-1.658634949E1,6.721622223E1
2.383022017E1,2.391830826E1,-6.102150345E1,-1.500571442E1,6.723749563E1
2.384020917E1,2.557883453E1,-6.026850891E1,-1.349862671E1,6.684895561E1
2.385019817E1,2.600859261E1,-5.903770065E1,-1.222376251E1,6.566062258E1
2.386018717E1,2.558116531E1,-5.811433411E1,-1.160770416E1,6.454773926E1
2.387017617E1,2.475450516E1,-5.738671112E1,-1.184213257E1,6.361018977E1
2.388016517E1,2.495325089E1,-5.678353500E1,-1.161808014E1,6.310320407E1
2.389015417E1,2.636439133E1,-5.539907455E1,-1.072825623E1,6.228349760E1
2.390014317E1,2.800148773E1,-5.319598007E1,-9.131828308E0,6.080531144E1
2.391013217E1,2.882684135E1,-5.007220078E1,-7.776298523E0,5.829822374E1
2.392012117E1,2.723360062E1,-4.725631714E1,-7.977355957E0,5.512228878E1
2.393011017E1,2.399573898E1,-4.510175323E1,-9.156707764E0,5.190191645E1
2.394009817E1,2.399573898E1,-4.510175323E1,-9.156707764E0,5.190191645E1
2.395008717E1,2.090756607E1,-4.440391159E1,-1.132405853E1,5.036931591E1
2.396007617E1,1.904564476E1,-4.391324234E1,-1.247034454E1,4.946330893E1
2.397006517E1,1.854798126E1,-4.350034332E1,-1.293484497E1,4.902670387E1
2.398005417E1,1.821161079E1,-4.303669357E1,-1.315164948E1,4.854673671E1
2.399004317E1,1.805945206E1,-4.242370224E1,-1.306120300E1,4.792190881E1
2.400003217E1,1.772681808E1,-4.201963043E1,-1.347317505E1,4.755434646E1
2.401002117E1,1.730252838E1,-4.174966431E1,-1.365409851E1,4.721065943E1
2.402001017E1,7.916619873E1,-3.319739151E1,-2.575907898E1,8.962635759E1
2.402999917E1,7.814797974E1,-3.317216873E1,-2.655603027E1,8.895348368E1
2.403998817E1,7.678542328E1,-3.324944687E1,-2.799848175E1,8.823515130E1
2.404997717E1,7.484709930E1,-3.386463547E1,-2.941817474E1,8.726013302E1
2.405996617E1,7.301257324E1,-3.503902054E1,-3.136113739E1,8.684520568E1
2.406995517E1,7.227882385E1,-3.671059036E1,-3.252841949E1,8.734983627E1
2.407994417E1,7.363081360E1,-3.814574051E1,-3.202631378E1,8.889476365E1
2.408993317E1,7.503735352E1,-3.845814896E1,-3.114627075E1,8.988728400E1
2.409992217E1,7.371066284E1,-3.872762299E1,-3.201677704E1,8.920854561E1
2.410991017E1,7.267883301E1,-3.893444824E1,-3.291245270E1,8.877687520E1
2.411989917E1,7.396478271E1,-3.810373688E1,-3.256690216E1,8.934924153E1
2.412988817E1,7.130960083E1,-3.679013824E1,-3.505926514E1,8.756554982E1
2.413987717E1,6.641028595E1,-3.921738434E1,-4.071428680E1,8.721228391E1
2.414986617E1,6.648307800E1,-4.412233353E1,-4.184471893E1,9.009861530E1
2.415985517E1,6.661937714E1,-4.909075165E1,-4.196117401E1,9.278352996E1
2.416984417E1,6.794799805E1,-5.421943283E1,-4.099897003E1,9.611239711E1
2.417983317E1,2.263555145E2,-5.294023132E1,-6.078865814E1,2.402805610E2
2.418982217E1,2.291672211E2,-5.024196243E1,-5.834976196E1,2.417572434E2
2.419981117E1,2.275505829E2,-4.950893021E1,-5.997223663E1,2.404725995E2
2.420980017E1,2.294621735E2,-5.013922882E1,-5.853290558E1,2.420597702E2
2.421978917E1,2.293020782E2,-5.091975021E1,-5.919885254E1,2.422328801E2
2.422977817E1,2.284624634E2,-5.278388596E1,-6.048159027E1,2.421554430E2
2.423976717E1,2.302171173E2,-5.518017960E1,-5.919465637E1,2.440261885E2
2.424975617E1,2.344602509E2,-5.618651199E1,-5.510964203E1,2.473168130E2
2.425974517E1,2.040234680E2,-3.702167511E1,-5.859149933E1,2.154742298E2
2.426973417E1,2.070996857E2,-3.475444794E1,-5.555010223E1,2.172187039E2
2.427972317E1,2.073556824E2,-3.182868385E1,-5.484146118E1,2.168341071E2
2.428971117E1,2.057619324E2,-2.905473900E1,-5.618339539E1,2.152643133E2
2.429970017E1,2.034619141E2,-2.749671745E1,-5.787931824E1,2.133139363E2
2.430968917E1,2.019530182E2,-2.672421837E1,-5.884352875E1,2.120418975E2
2.431967817E1,2.011731110E2,-2.679484367E1,-5.854855347E1,2.112262231E2
2.432966717E1,3.896021652E1,-3.938427734E1,-5.251559830E1,7.633418525E1
2.433965617E1,3.873663712E1,-3.975546646E1,-5.157236862E1,7.576762748E1
2.434964517E1,3.887326050E1,-3.984006500E1,-5.020785141E1,7.496125335E1
2.435963417E1,3.866199112E1,-4.005528259E1,-4.922089767E1,7.430929948E1
2.436962317E1,3.864122772E1,-3.994816589E1,-4.770889664E1,7.324711091E1
2.437961217E1,3.867152405E1,-4.026456833E1,-4.620296097E1,7.246679127E1
2.438960117E1,6.373028564E1,-4.649852371E1,-4.391140747E1,9.028772742E1
2.439959017E1,6.350504303E1,-4.679874802E1,-4.216851807E1,8.944941152E1
2.440957917E1,6.350860596E1,-4.679069901E1,-4.078160858E1,8.880232059E1
2.441956817E1,6.301878357E1,-4.709587097E1,-3.926548004E1,8.792704969E1
2.442955717E1,6.262609100E1,-4.744177246E1,-3.833919525E1,8.742221080E1
2.443954617E1,6.204602051E1,-4.829080200E1,-3.788704681E1,8.727621976E1
2.444953517E1,6.150328827E1,-4.966116714E1,-3.804850006E1,8.773012223E1
2.445952317E1,5.944289017E1,-5.195184708E1,-4.037686157E1,8.867210698E1
2.446951217E1,7.683324432E1,-6.754724121E1,-4.293297195E1,1.109469121E2
2.447950117E1,7.182184601E1,-6.801934814E1,-5.067564774E1,1.111441881E2
2.448949017E1,6.834614563E1,-6.722796631E1,-5.520787430E1,1.106286783E2
2.449947917E1,6.935227966E1,-6.714477539E1,-5.181911850E1,1.095599407E2
2.450946817E1,7.428254700E1,-6.954879761E1,-4.180810928E1,1.100129540E2
2.451945717E1,7.826022339E1,-7.392990875E1,-3.477034378E1,1.131338622E2
2.452944617E1,7.680774689E1,-7.577822876E1,-3.933082199E1,1.148419936E2
2.453943517E1,7.089116669E1,-7.167118073E1,-5.367329788E1,1.142065610E2
2.454942433E1,6.791376495E1,-6.349564362E1,-6.382290268E1,1.127711804E2
2.455941333E1,7.152899933E1,-5.768576813E1,-6.179126358E1,1.107348448E2
2.456940233E1,7.850039673E1,-5.709506989E1,-5.075469589E1,1.095362883E2
2.457939133E1,8.434680176E1,-6.008126831E1,-3.939262009E1,1.107967521E2
2.458938033E1,8.777686310E1,-6.362704849E1,-3.121924973E1,1.128176429E2
2.459936933E1,8.836870575E1,-6.708902740E1,-2.693105698E1,1.141720088E2
2.460935833E1,8.753361511E1,-7.029940796E1,-2.434617233E1,1.148776595E2
2.461934733E1,8.748693085E1,-7.527941895E1,-1.913541412E1,1.169919572E2
2.462933633E1,8.404976654E1,-7.934928131E1,-1.928002167E1,1.171852846E2
2.463932433E1,7.745826721E1,-8.032383728E1,-2.719797897E1,1.148539597E2
2.464931333E1,6.971450043E1,-7.595774078E1,-4.151492691E1,1.111448564E2
2.465930233E1,6.422593689E1,-6.931139374E1,-5.402773666E1,1.088486867E2
2.466929133E1,6.306492996E1,-6.489601898E1,-5.817658615E1,1.075787797E2
2.467928033E1,6.452218628E1,-6.416162109E1,-5.429439163E1,1.059608754E2
2.468926933E1,6.684098816E1,-6.572347260E1,-4.852254105E1,1.055543914E2
2.469925833E1,6.798165894E1,-6.740133667E1,-4.488638687E1,1.057318961E2
2.470924733E1,6.834081268E1,-6.858319092E1,-4.429182053E1,1.064701184E2
2.471923633E1,6.855755615E1,-6.939590454E1,-4.449840927E1,1.072195808E2
2.472922533E1,6.856942749E1,-6.959980774E1,-4.484496689E1,1.075033519E2
2.473921433E1,6.859164429E1,-6.995063019E1,-4.484618759E1,1.077454633E2
2.474920333E1,6.855405426E1,-7.029426575E1,-4.425536728E1,1.077008806E2
2.475919233E1,6.864534760E1,-7.077161407E1,-4.292884445E1,1.075346028E2
2.476918133E1,6.951316071E1,-7.170557404E1,-4.011486435E1,1.076242129E2
2.477917033E1,6.951316071E1,-7.170557404E1,-4.011486435E1,1.076242129E2
2.478915933E1,7.068402100E1,-7.265059662E1,-3.716523361E1,1.079610791E2
2.479914833E1,7.149986267E1,-7.293711853E1,-3.720904160E1,1.087040312E2
2.480913733E1,7.196817780E1,-7.176969147E1,-4.037066269E1,1.093622313E2
2.481912533E1,7.178284454E1,-6.942169189E1,-4.678107071E1,1.102751860E2
2.482911433E1,7.120929718E1,-6.813447571E1,-5.356671524E1,1.121715818E2
2.483910333E1,7.086855316E1,-6.789414215E1,-5.962089157E1,1.148329965E2
2.484909233E1,7.000566864E1,-6.817601013E1,-6.574787903E1,1.177775259E2
2.485908133E1,6.895168304E1,-6.914654541E1,-7.055291748E1,1.204711314E2
2.486907033E1,6.811600494E1,-7.242663574E1,-6.894791412E1,1.209926550E2
2.487905933E1,7.559506989E1,-7.889405823E1,-5.506050873E1,1.223541852E2
2.488904833E1,8.720085144E1,-8.166422272E1,-3.504291534E1,1.245031714E2
2.489903733E1,9.130451202E1,-7.774581909E1,-2.861283112E1,1.232867406E2
2.490902633E1,8.909362793E1,-7.207653046E1,-3.346229553E1,1.193835248E2
2.491901533E1,8.425413513E1,-6.709629059E1,-4.226093292E1,1.157007258E2
2.492900433E1,7.983167267E1,-6.417440796E1,-5.035339355E1,1.141355109E2
2.493899333E1,7.706002045E1,-6.226979065E1,-5.527664948E1,1.134516706E2
2.494898233E1,7.606880188E1,-6.138011932E1,-5.727207184E1,1.132875628E2
2.495897133E1,7.575836182E1,-6.061422729E1,-5.830394745E1,1.131934814E2
2.496896033E1,7.562360382E1,-5.986063385E1,-5.857192230E1,1.128401304E2
2.497894933E1,7.548204803E1,-5.907147217E1,-5.945887756E1,1.127933354E2
2.498893833E1,7.527949524E1,-5.829506683E1,-6.044075775E1,1.127758947E2
2.499892633E1,7.478264618E1,-5.745243835E1,-6.117111206E1,1.124061021E2
2.500891533E1,7.455023956E1,-5.699329376E1,-6.151763153E1,1.122069193E2
2.501890433E1,7.444419861E1,-5.648120117E1,-6.162545776E1,1.119364187E2
2.502889333E1,7.504234314E1,-5.635191345E1,-6.057975769E1,1.116995902E2
2.503888233E1,7.635969543E1,-5.667315674E1,-5.840359497E1,1.115958319E2
2.504887133E1,7.818009186E1,-5.727708435E1,-5.507000732E1,1.114697128E2
2.505886033E1,7.997998047E1,-5.835379028E1,-5.177914429E1,1.117275342E2
2.506884933E1,8.242521667E1,-5.988173676E1,-4.736391449E1,1.123524772E2
2.507883833E1,8.583729553E1,-6.305980682E1,-4.116974640E1,1.141907551E2
2.508882733E1,8.921124268E1,-6.757849884E1,-3.422113800E1,1.170324127E2
2.509881633E1,9.158742523E1,-7.296155548E1,-2.889315033E1,1.206087027E2
2.510880533E1,9.195525360E1,-7.908068848E1,-2.633680725E1,1.241094330E2
2.511879433E1,8.845515442E1,-8.373308563E1,-3.014065552E1,1.254751094E2
2.512878333E1,8.148599243E1,-8.366291046E1,-4.108904266E1,1.238053269E2
2.513877233E1,7.269487762E1,-7.878932190E1,-5.671749115E1,1.212813930E2
2.514876133E1,6.565454102E1,-7.119458008E1,-7.034980774E1,1.197008038E2
2.515875033E1,6.237113953E1,-6.406579590E1,-7.630913544E1,1.175485832E2
2.516873933E1,6.405044556E1,-6.043006897E1,-7.368816376E1,1.148224642E2
2.517872833E1,6.795971680E1,-6.041173553E1,-6.647174072E1,1.126347780E2
2.518871633E1,7.242042542E1,-6.250426483E1,-5.716745758E1,1.114433459E2
2.519870533E1,7.718521118E1,-6.682792664E1,-4.735991669E1,1.125455033E2
2.520869433E1,7.980037689E1,-7.232932281E1,-4.088533783E1,1.152008765E2
2.521868333E1,7.622953033E1,-7.605856323E1,-4.527537537E1,1.168148362E2
2.522867233E1,6.665501404E1,-7.110294342E1,-6.247240448E1,1.157640738E2
2.523866133E1,6.674096680E1,-6.411453247E1,-6.645843506E1,1.139374983E2
2.524865033E1,7.495391846E1,-7.183909607E1,-5.127745819E1,1.157943148E2
2.525863933E1,2.827928543E1,1.120632248E2,-4.187625122E1,1.229288605E2
2.526862833E1,3.914456177E1,1.176011963E2,-2.742460632E1,1.269426923E2
2.527861733E1,3.527693939E1,1.161508942E2,-3.172088623E1,1.254659607E2
2.528860633E1,3.531951141E1,1.211939316E2,-3.209969330E1,1.302529357E2
2.529859533E1,-2.359627533E1,5.100708771E1,-1.376506958E2,1.486816104E2
2.530858433E1,-3.684434128E1,5.791095734E1,-1.566406555E2,1.710189446E2
2.531857333E1,-3.072114944E1,6.429573822E1,-1.474814758E2,1.637941290E2
2.532856233E1,-2.561395836E1,5.614536285E1,-1.355749054E2,1.489594965E2
2.533855133E1,-5.621019363E0,1.464725952E2,-1.283515167E2,1.948330795E2
2.534854033E1,3.960762024E-1,1.518017426E2,-1.147344208E2,1.902837703E2
2.535852933E1,5.063241482E0,1.433686676E2,-1.002054749E2,1.749895667E2
2.536851733E1,-2.033838272E0,1.431524658E2,-1.103152847E2,1.807380066E2
2.537850633E1,-5.335294724E0,1.466758728E2,-1.179504776E2,1.882938985E2
2.538849533E1,-3.698222160E0,1.482443848E2,-1.176073380E2,1.892658458E2
2.539848433E1,-2.330144310E1,1.336755371E2,-3.719034195E1,1.406955152E2
2.540847333E1,-2.130735779E1,1.330191956E2,-3.465747452E1,1.391015831E2
2.541846233E1,-2.010040855E1,1.322029266E2,-3.342562485E1,1.378365432E2
2.542845133E1,-1.895425606E1,1.314549103E2,-3.224960709E1,1.366736786E2
2.543844033E1,-1.793460083E1,1.305530243E2,-3.094211197E1,1.353630539E2
2.544842933E1,-1.650292397E1,1.295732727E2,-2.937202835E1,1.338816475E2
2.545841833E1,-1.493462563E1,1.279689713E2,-2.827435684E1,1.319035250E2
2.546840733E1,-1.350144577E1,1.263602753E2,-2.706258011E1,1.299291786E2
2.547839633E1,-3.932700348E1,-6.977795410E1,6.336584473E1,1.021313192E2
2.548838533E1,-4.028853989E1,-7.074160767E1,6.142150116E1,1.019810880E2
2.549837433E1,-4.115866089E1,-7.135153961E1,5.952099609E1,1.016259147E2
2.550836333E1,-4.129825974E1,-7.102098846E1,5.778095245E1,1.004398602E2
2.551835233E1,9.961249352E0,-3.413517380E1,-1.991279602E1,4.075482823E1
2.552834133E1,1.196461296E1,-3.474180984E1,-1.987845612E1,4.177676785E1
2.553833033E1,1.272810078E1,-3.630094910E1,-2.038880157E1,4.353695768E1
2.554831933E1,1.277655888E1,-3.783487701E1,-2.126138306E1,4.524118461E1
2.555830796E1,-1.206118393E1,-4.643293762E1,2.783947754E1,5.546644358E1
2.556829696E1,-1.104811096E1,-4.707415390E1,2.742960358E1,5.559154498E1
2.557828596E1,-8.780056000E0,-4.751497650E1,2.655280304E1,5.513450575E1
2.558827496E1,-6.256220818E0,-4.736310959E1,2.482979584E1,5.384164940E1
2.559826396E1,-3.125136852E0,-7.880378723E1,2.120838165E1,8.166761179E1
2.560825296E1,-3.125136852E0,-7.880378723E1,2.120838165E1,8.166761179E1
2.561824196E1,-2.444814682E0,-7.859782410E1,2.003902435E1,8.114898378E1
2.562823096E1,-2.146264076E0,-7.867883301E1,1.964904022E1,8.112367099E1
2.563821996E1,-2.119705200E0,-7.840543365E1,1.947146606E1,8.081486972E1
2.564820896E1,-1.767396927E0,-7.833531189E1,1.949644470E1,8.074438765E1
2.565819796E1,-9.668874741E-1,-7.796453857E1,1.922823334E1,8.030646987E1
2.566818696E1,2.367362976E-1,-7.729502106E1,1.953150940E1,7.972487807E1
2.567817596E1,2.773809814E1,-7.651118469E1,4.387351990E1,9.245674243E1
2.568816496E1,2.874463272E1,-7.505786133E1,4.379605865E1,9.153158587E1
2.569815396E1,2.863199997E1,-7.334922791E1,4.325155640E1,8.983650587E1
2.570814296E1,2.728505898E1,-7.208766937E1,4.187997437E1,8.772137010E1
2.571813196E1,2.499509811E1,-7.152021790E1,3.996644592E1,8.565753497E1
2.572812096E1,2.284791565E1,-7.173390198E1,3.846208191E1,8.454059195E1
2.573810996E1,3.179196930E1,-7.468097687E1,-1.957046509E0,8.118994795E1
2.574809796E1,3.168694115E1,-7.503041077E1,-2.020309448E0,8.147212056E1
2.575808696E1,3.193846321E1,-7.485630798E1,-1.410446167E0,8.139730730E1
2.576807596E1,3.151832771E1,-7.480314636E1,-8.579254150E-1,8.117666982E1
2.577806496E1,3.011593819E1,-7.497830200E1,-2.776489258E-1,8.080094426E1
2.578805396E1,2.827928925E1,-7.579972839E1,1.677474976E-1,8.090330750E1
2.579804296E1,1.044824886E1,-5.836954498E1,-4.652999878E0,5.947957711E1
2.580803196E1,1.254758072E1,-5.808617401E1,-2.026489258E0,5.946050834E1
2.581802096E1,1.469154930E1,-5.664592743E1,1.227264404E0,5.853297270E1
2.582800996E1,1.442978477E1,-5.457513809E1,3.708740234E0,5.657224709E1
2.583799896E1,1.265093803E1,-5.176789474E1,4.806243896E0,5.350758021E1
2.584798796E1,1.199292946E1,-4.858322525E1,6.089309692E0,5.041071141E1
2.585797696E1,4.669339752E1,-1.653268242E1,-7.867416382E0,5.015475252E1
2.586796596E1,4.312945557E1,-1.471728325E1,-8.939575195E0,4.643990061E1
2.587795496E1,3.955463791E1,-1.385148811E1,-1.117137146E1,4.337317885E1
2.588794396E1,3.817658997E1,-1.338208580E1,-1.271826935E1,4.240620965E1
2.589793296E1,3.790119553E1,-1.307137489E1,-1.372799683E1,4.237710892E1
2.590792196E1,3.729861832E1,-1.308175468E1,-1.440578461E1,4.206953606E1
2.591791096E1,3.572082520E1,-1.314826393E1,-1.570916748E1,4.117805411E1
2.592789996E1,3.392480087E1,-1.338699532E1,-1.708502197E1,4.027408265E1
2.593788796E1,3.236964035E1,-1.350704384E1,-1.848403931E1,3.964711287E1
2.594787696E1,3.125724411E1,-1.380390358E1,-1.965251923E1,3.941807422E1
2.595786596E1,3.049650574E1,-1.407312584E1,-2.061144257E1,3.940712242E1
2.596785496E1,3.011528015E1,-1.443190575E1,-2.133094025E1,3.962598912E1
2.597784396E1,3.001513290E1,-1.478022575E1,-2.211779022E1,4.010685628E1
2.598783296E1,3.001148415E1,-1.523413277E1,-2.245804596E1,4.046148552E1
2.599782196E1,2.990515137E1,-1.597731972E1,-2.291508484E1,4.092302453E1
2.600781096E1,2.899919510E1,-1.720640755E1,-2.346929169E1,4.108310394E1
2.601779996E1,2.658258247E1,-1.877838326E1,-2.517012787E1,4.114361075E1
2.602778896E1,5.603604889E1,-4.988289261E1,-6.515141296E1,9.936321433E1
2.603777796E1,5.515567780E1,-5.250324631E1,-6.679540253E1,1.012934621E2
2.604776696E1,5.650697327E1,-5.533020020E1,-6.710397339E1,1.037179460E2
2.605775596E1,5.854167938E1,-5.850174713E1,-6.704564667E1,1.065115082E2
2.606774496E1,6.059204865E1,-6.153319550E1,-6.704439545E1,1.093283196E2
2.607773396E1,6.322686768E1,-6.404386139E1,-6.700492859E1,1.122003272E2
2.608772296E1,6.811981964E1,-6.460106659E1,-6.530919647E1,1.143630131E2
2.609771196E1,7.296620178E1,-6.363419342E1,-6.301926422E1,1.155197162E2
2.610770096E1,1.040587692E2,-2.038404465E1,-3.431519318E1,1.114507479E2
2.611768996E1,1.042401199E2,-1.873405838E1,-3.420178986E1,1.112956871E2
2.612767796E1,1.050107956E2,-1.693214798E1,-3.394898224E1,1.116534738E2
2.613766696E1,1.058334274E2,-1.550172043E1,-3.368370819E1,1.121410268E2
2.614765596E1,1.050347366E2,-1.477565002E1,-3.424420929E1,1.114597757E2
2.615764496E1,1.033968811E2,-1.491504288E1,-3.564646149E1,1.103813560E2
2.616763396E1,1.029566803E2,-1.527991104E1,-3.644559479E1,1.102807104E2
2.617762296E1,1.038355179E2,-1.536822510E1,-3.682135010E1,1.112376238E2
2.618761196E1,1.055847321E2,-1.512755585E1,-3.622261810E1,1.126457130E2
2.619760096E1,1.059839249E2,-1.495589066E1,-3.591219330E1,1.128979921E2
2.620758996E1,1.052875290E2,-1.485073853E1,-3.596972656E1,1.122489618E2
2.621757896E1,1.042541885E2,-1.515787506E1,-3.650070190E1,1.114943866E2
2.622756796E1,1.038524704E2,-1.517655182E1,-3.699406433E1,1.112844290E2
2.623755696E1,1.042881165E2,-1.514774323E1,-3.726380157E1,1.117768145E2
2.624754596E1,-5.517642498E0,-1.872643280E1,-4.966554260E1,5.336468670E1
2.625753496E1,-4.759159088E0,-1.864190292E1,-4.909693146E1,5.273214218E1
2.626752396E1,-4.382254601E0,-1.858092499E1,-4.888809204E1,5.248333519E1
2.627751296E1,-4.405375481E0,-1.863768005E1,-4.900833130E1,5.261736394E1
2.628750196E1,-4.305754185E0,-1.859408951E1,-4.895475769E1,5.254377208E1
2.629749096E1,-4.244401932E0,-1.866078186E1,-4.902875519E1,5.263134582E1
2.630747896E1,-4.208841801E0,-1.856588745E1,-4.919213867E1,5.274725617E1
2.631746796E1,-4.075894356E0,-1.873166656E1,-4.929907227E1,5.289505434E1
2.632745696E1,-3.952049017E0,-1.858248138E1,-4.914963531E1,5.269358554E1
2.633744596E1,-3.990593433E0,-1.848001480E1,-4.885810852E1,5.238845819E1
2.634743496E1,-3.792162180E0,-1.821282959E1,-4.886229706E1,5.228395289E1
2.635742396E1,-3.898149490E0,-1.817047119E1,-4.875909424E1,5.218056021E1
2.636741296E1,-3.823641062E0,-1.787899017E1,-4.865025330E1,5.197235483E1
2.637740196E1,-3.885451317E0,-1.780778885E1,-4.877961731E1,5.207365112E1
2.638739096E1,1.926796436E0,-1.319720078E1,-4.884491348E1,5.063303493E1
2.639737996E1,1.947786093E0,-1.314402390E1,-4.882069016E1,5.059663054E1
2.640736896E1,1.826959848E0,-1.298831177E1,-4.899428177E1,5.071955906E1
2.641735796E1,1.762432575E0,-1.293194580E1,-4.876713943E1,5.048341589E1
2.642734696E1,1.853816748E0,-1.295483017E1,-4.870880508E1,5.043621669E1
2.643733596E1,1.932724476E0,-1.307558823E1,-4.881713486E1,5.057488593E1
2.644732496E1,1.932724476E0,-1.307558823E1,-4.881713486E1,5.057488593E1
2.645731396E1,2.029629469E0,-1.289239120E1,-4.868115616E1,5.040027888E1
2.646730296E1,2.205536127E0,-1.296493530E1,-4.881882858E1,5.055919265E1
2.647729196E1,2.315267563E0,-1.292321777E1,-4.859016800E1,5.033263800E1
2.648728096E1,2.517824650E0,-1.301770020E1,-4.871405411E1,5.048622611E1
2.649726896E1,2.541623831E0,-1.296424866E1,-4.887696457E1,5.063091210E1
2.650725796E1,2.844035149E0,-1.322743607E1,-4.887897110E1,5.071693422E1
2.651724696E1,2.727667332E0,-1.318300629E1,-4.939428329E1,5.119596709E1
2.652723596E1,2.412292957E0,-1.355576324E1,-5.010415268E1,5.196156262E1
2.653722496E1,1.569920540E0,-1.356157684E1,-5.099061203E1,5.278658477E1
2.654721396E1,3.853178024E-1,-1.377293015E1,-5.174401474E1,5.354703667E1
2.655720258E1,-4.061441422E-1,-1.368166733E1,-5.232265854E1,5.408339459E1
2.656719158E1,6.838399410E0,-1.722782135E0,-5.059323502E1,5.108235619E1
2.657718058E1,8.499300957E0,-1.367382050E0,-4.979883194E1,5.053742685E1
2.658716958E1,9.400548935E0,-1.627735138E0,-4.923305130E1,5.014891008E1
2.659715858E1,7.751240730E0,-2.336883545E0,-4.934668350E1,5.000637890E1
2.660714758E1,5.768438816E0,-2.860454559E0,-4.890284348E1,4.932489419E1
2.661713658E1,6.063279629E0,-2.630584717E0,-4.694369888E1,4.740668941E1
2.662712558E1,6.510423660E0,-3.475696564E0,-4.635594559E1,4.693974621E1
2.663711458E1,5.354324341E0,-4.684577942E0,-4.763946152E1,4.816775221E1
2.664710358E1,5.825910091E0,-5.698596954E0,-4.833534622E1,4.901755737E1
2.665709258E1,8.200493813E0,-7.539165497E0,-4.856135941E1,4.982261276E1
2.666708158E1,5.746238232E0,-1.103063202E1,-5.111785507E1,5.260921216E1
2.667707058E1,-1.637012482E0,-1.159463882E1,-5.592918015E1,5.714182926E1
2.668705858E1,-2.693541336E1,9.803730011E0,-5.229202271E1,5.963292089E1
2.669704758E1,-2.825774956E1,1.523342896E1,-5.277764893E1,6.177408837E1
2.670703658E1,-2.776292610E1,2.057617188E1,-5.158557129E1,6.209049911E1
2.671702558E1,-2.206934738E1,2.382567596E1,-4.684085083E1,5.699810730E1
2.672701458E1,-1.893873978E1,2.268262482E1,-4.275613403E1,5.197368883E1
2.673700358E1,-2.027432823E1,2.212365341E1,-4.207933807E1,5.168341241E1
2.674699258E1,-1.939513588E1,2.210367966E1,-3.996050262E1,4.961437010E1
2.675698158E1,-2.068899918E1,2.159336090E1,-3.987582397E1,4.984364814E1
2.676697058E1,-7.424490356E1,1.841336823E1,-3.644614410E1,8.473298800E1
2.677695958E1,-7.317433167E1,2.064872742E1,-3.577589417E1,8.402837236E1
2.678694858E1,-7.014792633E1,1.973760986E1,-3.209638977E1,7.962715019E1
2.679693758E1,-7.110021210E1,1.690083694E1,-3.074518585E1,7.928521238E1
2.680692658E1,-7.469217682E1,1.562424088E1,-3.326150513E1,8.324281293E1
2.681691558E1,-3.861518860E1,-4.249118805E0,-4.588717651E1,6.012337956E1
2.682690458E1,-3.688267136E1,-3.700794220E0,-4.444301605E1,5.787235091E1
2.683689358E1,-3.557707977E1,-4.475280762E0,-4.280581665E1,5.583990224E1
2.684688258E1,-3.802457428E1,-4.716960907E0,-4.504849243E1,5.913953534E1
2.685687158E1,-4.036042404E1,-8.478816986E0,-4.837176514E1,6.356635768E1
2.686686058E1,-3.626706696E1,-3.486663818E0,-5.012887573E1,6.197064751E1
2.687684858E1,-2.598242188E1,-2.862060547E0,-4.141909027E1,4.897773653E1
2.688683758E1,-1.903461456E1,-8.492244720E0,-2.915644836E1,3.584038578E1
2.689682658E1,-4.829149246E-1,1.105679474E2,-2.721421814E1,1.138688626E2
2.690681558E1,-8.323230743E0,1.065366821E2,-3.132513428E1,1.113580031E2
2.691680458E1,-1.627349472E1,1.075167084E2,-4.057843781E1,1.160658383E2
2.692679358E1,-1.713391495E1,1.087498627E2,-4.039098358E1,1.172669400E2
2.693678258E1,4.831846619E1,-3.214702225E1,1.000902710E2,1.156986066E2
2.694677158E1,4.819087982E1,-3.324431610E1,9.715100861E1,1.134277917E2
2.695676058E1,4.848872757E1,-3.348625183E1,9.484976196E1,1.116645114E2
2.696674958E1,4.862529373E1,-3.332719421E1,9.405195618E1,1.109995114E2
2.697673858E1,4.867169571E1,-3.322204971E1,9.447559357E1,1.113475475E2
2.698672758E1,4.941986465E1,-3.308887100E1,9.507743835E1,1.121468488E2
2.699671658E1,5.829158783E1,-2.448757172E1,9.789286804E1,1.165356769E2
2.700670558E1,5.828417206E1,-2.442479706E1,9.833409119E1,1.168897297E2
2.701669458E1,5.839728928E1,-2.450159454E1,9.857641602E1,1.171660417E2
2.702668358E1,5.851378632E1,-2.456246567E1,9.849922943E1,1.171719937E2
2.703667258E1,5.849241638E1,-2.476220703E1,9.871711731E1,1.173865364E2
2.704666158E1,5.873360443E1,-2.497808075E1,9.893424988E1,1.177349846E2
2.705665058E1,5.882059860E1,-2.512750244E1,9.934969330E1,1.181592813E2
2.706663858E1,5.915401840E1,-2.513912582E1,9.962325287E1,1.185578595E2
2.707662758E1,5.936917496E1,-2.536396408E1,9.977545929E1,1.188409521E2
2.708661658E1,5.959201050E1,-2.527655029E1,9.992201233E1,1.190567943E2
2.709660558E1,5.954453659E1,-2.521989441E1,1.001419373E2,1.192057151E2
2.710659458E1,5.980663300E1,-2.526430893E1,1.002000885E2,1.193950434E2
2.711658358E1,6.809189606E1,-3.479322052E1,2.963230133E1,8.200699839E1
2.712657258E1,6.818445587E1,-3.463967514E1,2.984970856E1,8.209769922E1
2.713656158E1,6.819387817E1,-3.464937592E1,3.009911346E1,8.220061376E1
2.714655058E1,6.833086395E1,-3.466029358E1,3.024465942E1,8.237221827E1
2.715653958E1,6.820043182E1,-3.474461365E1,3.049998474E1,8.239378707E1
2.716652858E1,6.831616211E1,-3.471160889E1,3.050847626E1,8.247885135E1
2.717651758E1,6.822518921E1,-3.465615082E1,3.049502563E1,8.237518935E1
2.718650658E1,6.844682312E1,-3.477712250E1,3.064270782E1,8.266432959E1
2.719649558E1,6.821797180E1,-3.460236740E1,3.055183411E1,8.236765187E1
2.720648458E1,6.836978912E1,-3.464860535E1,3.081569672E1,8.261090171E1
2.721647358E1,6.832167053E1,-3.477315140E1,3.085374451E1,8.263762020E1
2.722646258E1,6.829151917E1,-3.475711823E1,3.084261322E1,8.260178961E1
2.723645158E1,6.823834991E1,-3.482714462E1,3.087737274E1,8.260033020E1
2.724644058E1,6.827404785E1,-3.478785706E1,3.108660126E1,8.269170083E1
2.725642858E1,6.407008362E1,-3.912416458E1,2.356798553E1,7.868370741E1
2.726641758E1,6.419245911E1,-3.896593857E1,2.377046967E1,7.876580097E1
2.727640658E1,6.419245911E1,-3.896593857E1,2.377046967E1,7.876580097E1
2.728639558E1,6.414084625E1,-3.907309723E1,2.376781464E1,7.877603759E1
2.729638458E1,6.402113342E1,-3.903546524E1,2.385741425E1,7.868703378E1
2.730637358E1,6.405664062E1,-3.925536728E1,2.380476379E1,7.880928783E1
2.731636258E1,6.405117035E1,-3.923988342E1,2.352330017E1,7.871255634E1
2.732635158E1,6.407354736E1,-3.927027512E1,2.369251251E1,7.879663145E1
2.733634058E1,6.416829681E1,-3.909348679E1,2.390740204E1,7.885071273E1
2.734632958E1,6.405834961E1,-3.922074127E1,2.379127502E1,7.878936139E1
2.735631858E1,6.421485138E1,-3.899809647E1,2.370951843E1,7.878159639E1
2.736630758E1,6.407534027E1,-3.918355942E1,2.374360657E1,7.877029524E1
2.737629658E1,6.416712952E1,-3.909278870E1,2.362606049E1,7.876456927E1
2.738628558E1,6.429411316E1,-3.918935394E1,2.370642090E1,7.894005853E1
2.739627458E1,6.441558838E1,-3.917793274E1,2.396342468E1,7.911083467E1
2.740626358E1,6.444529724E1,-3.925982666E1,2.418962097E1,7.924435683E1
2.741625258E1,6.431479645E1,-3.920255280E1,2.441568756E1,7.917928382E1
2.742624158E1,6.431855774E1,-3.940838242E1,2.449642181E1,7.930934470E1
2.743622958E1,6.444688416E1,-3.920199966E1,2.474550629E1,7.938852396E1
2.744621858E1,6.440397644E1,-3.923131943E1,2.502320862E1,7.945520483E1
2.745620758E1,6.457575989E1,-3.921703720E1,2.512301636E1,7.961890933E1
2.746619658E1,6.452385712E1,-3.930072403E1,2.522504425E1,7.965034780E1
2.747618558E1,6.154312134E1,-4.262516785E1,1.909574890E1,7.726000482E1
2.748617458E1,6.137934113E1,-4.261717224E1,1.922856903E1,7.715818008E1
2.749616358E1,6.150654602E1,-4.249015808E1,1.925243378E1,7.719536867E1
2.750615258E1,6.139691162E1,-4.279013062E1,1.957373810E1,7.735442623E1
2.751614158E1,6.147672272E1,-4.259456635E1,1.963755035E1,7.732604931E1
2.752613058E1,6.149305344E1,-4.265751648E1,1.995227814E1,7.745419767E1
2.753611958E1,6.161284256E1,-4.256708527E1,2.011897278E1,7.754271199E1
2.754610858E1,6.161082458E1,-4.270115662E1,2.032266235E1,7.766783818E1
2.755609792E1,5.884257889E1,-4.437512207E1,1.894786835E1,7.609613830E1
2.756608692E1,5.877687073E1,-4.448843384E1,1.909234619E1,7.614761297E1
2.757607592E1,5.874474335E1,-4.450482178E1,1.904247284E1,7.611990413E1
2.758606492E1,5.881466675E1,-4.446055984E1,1.925746155E1,7.620207498E1
2.759605392E1,5.868511581E1,-4.431878281E1,1.912965393E1,7.598711066E1
2.760604292E1,5.875446701E1,-4.431736755E1,1.912775421E1,7.603938086E1
2.761603192E1,5.890984726E1,-4.432278442E1,1.945316315E1,7.624503184E1
2.762602092E1,5.885389709E1,-4.432522202E1,1.962328339E1,7.624683443E1
2.763600892E1,5.897011948E1,-4.433705902E1,1.979464722E1,7.638768129E1
2.764599792E1,5.892165375E1,-4.438133240E1,1.978475952E1,7.637342899E1
2.765598692E1,5.899634552E1,-4.440838623E1,1.977285767E1,7.644370120E1
2.766597592E1,5.902546310E1,-4.434551239E1,1.983283997E1,7.644521767E1
2.767596492E1,5.903519440E1,-4.435514832E1,1.989709473E1,7.647501382E1
2.768595392E1,5.915224075E1,-4.437987518E1,2.019835663E1,7.665855802E1
2.769594292E1,5.901848602E1,-4.422056580E1,2.029547882E1,7.648886581E1
2.770593192E1,5.905710220E1,-4.430276489E1,2.039231110E1,7.659192287E1
2.771592092E1,5.903758240E1,-4.420034409E1,2.050968170E1,7.654902740E1
2.772590992E1,5.901182175E1,-4.441242599E1,2.048600769E1,7.664551650E1
2.773589892E1,5.905812836E1,-4.433406448E1,2.058457947E1,7.666222480E1
2.774588792E1,5.892492676E1,-4.437658310E1,2.055444336E1,7.657619253E1
2.775587692E1,5.879822540E1,-4.435128403E1,2.046138763E1,7.643910053E1
2.776586592E1,5.879252243E1,-4.450205994E1,2.065284729E1,7.657371699E1
2.777585492E1,5.877846527E1,-4.456277847E1,2.032985687E1,7.651177874E1
2.778584392E1,5.873171616E1,-4.454082489E1,2.040015411E1,7.648180079E1
2.779583292E1,5.876935577E1,-4.460153580E1,2.027772522E1,7.651353027E1
2.780582192E1,5.880193329E1,-4.458203888E1,2.039647675E1,7.655874746E1
2.781580992E1,5.878420258E1,-4.449094391E1,2.014817810E1,7.642627587E1
2.782579892E1,5.875601196E1,-4.450470734E1,2.016857910E1,7.641799199E1
2.783578792E1,5.869879150E1,-4.447671509E1,1.994216156E1,7.629820520E1
2.784577692E1,5.874638367E1,-4.453177643E1,1.989983368E1,7.635587788E1
2.785576592E1,5.872465134E1,-4.468718338E1,1.954199982E1,7.633753199E1
2.786575492E1,5.882367325E1,-4.467551422E1,1.950833893E1,7.639830753E1
2.787574392E1,5.865064240E1,-4.461834335E1,1.946914673E1,7.622166419E1
2.788573292E1,5.865422821E1,-4.462575150E1,1.953755951E1,7.624626165E1
2.789572192E1,5.868680573E1,-4.447808075E1,1.934904480E1,7.613689229E1
2.790571092E1,5.856467438E1,-4.463366318E1,1.924494171E1,7.610750788E1
2.791569992E1,5.876665878E1,-4.479349136E1,1.928065491E1,7.636570373E1
2.792568892E1,5.859019470E1,-4.472296143E1,1.945322418E1,7.623242174E1
2.793567792E1,5.849392700E1,-4.462870407E1,1.928923798E1,7.606139247E1
2.794566692E1,5.848209381E1,-4.455364990E1,1.952001953E1,7.606716886E1
2.795565592E1,5.853401566E1,-4.458296204E1,1.935356903E1,7.608174634E1
2.796564492E1,5.628419495E1,-4.297580719E1,1.895621490E1,7.330872177E1
2.797563392E1,5.617956543E1,-4.306681824E1,1.877036285E1,7.323401482E1
2.798562292E1,5.619798279E1,-4.300063324E1,1.875658417E1,7.320571821E1
2.799561192E1,5.619155121E1,-4.305672073E1,1.860401154E1,7.319481452E1
2.800559992E1,5.621265793E1,-4.318032837E1,1.860457611E1,7.328392676E1
2.801558892E1,5.601919556E1,-4.320020294E1,1.842552185E1,7.310203595E1
2.802557792E1,5.598082733E1,-4.317205429E1,1.857042694E1,7.309268128E1
2.803556692E1,5.591870880E1,-4.335248566E1,1.816560364E1,7.305018249E1
2.804555592E1,5.594792557E1,-4.326772690E1,1.820588684E1,7.303232765E1
2.805554492E1,5.581883240E1,-4.346196747E1,1.801863098E1,7.300243646E1
2.806553392E1,5.587201691E1,-4.335414124E1,1.802462769E1,7.298048396E1
2.807552292E1,5.575605011E1,-4.334680176E1,1.781389618E1,7.283554931E1
2.808551192E1,5.560684586E1,-4.331112671E1,1.774481964E1,7.268324172E1
2.809550092E1,5.549307632E1,-4.326458740E1,1.763216400E1,7.254101771E1
2.810548992E1,5.547700500E1,-4.315196609E1,1.758677673E1,7.245056920E1
2.811547892E1,5.547700500E1,-4.315196609E1,1.758677673E1,7.245056920E1
2.812546792E1,5.550453568E1,-4.311750031E1,1.756287384E1,7.244533698E1
2.813545692E1,5.557350159E1,-4.316985703E1,1.727617645E1,7.246045064E1
2.814544592E1,5.541983795E1,-4.329254150E1,1.701782990E1,7.235474499E1
2.815543492E1,5.557197952E1,-4.324078751E1,1.722728729E1,7.248993061E1
2.816542392E1,5.402741241E1,-4.498231506E1,1.574569702E1,7.204371545E1
2.817541292E1,5.409308624E1,-4.489033508E1,1.598603821E1,7.208853987E1
2.818540192E1,5.413134003E1,-4.496017456E1,1.610127258E1,7.218635777E1
2.819538992E1,5.421421814E1,-4.484292221E1,1.595703125E1,7.214357884E1
2.820537892E1,5.437762833E1,-4.494100189E1,1.590218353E1,7.231527885E1
2.821536792E1,5.428389740E1,-4.483502197E1,1.601297760E1,7.220343596E1
2.822535692E1,5.424912262E1,-4.495556641E1,1.600482178E1,7.225042959E1
2.823534592E1,5.449942780E1,-4.486104202E1,1.624848175E1,7.243420380E1
2.824533492E1,5.436843872E1,-4.493152237E1,1.617725372E1,7.236347400E1
2.825532392E1,5.459236526E1,-4.487095642E1,1.636291504E1,7.253601908E1
2.826531292E1,5.458905029E1,-4.502304459E1,1.627634430E1,7.260825256E1
2.827530192E1,5.486148834E1,-4.497262955E1,1.662681580E1,7.286131563E1
2.828529092E1,5.475661087E1,-4.496910858E1,1.693342590E1,7.285086186E1
2.829527992E1,5.473003387E1,-4.489181519E1,1.693727112E1,7.278408364E1
2.830526892E1,5.478853607E1,-4.504074860E1,1.705414581E1,7.294721796E1
2.831525792E1,5.469025040E1,-4.483538818E1,1.714929199E1,7.276904382E1
2.832524692E1,4.964482498E1,-4.429383469E1,1.277620697E1,6.774794390E1
2.833523592E1,4.981833267E1,-4.424853134E1,1.297650146E1,6.788363858E1
2.834522492E1,4.992237091E1,-4.445817947E1,1.323831177E1,6.814708899E1
2.835521392E1,5.012295532E1,-4.423903275E1,1.340811920E1,6.818489810E1
2.836520292E1,5.007969666E1,-4.444717026E1,1.329304504E1,6.826589198E1
2.837519192E1,5.008395386E1,-4.424350739E1,1.355242157E1,6.818767125E1
2.838518092E1,5.014333725E1,-4.429915619E1,1.375414276E1,6.830772982E1
2.839516892E1,5.018767929E1,-4.420410156E1,1.389045715E1,6.830629947E1
2.840515792E1,5.025837326E1,-4.420732880E1,1.407189178E1,6.839744250E1
2.841514692E1,5.038460922E1,-4.418286514E1,1.430910492E1,6.852360836E1
2.842513592E1,5.034713745E1,-4.435054779E1,1.422631073E1,6.858712165E1
2.843512492E1,5.032572937E1,-4.433088684E1,1.435031128E1,6.858453177E1
2.844511392E1,5.031037140E1,-4.436943817E1,1.436326599E1,6.860090323E1
2.845510292E1,5.029070663E1,-4.430942154E1,1.464649200E1,6.860757785E1
2.846509192E1,4.822192764E1,-4.582701874E1,1.147194672E1,6.750611464E1
2.847508092E1,4.818627930E1,-4.575956726E1,1.161736298E1,6.745975564E1
2.848506992E1,4.815436935E1,-4.599484253E1,1.182762146E1,6.763328660E1
2.849505892E1,4.814643478E1,-4.604120636E1,1.191987610E1,6.767536710E1
2.850504792E1,4.824097824E1,-4.633295441E1,1.243232727E1,6.803306113E1
2.851503692E1,4.842885208E1,-4.642813873E1,1.302857971E1,6.834229781E1
2.852502592E1,4.811757660E1,-4.685317993E1,1.337954712E1,6.848017179E1
2.853501492E1,4.798371887E1,-4.713554382E1,1.424586487E1,6.875421030E1
2.854500392E1,4.752929306E1,-4.754419708E1,1.533743286E1,6.895448660E1
2.855499233E1,4.656459045E1,-4.656079102E1,1.660810852E1,6.791168981E1
2.856498133E1,4.667924881E1,-4.636865997E1,1.759019470E1,6.810594575E1
2.857497033E1,4.859098816E1,-5.247523880E1,1.256754303E1,7.261320786E1
2.858495833E1,4.981103516E1,-5.236310577E1,1.217467499E1,7.328885850E1
2.859494733E1,5.080340576E1,-5.174483109E1,1.177271271E1,7.346502804E1
2.860493633E1,5.190584183E1,-5.126574707E1,1.202005768E1,7.393831906E1
2.861492533E1,5.238510132E1,-5.208584213E1,1.231529236E1,7.489192357E1
2.862491433E1,5.345221329E1,-5.301932526E1,1.310241699E1,7.641898512E1
2.863490333E1,5.478992844E1,-5.026949310E1,1.503769684E1,7.586231292E1
2.864489233E1,5.366172791E1,-4.670146561E1,1.471150208E1,7.264321183E1
2.865488133E1,5.169675827E1,-4.492557144E1,1.093744659E1,6.935769260E1
2.866487033E1,5.110609436E1,-4.288292313E1,7.642265320E0,6.715044449E1
2.867485933E1,4.981740570E1,-4.053145218E1,4.784904480E0,6.440083724E1
2.868484833E1,4.668435669E1,-4.151079941E1,-8.225326538E-1,6.247601289E1
2.869483733E1,-1.838218689E0,-6.506329346E1,-2.281134033E1,6.897077969E1
2.870482633E1,1.275786400E0,-7.345261383E1,-2.445396423E1,7.742680722E1
2.871481533E1,6.512248516E0,-7.889760590E1,-1.418071747E1,8.042595567E1
2.872480433E1,5.826863766E0,-8.010573578E1,-4.399490356E0,8.043778193E1
2.873479333E1,1.033304214E0,-8.048799896E1,-5.143730164E0,8.065881015E1
2.874478233E1,-7.872657776E-1,-8.149111938E1,-8.615608215E0,8.194907584E1
2.875477133E1,1.029054642E0,-8.226557922E1,-7.342445374E0,8.259900715E1
2.876476033E1,3.384576797E0,-8.187918854E1,-3.745872498E0,8.203467826E1
2.877474933E1,4.604121208E0,-8.124288940E1,-8.290481567E-1,8.137746821E1
2.878473733E1,5.476743698E0,-8.068312836E1,1.469764709E0,8.088214965E1
2.879472633E1,1.057705917E2,7.182080841E1,1.286449432E1,1.284956879E2
2.880471533E1,1.062843704E2,7.349323273E1,1.706974030E1,1.303418532E2
2.881470433E1,1.057757416E2,7.648698425E1,2.191276550E1,1.323591159E2
2.882469333E1,1.020823517E2,8.029075623E1,2.222277832E1,1.317621491E2
2.883468233E1,9.686260986E1,8.321453857E1,1.477770996E1,1.285511779E2
2.884467133E1,9.331227112E1,8.409373474E1,5.915733337E0,1.257534575E2
2.885466033E1,9.289294434E1,8.363645172E1,5.283508301E-1,1.249977373E2
2.886464933E1,9.399341583E1,8.331809235E1,-7.441482544E-1,1.256074062E2
2.887463833E1,7.328724670E1,-3.896771240E1,-1.074424515E2,1.357695972E2
2.888462733E1,7.429415131E1,-3.887226868E1,-1.076594086E2,1.364596000E2
2.889461633E1,7.524403381E1,-3.889262009E1,-1.078254318E2,1.371153685E2
2.890460533E1,7.631069946E1,-3.885828781E1,-1.080984879E2,1.379078405E2
2.891459433E1,7.734303284E1,-3.917969513E1,-1.073437271E2,1.379843070E2
2.892458333E1,7.750728607E1,-3.936569214E1,-1.065762711E2,1.375337728E2
2.893457233E1,7.709709167E1,-3.942862701E1,-1.062476807E2,1.370662169E2
2.894456133E1,7.659571838E1,-3.949471283E1,-1.063163834E2,1.368572606E2
2.895455033E1,7.921569824E1,-3.438603973E1,-1.209237518E2,1.485936753E2
2.896453933E1,7.854019165E1,-3.443718719E1,-1.210793228E2,1.483734612E2
2.897452833E1,7.830057526E1,-3.423696899E1,-1.211942596E2,1.482942976E2
2.898451733E1,7.827616882E1,-3.394811249E1,-1.212554626E2,1.482650335E2
2.899450533E1,7.778800964E1,-3.361747742E1,-1.219620743E2,1.485121436E2
2.900449433E1,7.783622742E1,-3.405099487E1,-1.223926392E2,1.489896193E2
2.901448333E1,7.856419373E1,-3.394202423E1,-1.211344604E2,1.483170626E2
2.902447233E1,7.868103027E1,-3.304701996E1,-1.207661362E2,1.478758591E2
2.903446133E1,7.885321045E1,-3.149719810E1,-1.206780167E2,1.475570601E2
2.904445033E1,7.884341431E1,-2.925056648E1,-1.211726913E2,1.474947482E2
2.905443933E1,6.634260559E1,-4.698041534E1,-1.648636627E2,1.838165608E2
2.906442833E1,6.623092651E1,-4.586713409E1,-1.675518494E2,1.859138291E2
2.907441733E1,6.618675995E1,-4.537112045E1,-1.707682037E2,1.886822863E2
2.908440633E1,6.598630524E1,-4.614746094E1,-1.739817657E2,1.917118552E2
2.909439533E1,6.579843140E1,-4.787289047E1,-1.759037170E2,1.938127057E2
2.910438433E1,6.552541351E1,-5.078421402E1,-1.775280457E2,1.959306592E2
2.911437333E1,6.572109985E1,-5.407143402E1,-1.772889404E2,1.966579552E2
2.912436233E1,6.573653412E1,-5.648824310E1,-1.760150909E2,1.961976701E2
2.913435133E1,6.621532440E1,-5.796431351E1,-1.743702698E2,1.953185137E2
2.914434033E1,6.652301025E1,-5.889155197E1,-1.729678497E2,1.944515436E2
2.915432933E1,6.700386047E1,-5.907307816E1,-1.713724670E2,1.932554484E2
2.916431833E1,6.721965027E1,-5.885564423E1,-1.704423218E2,1.924397394E2
2.917430733E1,6.709688568E1,-5.840168762E1,-1.698430328E2,1.917274237E2
2.918429633E1,6.730789948E1,-5.807138443E1,-1.692625122E2,1.911869166E2
2.919428433E1,6.739989471E1,-5.773220444E1,-1.690583191E2,1.909357706E2
2.920427333E1,6.743421173E1,-5.768117905E1,-1.690617828E2,1.909355330E2
2.921426233E1,6.749580383E1,-5.752413559E1,-1.689571533E2,1.908172670E2
2.922425133E1,6.734741211E1,-5.738920975E1,-1.690282288E2,1.907871522E2
2.923424033E1,6.766403198E1,-5.747733307E1,-1.688235779E2,1.907445032E2
2.924422933E1,6.761783600E1,-5.763443375E1,-1.685580597E2,1.905405972E2
2.925421833E1,6.787181091E1,-5.749557114E1,-1.684403229E2,1.904848177E2
2.926420733E1,6.769630432E1,-5.767611694E1,-1.683918915E2,1.904341177E2
2.927419633E1,6.790419769E1,-5.782762146E1,-1.682744598E2,1.904502762E2
2.928418533E1,6.794921112E1,-5.808043671E1,-1.681445160E2,1.904284923E2
2.929417433E1,6.808890533E1,-5.809070587E1,-1.680426941E2,1.903916389E2
2.930416333E1,6.826158142E1,-5.845634460E1,-1.679268646E2,1.904631712E2
2.931415233E1,6.832716370E1,-5.876648331E1,-1.678872986E2,1.905472274E2
2.932414133E1,6.859954834E1,-5.953756714E1,-1.675205688E2,1.905616985E2
2.933413033E1,6.872193909E1,-6.009701538E1,-1.670088348E2,1.903320968E2
2.934411933E1,6.902289581E1,-6.128823471E1,-1.664611816E2,1.903410961E2
2.935410833E1,6.883224487E1,-6.117903519E1,-1.664828186E2,1.902558308E2
2.936409733E1,6.843869781E1,-6.079065323E1,-1.669822083E2,1.904269328E2
2.937408633E1,6.821600342E1,-6.025702667E1,-1.671421356E2,1.903176972E2
2.938407533E1,6.797280884E1,-5.973069763E1,-1.673973083E2,1.902890376E2
2.939406433E1,6.780857849E1,-5.951380920E1,-1.673689728E2,1.901375025E2
2.940405233E1,6.770417786E1,-5.948770142E1,-1.672820740E2,1.900156167E2
2.941404133E1,6.762992859E1,-5.902383041E1,-1.670508728E2,1.896407496E2
2.942403033E1,6.746209717E1,-5.889373779E1,-1.664889069E2,1.890453993E2
2.943401933E1,6.764977264E1,-5.863132095E1,-1.659052887E2,1.885170771E2
2.944400833E1,6.745748138E1,-5.834417725E1,-1.650824432E2,1.876346660E2
2.945399733E1,6.745355988E1,-5.771917343E1,-1.644674225E2,1.868984183E2
2.946398633E1,9.048649597E1,-5.667283249E1,-1.763878479E2,2.061850838E2
2.947397533E1,9.030616760E1,-5.605028915E1,-1.766112366E2,2.061270669E2
2.948396433E1,9.008908844E1,-5.572372055E1,-1.771729431E2,2.064253586E2
2.949395333E1,8.959274292E1,-5.537970734E1,-1.776687317E2,2.065428522E2
2.950394233E1,8.910210419E1,-5.527385330E1,-1.784253998E2,2.069541184E2
2.951393133E1,8.875984192E1,-5.502609253E1,-1.791403656E2,2.073582672E2
2.952392033E1,8.801203918E1,-5.466376114E1,-1.793530426E2,2.071273997E2
2.953390933E1,8.783793640E1,-5.430852127E1,-1.797046356E2,2.072647452E2
2.954389833E1,8.747477722E1,-5.388255692E1,-1.797434845E2,2.070335403E2
2.955388733E1,8.709893036E1,-5.295253754E1,-1.798699646E2,2.067447679E2
2.956387629E1,5.454981232E1,-4.872570801E1,-1.545376282E2,1.709729662E2
2.957386529E1,5.422012329E1,-4.676290894E1,-1.542670288E2,1.700732419E2
2.958385429E1,5.388766479E1,-4.506843567E1,-1.542096863E2,1.694569906E2
2.959384329E1,5.350302124E1,-4.436650848E1,-1.549954376E2,1.698662593E2
2.960383229E1,5.299138641E1,-4.378245926E1,-1.558338776E2,1.703208389E2
2.961382129E1,5.246875763E1,-4.318894958E1,-1.568428040E2,1.709325044E2
2.962380929E1,5.182885742E1,-4.278844833E1,-1.580358734E2,1.717335700E2
2.963379829E1,5.128592682E1,-4.241680145E1,-1.594170532E2,1.727519267E2
2.964378729E1,3.237557220E1,-6.045332336E1,-1.724408569E2,1.855764832E2
2.965377629E1,3.193796158E1,-6.055541992E1,-1.736018219E2,1.866134637E2
2.966376529E1,3.141155243E1,-6.069193649E1,-1.746968079E2,1.875877700E2
2.967375429E1,3.084756660E1,-6.103271484E1,-1.754169159E2,1.882754871E2
2.968374329E1,3.069427681E1,-6.178321075E1,-1.761819458E2,1.892072456E2
2.969373229E1,3.043499374E1,-6.256880569E1,-1.769389648E2,1.901276981E2
2.970372129E1,3.023066521E1,-6.362790680E1,-1.771479187E2,1.906404698E2
2.971371029E1,2.993886566E1,-6.439934540E1,-1.771552124E2,1.908601075E2
2.972369929E1,3.657725525E1,-7.419808960E1,-1.783605042E2,1.966105835E2
2.973368829E1,3.659838104E1,-7.430984497E1,-1.778401642E2,1.961849091E2
2.974367729E1,3.675955582E1,-7.440247345E1,-1.772273865E2,1.956950166E2
2.975366629E1,3.688205719E1,-7.467142487E1,-1.762058716E2,1.948964264E2
2.976365529E1,3.733065033E1,-7.521339417E1,-1.751870422E2,1.942707695E2
2.977364429E1,3.732089996E1,-7.582563019E1,-1.742299042E2,1.936451272E2
2.978363329E1,3.753707886E1,-7.647244263E1,-1.731361389E2,1.929590355E2
2.979362229E1,3.753707886E1,-7.647244263E1,-1.731361389E2,1.929590355E2
2.980361129E1,3.759908676E1,-7.711664581E1,-1.723866730E2,1.925560526E2
2.981360029E1,3.776153564E1,-7.763404846E1,-1.715141296E2,1.920158215E2
2.982358929E1,3.135815811E1,-2.907791138E1,-9.752023315E1,1.064849984E2
2.983357729E1,3.124675751E1,-2.913803864E1,-9.726913452E1,1.062387391E2
2.984356629E1,3.130863571E1,-2.921367264E1,-9.700701904E1,1.060378757E2
2.985355529E1,3.148071861E1,-2.939144897E1,-9.664088440E1,1.058033717E2
2.986354429E1,3.154112434E1,-2.952645111E1,-9.638371277E1,1.056242109E2
2.987353329E1,3.161425972E1,-2.982999039E1,-9.599928284E1,1.053809852E2
2.988352229E1,1.750512505E1,-1.720827103E1,-5.668469620E1,6.177142363E1
2.989351129E1,1.755433655E1,-1.770002365E1,-5.655936050E1,6.180943965E1
2.990350029E1,1.746610260E1,-1.834133148E1,-5.662178421E1,6.202818414E1
2.991348929E1,1.757555199E1,-1.889714813E1,-5.686751938E1,6.244931541E1
2.992347829E1,1.763582611E1,-1.938981247E1,-5.743984604E1,6.313733526E1
2.993346729E1,1.800402832E1,-1.965745163E1,-5.770005417E1,6.355986699E1
2.994345629E1,1.787297058E1,-1.965225983E1,-5.846548080E1,6.421734064E1
2.995344529E1,1.815717888E1,-1.932818985E1,-5.858381271E1,6.430649407E1
2.996343429E1,1.797525406E1,-1.211360168E1,-5.553776932E1,5.961789098E1
2.997342329E1,1.829725456E1,-1.135033417E1,-5.538948441E1,5.942738925E1
2.998341229E1,1.864601326E1,-1.085813904E1,-5.537382126E1,5.942922744E1
2.999340129E1,1.907071304E1,-1.032165146E1,-5.516482162E1,5.927382331E1
3.000339029E1,1.949658966E1,-9.699825287E0,-5.512117386E1,5.926674807E1
3.001337929E1,1.992770386E1,-9.044422150E0,-5.490217972E1,5.910299731E1
3.002336829E1,2.049181175E1,-8.354213715E0,-5.463504410E1,5.894654595E1
3.003335729E1,2.113467407E1,-7.684848785E0,-5.425135422E1,5.872768328E1
3.004334529E1,2.147467804E1,-7.178432465E0,-5.375721359E1,5.833120694E1
3.005333429E1,2.199573898E1,-6.875274658E0,-5.272236252E1,5.753893851E1
3.006332329E1,2.195274734E1,-6.959209442E0,-5.153364182E1,5.644528280E1
3.007331229E1,2.185298538E1,-7.156551361E0,-5.019671249E1,5.521303417E1
3.008330129E1,2.022006607E1,-2.148345566E1,-3.112957764E1,4.288869948E1
3.009329029E1,1.948099327E1,-2.191127396E1,-3.048913574E1,4.229894116E1
3.010327929E1,1.877475357E1,-2.221297455E1,-3.021564484E1,4.193915596E1
3.011326829E1,1.880068398E1,-2.241173553E1,-2.975492096E1,4.172657341E1
3.012325729E1,1.875259018E1,-2.278945160E1,-3.001234436E1,4.209227431E1
3.013324629E1,1.843827438E1,-2.318635941E1,-3.001105499E1,4.216919073E1
3.014323529E1,1.794252396E1,-2.346924210E1,-2.990925598E1,4.203930404E1
3.015322429E1,1.772795296E1,-2.354369354E1,-2.982763672E1,4.193177475E1
3.016321329E1,1.730604553E1,-2.345685959E1,-2.986124420E1,4.173029330E1
3.017320229E1,1.734611511E1,-2.343206024E1,-2.981769562E1,4.170184802E1
3.018319129E1,1.730487251E1,-2.367818451E1,-2.969075012E1,4.173314842E1
3.019318029E1,1.730328560E1,-2.355555725E1,-2.951245880E1,4.153616731E1
3.020316929E1,1.708974266E1,-2.378959274E1,-2.942111969E1,4.151633788E1
3.021315829E1,1.696135330E1,-2.385617065E1,-2.946497345E1,4.153298743E1
3.022314729E1,1.685908699E1,-2.409442139E1,-2.981417084E1,4.187666103E1
3.023313629E1,1.680997276E1,-2.419178009E1,-3.056670380E1,4.245162882E1
3.024312529E1,1.644997787E1,-2.401465988E1,-3.156980896E1,4.294133788E1
3.025311329E1,1.641270065E1,-2.358047485E1,-3.253694153E1,4.340585330E1
3.026310229E1,1.623308945E1,-2.344691467E1,-3.349411774E1,4.399007756E1
3.027309129E1,1.655365944E1,-2.289873123E1,-3.296897888E1,4.342037657E1
3.028308029E1,1.774840546E1,-2.216080475E1,-3.068170929E1,4.180280431E1
3.029306929E1,1.626276779E1,-1.510095215E1,-1.915090942E1,2.931337073E1
3.030305829E1,1.775959587E1,-1.566845703E1,-1.647574615E1,2.885054597E1
3.031304729E1,1.752384758E1,-1.641260529E1,-1.672017670E1,2.925787339E1
3.032303629E1,1.474201012E1,-1.686194992E1,-2.077131653E1,3.054668243E1
3.033302529E1,1.154592705E1,-1.601496506E1,-2.520758057E1,3.201889528E1
3.034301429E1,1.064067841E1,-1.524269867E1,-2.579358673E1,3.179422929E1
3.035300329E1,1.322880173E1,-1.505049896E1,-2.139077759E1,2.931013613E1
3.036299229E1,1.712475777E1,-1.618228149E1,-1.500520325E1,2.793348685E1
3.037298129E1,2.039010239E1,-1.859665298E1,-1.049712372E1,2.952594425E1
3.038297029E1,1.947068787E1,-2.103695679E1,-1.236564636E1,3.121811088E1
3.039295929E1,1.432497597E1,-3.342903519E1,-3.709472656E1,5.194924512E1
3.040294829E1,1.081000137E1,-3.071885681E1,-4.285739899E1,5.382621054E1
3.041293729E1,1.346704102E1,-2.798778915E1,-3.933287048E1,5.011738457E1
3.042292629E1,1.832408142E1,-2.787817764E1,-3.221423340E1,4.637587284E1
3.043291529E1,2.035742760E1,-2.973807526E1,-2.996750641E1,4.687034690E1
3.044290429E1,1.826459122E1,-3.126563644E1,-3.367311096E1,4.944707996E1
3.045289229E1,1.514594650E1,-3.125622177E1,-3.851239014E1,5.186092256E1
3.046288129E1,1.430145836E1,-3.088533401E1,-4.006169891E1,5.256781609E1
3.047287029E1,1.662433052E1,1.443119049E0,-1.918547821E1,2.542702366E1
3.048285929E1,1.903894615E1,7.117118835E-1,-1.661421967E1,2.527885083E1
3.049284829E1,1.990452576E1,1.304626465E-2,-1.595652771E1,2.551080344E1
3.050283729E1,1.924502563E1,-3.914451599E-1,-1.690747833E1,2.562005200E1
3.051282629E1,1.789137650E1,1.042709351E-1,-1.898376465E1,2.608630954E1
3.052281529E1,1.632350922E1,6.089210510E-1,-2.085708618E1,2.649237215E1
3.053280429E1,1.457790184E1,-7.783126831E-1,-2.224037170E1,2.660366753E1
3.054279329E1,1.344230461E1,2.048377991E-1,-2.332177734E1,2.691919037E1
3.055278229E1,1.284764290E1,1.692169189E0,-2.443096161E1,2.765496790E1
3.056277179E1,1.258713913E1,3.617168427E0,-2.499355316E1,2.821697501E1
3.057276079E1,2.129626083E1,1.174018478E1,-1.965488434E1,3.126782920E1
3.058274979E1,2.352433205E1,1.400306320E1,-1.789205933E1,3.270482784E1
3.059273879E1,2.696315193E1,1.571440125E1,-1.553700256E1,3.486190496E1
3.060272779E1,3.066007614E1,1.643693161E1,-1.295162201E1,3.712084997E1
3.061271679E1,3.337129974E1,1.627439880E1,-1.188853455E1,3.898508634E1
3.062270579E1,3.435084534E1,1.573538208E1,-1.210943604E1,3.967645732E1
3.063269479E1,1.594706059E1,-6.810596466E0,3.184371185E1,3.625899819E1
3.064268379E1,1.636310577E1,-7.159370422E0,3.137341309E1,3.610123078E1
3.065267179E1,1.862323570E1,-7.933002472E0,3.266787720E1,3.843107645E1
3.066266079E1,2.189928436E1,-1.015414047E1,3.463922882E1,4.222039078E1
3.067264979E1,2.197084427E1,-1.375484848E1,3.447769928E1,4.313496960E1
3.068263879E1,1.841158295E1,-1.576232529E1,3.168173981E1,3.988947132E1
3.069262779E1,1.553500652E1,-1.577240372E1,3.019149780E1,3.743837184E1
3.070261679E1,1.535336304E1,-1.477340317E1,3.029632568E1,3.703844688E1
3.071260579E1,-4.048903656E1,-1.026934052E1,5.147935486E1,6.629438447E1
3.072259479E1,-3.958480072E1,-9.734840393E0,5.179563141E1,6.591290464E1
3.073258379E1,-3.895857620E1,-9.599266052E0,5.184550476E1,6.555816450E1
3.074257279E1,-3.843888092E1,-9.695186615E0,5.176873016E1,6.520387744E1
3.075256179E1,-3.834194946E1,-9.700252533E0,5.183319092E1,6.519877045E1
3.076255079E1,-3.890629196E1,-9.614891052E0,5.138873291E1,6.516860866E1
3.077253979E1,-3.980348969E1,-9.393363953E0,5.105222321E1,6.541316818E1
3.078252879E1,-4.023575592E1,-8.152851105E0,5.121540833E1,6.563842690E1
3.079251779E1,-3.785597229E1,-6.571216583E0,5.316577911E1,6.559615533E1
3.080250679E1,-3.351826096E1,-6.056762695E0,5.539738464E1,6.503098044E1
3.081249579E1,-2.992634201E1,-7.412624359E0,5.669945526E1,6.453960933E1
3.082248479E1,-2.882315063E1,-9.746562958E0,5.645246124E1,6.412994529E1
3.083247379E1,-2.979530334E1,-1.171031570E1,5.515119171E1,6.376947187E1
3.084246279E1,-3.099921417E1,-1.293353271E1,5.422270203E1,6.378345368E1
3.085245079E1,-3.180153084E1,-1.317713165E1,5.365549469E1,6.374861781E1
3.086243979E1,-3.217483139E1,-1.314330673E1,5.300891113E1,6.338699351E1
3.087242879E1,-4.918543243E1,-2.033256531E1,4.848348236E1,7.199491675E1
3.088241779E1,-4.911312103E1,-1.979806137E1,4.795384216E1,7.143971493E1
3.089240679E1,-4.881583023E1,-1.940013885E1,4.752820587E1,7.083982652E1
3.090239579E1,-4.855563354E1,-1.885158157E1,4.718047333E1,7.027822380E1
3.091238479E1,-4.862543106E1,-1.828717422E1,4.641407013E1,6.966433229E1
3.092237379E1,-4.864326477E1,-1.786274338E1,4.559980011E1,6.902598481E1
3.093236279E1,-4.874968338E1,-1.693551636E1,4.443485260E1,6.810139110E1
3.094235179E1,-4.974177933E1,-1.550959015E1,4.302915192E1,6.757440279E1
3.095234079E1,-5.177198792E1,-1.384108353E1,4.203662872E1,6.811014961E1
3.096232979E1,-5.570250702E1,-1.236224365E1,4.094911957E1,7.023122347E1
3.097231879E1,-6.066579437E1,-1.254716873E1,4.070566559E1,7.412638708E1
3.098230779E1,-6.501461792E1,-1.474386597E1,4.101486969E1,7.827197239E1
3.099229679E1,-6.607455444E1,-1.821078110E1,4.184929657E1,8.030468801E1
3.100228579E1,-6.200174332E1,-2.093290329E1,4.331933594E1,7.847908945E1
3.101227479E1,-5.425114441E1,-2.059354782E1,4.588343811E1,7.397682593E1
3.102226379E1,-3.057056999E1,-1.575607300E1,3.891449738E1,5.193410914E1
3.103225279E1,-3.082682610E1,-1.117259979E1,4.024762726E1,5.191330940E1
3.104224179E1,-3.333791351E1,-8.033012390E0,3.967913055E1,5.244405750E1
3.105222979E1,-3.353076172E1,-5.038455963E0,3.944416046E1,5.201480380E1
3.106221879E1,-3.271347427E1,-1.470779419E0,4.018232727E1,5.183583718E1
3.107220779E1,-3.260725021E1,2.420139313E0,4.169030762E1,5.298274804E1
3.108219679E1,-3.449910736E1,5.806692123E0,4.267453766E1,5.518172022E1
3.109218579E1,-3.740905762E1,8.070392609E0,4.272281647E1,5.735684681E1
3.110217479E1,-4.169840240E1,9.630001068E0,4.223779297E1,6.012923448E1
3.111216379E1,-4.624687576E1,1.032824516E1,4.144236755E1,6.295169572E1
3.112215279E1,-5.089135742E1,1.030585861E1,3.954500580E1,6.526828070E1
3.113214179E1,-5.577374268E1,9.390205383E0,3.751921844E1,6.787177677E1
3.114213079E1,-6.060927963E1,7.358766556E0,3.475447845E1,7.025318495E1
3.115211979E1,-6.377005386E1,4.435409546E0,3.197184753E1,7.147371309E1
3.116210879E1,-6.482575989E1,1.431228638E0,3.023793793E1,7.154551314E1
3.117209779E1,-6.476346588E1,-4.675750732E-1,2.925964355E1,7.106793848E1
3.118208679E1,-1.836041565E2,-5.428002167E1,4.619940186E1,1.969547963E2
3.119207579E1,-1.870541992E2,-5.663013458E1,4.395288086E1,2.003199973E2
3.120206479E1,-1.918463593E2,-6.150504303E1,4.002565765E1,2.054019210E2
3.121205379E1,-1.940956268E2,-6.878741455E1,3.542959595E1,2.089499390E2
3.122204279E1,-1.900336609E2,-7.646218872E1,3.224838257E1,2.073625249E2
3.123203179E1,-1.812375488E2,-8.205068207E1,3.170883942E1,2.014567299E2
3.124201979E1,-1.738367310E2,-8.557145691E1,3.255659485E1,1.964729374E2
3.125200879E1,-1.685844727E2,-8.942622375E1,3.317306519E1,1.936962214E2
3.126199779E1,-4.641909790E1,1.697193756E2,-8.581984711E1,1.957663027E2
3.127198679E1,-3.544026947E1,1.700901489E2,-7.845541382E1,1.906355775E2
3.128197579E1,-2.907716370E1,1.737108154E2,-7.113279724E1,1.899494767E2
3.129196479E1,-2.963656998E1,1.775949402E2,-6.635352325E1,1.918881943E2
3.130195379E1,-3.190422821E1,1.794925842E2,-6.313727570E1,1.929294771E2
3.131194279E1,-3.179332161E1,1.809853516E2,-5.921805573E1,1.930629195E2
3.132193179E1,9.894722939E0,2.169622803E1,-5.130295944E1,5.657407092E1
3.133192079E1,7.537296295E0,2.497618866E1,-4.900040817E1,5.551270878E1
3.134190979E1,2.810863256E0,2.737189484E1,-4.941461563E1,5.655904717E1
3.135189879E1,-8.950939178E-1,2.873939133E1,-5.112170792E1,5.865307176E1
3.136188779E1,-2.664219856E0,2.932821274E1,-5.254493332E1,6.023464242E1
3.137187679E1,-2.923692703E0,2.979239655E1,-5.259025955E1,6.051338919E1
3.138186579E1,-5.096957397E1,-1.557139206E1,5.018640747E2,5.046859570E2
3.139185479E1,-5.214864731E1,-1.485494995E1,5.026161194E2,5.055325058E2
3.140184379E1,-5.427849579E1,-1.399479675E1,5.022521667E2,5.053704072E2
3.141183279E1,-5.630508423E1,-1.323835754E1,5.002894287E2,5.036219109E2
3.142182079E1,-5.718138123E1,-1.280273819E1,4.972040100E2,5.006450320E2
3.143180979E1,-5.553081131E1,-1.273710251E1,4.955654602E2,4.988296604E2
3.144179879E1,-4.162578583E1,1.178970337E1,4.662094421E2,4.682125021E2
3.145178779E1,-4.110438156E1,1.122924423E1,4.681379089E2,4.700731516E2
3.146177679E1,-4.213602448E1,1.061561584E1,4.694172974E2,4.714241561E2
3.147176579E1,-4.213602448E1,1.061561584E1,4.694172974E2,4.714241561E2
3.148175479E1,-4.356386566E1,9.717327118E0,4.689584656E2,4.710777847E2
3.149174379E1,-4.446283722E1,8.738079071E0,4.681437683E2,4.703316763E2
3.150173279E1,-3.028331566E1,3.923134995E1,4.396108704E2,4.423956322E2
3.151172179E1,-3.148449326E1,3.874457169E1,4.388713684E2,4.417018148E2
3.152171079E1,-3.214393616E1,3.977162552E1,4.353157959E2,4.383090884E2
3.153169979E1,-3.177188110E1,4.078890228E1,4.336961670E2,4.367671602E2
3.154168879E1,-3.101426315E1,4.142024994E1,4.337116699E2,4.367875161E2
3.155167779E1,-3.097158051E1,4.148800659E1,4.339655762E2,4.370430354E2
3.156166617E1,-1.294174194E2,-3.046436691E1,1.839523621E2,2.269700809E2
3.157165517E1,-1.295366669E2,-3.065974808E1,1.840084229E2,2.271098146E2
3.158164417E1,-1.296621094E2,-3.087340927E1,1.840751648E2,2.272643753E2
3.159163317E1,-1.297886353E2,-3.097325516E1,1.843221741E2,2.275502060E2
3.160162217E1,-1.301139832E2,-3.081593704E1,1.842800598E2,2.276805021E2
3.161161017E1,-1.301030273E2,-3.097666550E1,1.844882355E2,2.278645663E2
3.162159917E1,-1.059902725E2,1.571970367E1,1.503912964E2,1.846580325E2
3.163158817E1,-1.060946198E2,1.557408905E1,1.507395935E2,1.849893122E2
3.164157717E1,-1.060050049E2,1.561791229E1,1.510269165E2,1.851758887E2
3.165156617E1,-1.061576462E2,1.570543289E1,1.511362915E2,1.853598799E2
3.166155517E1,-1.060163193E2,1.558366394E1,1.513612671E2,1.854522680E2
3.167154417E1,-1.060226593E2,1.549702454E1,1.515385284E2,1.855933395E2
3.168153317E1,-1.061483154E2,1.536980820E1,1.512979431E2,1.854582526E2
3.169152217E1,-1.061074066E2,1.536563110E1,1.515006409E2,1.855999153E2
3.170151117E1,-1.062245407E2,1.543949890E1,1.515057678E2,1.856772169E2
3.171150017E1,-1.061190338E2,1.538701630E1,1.516592712E2,1.857378372E2
3.172148917E1,-1.060457840E2,1.545158005E1,1.519207764E2,1.859149857E2
3.173147817E1,-1.060207291E2,1.555611420E1,1.520020599E2,1.859758423E2
3.174146717E1,-1.060605316E2,1.563953781E1,1.519462891E2,1.859599588E2
3.175145617E1,-1.059987640E2,1.545203781E1,1.519184723E2,1.858863246E2
3.176144517E1,-1.060545197E2,1.536471176E1,1.519697876E2,1.859528216E2
3.177143417E1,-1.061793137E2,1.545550156E1,1.522045746E2,1.862233919E2
3.178142217E1,-1.061698608E2,1.552729797E1,1.520553741E2,1.861020503E2
3.179141117E1,-1.059986801E2,1.556051636E1,1.522568359E2,1.861719473E2
3.180140017E1,-1.059434357E2,1.549104691E1,1.522718506E2,1.861469865E2
3.181138917E1,-1.060728073E2,1.555228424E1,1.525299988E2,1.864368915E2
3.182137817E1,-9.391310120E1,-5.010316086E1,9.975978851E1,1.458835587E2
3.183136717E1,-9.392262268E1,-5.010625458E1,1.000568314E2,1.460940290E2
3.184135617E1,-9.386576080E1,-5.011399841E1,1.000764084E2,1.460735479E2
3.185134517E1,-9.383511353E1,-4.991385269E1,1.003226471E2,1.461542156E2
3.186133417E1,-9.382791901E1,-5.004977417E1,1.004241409E2,1.462657388E2
3.187132317E1,-9.374874115E1,-5.008779526E1,1.004244766E2,1.462282093E2
3.188131217E1,-9.379962158E1,-5.016033554E1,1.003162613E2,1.462114241E2
3.189130117E1,-9.368741608E1,-5.014727020E1,1.004394684E2,1.462195864E2
3.190129017E1,-9.380883026E1,-5.012154770E1,1.003608551E2,1.462346314E2
3.191127917E1,-9.380197906E1,-5.001587296E1,1.004591980E2,1.462615783E2
3.192126817E1,-9.375706482E1,-5.009371185E1,1.006425247E2,1.463853987E2
3.193125717E1,-9.360066223E1,-5.002787018E1,1.006808701E2,1.462891293E2
3.194124617E1,-9.374497223E1,-5.023248672E1,1.006413193E2,1.464243753E2
3.195123517E1,-9.364543152E1,-5.013903046E1,1.006248093E2,1.463172630E2
3.196122317E1,-9.379067993E1,-5.021218491E1,1.007341614E2,1.465104994E2
3.197121217E1,-9.373520660E1,-5.027427673E1,1.008296204E2,1.465619466E2
3.198120117E1,-9.386285400E1,-5.024732590E1,1.005627594E2,1.464510078E2
3.199119017E1,-9.397095490E1,-5.006835938E1,1.003600845E2,1.463199492E2
3.200117917E1,-9.402418518E1,-5.028420258E1,1.002069855E2,1.463232325E2
3.201116817E1,-9.403581238E1,-5.029341125E1,9.998123169E1,1.461793690E2
3.202115717E1,-9.426306915E1,-5.013198471E1,9.989064789E1,1.462083569E2
3.203114617E1,-9.408869934E1,-5.013401794E1,1.000660934E2,1.462167096E2
3.204113517E1,-9.422868347E1,-5.023912811E1,9.996477509E1,1.462736170E2
3.205112417E1,-9.416111755E1,-5.007511902E1,9.986353302E1,1.461046160E2
3.206111317E1,-9.405146790E1,-5.035246277E1,9.948883820E1,1.458735001E2
3.207110217E1,-9.413090515E1,-5.024513626E1,9.957019806E1,1.459432265E2
3.208109117E1,-9.420179749E1,-5.025107193E1,9.958744049E1,1.460027643E2
3.209108017E1,-9.406194305E1,-5.035318756E1,9.961782837E1,1.459685047E2
3.210106917E1,-9.413660431E1,-5.027019882E1,9.986127472E1,1.461542587E2
3.211105817E1,-9.401596832E1,-5.023472595E1,9.990406036E1,1.460936387E2
3.212104717E1,-9.405239868E1,-5.035352325E1,1.001318970E2,1.463137991E2
3.213103517E1,-8.151328278E1,-5.421009445E1,8.284151459E1,1.282414369E2
3.214102417E1,-8.146221924E1,-5.431927490E1,8.302306366E1,1.283725278E2
3.215101317E1,-8.129796600E1,-5.415763474E1,8.311473083E1,1.282593745E2
3.216100217E1,-8.114486694E1,-5.433797455E1,8.322600555E1,1.283108449E2
3.217099117E1,-8.108797455E1,-5.424252701E1,8.329739380E1,1.282808137E2
3.218098017E1,-8.105944824E1,-5.425322723E1,8.333763885E1,1.282934483E2
3.219096917E1,-8.099239349E1,-5.413941574E1,8.359751129E1,1.283720687E2
3.220095817E1,-8.105875397E1,-5.425270081E1,8.346515656E1,1.283756577E2
3.221094717E1,-8.080845642E1,-5.406710052E1,8.383812714E1,1.283825905E2
3.222093617E1,-8.087639618E1,-5.418300629E1,8.396125031E1,1.285545844E2
3.223092517E1,-8.072015381E1,-5.406937027E1,8.401654816E1,1.284446200E2
3.224091417E1,-8.088998413E1,-5.428399277E1,8.395755005E1,1.286033111E2
3.225090317E1,-8.073390961E1,-5.411556625E1,8.428207397E1,1.286465183E2
3.226089217E1,-8.073686218E1,-5.412372971E1,8.423538971E1,1.286212265E2
3.227088117E1,-7.921429443E1,-3.945145798E1,7.751326752E1,1.176419509E2
3.228087017E1,-7.918114471E1,-3.963508987E1,7.767266846E1,1.177864061E2
3.229085917E1,-7.899142456E1,-3.971112823E1,7.774048615E1,1.177293593E2
3.230084717E1,-7.899142456E1,-3.971112823E1,7.774048615E1,1.177293593E2
3.231083617E1,-7.920027161E1,-3.955689240E1,7.769542694E1,1.177879880E2
3.232082517E1,-7.904677582E1,-3.957449341E1,7.762732697E1,1.176458040E2
3.233081417E1,-7.903650665E1,-3.961649704E1,7.740815735E1,1.175085488E2
3.234080317E1,-7.887544250E1,-3.964158630E1,7.732000732E1,1.173506469E2
3.235079217E1,-7.891876221E1,-3.984447098E1,7.735447693E1,1.174711369E2
3.236078117E1,-7.887576294E1,-3.975629044E1,7.738762665E1,1.174342087E2
3.237077017E1,-7.885641479E1,-3.973576736E1,7.738682556E1,1.174137391E2
3.238075917E1,-7.884317780E1,-3.968567276E1,7.719541168E1,1.172618049E2
3.239074817E1,-7.886679077E1,-3.965364075E1,7.720616913E1,1.172739292E2
3.240073717E1,-7.862237549E1,-3.961958313E1,7.684677887E1,1.168615280E2
3.241072617E1,-7.851122284E1,-3.969219589E1,7.661320496E1,1.166579003E2
3.242071517E1,-7.849280548E1,-3.971657562E1,7.646080780E1,1.165537731E2
3.243070417E1,-7.837301636E1,-3.980646515E1,7.627117920E1,1.163794532E2
3.244069317E1,-7.824405670E1,-3.969686127E1,7.632300568E1,1.162891844E2
3.245068217E1,-6.326030731E1,-4.260210037E1,6.351246643E1,9.925038453E1
3.246067117E1,-6.303095245E1,-4.261192322E1,6.370028687E1,9.922904572E1
3.247066017E1,-6.281760025E1,-4.269078445E1,6.357491302E1,9.904707742E1
3.248064817E1,-6.279570389E1,-4.259498596E1,6.326380920E1,9.879242284E1
3.249063717E1,-6.264059067E1,-4.264293289E1,6.323501587E1,9.869615269E1
3.250062617E1,-6.248121643E1,-4.271725082E1,6.320632935E1,9.860885353E1
3.251061517E1,-6.220369339E1,-4.274856186E1,6.301235962E1,9.832241086E1
3.252060417E1,-6.196931839E1,-4.259029770E1,6.307406616E1,9.814513591E1
3.253059317E1,-6.198018265E1,-4.264475250E1,6.289495850E1,9.806066368E1
3.254058217E1,-6.170899963E1,-4.265921402E1,6.272745514E1,9.778825494E1
3.255057117E1,-5.342599487E1,-4.216760254E1,6.022605896E1,9.088246151E1
3.256056054E1,-5.337155151E1,-4.215756989E1,6.017330170E1,9.081084432E1
3.257054954E1,-5.320109177E1,-4.213546753E1,6.040487671E1,9.085429500E1
3.258053854E1,-5.302680588E1,-4.209723663E1,6.037735748E1,9.071628724E1
3.259052754E1,-5.300494766E1,-4.206016541E1,6.032575226E1,9.065196289E1
3.260051654E1,-5.283497620E1,-4.208602142E1,6.035166168E1,9.058195724E1
3.261050554E1,-5.266081619E1,-4.199030304E1,6.040203094E1,9.046962172E1
3.262049454E1,-5.239368439E1,-4.197367096E1,6.054189301E1,9.040026563E1
3.263048354E1,-5.234944153E1,-4.193636322E1,6.060102081E1,9.039693751E1
3.264047254E1,-5.227165985E1,-4.191401672E1,6.054299927E1,9.030263552E1
3.265046154E1,-5.210074615E1,-4.199919128E1,6.059395599E1,9.027761251E1
3.266044954E1,-5.198606110E1,-4.195049286E1,6.095675659E1,9.043296177E1
3.267043854E1,-5.197821426E1,-4.191165161E1,6.107952118E1,9.049325503E1
3.268042754E1,-5.123921585E1,-4.148031616E1,6.194766235E1,9.046317892E1
3.269041654E1,-5.103056335E1,-4.148742676E1,6.204292297E1,9.041376702E1
3.270040554E1,-5.117399979E1,-4.155998230E1,6.218284607E1,9.062404056E1
3.271039454E1,-5.111320496E1,-4.154695129E1,6.244847870E1,9.076630087E1
3.272038354E1,-5.105224991E1,-4.143156433E1,6.287358856E1,9.097249520E1
3.273037254E1,-5.094647217E1,-4.122359467E1,6.310974884E1,9.098224103E1
3.274036154E1,-5.086904526E1,-4.102478027E1,6.346238708E1,9.109427499E1
3.275035054E1,-5.065457153E1,-4.084578705E1,6.384233856E1,9.115979448E1
3.276033954E1,-5.038452911E1,-4.083666992E1,6.412743378E1,9.120615191E1
3.277032854E1,-5.025855255E1,-4.074452972E1,6.418170166E1,9.113358127E1
3.278031754E1,-5.021074677E1,-4.063308716E1,6.403709412E1,9.095557314E1
3.279030654E1,-5.005673981E1,-4.065112305E1,6.366841888E1,9.061930572E1
3.280029554E1,-5.002406311E1,-4.071995544E1,6.328800964E1,9.036533531E1
3.281028454E1,-4.996379471E1,-4.083055878E1,6.277219391E1,9.002146211E1
3.282027354E1,-4.260691833E1,-4.223965073E1,6.045879364E1,8.517513318E1
3.283026254E1,-4.262973785E1,-4.223574448E1,6.039173126E1,8.513702993E1
3.284025054E1,-4.260861206E1,-4.241324234E1,5.993814087E1,8.489380236E1
3.285023954E1,-4.271840668E1,-4.269953156E1,5.974835205E1,8.495868312E1
3.286022854E1,-4.288797379E1,-4.277634048E1,5.935908508E1,8.480975523E1
3.287021754E1,-4.295930862E1,-4.293877792E1,5.902262115E1,8.469303782E1
3.288020654E1,-4.325792694E1,-4.334496307E1,5.863385010E1,8.478185209E1
3.289019554E1,-4.367462921E1,-4.363129425E1,5.841030121E1,8.498780125E1
3.290018454E1,-4.388156128E1,-4.434445190E1,5.866003418E1,8.563306280E1
3.291017354E1,-4.436740112E1,-4.477338409E1,5.855861664E1,8.603623532E1
3.292016254E1,-4.465531158E1,-4.526404190E1,5.848047638E1,8.638805739E1
3.293015154E1,-4.473355484E1,-4.551339340E1,5.865727997E1,8.667892709E1
3.294014054E1,-4.477598572E1,-4.580034637E1,5.860623932E1,8.681734799E1
3.295012954E1,-4.452273560E1,-4.590447998E1,5.875099182E1,8.683993498E1
3.296011854E1,-4.445946884E1,-4.606136322E1,5.858858490E1,8.678084945E1
3.297010754E1,-4.420865631E1,-4.588092804E1,5.871795654E1,8.664446475E1
3.298009654E1,-4.413578796E1,-4.598812866E1,5.840686035E1,8.645367021E1
3.299008554E1,-4.408864594E1,-4.586128616E1,5.830668640E1,8.629447229E1
3.300007454E1,-4.509778214E1,-4.496796417E1,6.290637207E1,8.951614046E1
3.301006354E1,-4.517945862E1,-4.504820251E1,6.263254547E1,8.940559145E1
3.302005154E1,-4.532076263E1,-4.515701294E1,6.244420624E1,8.940025859E1
3.303004054E1,-4.530059052E1,-4.517392349E1,6.260898590E1,8.951375302E1
3.304002954E1,-4.547404480E1,-4.531538010E1,6.245559692E1,8.956603157E1
3.305001854E1,-4.555814743E1,-4.519998932E1,6.236378479E1,8.948645420E1
3.306000754E1,-4.560567474E1,-4.540456009E1,6.228244019E1,8.955754575E1
3.306999654E1,-4.569438934E1,-4.524085999E1,6.225055695E1,8.949773444E1
3.307998554E1,-4.568180084E1,-4.537654495E1,6.228061676E1,8.958087399E1
3.308997454E1,-4.568519592E1,-4.537136841E1,6.220232391E1,8.952556785E1
3.309996354E1,-4.422359085E1,-4.355413818E1,5.831843567E1,8.516882575E1
3.310995254E1,-4.442555237E1,-4.350061798E1,5.806806946E1,8.507546155E1
3.311994154E1,-4.449605560E1,-4.370096588E1,5.787583923E1,8.508399468E1
3.312993054E1,-4.460720444E1,-4.375130463E1,5.775622559E1,8.508678474E1
3.313991954E1,-4.460720444E1,-4.375130463E1,5.775622559E1,8.508678474E1
3.314990854E1,-4.479026413E1,-4.415233994E1,5.756865692E1,8.526281219E1
3.315989754E1,-4.495230103E1,-4.434872055E1,5.746741486E1,8.538162655E1
3.316988654E1,-4.521695709E1,-4.458702087E1,5.718076324E1,8.545300067E1
3.317987554E1,-4.547949982E1,-4.474666595E1,5.701114655E1,8.556237402E1
3.318986454E1,-4.557204437E1,-4.522237778E1,5.713005829E1,8.594020154E1
3.319985354E1,-4.571753693E1,-4.542465210E1,5.696165466E1,8.601233809E1
3.320984154E1,-4.590556335E1,-4.545629883E1,5.693155670E1,8.610922133E1
3.321983054E1,-4.583497620E1,-4.568634415E1,5.703141785E1,8.625931663E1
3.322981954E1,-4.583867264E1,-4.619696045E1,5.706604004E1,8.655562367E1
3.323980854E1,-4.207437897E1,-4.539398575E1,5.583840942E1,8.335943423E1
3.324979754E1,-4.223379898E1,-4.578761292E1,5.591188812E1,8.370387390E1
3.325978654E1,-4.207031631E1,-4.616463852E1,5.607754517E1,8.393912339E1
3.326977554E1,-4.204757309E1,-4.659860992E1,5.637865448E1,8.436813101E1
3.327976454E1,-4.184262466E1,-4.685125732E1,5.669858551E1,8.462018170E1
3.328975354E1,-4.165850067E1,-4.731980133E1,5.692199707E1,8.493943740E1
3.329974254E1,-4.168464661E1,-4.746530914E1,5.733057404E1,8.530744431E1
3.330973154E1,-4.160780716E1,-4.758402252E1,5.723151398E1,8.526954326E1
3.331972054E1,-4.131689072E1,-4.769991302E1,5.770890808E1,8.551423994E1
3.332970954E1,-4.137204742E1,-4.804189301E1,5.749443054E1,8.558784572E1
3.333969854E1,-4.110437012E1,-4.802899933E1,5.775107574E1,8.562441690E1
3.334968754E1,-4.102142715E1,-4.821708679E1,5.772277832E1,8.567125587E1
3.335967654E1,-4.100200272E1,-4.829462433E1,5.776586151E1,8.573464715E1
3.336966554E1,-4.094414139E1,-4.857371521E1,5.769414520E1,8.581633244E1
3.337965454E1,-3.498041534E1,-5.145513153E1,4.570470428E1,7.720220212E1
3.338964254E1,-3.494041061E1,-5.165690613E1,4.594100952E1,7.745866382E1
3.339963154E1,-3.489471436E1,-5.169333649E1,4.586422729E1,7.741685522E1
3.340962054E1,-3.500183105E1,-5.183202362E1,4.585619354E1,7.755306142E1
3.341960954E1,-3.493012238E1,-5.202108765E1,4.557635498E1,7.748232794E1
3.342959854E1,-3.495529938E1,-5.214971924E1,4.553681946E1,7.755687009E1
3.343958754E1,-3.480466080E1,-5.223635101E1,4.554241180E1,7.755070634E1
3.344957654E1,-3.473976898E1,-5.223346710E1,4.540403748E1,7.743844816E1
3.345956554E1,-3.462841797E1,-5.225280762E1,4.566625214E1,7.755572074E1
3.346955454E1,-3.456919479E1,-5.243754578E1,4.574094391E1,7.769787246E1
3.347954354E1,-3.469615936E1,-5.256598663E1,4.566142273E1,7.779442108E1
3.348953254E1,-3.468523407E1,-5.269122314E1,4.591755676E1,7.802469146E1
3.349952154E1,-3.443029404E1,-5.261242676E1,4.599658966E1,7.790506310E1
3.350951054E1,-3.440200043E1,-5.297863007E1,4.593408203E1,7.810360279E1
3.351949954E1,-3.431311417E1,-5.291548920E1,4.599152374E1,7.805548704E1
3.352948854E1,-3.423685074E1,-5.312936401E1,4.611955261E1,7.824259966E1
3.353947754E1,-3.417169952E1,-5.331453705E1,4.610797882E1,7.833320254E1
3.354946654E1,-3.398529053E1,-5.359635162E1,4.635211945E1,7.858808979E1
3.355945567E1,-3.384066010E1,-5.369836426E1,4.640910339E1,7.862893537E1
3.356944467E1,-3.358664703E1,-5.380208588E1,4.682857513E1,7.883934774E1
3.357943267E1,-3.342913055E1,-5.371005249E1,4.654206848E1,7.853942097E1
3.358942167E1,-3.335828781E1,-5.354781342E1,4.685656738E1,7.858550499E1
3.359941067E1,-3.328474808E1,-5.318771362E1,4.670497894E1,7.821868315E1
3.360939967E1,-3.341641998E1,-5.283891296E1,4.689678955E1,7.815316192E1
3.361938867E1,-3.327625275E1,-5.250291443E1,4.691802216E1,7.787917452E1
3.362937767E1,-3.342000580E1,-5.201647949E1,4.656438446E1,7.740059965E1
3.363936667E1,-3.362640762E1,-5.155471802E1,4.648872375E1,7.713511312E1
3.364935567E1,-3.388307953E1,-5.086968994E1,4.680831146E1,7.698575488E1
3.365934467E1,-3.403203201E1,-5.041900635E1,4.666251373E1,7.666580458E1
3.366933367E1,-3.421550369E1,-4.991726685E1,4.688181305E1,7.655284852E1
3.367932267E1,-3.458896637E1,-4.931715393E1,4.710451508E1,7.646838305E1
3.368931167E1,-3.477168274E1,-4.905040741E1,4.709551239E1,7.637407724E1
3.369930067E1,-3.501272583E1,-4.865101624E1,4.721710205E1,7.630378154E1
3.370928967E1,-3.528475189E1,-4.828385162E1,4.720811462E1,7.619022332E1
3.371927867E1,-3.559232330E1,-4.816230774E1,4.724382019E1,7.627843674E1
3.372926767E1,-3.590453339E1,-4.795946503E1,4.744516754E1,7.642178830E1
3.373925667E1,-3.629580688E1,-4.791622925E1,4.719477081E1,7.642445299E1
3.374924467E1,-3.653996277E1,-4.790855408E1,4.768761444E1,7.684078997E1
3.375923367E1,-3.699200439E1,-4.792728424E1,4.794709015E1,7.722924587E1
3.376922267E1,-3.734871292E1,-4.808203888E1,4.812418365E1,7.760635201E1
3.377921167E1,-3.767947388E1,-4.825779724E1,4.839768982E1,7.804418060E1
3.378920067E1,-3.658693695E1,-5.348546600E1,5.112232971E1,8.253963669E1
3.379918967E1,-3.700164032E1,-5.379450226E1,5.143946075E1,8.312032232E1
3.380917867E1,-3.738929749E1,-5.398764801E1,5.174046326E1,8.360443315E1
3.381916767E1,-3.770477295E1,-5.408857727E1,5.208610535E1,8.402491574E1
3.382915667E1,-3.799930954E1,-5.396070099E1,5.243404388E1,8.429136216E1
3.383914567E1,-3.833502197E1,-5.401215363E1,5.270709991E1,8.464588017E1
3.384913467E1,-3.860337067E1,-5.352476501E1,5.328955841E1,8.482274301E1
3.385912367E1,-3.903050995E1,-5.341342926E1,5.337982941E1,8.500459587E1
3.386911267E1,-3.945987701E1,-5.289403534E1,5.400981903E1,8.527556168E1
3.387910167E1,-3.981434631E1,-5.244711304E1,5.436000061E1,8.538671738E1
3.388909067E1,-4.020632935E1,-5.152210236E1,5.481432343E1,8.529763187E1
3.389907967E1,-4.036558533E1,-5.078939056E1,5.507551575E1,8.510144010E1
3.390906867E1,-4.009809875E1,-4.976253510E1,5.526692963E1,8.449024164E1
3.391905667E1,-4.008308029E1,-4.878542328E1,5.512483978E1,8.381777145E1
3.392904567E1,-3.959783554E1,-4.771631622E1,5.527136993E1,8.306479247E1
3.393903467E1,-3.925144196E1,-4.691188812E1,5.513956451E1,8.235151800E1
3.394902367E1,-3.893882751E1,-4.577787781E1,5.526356506E1,8.164501215E1
3.395901267E1,-3.860813904E1,-4.515125275E1,5.510526276E1,8.102971065E1
3.396900167E1,-3.818002701E1,-4.446483612E1,5.508200836E1,8.042924691E1
3.397899067E1,-3.818002701E1,-4.446483612E1,5.508200836E1,8.042924691E1
3.398897967E1,-3.752992249E1,-4.403149414E1,5.487628174E1,7.974129329E1
3.399896867E1,-3.702098846E1,-4.349697876E1,5.474197388E1,7.911526055E1
3.400895767E1,-3.643688202E1,-4.324897003E1,5.476018524E1,7.871974128E1
3.401894667E1,-3.577302170E1,-4.303704071E1,5.457542419E1,7.816887412E1
3.402893567E1,-3.532501221E1,-4.308847809E1,5.433970642E1,7.782851101E1
3.403892467E1,-3.482367325E1,-4.284056854E1,5.414733124E1,7.733004598E1
3.404891367E1,-3.439359283E1,-4.309133911E1,5.386380768E1,7.707848281E1
3.405890267E1,-3.407160950E1,-4.323365021E1,5.366030884E1,7.687295902E1
3.406889167E1,-3.372740936E1,-4.347721863E1,5.333863831E1,7.663430706E1
3.407888067E1,-3.338560486E1,-4.360404968E1,5.326309204E1,7.650404391E1
3.408886867E1,-4.079424286E1,-3.498307800E1,6.268556976E1,8.256795173E1
3.409885767E1,-4.076233673E1,-3.503350830E1,6.241390991E1,8.236753578E1
3.410884667E1,-4.072939301E1,-3.501588440E1,6.235425568E1,8.229853471E1
3.411883567E1,-4.060153198E1,-3.528656006E1,6.235269165E1,8.234976549E1
3.412882467E1,-4.057537079E1,-3.562654877E1,6.216889954E1,8.234430011E1
3.413881367E1,-4.038439560E1,-3.567173767E1,6.229575348E1,8.236584959E1
3.414880267E1,-4.035634995E1,-3.582482147E1,6.205561066E1,8.223716695E1
3.415879167E1,-4.048356247E1,-3.581695557E1,6.212180328E1,8.234616919E1
3.416878067E1,-4.024906158E1,-3.607919312E1,6.233872986E1,8.250946839E1
3.417876967E1,-4.016091537E1,-3.635507202E1,6.208325958E1,8.239491189E1
3.418875867E1,-4.016574860E1,-3.634893036E1,6.209015656E1,8.239975509E1
3.419874767E1,-4.016110992E1,-3.637988281E1,6.220384216E1,8.249683996E1
3.420873667E1,-4.030221939E1,-3.651728058E1,6.212624359E1,8.256785580E1
3.421872567E1,-4.002058029E1,-3.678236389E1,6.211333466E1,8.253881198E1
3.422871467E1,-4.017091370E1,-3.689051056E1,6.201032257E1,8.258263850E1
3.423870367E1,-4.028485107E1,-3.698260498E1,6.188475037E1,8.258513562E1
3.424869267E1,-4.050733566E1,-3.710355377E1,6.206114197E1,8.288005362E1
3.425868067E1,-4.055759048E1,-3.724172211E1,6.181391907E1,8.278178907E1
3.426866967E1,-4.062491226E1,-3.753668213E1,6.188786316E1,8.300297349E1
3.427865867E1,-4.089533615E1,-3.757139587E1,6.194226837E1,8.319184406E1
3.428864767E1,-4.108004379E1,-3.787638855E1,6.196949768E1,8.344105375E1
3.429863667E1,-4.116615677E1,-3.795341492E1,6.219438171E1,8.368545443E1
3.430862567E1,-3.397332382E1,-3.460979462E1,5.558805084E1,7.377029220E1
3.431861467E1,-3.411708450E1,-3.449312592E1,5.570295715E1,7.386860379E1
3.432860367E1,-3.446767426E1,-3.462014008E1,5.580335236E1,7.416595446E1
3.433859267E1,-3.447896957E1,-3.461195374E1,5.592991638E1,7.426265704E1
3.434858167E1,-3.452075195E1,-3.465648651E1,5.622829437E1,7.452768251E1
3.435857067E1,-3.472246170E1,-3.449172974E1,5.623390961E1,7.454918750E1
3.436855967E1,-3.498345184E1,-3.452342224E1,5.643161774E1,7.483472500E1
3.437854867E1,-3.494709015E1,-3.454547882E1,5.667168427E1,7.500912621E1
3.438853767E1,-3.518378067E1,-3.457279968E1,5.658301544E1,7.506540173E1
3.439852667E1,-3.526392746E1,-3.437715912E1,5.663871765E1,7.505516629E1
3.440851567E1,-3.555717087E1,-3.443105316E1,5.668171692E1,7.525042761E1
3.441850367E1,-3.564451599E1,-3.436675262E1,5.698653412E1,7.549218686E1
3.442849267E1,-3.589140701E1,-3.436928558E1,5.698155212E1,7.560646911E1
3.443848167E1,-3.357266235E1,-3.829908752E1,5.427445221E1,7.442889174E1
3.444847067E1,-3.380437088E1,-3.824787140E1,5.449449921E1,7.466783512E1
3.445845967E1,-3.393931580E1,-3.826606750E1,5.450978851E1,7.474948911E1
3.446844867E1,-3.394350433E1,-3.831318665E1,5.460476685E1,7.484478819E1
3.447843767E1,-3.409941864E1,-3.826059723E1,5.465187073E1,7.492309808E1
3.448842667E1,-3.435573578E1,-3.815489197E1,5.473159027E1,7.504438244E1
3.449841567E1,-3.439705276E1,-3.814638519E1,5.463244629E1,7.498671969E1
3.450840467E1,-3.443305588E1,-3.814015961E1,5.448653412E1,7.489385497E1
3.451839367E1,-3.432989502E1,-3.816441345E1,5.438774109E1,7.478696763E1
3.452838267E1,-3.458802032E1,-3.826074219E1,5.474911499E1,7.521755869E1
3.453837167E1,-3.480917740E1,-3.817382050E1,5.438753510E1,7.501282141E1
3.454836067E1,-3.508786774E1,-3.812731934E1,5.435020447E1,7.509191480E1
3.455834967E1,-3.500441360E1,-3.823509979E1,5.421437836E1,7.500953705E1
3.456833842E1,-3.513103104E1,-3.847953033E1,5.433163452E1,7.527808517E1
3.457832642E1,-3.430999756E1,-4.128895569E1,5.360088348E1,7.586177235E1
3.458831542E1,-3.434903717E1,-4.122591400E1,5.365920258E1,7.588637797E1
3.459830442E1,-3.437495041E1,-4.114818573E1,5.342175293E1,7.568813705E1
3.460829342E1,-3.435626984E1,-4.131128311E1,5.322210693E1,7.562782594E1
3.461828242E1,-3.438607025E1,-4.127050781E1,5.320758820E1,7.560888892E1
3.462827142E1,-3.443509293E1,-4.125311661E1,5.318428802E1,7.560531560E1
3.463826042E1,-3.446991730E1,-4.130413437E1,5.331678009E1,7.574223230E1
3.464824942E1,-3.447189331E1,-4.128337097E1,5.330043030E1,7.572030122E1
3.465823842E1,-3.449780273E1,-4.137812042E1,5.308673096E1,7.563364494E1
3.466822742E1,-3.473226166E1,-4.129557800E1,5.309691620E1,7.570295418E1
3.467821642E1,-3.484197617E1,-4.112752533E1,5.309387970E1,7.565974296E1
3.468820542E1,-3.480401611E1,-4.130258942E1,5.300348663E1,7.567425603E1
3.469819442E1,-3.480210114E1,-4.132077789E1,5.299377441E1,7.567650267E1
3.470818342E1,-3.499143982E1,-4.125392151E1,5.295528412E1,7.570038980E1
3.471817242E1,-3.509267807E1,-4.123261261E1,5.304780579E1,7.580035683E1
3.472816142E1,-3.505031967E1,-4.121175385E1,5.297000885E1,7.571496154E1
3.473814942E1,-3.517625427E1,-4.127182770E1,5.278536987E1,7.567712930E1
3.474813842E1,-3.509680939E1,-4.128690720E1,5.299842834E1,7.579728321E1
3.475812742E1,-3.577516937E1,-4.289159012E1,5.165749359E1,7.607922115E1
3.476811642E1,-3.572516632E1,-4.298440170E1,5.162758636E1,7.608780436E1
3.477810542E1,-3.573703003E1,-4.307847214E1,5.149633789E1,7.605762876E1
3.478809442E1,-3.597528076E1,-4.298868561E1,5.147905731E1,7.610743234E1
3.479808342E1,-3.599690247E1,-4.308640671E1,5.141620636E1,7.613042563E1
3.480807242E1,-3.599690247E1,-4.308640671E1,5.141620636E1,7.613042563E1
3.481806142E1,-3.612055206E1,-4.318526840E1,5.138185120E1,7.622175753E1
3.482805042E1,-3.625677490E1,-4.316460037E1,5.136413574E1,7.626277527E1
3.483803942E1,-3.647243881E1,-4.316577148E1,5.149754333E1,7.645599774E1
3.484802842E1,-3.661700821E1,-4.319423676E1,5.111769104E1,7.628607813E1
3.485801742E1,-3.621931839E1,-4.661122894E1,4.985801697E1,7.726750639E1
3.486800642E1,-3.649308014E1,-4.661825562E1,4.971592712E1,7.730899084E1
3.487799542E1,-3.655596161E1,-4.663670731E1,4.971641541E1,7.735013095E1
3.488798342E1,-3.666581726E1,-4.673601913E1,4.942414856E1,7.727473132E1
3.489797242E1,-3.689736938E1,-4.669044113E1,4.937397766E1,7.732530524E1
3.490796142E1,-3.709246826E1,-4.682677460E1,4.910937500E1,7.733258520E1
3.491795042E1,-3.740924072E1,-4.661121368E1,4.897350311E1,7.726875526E1
3.492793942E1,-3.767781830E1,-4.675556564E1,4.874089813E1,7.733935648E1
3.493792842E1,-3.828116226E1,-4.756195831E1,4.805250549E1,7.769575630E1
3.494791742E1,-3.847229385E1,-4.768547821E1,4.785019684E1,7.774100311E1
3.495790642E1,-3.852880859E1,-4.758241272E1,4.773834991E1,7.763700886E1
3.496789542E1,-3.863051987E1,-4.778353119E1,4.768690491E1,7.777932770E1
3.497788442E1,-3.873050690E1,-4.772080994E1,4.745345306E1,7.764765337E1
3.498787342E1,-3.884311676E1,-4.769314575E1,4.748874664E1,7.770846112E1
3.499786242E1,-3.881029510E1,-4.771177673E1,4.763962555E1,7.779580045E1
3.500785142E1,-3.888807297E1,-4.785660553E1,4.783419037E1,7.804259529E1
3.501784042E1,-3.890987015E1,-4.767567444E1,4.780798340E1,7.792657573E1
3.502782942E1,-3.914715576E1,-4.770380402E1,4.788336182E1,7.810870029E1
3.503781742E1,-3.898262787E1,-4.755388641E1,4.794789886E1,7.797447271E1
3.504780642E1,-3.899369812E1,-4.771646118E1,4.830472565E1,7.829888684E1
3.505779542E1,-3.882589340E1,-4.773237610E1,4.848829651E1,7.833865345E1
3.506778442E1,-3.883977509E1,-4.765334320E1,4.848529816E1,7.829555150E1
3.507777342E1,-3.727854919E1,-4.722671509E1,4.571919250E1,7.556650985E1
3.508776242E1,-3.736386108E1,-4.737077332E1,4.589177704E1,7.580305719E1
3.509775142E1,-3.745185089E1,-4.738120270E1,4.583851624E1,7.582076942E1
3.510774042E1,-3.743640518E1,-4.738366699E1,4.598638153E1,7.590417391E1
3.511772942E1,-3.739779663E1,-4.729423523E1,4.609381866E1,7.589453207E1
3.512771842E1,-3.768715286E1,-4.736836243E1,4.603694153E1,7.604921587E1
3.513770742E1,-3.750267792E1,-4.729540253E1,4.613519287E1,7.597211312E1
3.514769642E1,-3.768672180E1,-4.742407990E1,4.598396301E1,7.605167459E1
3.515768542E1,-3.785940552E1,-4.730915070E1,4.592044067E1,7.602747659E1
3.516767442E1,-3.808638763E1,-4.737033081E1,4.592057037E1,7.617886812E1
3.517766242E1,-3.831495667E1,-4.734281921E1,4.600270844E1,7.632579917E1
3.518765142E1,-3.841246414E1,-4.731628418E1,4.585098267E1,7.626703588E1
3.519764042E1,-3.864458466E1,-4.723629761E1,4.597641754E1,7.641009557E1
3.520762942E1,-3.904165649E1,-4.718594360E1,4.615627289E1,7.668875891E1
3.521761842E1,-3.920531464E1,-4.725118256E1,4.622255707E1,7.685216803E1
3.522760742E1,-3.646740723E1,-4.594512939E1,4.571022034E1,7.436565705E1
3.523759642E1,-3.679147339E1,-4.587796402E1,4.576181793E1,7.451539490E1
3.524758542E1,-3.699413300E1,-4.591138458E1,4.581942749E1,7.467155446E1
3.525757442E1,-3.723067093E1,-4.572634125E1,4.604424286E1,7.481372496E1
3.526756342E1,-3.740933609E1,-4.576585007E1,4.635628510E1,7.511908297E1
3.527755242E1,-3.748290253E1,-4.575925827E1,4.613406372E1,7.501486209E1
3.528754142E1,-3.790980530E1,-4.575529861E1,4.609370422E1,7.520192988E1
3.529753042E1,-3.811785889E1,-4.567566299E1,4.601197815E1,7.520863973E1
3.530751942E1,-3.679106140E1,-4.484021759E1,4.568024445E1,7.383029219E1
3.531750842E1,-3.672132111E1,-4.473780823E1,4.572254181E1,7.375959421E1
3.532749642E1,-3.703276062E1,-4.481061554E1,4.559626007E1,7.388122601E1
3.533748542E1,-3.703396225E1,-4.476140976E1,4.565888977E1,7.389067856E1
3.534747442E1,-3.718969345E1,-4.465114594E1,4.571401215E1,7.393624983E1
3.535746342E1,-3.736765289E1,-4.468297958E1,4.566856384E1,7.401707824E1
3.536745242E1,-3.736328125E1,-4.473311615E1,4.564456177E1,7.403034841E1
3.537744142E1,-3.737119675E1,-4.452709961E1,4.554351044E1,7.384768303E1
3.538743042E1,-3.764817047E1,-4.460023499E1,4.568573761E1,7.411985106E1
3.539741942E1,-3.771646881E1,-4.445854187E1,4.588279724E1,7.419113860E1
3.540740842E1,-3.779541016E1,-4.447983551E1,4.591130066E1,7.426167467E1
3.541739742E1,-3.768191528E1,-4.438489151E1,4.586738586E1,7.411991918E1
3.542738642E1,-3.633315277E1,-4.360956955E1,4.433300781E1,7.202296945E1
3.543737542E1,-3.634578705E1,-4.361413956E1,4.432155609E1,7.202506328E1
3.544736442E1,-3.629436874E1,-4.376239014E1,4.427666473E1,7.206143929E1
3.545735342E1,-3.626340485E1,-4.378325272E1,4.401628113E1,7.189882303E1
3.546734142E1,-3.622871017E1,-4.372285461E1,4.422801971E1,7.197447592E1
3.547733042E1,-3.623872375E1,-4.377577972E1,4.415061951E1,7.196416603E1
3.548731942E1,-3.620843506E1,-4.366151810E1,4.419863129E1,7.190895591E1
3.549730842E1,-3.630016327E1,-4.344587326E1,4.411188507E1,7.177119312E1
3.550729742E1,-3.627220154E1,-4.352490997E1,4.412373352E1,7.181221520E1
3.551728642E1,-3.632264709E1,-4.356011200E1,4.407908630E1,7.183163578E1
3.552727542E1,-3.620962524E1,-4.357444382E1,4.405780792E1,7.177018568E1
3.553726442E1,-3.618641663E1,-4.351877594E1,4.394305420E1,7.165425751E1
3.554725342E1,-3.623870850E1,-4.354207993E1,4.412182617E1,7.180454207E1
3.555724242E1,-3.610923386E1,-4.358140564E1,4.406298828E1,7.172700066E1
3.556723117E1,-3.610614777E1,-4.364910889E1,4.414065552E1,7.181431670E1
3.557722017E1,-3.598052216E1,-4.361421204E1,4.388406372E1,7.157240051E1
3.558720917E1,-3.316339111E1,-4.487736893E1,3.872342682E1,6.792122302E1
3.559719817E1,-3.293438721E1,-4.490155792E1,3.841522217E1,6.765022586E1
3.560718617E1,-3.271555710E1,-4.497375107E1,3.840270233E1,6.758486153E1
3.561717517E1,-3.256660461E1,-4.500627136E1,3.818098450E1,6.740872180E1
3.562716417E1,-3.098988724E1,-4.580369949E1,3.523698425E1,6.557436281E1
3.563715317E1,-3.090752792E1,-4.602338791E1,3.476168060E1,6.543547933E1
3.564714217E1,-3.090752792E1,-4.602338791E1,3.476168060E1,6.543547933E1
3.565713117E1,-3.083244324E1,-4.593824387E1,3.459556580E1,6.525193467E1
3.566712017E1,-2.970601082E1,-4.696510315E1,3.227323914E1,6.426297501E1
3.567710917E1,-2.969452667E1,-4.701965332E1,3.209135437E1,6.420644623E1
3.568709817E1,-2.960002327E1,-4.698935699E1,3.203808594E1,6.411396103E1
3.569708717E1,-2.955772400E1,-4.711811066E1,3.204139709E1,6.419054859E1
3.570707617E1,-2.934013748E1,-4.702175140E1,3.179315948E1,6.389596046E1
3.571706517E1,-2.934806061E1,-4.710214996E1,3.152932739E1,6.382804774E1
3.572705417E1,-2.887537766E1,-4.775890350E1,2.948018646E1,6.311720599E1
3.573704217E1,-2.865515900E1,-4.777257538E1,2.916574860E1,6.288066465E1
3.574703117E1,-2.868769073E1,-4.778878021E1,2.902302551E1,6.284176258E1
3.575702017E1,-2.847486496E1,-4.779098129E1,2.888616943E1,6.268338386E1
3.576700917E1,-2.857940674E1,-4.775209045E1,2.851364136E1,6.253057153E1
3.577699817E1,-2.850958252E1,-4.771732330E1,2.852632904E1,6.247792160E1
3.578698717E1,-2.836786652E1,-4.782332230E1,2.841680908E1,6.244454375E1
3.579697617E1,-2.824274826E1,-4.779301834E1,2.829460144E1,6.230898733E1
3.580696517E1,-2.737968636E1,-4.739153671E1,2.718485260E1,6.111154709E1
3.581695417E1,-2.731451225E1,-4.730310440E1,2.725049591E1,6.104306507E1
3.582694317E1,-2.720517540E1,-4.735027695E1,2.713850403E1,6.098088796E1
3.583693217E1,-2.700908279E1,-4.738334274E1,2.706542206E1,6.088685239E1
3.584692117E1,-2.701479530E1,-4.744717789E1,2.673721313E1,6.079401633E1
3.585691017E1,-2.696067429E1,-4.742549515E1,2.660286713E1,6.069405315E1
3.586689917E1,-2.701686859E1,-4.736457825E1,2.645499420E1,6.060677503E1
3.587688717E1,-2.705089569E1,-4.724856949E1,2.647806549E1,6.054144224E1
3.588687617E1,-2.695707321E1,-4.731651688E1,2.638207245E1,6.051074543E1
3.589686517E1,-2.692504501E1,-4.726230240E1,2.638849640E1,6.045689389E1
3.590685417E1,-2.700400925E1,-4.734872818E1,2.634537506E1,6.054087349E1
3.591684317E1,-2.677480507E1,-4.730760193E1,2.635993958E1,6.041312607E1
3.592683217E1,-2.682447243E1,-4.743272781E1,2.599076843E1,6.037330563E1
3.593682117E1,-2.664424896E1,-4.733901978E1,2.615352631E1,6.029017942E1
3.594681017E1,-2.668078613E1,-4.740199280E1,2.599239349E1,6.028613265E1
3.595679917E1,-2.655771446E1,-4.746818542E1,2.608715820E1,6.032479298E1
3.596678817E1,-2.667493248E1,-4.735099030E1,2.597924042E1,6.023777251E1
3.597677717E1,-2.672791100E1,-4.725523758E1,2.584716034E1,6.012914769E1
3.598676617E1,-2.682659340E1,-4.724847412E1,2.568942261E1,6.010017349E1
3.599675517E1,-2.650099182E1,-4.732716370E1,2.561495209E1,5.998573798E1
3.600674417E1,-2.659530258E1,-4.734957123E1,2.552899170E1,6.000851133E1
3.601673217E1,-2.656304359E1,-4.729884720E1,2.577869415E1,6.006094658E1
3.602672117E1,-2.666814232E1,-4.741185379E1,2.593350220E1,6.026292584E1
3.603671017E1,-2.635084915E1,-4.731059265E1,2.629745483E1,6.020145811E1
3.604669917E1,-2.641391563E1,-4.751676941E1,2.651123047E1,6.048457370E1
3.605668817E1,-2.553093338E1,-4.721649551E1,2.606835938E1,5.967231660E1
3.606667717E1,-2.538169861E1,-4.725131226E1,2.592590332E1,5.957406816E1
3.607666617E1,-2.534626579E1,-4.717295456E1,2.604145050E1,5.954727513E1
3.608665517E1,-2.515744400E1,-4.737284851E1,2.597029114E1,5.959479664E1
3.609664417E1,-2.502538109E1,-4.731215286E1,2.584011078E1,5.943417226E1
3.610663317E1,-2.508894157E1,-4.740520477E1,2.556192017E1,5.941481458E1
3.611662217E1,-2.308672333E1,-4.689294434E1,2.357541656E1,5.733886369E1
3.612661117E1,-2.316421700E1,-4.688433075E1,2.306497192E1,5.715517779E1
3.613660017E1,-2.286300659E1,-4.684576035E1,2.271228027E1,5.686026739E1
3.614658817E1,-2.295185852E1,-4.689701462E1,2.223468781E1,5.674944168E1
3.615657717E1,-2.177036476E1,-4.749283218E1,2.018959045E1,5.601015491E1
3.616656617E1,-2.163159180E1,-4.751994705E1,1.978470612E1,5.583462839E1
3.617655517E1,-2.126836014E1,-4.770360947E1,1.926932526E1,5.567121693E1
3.618654417E1,-2.097672272E1,-4.764309692E1,1.897218323E1,5.540605849E1
3.619653317E1,-2.026815796E1,-4.841811371E1,1.819793701E1,5.555426963E1
3.620652217E1,-2.033940887E1,-4.844606400E1,1.782067871E1,5.548233286E1
3.621651117E1,-2.020953941E1,-4.830799484E1,1.756033325E1,5.523090759E1
3.622650017E1,-2.008514023E1,-4.830002975E1,1.737525177E1,5.511991570E1
3.623648917E1,-1.982577133E1,-4.830948639E1,1.690691376E1,5.488817192E1
3.624647817E1,-1.995593834E1,-4.816651535E1,1.681927490E1,5.478266774E1
3.625646717E1,-1.944616699E1,-4.822397995E1,1.567052460E1,5.430719100E1
3.626645517E1,-1.937586594E1,-4.818967819E1,1.540433502E1,5.417529698E1
3.627644417E1,-1.906556892E1,-4.813777161E1,1.523152161E1,5.396980845E1
3.628643317E1,-1.874820518E1,-4.808541489E1,1.501976776E1,5.375216969E1
3.629642217E1,-1.841183472E1,-4.791750336E1,1.504057312E1,5.349113595E1
3.630641117E1,-1.788423157E1,-4.798712540E1,1.510998535E1,5.339402214E1
3.631640017E1,-1.719008255E1,-4.776231384E1,1.511276245E1,5.296350773E1
3.632638917E1,-1.657301903E1,-4.760302353E1,1.526570892E1,5.266644736E1
3.633637817E1,-1.596712208E1,-4.760420990E1,1.502447510E1,5.241034859E1
3.634636717E1,-1.558035374E1,-4.752181625E1,1.469623566E1,5.212532767E1
3.635635617E1,-1.556660938E1,-4.721600342E1,1.419232178E1,5.170195648E1
3.636634517E1,-1.527607632E1,-4.690385437E1,1.406755829E1,5.129547990E1
3.637633417E1,-1.529240704E1,-4.644910049E1,1.377703094E1,5.080534648E1
3.638632317E1,-1.508871174E1,-4.595594025E1,1.382339478E1,5.030610210E1
3.639631117E1,-1.377590179E1,-4.929268646E1,1.217530823E1,5.260971906E1
3.640630017E1,-1.363647842E1,-4.906563568E1,1.272505188E1,5.249111443E1
3.641628917E1,-1.338110733E1,-4.870464706E1,1.300914764E1,5.215778563E1
3.642627817E1,-1.362877846E1,-4.778951645E1,1.318073273E1,5.141316174E1
3.643626717E1,-1.298972893E1,-4.365407944E1,1.367018127E1,4.755297641E1
3.644625617E1,-1.438928604E1,-4.160340881E1,1.218527222E1,4.567686544E1
3.645624517E1,-1.475653458E1,-4.032894135E1,1.320009613E1,4.492684454E1
3.646623417E1,-1.334571075E1,-3.942129898E1,1.603974152E1,4.460291601E1
3.647622317E1,-9.327461243E0,-3.652376938E1,2.218276978E1,4.373857037E1
3.648621217E1,-9.327461243E0,-3.652376938E1,2.218276978E1,4.373857037E1
3.649620117E1,-7.618458271E0,-3.369506073E1,2.272060394E1,4.134759809E1
3.650619017E1,-7.398212910E0,-3.090805435E1,2.036942291E1,3.774857306E1
3.651617917E1,-7.342078686E0,-2.931980896E1,1.888053131E1,3.563750524E1
3.652616717E1,-6.816806316E0,-2.863079453E1,1.867269897E1,3.485485519E1
3.653615617E1,-2.961797714E-1,-3.224754333E1,2.224318695E1,3.917589998E1
3.654614517E1,-4.005413055E-1,-3.158448982E1,2.141999817E1,3.816486280E1
3.655613417E1,-1.085890770E0,-3.020332909E1,2.034284973E1,3.643146692E1
3.656612404E1,-2.741060257E0,-2.855369568E1,1.820196533E1,3.397261383E1
3.657611304E1,5.129989624E0,-1.383214378E1,9.867561340E0,1.774862705E1
3.658610204E1,2.432521820E0,-1.191754723E1,7.413055420E0,1.424424392E1
3.659609104E1,-8.016834259E-1,-1.034316826E1,5.248886108E0,1.162646255E1
3.660608004E1,-3.318655014E0,-9.141315460E0,4.726722717E0,1.081291020E1
3.661606904E1,6.493186951E-1,3.251618195E1,3.769020081E0,3.274033011E1
3.662605804E1,1.077148438E0,3.303800964E1,6.900558472E0,3.376815123E1
3.663604704E1,3.293275833E0,3.303128815E1,1.168152618E1,3.519047764E1
3.664603504E1,6.378784180E0,3.240054321E1,1.702761078E1,3.715405250E1
3.665602404E1,1.005770969E1,3.107271576E1,2.253135681E1,3.967786825E1
3.666601304E1,1.380038357E1,2.866690826E1,2.803369904E1,4.240436885E1
3.667600204E1,-1.141480541E1,-3.543463135E1,3.844094086E1,5.351277245E1
3.668599104E1,-9.918239594E0,-3.856717682E1,4.048839569E1,5.679004129E1
3.669598004E1,-9.833024025E0,-4.158420563E1,4.010131073E1,5.860076485E1
3.670596904E1,-1.042044830E1,-4.395739746E1,3.853340912E1,5.937728650E1
3.671595804E1,-7.309702301E1,-4.302610016E1,9.249671936E0,8.532277831E1
3.672594704E1,-7.215140533E1,-4.490200806E1,9.635070801E0,8.552689757E1
3.673593604E1,-7.023212433E1,-4.691791916E1,1.106498718E1,8.518377995E1
3.674592504E1,-6.846364594E1,-4.938558960E1,1.298404694E1,8.540955889E1
3.675591404E1,-6.713012695E1,-5.159325027E1,1.451438141E1,8.590101679E1
3.676590304E1,-6.663021088E1,-5.380318069E1,1.494535828E1,8.693521144E1
3.677589104E1,-1.475495911E2,-7.786543274E1,1.136974335E1,1.672219438E2
3.678588004E1,-1.481378021E2,-7.944416046E1,1.061269379E1,1.684304376E2
3.679586904E1,-1.489019928E2,-8.042552185E1,9.515579224E0,1.695010745E2
3.680585804E1,-1.493354950E2,-8.141502380E1,8.185539246E0,1.702835847E2
3.681584704E1,-1.495918579E2,-8.208305359E1,6.813636780E0,1.707681975E2
3.682583604E1,-1.494885712E2,-8.255242157E1,5.295578003E0,1.708501635E2
3.683582504E1,-8.020226288E1,-8.621102142E1,-2.557736969E1,1.204945850E2
3.684581404E1,-7.856860352E1,-8.624902344E1,-2.599457550E1,1.195309059E2
3.685580304E1,-7.635426331E1,-8.684985352E1,-2.567385101E1,1.184568158E2
3.686579204E1,-7.644769287E1,-8.827970886E1,-2.732420349E1,1.199340187E2
3.687578104E1,-7.885631561E1,-8.871540833E1,-3.055371094E1,1.225653762E2
3.688577004E1,-5.320859146E1,-9.598112488E1,-4.079857254E1,1.170813993E2
3.689575804E1,-5.184854126E1,-9.503807068E1,-4.080693436E1,1.156966378E2
3.690574704E1,-5.167721176E1,-9.453880310E1,-4.217167282E1,1.157003435E2
3.691573604E1,-5.176318741E1,-9.299975586E1,-4.360939407E1,1.150224387E2
3.692572504E1,-4.691901398E1,-9.298275757E1,-4.196972275E1,1.122882216E2
3.693571404E1,-4.195933533E1,-9.685284424E1,-4.145494461E1,1.134000515E2
3.694570304E1,-4.333949661E1,-1.013255310E2,-4.579674911E1,1.193420187E2
3.695569204E1,-4.436643600E1,-1.038751678E2,-4.911149216E1,1.231680551E2
3.696568104E1,-4.432236862E1,-1.064153900E2,-5.163657761E1,1.263132762E2
3.697567004E1,-4.768964767E1,-1.085762939E2,-5.678445816E1,1.314822756E2
3.698565904E1,-1.166612167E2,-9.992208099E1,-6.338533020E1,1.661684743E2
3.699564804E1,-1.185424118E2,-1.010427246E2,-6.605699921E1,1.691906107E2
3.700563704E1,-1.268249817E2,-1.014343338E2,-7.262187958E1,1.778972666E2
3.701562504E1,-1.347752838E2,-9.610279846E1,-7.601885223E1,1.821510112E2
3.702561404E1,-1.386090088E2,-9.162718201E1,-7.548759460E1,1.825003418E2
3.703560304E1,-1.472460022E2,-8.287039948E1,-7.710872650E1,1.857273377E2
3.704559204E1,-1.442047577E2,-7.132277679E1,-7.174604797E1,1.761517699E2
3.705558104E1,-1.394760437E2,-6.247399139E1,-6.605361176E1,1.664921800E2
3.706557004E1,-1.251985779E2,-6.110392761E1,-5.571691895E1,1.500424904E2
3.707555904E1,-1.197143173E2,-6.741950989E1,-5.140448761E1,1.466946810E2
3.708554804E1,-1.172388458E2,-7.572980499E1,-4.949529266E1,1.480869148E2
3.709553704E1,-1.236858673E2,-7.875382233E1,-5.225373840E1,1.556624922E2
3.710552604E1,-4.443070221E1,-2.077256393E1,-9.742866516E0,5.000510133E1
3.711551504E1,-4.414874268E1,-2.087486649E1,-1.077280426E1,5.000924757E1
3.712550404E1,-4.166848373E1,-2.440441132E1,-1.091757965E1,4.950789204E1
3.713549204E1,-4.700349808E1,-2.497988129E1,-1.343268585E1,5.489772627E1
3.714548104E1,-4.500929260E1,-2.415048599E1,-1.207992554E1,5.248816052E1
3.715547004E1,-4.436167145E1,-2.498913193E1,-1.234104919E1,5.239003821E1
3.716545904E1,-4.428741837E1,-7.045478058E1,-2.016130066E1,8.562551942E1
3.717544804E1,-5.291353226E1,-7.448804474E1,-2.474790955E1,9.466134233E1
3.718543704E1,-6.202715302E1,-7.035138702E1,-2.788153839E1,9.784715402E1
3.719542604E1,-6.504719543E1,-6.349424744E1,-2.814544678E1,9.515683510E1
3.720541504E1,-6.488941956E1,-5.662240601E1,-2.730475616E1,9.034535595E1
3.721540404E1,-5.811725235E1,-5.200295258E1,-2.380557251E1,8.153911564E1
3.722539304E1,-5.271612167E1,-5.229621887E1,-2.157632446E1,7.732672093E1
3.723538204E1,-5.295494080E1,-5.340517426E1,-2.147796631E1,7.821535290E1
3.724537104E1,-5.324935913E1,-5.332899475E1,-2.104231262E1,7.824483912E1
3.725535904E1,-5.137916183E1,-5.304955292E1,-1.960812378E1,7.641041718E1
3.726534804E1,-5.098524475E1,-5.349027252E1,-1.867322540E1,7.621937932E1
3.727533704E1,-5.295462799E1,-5.322972870E1,-1.860613251E1,7.735492751E1
3.728532604E1,-5.372772980E1,-5.165179443E1,-1.802784729E1,7.667842001E1
3.729531504E1,-5.090382767E1,-4.959774780E1,-1.620731354E1,7.289590709E1
3.730530404E1,-1.046230793E0,9.890563965E0,-2.427433014E1,2.623282215E1
3.731529304E1,2.201746464E0,8.626266479E0,-2.318109894E1,2.483190506E1
3.732528204E1,2.201746464E0,8.626266479E0,-2.318109894E1,2.483190506E1
3.733527104E1,3.461578369E0,6.675880432E0,-2.294869232E1,2.414937646E1
3.734526004E1,5.278307915E0,4.909519196E0,-2.283011627E1,2.394113870E1
3.735524904E1,8.376648903E0,2.626178741E0,-2.236438751E1,2.402562987E1
3.736523804E1,1.031381416E1,-8.589782715E-1,-2.318372345E1,2.538892749E1
3.737522604E1,8.250082016E0,-3.882835388E0,-2.555745697E1,2.713528829E1
3.738521504E1,5.259393692E0,-4.851379395E0,-2.802825165E1,2.892714978E1
3.739520404E1,5.619213104E0,-4.625652313E0,-2.910012054E1,2.999648698E1
3.740519304E1,7.397062302E0,-5.151340485E0,-2.989286804E1,3.122237017E1
3.741518204E1,6.638404846E0,-6.039131165E0,-3.138795471E1,3.264572292E1
3.742517104E1,5.249887943E0,-5.671939850E0,-3.279328918E1,3.369172065E1
3.743516004E1,7.442011356E0,-4.723594666E0,-3.256244659E1,3.373438613E1
3.744514904E1,-1.792095184E1,-1.872948151E2,-7.300517273E1,2.018174014E2
3.745513804E1,-1.688242531E1,-1.897990112E2,-7.258489990E1,2.039049991E2
3.746512704E1,-1.837434387E1,-1.916614532E2,-7.288388062E1,2.058732358E2
3.747511604E1,-1.920038223E1,-1.926705475E2,-7.246527863E1,2.067409276E2
3.748510504E1,-1.922858047E1,-1.930177002E2,-7.094868469E1,2.065412471E2
3.749509304E1,-1.950089264E1,-1.935296631E2,-6.892704773E1,2.063612202E2
3.750508204E1,-2.111443710E1,-1.936773682E2,-6.729689026E1,2.061203867E2
3.751507104E1,-2.390557671E1,-1.933914795E2,-6.626199341E1,2.058212640E2
3.752506004E1,-2.161658669E1,-1.338009644E2,-1.794246674E1,1.367183492E2
3.753504904E1,-2.371395493E1,-1.320858459E2,-1.876023102E1,1.355026517E2
3.754503804E1,-2.482618713E1,-1.300224457E2,-2.016975403E1,1.338991969E2
3.755502704E1,-2.433164787E1,-1.281587677E2,-2.065106201E1,1.320725755E2
3.756501592E1,-2.376074219E1,-1.261475983E2,-2.040428162E1,1.299773985E2
3.757500492E1,-2.358860588E1,-1.237280884E2,-1.931130981E1,1.274283676E2
3.758499392E1,-1.047035446E2,-1.292874451E2,1.410946655E1,1.669645254E2
3.759498292E1,-1.051521835E2,-1.266764603E2,1.420114136E1,1.652440005E2
3.760497192E1,-1.056118698E2,-1.241898499E2,1.381657410E1,1.636089349E2
3.761495992E1,-1.056961288E2,-1.225408936E2,1.329948425E1,1.623724685E2
3.762494892E1,-1.055112152E2,-1.216739502E2,1.275954437E1,1.615548596E2
3.763493792E1,-1.049761276E2,-1.218479767E2,1.255802917E1,1.613214830E2
3.764492692E1,-1.100390244E2,-8.562336731E1,7.010795593E0,1.396033637E2
3.765491592E1,-1.098804779E2,-8.669314575E1,8.127143860E0,1.401979722E2
3.766490492E1,-1.102267532E2,-8.768838501E1,8.786285400E0,1.411254364E2
3.767489392E1,-1.103647003E2,-8.867362976E1,9.743309021E0,1.419095196E2
3.768488292E1,-1.107339554E2,-8.994656372E1,1.052803040E1,1.430497558E2
3.769487192E1,-1.122038956E2,-9.010156250E1,9.986152649E0,1.442488440E2
3.770486092E1,-1.151935883E2,-8.948742676E1,6.565635681E0,1.460159919E2
3.771484992E1,-7.181077576E1,-1.000057983E2,1.452967834E1,1.239720080E2
3.772483792E1,-7.082245636E1,-1.020103149E2,1.536209106E1,1.251316048E2
3.773482692E1,-7.009310150E1,-1.037636261E2,1.608715057E1,1.262486808E2
3.774481592E1,-7.019610596E1,-1.052243576E2,1.668029022E1,1.275848377E2
3.775480492E1,-4.779565811E0,-8.327740479E1,-1.268478394E0,8.342409385E1
3.776479392E1,-4.421053410E0,-8.354850769E1,-6.629409790E-1,8.366802460E1
3.777478292E1,-4.280046940E0,-8.367247009E1,-3.200912476E-1,8.378247735E1
3.778477192E1,-4.210431099E0,-8.395774841E1,8.697509766E-3,8.406325787E1
3.779476092E1,-4.175138950E0,-8.421923828E1,3.580703735E-1,8.432342555E1
3.780474992E1,-4.122784138E0,-8.454066467E1,4.811935425E-1,8.464250043E1
3.781473892E1,8.789926529E0,-7.429542542E1,-4.607994080E0,7.495536442E1
3.782472792E1,8.607820511E0,-7.449874878E1,-4.807403564E0,7.514831517E1
3.783471692E1,8.602198601E0,-7.449482727E1,-4.757431030E0,7.514060328E1
3.784470492E1,8.189306259E0,-7.450981903E1,-4.834991455E0,7.511427968E1
3.785469392E1,8.173683167E0,-7.448461914E1,-5.079895020E0,7.510374770E1
3.786468292E1,7.930776119E0,-7.454049683E1,-4.951171875E0,7.512454313E1
3.787467192E1,7.699715137E0,-7.441293335E1,-4.936531067E0,7.497292579E1
3.788466092E1,7.674068928E0,-7.451248169E1,-4.837455750E0,7.506265543E1
3.789464992E1,1.044970703E1,-6.425730896E1,-3.035888672E0,6.517219309E1
3.790463892E1,1.031832314E1,-6.428514862E1,-3.064743042E0,6.518006425E1
3.791462792E1,1.040394306E1,-6.431250000E1,-3.085609436E0,6.522162734E1
3.792461692E1,1.040391350E1,-6.449164581E1,-2.814193726E0,6.538603430E1
3.793460592E1,1.044452381E1,-6.427503204E1,-2.507484436E0,6.516636633E1
3.794459492E1,1.044758892E1,-6.443561554E1,-2.638221741E0,6.533039781E1
3.795458292E1,1.053320217E1,-6.431675720E1,-2.358947754E0,6.521624214E1
3.796457192E1,1.048573112E1,-6.434655762E1,-2.355842590E0,6.523787266E1
3.797456092E1,1.012566376E1,-6.382527924E1,-1.752494812E0,6.464724723E1
3.798454992E1,1.026145935E1,-6.391921997E1,-1.770072937E0,6.476185133E1
3.799453892E1,1.020032406E1,-6.380036926E1,-1.711120605E0,6.463328603E1
3.800452792E1,1.020379639E1,-6.389359283E1,-1.667030334E0,6.472470669E1
3.801451692E1,1.021528530E1,-6.382708740E1,-1.557044983E0,6.465812810E1
3.802450592E1,1.013867188E1,-6.385673523E1,-1.576248169E0,6.467580583E1
3.803449492E1,1.010408401E1,-6.371923828E1,-1.493759155E0,6.453266737E1
3.804448392E1,1.010949039E1,-6.385573578E1,-1.551071167E0,6.466964210E1
3.805447292E1,1.014425659E1,-6.390549469E1,-1.386863708E0,6.472048813E1
3.806446092E1,1.003685951E1,-6.397425842E1,-1.109130859E0,6.476630652E1
3.807444992E1,9.974691391E0,-6.383133698E1,-1.063514709E0,6.461474377E1
3.808443892E1,1.007301331E1,-6.405168152E1,-8.886795044E-1,6.484499405E1
3.809442792E1,1.018231010E1,-6.384687042E1,-6.684799194E-1,6.465716640E1
3.810441692E1,9.849193573E0,-6.400495911E1,-5.360336304E-1,6.476054923E1
3.811440592E1,9.907405853E0,-6.383606720E1,-4.075469971E-1,6.460159643E1
3.812439492E1,9.872712135E0,-6.383173370E1,-2.327499390E-1,6.459113596E1
3.813438392E1,9.772769928E0,-6.389773560E1,-3.343200684E-2,6.464076704E1
3.814437292E1,9.950058937E0,-6.398130035E1,1.020278931E-1,6.475045079E1
3.815436192E1,9.846187592E0,-6.397241211E1,1.558837891E-1,6.472589297E1
3.816435092E1,9.846187592E0,-6.397241211E1,1.558837891E-1,6.472589297E1
3.817433992E1,9.661751747E0,-6.283877563E1,6.229400635E-1,6.358025813E1
3.818432792E1,9.659944534E0,-6.284146500E1,6.775436401E-1,6.358319996E1
3.819431692E1,9.380744934E0,-6.283537292E1,7.839050293E-1,6.353657980E1
3.820430592E1,9.480937004E0,-6.277958298E1,8.066787720E-1,6.349657421E1
3.821429492E1,9.548182487E0,-6.301519012E1,9.075622559E-1,6.374092598E1
3.822428392E1,9.527194023E0,-6.288795090E1,1.189376831E0,6.361663628E1
3.823427292E1,9.475723267E0,-6.283707809E1,1.172203064E0,6.355833364E1
3.824426192E1,9.393231392E0,-6.297219086E1,1.211120605E0,6.368042423E1
3.825425092E1,9.377613068E0,-6.307096863E1,1.218536377E0,6.377594799E1
3.826423992E1,9.267861366E0,-6.295872116E1,1.458305359E0,6.365391173E1
3.827422892E1,9.321453094E0,-6.297076797E1,1.569183350E0,6.367628635E1
3.828421792E1,9.193324089E0,-6.298260117E1,1.746047974E0,6.367396596E1
3.829420592E1,8.880851746E0,-6.135961914E1,1.120178223E0,6.200908956E1
3.830419492E1,8.946533203E0,-6.134782028E1,1.165351868E0,6.200768948E1
3.831418392E1,8.734473228E0,-6.128117371E1,1.445854187E0,6.191739471E1
3.832417292E1,8.595567703E0,-6.140834808E1,1.711967468E0,6.203063623E1
3.833416192E1,8.579973221E0,-6.137078476E1,1.836174011E0,6.199484412E1
3.834415092E1,8.537754059E0,-6.131349182E1,1.935066223E0,6.193530500E1
3.835413992E1,8.629326820E0,-6.133764648E1,2.238220215E0,6.198210861E1
3.836412892E1,8.537859917E0,-6.123731232E1,2.280326843E0,6.187166849E1
3.837411792E1,8.260027885E0,-6.120704651E1,2.451316833E0,6.181051332E1
3.838410692E1,8.368699074E0,-6.123678589E1,2.614448547E0,6.186125129E1
3.839409592E1,8.088129044E0,-6.140186310E1,2.693817139E0,6.199083218E1
3.840408392E1,8.089741707E0,-6.124974823E1,3.003921509E0,6.185466129E1
3.841407292E1,7.441226959E0,-6.096971512E1,2.956489563E0,6.149324232E1
3.842406192E1,7.367744446E0,-6.096767807E1,2.827438354E0,6.147630304E1
3.843405092E1,7.284970284E0,-6.108516693E1,2.998870850E0,6.159108407E1
3.844403992E1,7.090652466E0,-6.123336411E1,3.035385132E0,6.171722446E1
3.845402892E1,7.017140388E0,-6.100115967E1,3.319572449E0,6.149309962E1
3.846401792E1,6.937402725E0,-6.102561951E1,2.960800171E0,6.149000025E1
3.847400692E1,6.836702347E0,-6.108827591E1,3.193984985E0,6.155257503E1
3.848399592E1,6.833782196E0,-6.098466492E1,3.038520813E0,6.144153760E1
3.849398492E1,6.697330475E0,-6.092438507E1,3.105583191E0,6.137002182E1
3.850397392E1,6.668898582E0,-6.100159836E1,3.142547607E0,6.144546213E1
3.851396192E1,6.579143524E0,-6.092644119E1,3.252799988E0,6.136690536E1
3.852395092E1,6.492174149E0,-6.111999893E1,3.407485962E0,6.155821274E1
3.853393992E1,6.525517464E0,-6.103559113E1,3.403427124E0,6.147771205E1
3.854392892E1,6.286209106E0,-6.098831558E1,3.186218262E0,6.139416136E1
3.855391792E1,6.358611107E0,-6.092364502E1,3.359931946E0,6.134665109E1
3.856390617E1,6.240791321E0,-6.102359009E1,3.444953918E0,6.143853621E1
3.857389517E1,6.319005966E0,-6.103559494E1,3.568626404E0,6.146550887E1
3.858388417E1,6.286500931E0,-6.104138947E1,3.542129517E0,6.146639735E1
3.859387317E1,6.172990799E0,-6.094028854E1,3.644325256E0,6.136045705E1
3.860386217E1,6.207905769E0,-6.099412537E1,3.618316650E0,6.141590705E1
3.861385117E1,6.183566093E0,-6.088407898E1,3.516342163E0,6.129822367E1
3.862383917E1,5.980620384E0,-6.090813446E1,3.203674316E0,6.128484472E1
3.863382817E1,6.258232117E0,-6.103181458E1,3.192474365E0,6.143484152E1
3.864381717E1,6.034717560E0,-6.109951401E1,3.030014038E0,6.147153336E1
3.865380617E1,6.046390533E0,-6.105660248E1,2.889297485E0,6.142324954E1
3.866379517E1,5.902237892E0,-6.110720062E1,2.995758057E0,6.146463167E1
3.867378417E1,5.866843224E0,-6.112808609E1,2.652725220E0,6.146624854E1
3.868377317E1,5.887138367E0,-6.120276642E1,2.573287964E0,6.153908373E1
3.869376217E1,5.910619736E0,-6.146021271E1,2.508712769E0,6.179471508E1
3.870375117E1,6.857462883E0,-5.823585892E1,3.358261108E0,5.873429985E1
3.871374017E1,7.110060692E0,-5.818104553E1,3.351715088E0,5.870963308E1
3.872372917E1,6.832782745E0,-5.820396805E1,3.346412659E0,5.869912516E1
3.873371717E1,6.877305031E0,-5.817978287E1,3.015121460E0,5.866238502E1
3.874370617E1,6.629772186E0,-5.818323898E1,3.035270691E0,5.863834962E1
3.875369517E1,6.564321518E0,-5.813959503E1,2.969734192E0,5.858431658E1
3.876368417E1,6.523523331E0,-5.825331116E1,2.803054810E0,5.868442497E1
3.877367317E1,6.545423508E0,-5.819248581E1,2.782104492E0,5.862549001E1
3.878366217E1,6.608954430E0,-5.825158310E1,2.820213318E0,5.869309001E1
3.879365117E1,6.427153587E0,-5.821566010E1,2.593177795E0,5.862675119E1
3.880364017E1,6.475215912E0,-5.837868118E1,2.552444458E0,5.879212371E1
3.881362917E1,6.483732224E0,-5.844171524E1,2.597122192E0,5.885760705E1
3.882361817E1,6.305637360E0,-5.841513062E1,2.641769409E0,5.881383760E1
3.883360717E1,6.474208832E0,-5.838998795E1,2.846160889E0,5.881672130E1
3.884359517E1,6.397678375E0,-5.840633392E1,2.858497620E0,5.882517437E1
3.885358417E1,6.302410126E0,-5.816778946E1,3.006195068E0,5.858540187E1
3.886357317E1,6.329613686E0,-5.835306168E1,3.045326233E0,5.877429564E1
3.887356217E1,6.296422005E0,-5.829261398E1,3.088615417E0,5.871297404E1
3.888355117E1,6.186242104E0,-5.833736038E1,3.197364807E0,5.875151359E1
3.889354017E1,6.153682709E0,-5.822962570E1,3.237014771E0,5.864328934E1
3.890352917E1,6.095829010E0,-5.838864899E1,3.307510376E0,5.879909087E1
3.891351817E1,5.943666458E0,-5.829832077E1,3.194389343E0,5.868752422E1
3.892350717E1,5.905828476E0,-5.827983093E1,3.419952393E0,5.867805022E1
3.893349617E1,5.989963531E0,-5.822436523E1,3.533973694E0,5.863825833E1
3.894348417E1,5.761630058E0,-5.827577591E1,3.438041687E0,5.866074130E1
3.895347317E1,5.774497032E0,-5.831630325E1,3.548492432E0,5.870883954E1
3.896346217E1,5.390483856E0,-5.698592377E1,3.197402954E0,5.732954046E1
3.897345117E1,5.285807610E0,-5.694866943E1,3.407951355E0,5.729489371E1
3.898344017E1,5.051569939E0,-5.692553711E1,3.194999695E0,5.723847619E1
3.899342917E1,5.158937454E0,-5.688914108E1,3.202362061E0,5.721227256E1
3.900341817E1,5.158937454E0,-5.688914108E1,3.202362061E0,5.721227256E1
3.901340717E1,4.996380806E0,-5.695959473E1,3.135055542E0,5.726419323E1
3.902339617E1,4.931721687E0,-5.692061234E1,3.059875488E0,5.721573932E1
3.903338517E1,4.787665367E0,-5.694646835E1,3.066940308E0,5.722960877E1
3.904337417E1,4.885210991E0,-5.706420898E1,2.988510132E0,5.735085375E1
3.905336217E1,4.738481522E0,-5.703263855E1,3.040817261E0,5.730987382E1
3.906335117E1,4.745002747E0,-5.685845947E1,3.055801392E0,5.713788049E1
3.907334017E1,4.647653580E0,-5.695379639E1,3.155540466E0,5.723017598E1
3.908332917E1,4.535567284E0,-5.690579605E1,3.271232605E0,5.717990869E1
3.909331817E1,4.421577454E0,-5.713602066E1,3.235572815E0,5.739811962E1
3.910330717E1,3.946528435E0,-5.580493164E1,3.940299988E0,5.608289798E1
3.911329617E1,3.882094383E0,-5.580956268E1,3.947898865E0,5.608354348E1
3.912328517E1,3.929525375E0,-5.577650452E1,3.869590759E0,5.604849113E1
3.913327417E1,3.696323395E0,-5.590370178E1,3.819442749E0,5.615580845E1
3.914326317E1,3.747756958E0,-5.584008789E1,3.788787842E0,5.609381438E1
3.915325117E1,3.667000771E0,-5.602429962E1,3.595260620E0,5.625917651E1
3.916324017E1,3.568772316E0,-5.593602753E1,3.446426392E0,5.615561562E1
3.917322917E1,3.573531151E0,-5.602588654E1,3.638130188E0,5.625749797E1
3.918321817E1,3.436176300E0,-5.599749756E1,3.667922974E0,5.622259954E1
3.919320717E1,3.473724365E0,-5.598715973E1,3.877883911E0,5.622870085E1
3.920319617E1,3.533697128E0,-5.594152832E1,3.878562927E0,5.618705239E1
3.921318517E1,3.439334869E0,-5.600692749E1,3.805641174E0,5.624133583E1
3.922317417E1,3.661221504E0,-5.581987000E1,3.881256104E0,5.607429516E1
3.923316317E1,3.532589912E0,-5.600214386E1,4.044136047E0,5.625899346E1
3.924315217E1,3.497758865E0,-5.599037170E1,3.854461670E0,5.623177852E1
3.925314117E1,3.484079361E0,-5.596887207E1,4.042144775E0,5.622270346E1
3.926312917E1,3.602445602E0,-5.615037537E1,3.834320068E0,5.639631441E1
3.927311817E1,3.561904907E0,-5.617456818E1,3.890693665E0,5.642168709E1
3.928310717E1,3.533239365E0,-5.600106812E1,3.650924683E0,5.623106492E1
3.929309617E1,3.408694267E0,-5.604821777E1,3.824218750E0,5.628184931E1
3.930308517E1,3.620091438E0,-5.607143402E1,3.865440369E0,5.632097659E1
3.931307417E1,3.637444496E0,-5.611254120E1,3.891166687E0,5.636478919E1
3.932306317E1,3.718227386E0,-5.618891907E1,4.001502991E0,5.645380295E1
3.933305217E1,3.783092499E0,-5.626303864E1,4.098098755E0,5.653879835E1
3.934304117E1,3.733067513E0,-5.618710327E1,4.088966370E0,5.645924205E1
3.935303017E1,3.879185677E0,-5.629725647E1,4.131080627E0,5.658175496E1
3.936301817E1,3.679059029E0,-5.599097443E1,4.139968872E0,5.626423406E1
3.937300717E1,3.590183258E0,-5.607559967E1,4.044548035E0,5.633578492E1
3.938299617E1,3.841270447E0,-5.620241547E1,3.828605652E0,5.646348452E1
3.939298517E1,5.530214310E0,-5.428763962E1,4.848648071E0,5.478357850E1
3.940297417E1,5.558839798E0,-5.426234818E1,4.830436707E0,5.475980504E1
3.941296317E1,5.430154800E0,-5.433304977E1,4.624107361E0,5.479917196E1
3.942295217E1,5.448492050E0,-5.424367142E1,4.617118835E0,5.471178795E1
3.943294117E1,5.489111900E0,-5.422918320E1,4.450599670E0,5.468768140E1
3.944293017E1,5.531641006E0,-5.429194260E1,4.527954102E0,5.476053736E1
3.945291917E1,5.661409378E0,-5.425746155E1,4.461257935E0,5.473414393E1
3.946290817E1,5.451946259E0,-5.422099304E1,4.646141052E0,5.469210575E1
3.947289617E1,5.595325470E0,-5.424865341E1,4.738647461E0,5.474192949E1
3.948288517E1,5.644570351E0,-5.443936920E1,4.513481140E0,5.491700652E1
3.949287417E1,5.833285332E0,-5.452002335E1,4.369262695E0,5.500500541E1
3.950286317E1,5.845132828E0,-5.454354477E1,4.187751770E0,5.501546254E1
3.951285217E1,5.698027611E0,-5.456980133E1,4.281036377E0,5.503324457E1
3.952284117E1,5.736720085E0,-5.451997375E1,4.087036133E0,5.497309669E1
3.953283017E1,5.873484612E0,-5.462071609E1,4.207130432E0,5.509646445E1
3.954281917E1,5.766549110E0,-5.469752884E1,3.710075378E0,5.512565110E1
3.955280817E1,5.773382187E0,-5.466068649E1,3.565139771E0,5.508023975E1
3.956279717E1,5.599448204E0,-5.456663513E1,3.508384705E0,5.496526406E1
3.957278583E1,5.645623207E0,-5.458931732E1,3.418594360E0,5.498684765E1
3.958277483E1,5.758625031E0,-5.468863678E1,3.128273010E0,5.507989513E1
3.959276383E1,5.835411072E0,-5.485123444E1,2.828315735E0,5.523322652E1
3.960275283E1,5.672205925E0,-5.490957642E1,2.430488586E0,5.525525113E1
3.961274183E1,5.710508347E0,-5.495061874E1,2.305389404E0,5.529462204E1
3.962273083E1,5.718832970E0,-5.514149857E1,1.884590149E0,5.546928515E1
3.963271983E1,5.753633499E0,-5.516973495E1,1.740005493E0,5.549623026E1
3.964270883E1,5.578588486E0,-5.537048340E1,1.355041504E0,5.566729038E1
3.965269783E1,7.232152939E0,-5.748876190E1,1.015266418E0,5.795077693E1
3.966268683E1,7.131085396E0,-5.755627823E1,8.367309570E-1,5.800239358E1
3.967267583E1,7.254631996E0,-5.750193405E1,7.144393921E-1,5.796216463E1
3.968266383E1,7.316462517E0,-5.763271713E1,7.758331299E-1,5.810045288E1
3.969265283E1,7.295777321E0,-5.730604553E1,8.530502319E-1,5.777489867E1
3.970264183E1,7.283951759E0,-5.739078522E1,1.106315613E0,5.786175002E1
3.971263083E1,7.358613968E0,-5.724654388E1,1.222267151E0,5.773049388E1
3.972261983E1,7.288616180E0,-5.729946899E1,9.979629517E-1,5.776979317E1
3.973260883E1,7.465346336E0,-5.733882904E1,1.078033447E0,5.783281826E1
3.974259783E1,7.260713577E0,-5.745631027E1,8.789367676E-1,5.791992819E1
3.975258683E1,7.475852966E0,-5.750091171E1,7.967071533E-1,5.799032650E1
3.976257583E1,7.483879089E0,-5.738380432E1,5.957794189E-1,5.787282953E1
3.977256483E1,7.476634026E0,-5.721677780E1,5.073089600E-1,5.770543372E1
3.978255283E1,7.498007774E0,-5.735612106E1,2.469406128E-1,5.784466893E1
3.979254183E1,7.624036789E0,-5.736315155E1,1.305389404E-1,5.786772964E1
3.980253083E1,7.575197220E0,-5.717480850E1,1.022338867E-2,5.767445227E1
3.981251983E1,7.626804352E0,-5.706162643E1,5.917358398E-2,5.756909638E1
3.982250883E1,7.676040649E0,-5.706527328E1,-5.307159424E-1,5.758166961E1
3.983249783E1,6.603478432E0,-5.673540497E1,1.743545532E-1,5.711867036E1
3.984248683E1,6.514298439E0,-5.671654892E1,1.770706177E-1,5.708970450E1
3.985247583E1,6.514298439E0,-5.671654892E1,1.770706177E-1,5.708970450E1
3.986246483E1,6.664554596E0,-5.656026840E1,3.920745850E-2,5.695157405E1
3.987245383E1,6.722143173E0,-5.654964066E1,6.564331055E-2,5.694781274E1
3.988244183E1,6.706004143E0,-5.631618118E1,-1.787643433E-1,5.671432545E1
3.989243083E1,6.750958443E0,-5.613549042E1,-4.707183838E-1,5.654193400E1
3.990241983E1,6.868392944E0,-5.576538086E1,-4.054718018E-1,5.618822769E1
3.991240883E1,6.880027771E0,-5.561209106E1,-6.568450928E-1,5.603990453E1
3.992239783E1,7.196857452E0,-5.512092972E1,-6.886672974E-1,5.559303835E1
3.993238683E1,9.797858238E0,-5.237743378E1,-9.775695801E-1,5.329492694E1
3.994237583E1,9.930919647E0,-5.188441849E1,-1.016799927E0,5.283606655E1
3.995236483E1,9.926785469E0,-5.152528000E1,-1.063362122E0,5.248358112E1
3.996235383E1,9.955703735E0,-5.101301575E1,-9.736862183E-1,5.198453498E1
3.997234283E1,1.010974979E1,-5.059774017E1,-9.182662964E-1,5.160602256E1
3.998233083E1,1.000821400E1,-4.983374786E1,-7.637481689E-1,5.083453634E1
3.999231983E1,1.006631660E1,-4.931912994E1,-4.477920532E-1,5.033793625E1
4.000230883E1,1.006233120E1,-4.850440979E1,-7.035827637E-2,4.953719036E1
4.001229783E1,1.574385071E1,-4.396581650E1,1.135253906E-1,4.669983665E1
4.002228683E1,1.593758202E1,-4.360503387E1,7.447662354E-1,4.643231823E1
4.003227583E1,1.603578377E1,-4.374763489E1,1.483734131E0,4.661762957E1
4.004226483E1,1.609278107E1,-4.360942841E1,1.743782043E0,4.651667039E1
4.005225383E1,1.636895561E1,-4.398878479E1,2.457084656E0,4.699992724E1
4.006224283E1,1.649686432E1,-4.416225052E1,2.914543152E0,4.723288542E1
4.007223183E1,1.665938187E1,-4.480540848E1,3.451911926E0,4.792677048E1
4.008221983E1,1.671108246E1,-4.530797958E1,3.721443176E0,4.843472339E1
4.009220883E1,1.660525131E1,-4.601226044E1,3.983825684E0,4.907884828E1
4.010219783E1,1.677399826E1,-4.664341736E1,3.888092041E0,4.972014341E1
4.011218683E1,1.338483524E1,-4.092721558E1,7.659324646E0,4.373620975E1
4.012217583E1,1.327351093E1,-4.135282135E1,7.478324890E0,4.407002688E1
4.013216483E1,1.303484821E1,-4.163525391E1,7.044250488E0,4.419302095E1
4.014215383E1,1.293763542E1,-4.168580627E1,6.596839905E0,4.414303061E1
4.015214283E1,1.281149387E1,-4.201956177E1,6.311164856E0,4.438027431E1
4.016213183E1,1.252832413E1,-4.194631958E1,5.822868347E0,4.416286254E1
4.017212083E1,1.244291782E1,-4.204934692E1,5.039131165E0,4.414030611E1
4.018210883E1,1.245456696E1,-4.184182739E1,4.301940918E0,4.386754442E1
4.019209783E1,1.256921482E1,-4.166489410E1,4.001647949E0,4.370310914E1
4.020208683E1,1.262553215E1,-4.137382507E1,4.092506409E0,4.345050140E1
4.021207583E1,1.269301891E1,-4.148146057E1,3.987777710E0,4.356290476E1
4.022206483E1,1.036725235E1,-4.344095612E1,4.112876892E0,4.484988680E1
4.023205383E1,1.031278992E1,-4.275450516E1,3.979949951E0,4.416040476E1
4.024204283E1,1.189160252E1,-4.365295029E1,7.496376038E0,4.586050515E1
4.025203183E1,1.219782829E1,-4.720140076E1,8.695381165E0,4.952139843E1
4.026202083E1,9.192515373E0,-4.745505142E1,6.511535645E-1,4.834157885E1
4.027200983E1,1.414521408E1,-5.113036346E1,8.350746155E0,5.370415357E1
4.028199783E1,1.193261051E1,-5.913109970E1,3.223922729E0,6.040917003E1
4.029198683E1,2.418205261E0,-3.818570328E1,-2.894944763E1,4.797985171E1
4.030197583E1,3.208096313E1,-9.659736633E1,-2.489498138E1,1.047854927E2
4.031196483E1,3.265797043E1,-9.894087219E1,-2.115372467E1,1.063170696E2
4.032195383E1,3.282645035E1,-9.510893250E1,-2.350277710E1,1.033231117E2
4.033194283E1,4.124301529E1,-1.132601166E2,6.035560608E0,1.206866534E2
4.034193183E1,2.477287674E1,-1.177426453E2,-2.236038208E1,1.223806056E2
4.035192083E1,2.813839340E1,-1.134021606E2,-1.898872375E1,1.183739450E2
4.036190983E1,7.376708221E1,-2.617374878E2,-3.626599884E1,2.743416075E2
4.037189883E1,7.012716675E1,-2.456996765E2,-5.006272888E1,2.603697897E2
4.038188783E1,8.503551483E1,-2.480236511E2,-1.620852661E1,2.626965676E2
4.039187583E1,7.836273193E1,-2.572257385E2,-2.054985809E1,2.696814695E2
4.040186483E1,7.751856995E1,-2.625701904E2,-2.048046112E1,2.745390371E2
4.041185383E1,7.885516357E1,-2.734571228E2,-1.167041779E1,2.848387851E2
4.042184283E1,6.763875580E1,-2.717564697E2,-3.441416931E1,2.821540628E2
4.043183183E1,7.119384766E1,-2.671137695E2,-3.527820587E1,2.786806086E2
4.044182083E1,-2.470326805E1,-1.942725220E2,2.243540955E2,2.978033317E2
4.045180983E1,-3.019734192E1,-1.938610687E2,2.108324738E2,2.880005650E2
4.046179883E1,-3.156163788E1,-1.874858093E2,1.995548096E2,2.756250854E2
4.047178783E1,-2.300422096E1,-1.864944763E2,2.086072235E2,2.807603205E2
4.048177583E1,-1.700180054E1,-1.918884888E2,2.197283020E2,2.922170085E2
4.049176483E1,-2.095405006E1,-1.955755920E2,2.157431030E2,2.919485758E2
4.050175383E1,-2.887293434E1,-1.931650543E2,2.028192749E2,2.815706711E2
4.051174283E1,-3.128036880E1,-1.882342072E2,1.967623596E2,2.740912337E2
4.052173183E1,-6.455965424E1,-9.509565735E1,2.109493713E2,2.402306606E2
4.053172083E1,-6.082106781E1,-9.789524841E1,2.195037384E2,2.479204976E2
4.054170983E1,-6.264673615E1,-1.003947220E2,2.192425842E2,2.491405717E2
4.055169883E1,-6.714736938E1,-9.912377930E1,2.125709991E2,2.439686917E2
4.056168783E1,-6.901998138E1,-9.579353333E1,2.077362976E2,2.389446132E2
4.057167683E1,-6.686850739E1,-9.371725464E1,2.088170929E2,2.384510419E2
4.058166583E1,-5.835192871E1,-6.669142151E1,1.132232590E2,1.437783004E2
4.059165383E1,-5.765718842E1,-6.851408386E1,1.152792130E2,1.459720110E2
4.060164283E1,-5.957538223E1,-6.934804535E1,1.141614761E2,1.462573766E2
4.061163183E1,-6.250873184E1,-6.827565765E1,1.110012817E2,1.445343957E2
4.062162083E1,-4.715298080E1,-4.903660583E1,4.699917603E1,8.268563876E1
4.063160983E1,-4.619491959E1,-4.615797424E1,4.673992157E1,8.030659655E1
4.064159883E1,-4.417451859E1,-4.487584686E1,4.788021088E1,7.910590571E1
4.065158783E1,-4.304130554E1,-4.456568909E1,4.913128662E1,7.907299129E1
4.066157683E1,-4.329339981E1,-4.475167847E1,4.931731415E1,7.943065320E1
4.067156583E1,-4.424295807E1,-4.444608307E1,4.913166046E1,7.966689211E1
4.068155383E1,-4.497267532E1,-4.373002625E1,4.859255981E1,7.934792745E1
4.069154283E1,-4.497267532E1,-4.373002625E1,4.859255981E1,7.934792745E1
4.070153183E1,-2.285089493E1,-4.986852646E1,-2.256385803E0,5.490104377E1
4.071152083E1,-2.336462402E1,-4.925344086E1,-2.585937500E0,5.457558213E1
4.072150983E1,-2.345076752E1,-4.864254761E1,-2.594612122E0,5.406262986E1
4.073149883E1,-2.368365860E1,-4.801135635E1,-2.833168030E0,5.361000713E1
4.074148783E1,-2.367963219E1,-4.743285370E1,-3.076271057E0,5.310427510E1
4.075147683E1,-2.439087486E1,-4.690601349E1,-3.496757507E0,5.298411263E1
4.076146583E1,-2.496345139E1,-4.657045746E1,-3.780395508E0,5.297426548E1
4.077145483E1,-2.549468613E1,-4.649225616E1,-3.828849792E0,5.316172490E1
4.078144283E1,-2.634157753E1,-4.656230545E1,-3.751548767E0,5.362836110E1
4.079143183E1,-2.659507751E1,-4.703097534E1,-3.161087036E0,5.412211434E1
4.080142083E1,-2.657747269E1,-4.742812729E1,-2.398735046E0,5.442006287E1
4.081140983E1,-2.621054459E1,-4.785831451E1,-1.603530884E0,5.458921347E1
4.082139883E1,-2.557299805E1,-4.785785675E1,-6.238174438E-1,5.426547549E1
4.083138783E1,-2.508594131E1,-4.775590134E1,-3.485641479E-1,5.394489838E1
4.084137683E1,-2.488957596E1,-4.722926712E1,-6.370162964E-1,5.339007823E1
4.085136583E1,-2.542084885E1,-4.715530396E1,-1.820617676E0,5.360183668E1
4.086135483E1,-2.674830627E1,-4.750794983E1,-3.476615906E0,5.463116367E1
4.087134383E1,-2.798634720E1,-4.920906067E1,-5.231803894E0,5.685190457E1
4.088133183E1,-2.778847504E1,-5.162553787E1,-5.559707642E0,5.889232424E1
4.089132083E1,-2.642704201E1,-5.403306198E1,-5.386665344E0,6.039020202E1
4.090130983E1,-2.513101578E1,-5.595228577E1,-5.079330444E0,6.154694009E1
4.091129883E1,-2.483400345E1,-5.850300980E1,-5.089698792E0,6.375919476E1
4.092128783E1,-2.356337357E1,-6.149269485E1,-3.500434875E0,6.594571357E1
4.093127683E1,-2.025096130E1,-6.377717590E1,5.769348145E-2,6.691511734E1
4.094126583E1,-1.627754402E1,-6.325763702E1,3.660011292E0,6.542081293E1
4.095125483E1,-1.416551018E1,-6.105110931E1,5.418945312E0,6.290679292E1
4.096124383E1,-1.426199150E1,-5.884645081E1,5.290596008E0,6.078075008E1
4.097123283E1,-1.505728149E1,-5.801793289E1,4.713317871E0,6.012501666E1
4.098122083E1,2.867778587E1,-2.023089981E1,-3.026512909E1,4.634309818E1
4.099120983E1,2.794961929E1,-2.014748383E1,-3.057122040E1,4.606193482E1
4.100119883E1,2.747863579E1,-2.021888733E1,-3.061962891E1,4.584147144E1
4.101118783E1,2.684162331E1,-2.066206360E1,-3.064504242E1,4.567835635E1
4.102117683E1,2.648183632E1,-2.080216599E1,-3.045191193E1,4.540194604E1
4.103116583E1,2.611012840E1,-2.124253845E1,-3.045276642E1,4.539113600E1
4.104115483E1,2.628010941E1,-2.159640884E1,-3.050311279E1,4.568904590E1
4.105114383E1,2.661084938E1,-2.217997360E1,-2.998950195E1,4.581985117E1
4.106113283E1,2.700365448E1,-2.273814011E1,-2.982792664E1,4.621607489E1
4.107112083E1,2.766996193E1,-2.341955948E1,-2.911216736E1,4.649323443E1
4.108110983E1,2.817703629E1,-2.393031311E1,-2.821365356E1,4.650393002E1
4.109109883E1,2.844541359E1,-2.481446457E1,-2.740411377E1,4.664637883E1
4.110108783E1,2.851757240E1,-2.575126266E1,-2.655233002E1,4.670552102E1
4.111107683E1,2.797540092E1,-2.700179672E1,-2.539836121E1,4.644132680E1
4.112106583E1,2.679181290E1,-2.792181778E1,-2.430919647E1,4.569864527E1
4.113105483E1,5.908002853E1,-3.705780029E1,-2.202161407E1,7.313468275E1
4.114104383E1,5.739703751E1,-3.740771484E1,-2.256413269E1,7.213111068E1
4.115103283E1,5.615785217E1,-3.734841919E1,-2.387451172E1,7.154439941E1
4.116102183E1,5.596183395E1,-3.670002747E1,-2.557884979E1,7.164423516E1
4.117100983E1,5.655230331E1,-3.610730743E1,-2.638717651E1,7.209843094E1
4.118099883E1,5.760386658E1,-3.530588531E1,-2.673107147E1,7.265852438E1
4.119098783E1,5.884901047E1,-3.511427307E1,-2.642120361E1,7.344588625E1
4.120097683E1,6.050220871E1,-3.511384583E1,-2.565892792E1,7.451093886E1
4.121096583E1,6.259449005E1,-3.543758392E1,-2.419479370E1,7.588992411E1
4.122095483E1,6.500162506E1,-3.553491974E1,-2.204141998E1,7.729014152E1
4.123094383E1,5.398966217E1,4.437683105E0,7.641143799E-1,5.417712177E1
4.124093283E1,5.544741058E1,4.953063965E0,4.156051636E0,5.582312199E1
4.125092183E1,5.579361725E1,5.804962158E0,7.563446045E0,5.660239418E1
4.126090983E1,5.476168823E1,6.526679993E0,1.098929596E1,5.623348358E1
4.127089883E1,5.363003922E1,5.816749573E0,1.688916779E1,5.652662798E1
4.128088783E1,5.074320602E1,4.813949585E0,2.203163910E1,5.552873301E1
4.129087683E1,4.541238403E1,5.255722046E0,2.237155914E1,5.089591237E1
4.130086583E1,3.904811859E1,8.358032227E0,1.563976288E1,4.288606360E1
4.131085483E1,3.509672165E1,1.171852493E1,5.513229370E0,3.740988366E1
4.132084383E1,3.449310303E1,1.383368683E1,-2.972587585E0,3.728245331E1
4.133083283E1,1.253316498E1,-6.258961868E1,-4.034415054E1,7.551285370E1
4.134082183E1,1.401964760E1,-6.230627441E1,-4.244925308E1,7.668481882E1
4.135081083E1,1.567444229E1,-6.230778503E1,-4.288328171E1,7.724586764E1
4.136079883E1,1.637792206E1,-6.226427841E1,-4.291016006E1,7.737156153E1
4.137078783E1,1.659877205E1,-6.239098740E1,-4.288103104E1,7.750443448E1
4.138077683E1,1.672772408E1,-6.240292740E1,-4.274912643E1,7.746889641E1
4.139076583E1,1.698200226E1,-6.243024063E1,-4.245232773E1,7.738296631E1
4.140075483E1,1.719630241E1,-6.242826843E1,-4.223141098E1,7.730778479E1
4.141074383E1,1.734537506E1,-6.244342422E1,-4.218771744E1,7.732946895E1
4.142073283E1,1.742024612E1,-6.243772888E1,-4.213819504E1,7.731469746E1
4.143072183E1,1.748035049E1,-6.233264542E1,-4.191524887E1,7.712204241E1
4.144071083E1,1.757672882E1,-6.230043411E1,-4.182378006E1,7.706824291E1
4.145069883E1,1.782540321E1,-6.234628296E1,-4.149721909E1,7.698586357E1
4.146068783E1,1.771241760E1,-6.229273605E1,-4.129660416E1,7.680836033E1
4.147067683E1,1.781701660E1,-6.217210007E1,-4.089982224E1,7.652196787E1
4.148066583E1,1.794836044E1,-6.206481552E1,-4.077843857E1,7.640069385E1
4.149065483E1,1.805394554E1,-6.210768890E1,-4.036166763E1,7.623892828E1
4.150064383E1,1.806881142E1,-6.216769409E1,-4.035176468E1,7.628609996E1
4.151063283E1,1.144424152E1,-1.273766327E1,-4.136446762E1,4.476871576E1
4.152062183E1,1.149729347E1,-1.279746246E1,-4.116020584E1,4.461082097E1
4.153061083E1,1.172692490E1,-1.268875122E1,-4.095054245E1,4.444628333E1
4.154059983E1,1.172692490E1,-1.268875122E1,-4.095054245E1,4.444628333E1
4.155058783E1,1.168521595E1,-1.272648239E1,-4.060734940E1,4.413008555E1
4.156057683E1,1.192143345E1,-1.268532562E1,-4.027981186E1,4.388053447E1
4.157056542E1,1.261219311E1,-2.005190277E1,-3.566673279E1,4.281660948E1
4.158055442E1,1.273714542E1,-1.993129730E1,-3.530059814E1,4.249263130E1
4.159054342E1,1.281946087E1,-1.985552216E1,-3.509088898E1,4.230781046E1
4.160053242E1,1.312107182E1,-1.983465576E1,-3.471851349E1,4.208267189E1
4.161052142E1,1.306061745E1,-1.982426453E1,-3.462658691E1,4.198311224E1
4.162051042E1,1.315936089E1,-1.976982498E1,-3.401746368E1,4.148737873E1
4.163049942E1,1.349898052E1,-2.402879906E1,-3.072017288E1,4.127147539E1
4.164048742E1,1.368815517E1,-2.394591713E1,-3.040331650E1,4.105038603E1
4.165047642E1,1.364605522E1,-2.398679924E1,-3.037371445E1,4.103832221E1
4.166046542E1,1.378962612E1,-2.398642540E1,-3.013345718E1,4.090877209E1
4.167045442E1,1.367562294E1,-2.394915962E1,-3.017289352E1,4.087772514E1
4.168044342E1,1.367895889E1,-2.388983727E1,-3.003171921E1,4.073993617E1
4.169043242E1,1.377521610E1,-2.385390282E1,-2.993763351E1,4.068202501E1
4.170042142E1,1.386072826E1,-2.386375237E1,-3.002657700E1,4.078227300E1
4.171041042E1,1.384964371E1,-2.396153450E1,-3.013345718E1,4.091445965E1
4.172039942E1,1.389704132E1,-2.385340691E1,-3.005950546E1,4.081282454E1
4.173038742E1,1.381464481E1,-2.400199318E1,-2.995267105E1,4.079341357E1
4.174037642E1,1.389436054E1,-2.387022591E1,-2.983361435E1,4.065569437E1
4.175036542E1,1.011603451E1,-2.313099289E1,-2.516167450E1,3.564388938E1
4.176035442E1,1.022664547E1,-2.320460892E1,-2.508673859E1,3.567047246E1
4.177034342E1,1.004293919E1,-2.312405014E1,-2.499312592E1,3.549984036E1
4.178033242E1,1.007872486E1,-2.311873245E1,-2.514420319E1,3.561302344E1
4.179032142E1,1.005819225E1,-2.314650726E1,-2.509922791E1,3.559352850E1
4.180031042E1,1.000548649E1,-2.315375519E1,-2.500469208E1,3.551676738E1
4.181029942E1,9.922817230E0,-2.329486465E1,-2.484317017E1,3.547246996E1
4.182028742E1,9.905588150E0,-2.302719498E1,-2.487245178E1,3.531304635E1
4.183027642E1,9.711182594E0,-2.309261703E1,-2.484867859E1,3.528502312E1
4.184026542E1,9.766682625E0,-2.303587341E1,-2.494448090E1,3.533081772E1
4.185025442E1,9.854174614E0,-2.314544296E1,-2.488862610E1,3.538728580E1
4.186024342E1,9.771553040E0,-2.313586807E1,-2.443023682E1,3.503695351E1
4.187023242E1,9.614917755E0,-2.320161819E1,-2.466275024E1,3.519961619E1
4.188022142E1,9.477257729E0,-2.302452087E1,-2.463270569E1,3.502452234E1
4.189021042E1,9.480388641E0,-2.305683899E1,-2.458393097E1,3.501235860E1
4.190019942E1,9.436109543E0,-2.308823776E1,-2.451137543E1,3.497019319E1
4.191018842E1,9.343001366E0,-2.313037109E1,-2.449568939E1,3.496204428E1
4.192017642E1,9.338159561E0,-2.309305573E1,-2.439218140E1,3.486357641E1
4.193016542E1,9.113210678E0,-2.323690796E1,-2.456156158E1,3.501820680E1
4.194015442E1,7.549354553E0,-2.394643211E1,-2.401222229E1,3.474206650E1
4.195014342E1,7.466660500E0,-2.396134758E1,-2.412760162E1,3.481434125E1
4.196013242E1,7.323168755E0,-2.391792107E1,-2.413215637E1,3.475711035E1
4.197012142E1,7.263893127E0,-2.398386192E1,-2.394658661E1,3.466163277E1
4.198011042E1,7.049858093E0,-2.389559746E1,-2.394013977E1,3.455185045E1
4.199009942E1,6.845090866E0,-2.409671211E1,-2.395911407E1,3.466332285E1
4.200008842E1,6.950780869E0,-2.397802925E1,-2.403674316E1,3.465579697E1
4.201007642E1,6.756275177E0,-2.406730461E1,-2.398418427E1,3.464279868E1
4.202006542E1,6.731318474E0,-2.383720207E1,-2.393399048E1,3.444355892E1
4.203005442E1,6.545324326E0,-2.390078545E1,-2.390436554E1,3.443119962E1
4.204004342E1,6.425484657E0,-2.381813622E1,-2.377128601E1,3.425878726E1
4.205003242E1,6.400131226E0,-2.395880318E1,-2.355248260E1,3.420095563E1
4.206002142E1,6.279902458E0,-2.389848518E1,-2.385173798E1,3.434356087E1
4.207001042E1,6.139209747E0,-2.390585899E1,-2.368851471E1,3.421002367E1
4.207999942E1,6.091056824E0,-2.389465141E1,-2.361258698E1,3.414102522E1
4.208998842E1,6.067789078E0,-2.404619408E1,-2.389291382E1,3.443702723E1
4.209997642E1,6.138899803E0,-2.384232903E1,-2.371152496E1,3.418156170E1
4.210996542E1,6.071199417E0,-2.395718575E1,-2.357409668E1,3.415471044E1
4.211995442E1,6.078140259E0,-2.395025826E1,-2.365160370E1,3.420463444E1
4.212994342E1,5.985671043E0,-2.385948753E1,-2.341387939E1,3.396046454E1
4.213993242E1,4.941117287E0,-2.709407997E1,-2.255609894E1,3.559889617E1
4.214992142E1,4.952950478E0,-2.698571587E1,-2.231359100E1,3.536462813E1
4.215991042E1,4.819759369E0,-2.689352608E1,-2.234098053E1,3.529321799E1
4.216989942E1,4.799339294E0,-2.697859764E1,-2.223204041E1,3.528656981E1
4.217988842E1,4.788081169E0,-2.686960030E1,-2.233338928E1,3.526586761E1
4.218987642E1,4.730951309E0,-2.689303017E1,-2.230821228E1,3.526008093E1
4.219986542E1,4.901103973E0,-2.695020485E1,-2.210596466E1,3.519954595E1
4.220985442E1,4.857291222E0,-2.698550606E1,-2.189931488E1,3.509117848E1
4.221984342E1,4.968073845E0,-2.704277229E1,-2.202497101E1,3.522914474E1
4.222983242E1,4.882125854E0,-2.697613335E1,-2.190270996E1,3.508953728E1
4.223982142E1,4.838168144E0,-2.703987694E1,-2.198623657E1,3.518461900E1
4.224981042E1,4.961943626E0,-2.716668892E1,-2.184361267E1,3.521069846E1
4.225979942E1,4.848004341E0,-2.699389076E1,-2.218561554E1,3.527569732E1
4.226978842E1,4.808982849E0,-2.703369713E1,-2.203286743E1,3.520503293E1
4.227977642E1,4.759922028E0,-2.688369942E1,-2.196475983E1,3.504055973E1
4.228976542E1,4.659068108E0,-2.691136360E1,-2.200804901E1,3.507538493E1
4.229975442E1,4.695531845E0,-2.691578865E1,-2.204555511E1,3.510718158E1
4.230974342E1,4.659058571E0,-2.696316719E1,-2.203291321E1,3.513073407E1
4.231973242E1,4.644071579E0,-2.686383629E1,-2.188932800E1,3.496249106E1
4.232972142E1,4.559967041E0,-2.695585823E1,-2.175795746E1,3.494023905E1
4.233971042E1,4.463700294E0,-2.687120628E1,-2.190343475E1,3.495349484E1
4.234969942E1,4.607879639E0,-2.704055595E1,-2.186679077E1,3.507963454E1
4.235968842E1,4.565657616E0,-2.705941200E1,-2.190514374E1,3.511256655E1
4.236967642E1,4.770618439E0,-2.713694572E1,-2.192617798E1,3.521263842E1
4.237966542E1,4.770618439E0,-2.713694572E1,-2.192617798E1,3.521263842E1
4.238965442E1,4.717794418E0,-2.714536858E1,-2.194538116E1,3.522397442E1
4.239964342E1,4.636271477E0,-2.707156944E1,-2.191913605E1,3.513991193E1
4.240963242E1,4.503406525E0,-2.725604057E1,-2.194520569E1,3.528121980E1
4.241962142E1,4.744026184E0,-2.719689369E1,-2.178683472E1,3.516877845E1
4.242961042E1,4.500988007E0,-2.714470100E1,-2.185478210E1,3.513865658E1
4.243959942E1,4.488242149E0,-2.710552788E1,-2.183051300E1,3.509166934E1
4.244958842E1,4.543703079E0,-2.719610405E1,-2.187342072E1,3.519545208E1
4.245957642E1,4.471461296E0,-2.713901711E1,-2.182771301E1,3.511366217E1
4.246956542E1,4.465625763E0,-2.721621132E1,-2.213119507E1,3.536175571E1
4.247955442E1,4.580406189E0,-2.731822014E1,-2.222306824E1,3.551239269E1
4.248954342E1,4.728673935E0,-2.726024055E1,-2.231914520E1,3.554750786E1
4.249953242E1,4.702199936E0,-2.730228996E1,-2.210197449E1,3.544041475E1
4.250952142E1,4.661491394E0,-2.720349312E1,-2.212003326E1,3.537026168E1
4.251951042E1,4.667294502E0,-2.730931664E1,-2.207548523E1,3.542470129E1
4.252949942E1,4.751023293E0,-2.740394783E1,-2.223077393E1,3.560555980E1
4.253948842E1,4.340451241E0,-2.617182159E1,-2.244132996E1,3.474790717E1
4.254947642E1,4.249625206E0,-2.625159073E1,-2.263478088E1,3.492189336E1
4.255946542E1,4.256567001E0,-2.608743286E1,-2.267004395E1,3.482245552E1
4.256945442E1,4.445631981E0,-2.607446289E1,-2.284700012E1,3.495177640E1
4.257944342E1,4.566346169E0,-2.611054993E1,-2.276999664E1,3.494402784E1
4.258943242E1,4.457800865E0,-2.608735275E1,-2.296820068E1,3.504226312E1
4.259942142E1,4.432846069E0,-2.600641251E1,-2.265737152E1,3.477556757E1
4.260941042E1,4.305798531E0,-2.616500854E1,-2.262012482E1,3.485423389E1
4.261939942E1,4.598649025E0,-2.530059624E1,-2.024261475E1,3.272661294E1
4.262938842E1,4.442666054E0,-2.548145866E1,-2.017005920E1,3.280050770E1
4.263937642E1,4.401863098E0,-2.529897118E1,-2.003777313E1,3.257186966E1
4.264936542E1,4.320267677E0,-2.540424538E1,-1.995555115E1,3.259239816E1
4.265935442E1,4.132060051E0,-2.528284645E1,-1.982949829E1,3.239606839E1
4.266934342E1,4.080699921E0,-2.523674583E1,-1.971279907E1,3.228219168E1
4.267933242E1,4.212029457E0,-2.467314529E1,-1.680216980E1,3.014661176E1
4.268932142E1,4.007809639E0,-2.476646423E1,-1.673010254E1,3.015520883E1
4.269931042E1,3.941750526E0,-2.467189789E1,-1.684051514E1,3.013043134E1
4.270929942E1,3.816802979E0,-2.476735306E1,-1.723239136E1,3.041290967E1
4.271928842E1,3.828715324E0,-2.470441818E1,-1.698492432E1,3.022341795E1
4.272927642E1,3.572304726E0,-2.475668716E1,-1.671469879E1,3.008381751E1
4.273926542E1,3.362692833E0,-2.468002319E1,-1.688978577E1,3.009445316E1
4.274925442E1,3.364787102E0,-2.482698441E1,-1.687594604E1,3.020759014E1
4.275924342E1,3.211270332E0,-2.473106384E1,-1.691045380E1,3.013139930E1
4.276923242E1,3.124138832E0,-2.489555740E1,-1.415013123E1,2.880581947E1
4.277922142E1,3.140567780E0,-2.478092957E1,-1.398421478E1,2.862718811E1
4.278921042E1,2.900714874E0,-2.491334152E1,-1.392344666E1,2.868712428E1
4.279919942E1,2.946358681E0,-2.479213715E1,-1.383792877E1,2.854504101E1
4.280918842E1,2.695400238E0,-2.483198929E1,-1.366217041E1,2.847012074E1
4.281917642E1,2.857851028E0,-2.484323120E1,-1.349722290E1,2.841704550E1
4.282916542E1,2.539862633E0,-2.484288406E1,-1.357444000E1,2.842332162E1
4.283915442E1,2.578671455E0,-2.483667374E1,-1.353442383E1,2.840229810E1
4.284914342E1,2.425387383E0,-2.486848450E1,-1.360819244E1,2.845183521E1
4.285913242E1,2.374305725E0,-2.480941010E1,-1.357692719E1,2.838092861E1
4.286912142E1,2.327346802E0,-2.479783630E1,-1.373361206E1,2.844224549E1
4.287911042E1,2.295533180E0,-2.477684784E1,-1.376544952E1,2.843675899E1
4.288909942E1,2.283520699E0,-2.499930191E1,-1.370486450E1,2.860074953E1
4.289908842E1,2.304073334E0,-2.480028152E1,-1.357254791E1,2.836506257E1
4.290907642E1,2.079071999E0,-2.490330505E1,-1.390541840E1,2.859821330E1
4.291906542E1,2.220724106E0,-2.474671936E1,-1.389108276E1,2.846566203E1
4.292905442E1,2.471497536E0,-2.562383652E1,-1.203260803E1,2.841606859E1
4.293904342E1,2.485385895E0,-2.563216019E1,-1.205345917E1,2.843361843E1
4.294903242E1,2.445652962E0,-2.568667603E1,-1.219154358E1,2.853804966E1
4.295902142E1,2.532228470E0,-2.575213242E1,-1.229691315E1,2.864958251E1
4.296901042E1,2.496765137E0,-2.579459000E1,-1.231626892E1,2.869294668E1
4.297899942E1,2.514071465E0,-2.576921082E1,-1.268064117E1,2.883004409E1
4.298898742E1,2.495144844E0,-2.585443497E1,-1.274844360E1,2.893441497E1
4.299897642E1,2.715785027E0,-2.586505508E1,-1.313560486E1,2.913624337E1
4.300896542E1,2.593992233E0,-2.590036774E1,-1.299104309E1,2.909166625E1
4.301895442E1,2.703594208E0,-2.588920975E1,-1.321261597E1,2.919133131E1
4.302894342E1,2.653922081E0,-2.583585358E1,-1.328949738E1,2.917439585E1
4.303893242E1,2.848892212E0,-2.585120010E1,-1.356267548E1,2.933167059E1
4.304892142E1,2.881830215E0,-2.568476486E1,-1.376345062E1,2.928215608E1
4.305891042E1,3.059517860E0,-2.581197357E1,-1.377153015E1,2.941553453E1
4.306889942E1,3.250938416E0,-2.600575256E1,-1.385259247E1,2.964392155E1
4.307888742E1,3.354354858E0,-2.587878036E1,-1.393926239E1,2.958489489E1
4.308887642E1,3.030550957E0,-2.966031265E1,-1.239933014E1,3.229027367E1
4.309886542E1,3.067140579E0,-2.946472549E1,-1.226766205E1,3.206357641E1
4.310885442E1,3.096712112E0,-2.950675583E1,-1.234871674E1,3.213610229E1
4.311884342E1,3.219244003E0,-2.949198532E1,-1.252371979E1,3.220224041E1
4.312883242E1,3.444056511E0,-2.966753769E1,-1.255166626E1,3.239704684E1
4.313882142E1,3.560021400E0,-2.952020645E1,-1.288455200E1,3.240567885E1
4.314881042E1,3.711508751E0,-2.944187927E1,-1.238999939E1,3.215760621E1
4.315879942E1,3.705970764E0,-2.938528824E1,-1.261862946E1,3.219408631E1
4.316878742E1,3.814154625E0,-2.942940521E1,-1.290218353E1,3.235898649E1
4.317877642E1,3.958252907E0,-2.937980652E1,-1.290046692E1,3.233052496E1
4.318876542E1,3.992562294E0,-2.944596481E1,-1.300090027E1,3.243499353E1
4.319875442E1,4.193247795E0,-2.927007675E1,-1.287411499E1,3.225001639E1
4.320874342E1,4.294029236E0,-2.939090729E1,-1.272533417E1,3.231405651E1
4.321873242E1,4.294029236E0,-2.939090729E1,-1.272533417E1,3.231405651E1
4.322872142E1,4.227819443E0,-2.916583252E1,-1.273934937E1,3.210624964E1
4.323871042E1,4.431378365E0,-2.912642288E1,-1.286325073E1,3.214729916E1
4.324869942E1,5.326059341E0,-3.071034813E1,-1.176604462E1,3.331564492E1
4.325868742E1,5.582735062E0,-3.098481560E1,-1.177989960E1,3.361535011E1
4.326867642E1,5.792445183E0,-3.115493202E1,-1.170475769E1,3.378140854E1
4.327866542E1,5.896863937E0,-3.104768944E1,-1.170090485E1,3.369930560E1
4.328865442E1,6.150261879E0,-3.088350868E1,-1.163538361E1,3.357080549E1
4.329864342E1,6.262760162E0,-3.093242836E1,-1.178223419E1,3.368765845E1
4.330863242E1,6.455690384E0,-3.098064995E1,-1.194693756E1,3.382611309E1
4.331862142E1,6.603605270E0,-3.079532051E1,-1.196530151E1,3.369165784E1
4.332861042E1,6.931537628E0,-3.086374092E1,-1.215869904E1,3.388879874E1
4.333859842E1,7.308086395E0,-3.098197365E1,-1.213164520E1,3.406563713E1
4.334858742E1,7.839221954E0,-3.110280800E1,-1.220453644E1,3.431892737E1
4.335857642E1,8.472121239E0,-3.118243599E1,-1.283001709E1,3.476680156E1
4.336856542E1,9.142717361E0,-3.120050240E1,-1.306940460E1,3.504097554E1
4.337855442E1,9.709510803E0,-3.100510597E1,-1.305854034E1,3.501594883E1
4.338854342E1,9.937654495E0,-3.073685265E1,-1.320487213E1,3.489813370E1
4.339853242E1,1.007142162E1,-3.049107552E1,-1.307076263E1,3.466964170E1
4.340852142E1,1.004383373E1,-3.021353722E1,-1.288878632E1,3.434905006E1
4.341851042E1,9.973705292E0,-2.990657616E1,-1.262075043E1,3.395823075E1
4.342849842E1,9.691358566E0,-2.961378288E1,-1.265947723E1,3.363273601E1
4.343848742E1,9.591035843E0,-2.939257240E1,-1.252409363E1,3.335812048E1
4.344847642E1,9.318324089E0,-2.916042900E1,-1.249864960E1,3.306626718E1
4.345846542E1,9.427076340E0,-2.907194710E1,-1.239105988E1,3.297857246E1
4.346845442E1,1.246560669E1,-3.607294464E1,-1.278318787E1,4.024995127E1
4.347844342E1,1.245874023E1,-3.568988800E1,-1.263312531E1,3.985704666E1
4.348843242E1,1.256002998E1,-3.524081421E1,-1.270945740E1,3.951201901E1
4.349842142E1,1.248901939E1,-3.447421265E1,-1.260938263E1,3.877426303E1
4.350841042E1,1.248074150E1,-3.386388397E1,-1.257875824E1,3.821984700E1
4.351839842E1,1.252722359E1,-3.284729767E1,-1.234336853E1,3.725902631E1
4.352838742E1,1.245016670E1,-3.191863823E1,-1.220240784E1,3.636900981E1
4.353837642E1,1.240952492E1,-3.088555336E1,-1.217889404E1,3.544346449E1
4.354836542E1,1.183710575E1,-2.959819603E1,-1.174251556E1,3.397141376E1
4.355835442E1,1.138168430E1,-2.828647423E1,-1.155498505E1,3.260651839E1
4.356834383E1,1.057641125E1,-2.697536659E1,-1.119979858E1,3.106390777E1
4.357833283E1,9.537114143E0,-2.548893166E1,-1.095422363E1,2.933661873E1
4.358832183E1,8.386619568E0,-2.422473717E1,-1.054368591E1,2.771899333E1
4.359831083E1,6.620941162E0,-2.284699821E1,-1.039305878E1,2.595838708E1
4.360829883E1,4.031383514E0,-2.177141762E1,-1.006499481E1,2.432181734E1
4.361828783E1,9.456424713E-1,-2.102266502E1,-9.323204041E0,2.301670737E1
4.362827683E1,-2.747997284E0,-2.029401207E1,-8.943679810E0,2.234698690E1
4.363826583E1,-5.158851624E0,-2.063218880E1,-8.812057495E0,2.302071506E1
4.364825483E1,-7.828548431E0,-2.319204521E1,-8.302719116E0,2.584748104E1
4.365824383E1,-1.098879623E1,-2.653903770E1,-7.246337891E0,2.962403716E1
4.366823283E1,-1.386841583E1,-2.948628807E1,-6.602699280E0,3.324710182E1
4.367822183E1,-1.549024200E1,-3.162982750E1,-6.939308167E0,3.589634498E1
4.368820983E1,-1.605850220E1,-3.404919434E1,-7.296257019E0,3.834655779E1
4.369819883E1,-1.626097107E1,-3.727770233E1,-7.372627258E0,4.133281873E1
4.370818783E1,-1.659518433E1,-4.204365540E1,-7.003616333E0,4.573969549E1
4.371817683E1,-1.659672165E1,-4.661578369E1,-6.613250732E0,4.992211478E1
4.372816583E1,-1.601138687E1,-5.040382385E1,-6.651901245E0,5.330251175E1
4.373815483E1,-1.455992889E1,-5.225492096E1,-7.110786438E0,5.470951999E1
4.374814383E1,-1.228448486E1,-5.353760529E1,-8.092994690E0,5.552189038E1
4.375813283E1,-9.783313751E0,-5.429018402E1,-8.964859009E0,5.588833515E1
4.376812183E1,-7.769866943E0,-5.550875854E1,-9.363502502E0,5.682665120E1
4.377810983E1,-5.837594986E0,-5.734151459E1,-9.801765442E0,5.846538648E1
4.378809883E1,-4.114597321E0,-5.957151794E1,-9.929290771E0,6.053335012E1
4.379808783E1,-2.300039291E0,-6.081790924E1,-1.016345978E1,6.170416663E1
4.380807683E1,-1.949195862E-1,-6.123739624E1,-1.119886017E1,6.225328233E1
4.381806583E1,2.366727829E0,-6.004057312E1,-1.205576324E1,6.128469016E1
4.382805483E1,4.618872643E0,-5.876525116E1,-1.331917572E1,6.043251749E1
4.383804383E1,6.675178528E0,-5.730264282E1,-1.424074554E1,5.942179496E1
4.384803283E1,8.572503090E0,-5.633740234E1,-1.512554932E1,5.895907864E1
4.385802083E1,1.002842808E1,-5.547395325E1,-1.539397430E1,5.843717399E1
4.386800983E1,1.108757305E1,-5.525439453E1,-1.568170166E1,5.849699273E1
4.387799883E1,-1.023791122E1,-5.051258850E1,-1.978715515E1,5.520749888E1
4.388798783E1,-9.978270531E0,-5.059444427E1,-1.982694244E1,5.524917484E1
4.389797683E1,-9.316187859E0,-4.974195099E1,-2.010258484E1,5.445334665E1
4.390796583E1,-8.184152603E0,-4.752888489E1,-2.054225159E1,5.242098199E1
4.391795483E1,-6.461300850E0,-4.397724915E1,-2.129624939E1,4.928769714E1
4.392794383E1,-5.989779949E0,-4.135188293E1,-2.118938446E1,4.684918035E1
4.393793283E1,-7.359553337E0,-4.076218414E1,-2.073466492E1,4.632110761E1
4.394792083E1,-9.212551117E0,-4.089063263E1,-2.018706512E1,4.652346218E1
4.395790983E1,-9.609572411E0,-3.953073883E1,-2.092203522E1,4.574663651E1
4.396789883E1,-9.690595627E0,-3.775733948E1,-2.169502258E1,4.461163898E1
4.397788783E1,-1.160984039E1,-3.790805054E1,-2.186449432E1,4.527543265E1
4.398787683E1,-1.475212765E1,-4.112377930E1,-2.205133820E1,4.893926859E1
4.399786583E1,-1.552342892E1,-4.385298157E1,-2.309732819E1,5.193791878E1
4.400785483E1,-1.300330734E1,-4.397477722E1,-2.475228882E1,5.211087061E1
4.401784383E1,-9.750086784E0,-4.249800110E1,-2.544914246E1,5.048567264E1
4.402783283E1,-9.080801964E0,-4.227481079E1,-2.493437958E1,4.991336371E1
4.403782083E1,-1.014967346E1,-4.389148712E1,-2.440283203E1,5.123452668E1
4.404780983E1,-9.813017845E0,-4.563861084E1,-2.475035095E1,5.283708916E1
4.405779883E1,-6.459597111E0,-4.473319244E1,-2.545151520E1,5.187065188E1
4.406778783E1,-6.459597111E0,-4.473319244E1,-2.545151520E1,5.187065188E1
4.407777683E1,-1.509251714E0,-4.174797821E1,-2.515378571E1,4.876355669E1
4.408776583E1,6.547120810E-1,-3.914973450E1,-2.389268494E1,4.586927896E1
4.409775483E1,-5.111551285E-1,-3.882362366E1,-2.335891724E1,4.531196363E1
4.410774383E1,-9.408557415E-1,-3.884759521E1,-2.428222656E1,4.582190950E1
4.411773183E1,2.311307907E0,-3.618389130E1,-2.538953400E1,4.426335471E1
4.412772083E1,8.026777267E0,-3.005855751E1,-2.551277924E1,4.023490943E1
4.413770983E1,1.212485600E1,-2.207783318E1,-2.329862976E1,3.431135380E1
4.414769883E1,1.091832352E1,-1.511487007E1,-1.937475586E1,2.688959372E1
4.415768783E1,3.721479893E0,-1.183920479E1,-1.543988800E1,1.980924845E1
4.416767683E1,-6.839951992E0,-1.288113213E1,-1.274694061E1,1.936989941E1
4.417766583E1,-1.663821411E1,-1.659942055E1,-1.183456421E1,2.631402366E1
4.418765483E1,-2.300400925E1,-2.093266487E1,-1.205248260E1,3.335600751E1
4.419764283E1,-2.588020515E1,-2.492011833E1,-1.260503387E1,3.807471859E1
4.420763183E1,-2.648163605E1,-2.767174339E1,-1.335633087E1,4.056345652E1
4.421762083E1,-2.588282776E1,-2.943491936E1,-1.362533569E1,4.149680738E1
4.422760983E1,-2.482105446E1,-3.036850548E1,-1.401668549E1,4.165091045E1
4.423759883E1,-2.461991310E1,-3.082655525E1,-1.405798340E1,4.188130283E1
4.424758783E1,-2.542456055E1,-3.087656593E1,-1.389633942E1,4.234240017E1
4.425757683E1,-2.707792282E1,-3.031705666E1,-1.380015564E1,4.292763823E1
4.426756583E1,-2.931603622E1,-2.845360756E1,-1.319070435E1,4.293055374E1
4.427755483E1,-1.646944046E0,3.176269531E-1,1.194032288E1,1.205755456E1
4.428754283E1,2.178970337E0,6.406047821E0,1.318499756E1,1.481990287E1
4.429753183E1,1.270571995E1,1.318109894E1,1.391833496E1,2.299775504E1
4.430752083E1,2.864483643E1,1.687227631E1,1.206636047E1,3.536661444E1
4.431750983E1,4.030047607E1,1.238120651E1,7.049728394E0,4.274483965E1
4.432749883E1,3.763424683E1,1.284660339E0,2.781944275E0,3.775878839E1
4.433748783E1,3.036285400E1,-6.633144379E0,3.508377075E0,3.127635237E1
4.434747683E1,3.278481674E1,-8.679496765E0,4.449699402E0,3.420493674E1
4.435746583E1,3.054704094E1,-1.407460403E1,2.364784241E0,3.371658929E1
4.436745383E1,1.866147041E1,-1.833497620E1,3.272331238E0,2.636531778E1
4.437744283E1,2.011396217E1,-1.397566986E1,4.238082886E0,2.485663229E1
4.438743183E1,1.846096802E1,-1.420374680E1,2.659858704E0,2.344415943E1
4.439742083E1,1.433467960E1,-1.370694733E1,4.926330566E0,2.043605092E1
4.440740983E1,1.874493027E1,-9.881568909E0,4.800285339E0,2.172695455E1
4.441739883E1,1.928726196E1,-1.069688416E1,3.864280701E0,2.239094616E1
4.442738783E1,1.800570297E1,-1.269828033E1,4.769622803E0,2.254331308E1
4.443737683E1,1.958498764E1,-1.269544220E1,4.550727844E0,2.377930019E1
4.444736583E1,1.965796280E1,-1.334398270E1,3.307525635E0,2.398827008E1
4.445735383E1,1.778991699E1,-1.505481720E1,3.766235352E0,2.360748178E1
4.446734283E1,1.599534988E1,-1.668069839E1,4.973159790E0,2.363956927E1
4.447733183E1,1.535980701E1,-1.710662079E1,6.067359924E0,2.377757353E1
4.448732083E1,1.458249760E1,-1.659999847E1,6.806259155E0,2.311999890E1
4.449730983E1,1.395092487E1,-1.567834091E1,7.382904053E0,2.224738076E1
4.450729883E1,3.574708557E1,3.276671143E2,-1.880149841E0,3.296166362E2
4.451728783E1,3.514042282E1,3.288973083E2,-9.087066650E-1,3.307704861E2
4.452727683E1,3.523495483E1,3.300940552E2,-3.952484131E-1,3.319694919E2
4.453726483E1,3.588800812E1,3.312968140E2,6.451416016E-2,3.332349505E2
4.454725383E1,3.619305420E1,3.320003357E2,1.517868042E-1,3.339673384E2
4.455724283E1,3.650325012E1,3.328572693E2,6.489028931E-1,3.348535054E2
4.456723183E1,3.687561035E1,3.331344604E2,5.419311523E-1,3.351696184E2
4.457722054E1,3.729360199E1,3.336649780E2,7.961883545E-1,3.357435989E2
4.458720954E1,3.761875534E1,3.338720703E2,6.277999878E-1,3.359853036E2
4.459719854E1,3.805569839E1,3.344405823E2,6.622161865E-1,3.365994322E2
4.460718754E1,3.836516953E1,3.345603943E2,7.970809937E-1,3.367538849E2
4.461717554E1,3.884947586E1,3.351423645E2,7.700729370E-1,3.373874320E2
4.462716454E1,3.907378006E1,3.352222900E2,8.217620850E-1,3.374928434E2
4.463715354E1,3.951059723E1,3.353162842E2,8.810806274E-1,3.376371929E2
4.464714254E1,1.578197479E2,2.311571198E2,-1.061729431E0,2.798960774E2
4.465713154E1,1.579462891E2,2.314077911E2,-1.221237183E0,2.801751014E2
4.466712054E1,1.580074615E2,2.312518311E2,-1.332313538E0,2.800813138E2
4.467710954E1,1.580931396E2,2.313675079E2,-1.322525024E0,2.802251124E2
4.468709854E1,1.581780701E2,2.313679504E2,-1.470352173E0,2.802741377E2
4.469708754E1,1.582206573E2,2.315496216E2,-1.469444275E0,2.804481466E2
4.470707554E1,1.582248688E2,2.313934174E2,-1.663238525E0,2.803226517E2
4.471706454E1,1.582973938E2,2.314102325E2,-1.772521973E0,2.803781419E2
4.472705354E1,1.580638733E2,2.313063049E2,-1.924896240E0,2.801615605E2
4.473704254E1,1.581378632E2,2.314042664E2,-1.993003845E0,2.802846594E2
4.474703154E1,1.580830994E2,2.313446045E2,-1.965286255E0,2.802043088E2
4.475702054E1,1.580572662E2,2.313187714E2,-1.901550293E0,2.801679662E2
4.476700954E1,1.579298096E2,2.311877747E2,-2.193893433E0,2.799900446E2
4.477699854E1,1.578768768E2,2.312508698E2,-2.185386658E0,2.800122299E2
4.478698654E1,1.577483978E2,2.312494354E2,-2.039916992E0,2.799375281E2
4.479697554E1,1.577304382E2,2.312853699E2,-2.097900391E0,2.799575229E2
4.480696454E1,1.576061096E2,2.309367828E2,-1.911491394E0,2.795981711E2
4.481695354E1,1.576427917E2,2.309609833E2,-1.826828003E0,2.796382715E2
4.482694254E1,8.153531647E1,1.263301544E2,2.154260254E1,1.518927236E2
4.483693154E1,8.138790894E1,1.263744278E2,2.140036774E1,1.518303773E2
4.484692054E1,8.125933838E1,1.262113800E2,2.159775543E1,1.516537357E2
4.485690954E1,8.123072815E1,1.262390518E2,2.172003937E1,1.516789027E2
4.486689754E1,8.122728729E1,1.260898132E2,2.216244507E1,1.516169093E2
4.487688654E1,8.108531952E1,1.262018204E2,2.212388611E1,1.516284764E2
4.488687554E1,8.102606964E1,1.261643066E2,2.200296783E1,1.515479687E2
4.489686454E1,8.123815918E1,1.261988831E2,2.240077209E1,1.517484471E2
4.490685354E1,8.123815918E1,1.261988831E2,2.240077209E1,1.517484471E2
4.491684254E1,8.112924194E1,1.261693649E2,2.253076935E1,1.516848645E2
4.492683154E1,8.111300659E1,1.261717834E2,2.258169556E1,1.516857665E2
4.493682054E1,8.091714478E1,1.260340576E2,2.251745605E1,1.514569372E2
4.494680854E1,8.090010071E1,1.260694733E2,2.251111603E1,1.514763636E2
4.495679754E1,8.085107422E1,1.260558624E2,2.271390533E1,1.514691327E2
4.496678654E1,7.941024017E1,9.280262756E1,3.382219696E1,1.267369517E2
4.497677554E1,7.938220978E1,9.271475220E1,3.405612946E1,1.267177196E2
4.498676454E1,7.939273071E1,9.277970886E1,3.419169617E1,1.268083284E2
4.499675354E1,7.915591431E1,9.276144409E1,3.417741394E1,1.266429623E2
4.500674254E1,7.916185760E1,9.284665680E1,3.416673279E1,1.267062232E2
4.501673154E1,7.899897766E1,9.285845184E1,3.431865692E1,1.266542568E2
4.502672054E1,7.901494598E1,9.274488831E1,3.424745178E1,1.265617002E2
4.503670854E1,7.899810028E1,9.274050140E1,3.444296265E1,1.266010194E2
4.504669754E1,7.903688812E1,9.278240967E1,3.459046173E1,1.266961139E2
4.505668654E1,7.894908905E1,9.280859375E1,3.474777985E1,1.267035988E2
4.506667554E1,7.893332672E1,9.280387878E1,3.461036682E1,1.266527042E2
4.507666454E1,7.883490753E1,9.272664642E1,3.469881439E1,1.265590033E2
4.508665354E1,7.875471497E1,9.291717529E1,3.473518372E1,1.266587525E2
4.509664254E1,7.865856934E1,9.295562744E1,3.475856781E1,1.266336339E2
4.510663154E1,7.871172333E1,9.292433929E1,3.486374664E1,1.266726058E2
4.511661954E1,7.866184998E1,9.295141602E1,3.505764008E1,1.267149972E2
4.512660854E1,7.860413361E1,9.289555359E1,3.487166595E1,1.265868350E2
4.513659754E1,7.844945526E1,9.299356842E1,3.492462921E1,1.265774487E2
4.514658654E1,7.377159882E1,6.957928467E1,4.197765350E1,1.097526721E2
4.515657554E1,7.368241119E1,6.952515411E1,4.211351013E1,1.097104941E2
4.516656454E1,7.355400085E1,6.948075867E1,4.214942169E1,1.096099476E2
4.517655354E1,7.360500336E1,6.950311279E1,4.226486206E1,1.097027701E2
4.518654254E1,7.359211731E1,6.954490662E1,4.225955963E1,1.097185679E2
4.519653054E1,7.350274658E1,6.946354675E1,4.243513489E1,1.096748775E2
4.520651954E1,7.363108826E1,6.950685120E1,4.245348358E1,1.097954361E2
4.521650854E1,7.359594727E1,6.928387451E1,4.240099335E1,1.096105057E2
4.522649754E1,7.344994354E1,6.947010040E1,4.230398560E1,1.095929571E2
4.523648654E1,7.340342712E1,6.948204041E1,4.210867310E1,1.094940976E2
4.524647554E1,7.342276001E1,6.946328735E1,4.228817749E1,1.095643187E2
4.525646454E1,7.338581848E1,6.942416382E1,4.251436615E1,1.096023002E2
4.526645354E1,7.329675293E1,6.941038513E1,4.233035278E1,1.094626618E2
4.527644154E1,7.316156006E1,6.946968079E1,4.237097931E1,1.094255469E2
4.528643054E1,7.317919159E1,6.928466797E1,4.229154968E1,1.092892240E2
4.529641954E1,7.294508362E1,6.927639771E1,4.213735199E1,1.090676897E2
4.530640854E1,7.286136627E1,6.916978455E1,4.210317230E1,1.089307803E2
4.531639754E1,7.271083832E1,6.916940308E1,4.231327820E1,1.089113669E2
4.532638654E1,7.236957550E1,6.929060364E1,4.209287262E1,1.086754486E2
4.533637554E1,7.250061035E1,6.919616699E1,4.209465027E1,1.087033008E2
4.534636454E1,7.220587921E1,6.913343811E1,4.189315033E1,1.083889169E2
4.535635254E1,5.374398041E1,4.110101700E1,3.112829590E1,7.447603530E1
4.536634154E1,5.360055923E1,4.094819641E1,3.084344482E1,7.416935235E1
4.537633054E1,5.344359589E1,4.096894073E1,3.082879639E1,7.406137139E1
4.538631954E1,5.348767090E1,4.071413040E1,3.074980927E1,7.391970050E1
4.539630854E1,5.323245239E1,4.065737915E1,3.042210388E1,7.356779779E1
4.540629754E1,5.297528076E1,4.049223709E1,3.008171082E1,7.314992113E1
4.541628654E1,4.780264282E1,2.513436127E1,1.835373688E1,5.704111179E1
4.542627554E1,4.753242493E1,2.488732529E1,1.795616913E1,5.657856828E1
4.543626354E1,4.738165283E1,2.500816727E1,1.787383270E1,5.647922937E1
4.544625254E1,4.694732285E1,2.488100433E1,1.757112885E1,5.596302411E1
4.545624154E1,4.676901245E1,2.473333740E1,1.734310150E1,5.567640141E1
4.546623054E1,4.636165619E1,2.472637177E1,1.689098358E1,5.519150253E1
4.547621954E1,3.752747726E1,5.968616486E0,1.091116333E1,3.953466097E1
4.548620854E1,3.706674957E1,5.842197418E0,1.028425598E1,3.890811118E1
4.549619754E1,3.682596970E1,5.813571930E0,9.908607483E0,3.857629019E1
4.550618654E1,3.655347443E1,5.725227356E0,9.384841919E0,3.817080008E1
4.551617554E1,3.561684418E1,-1.226272583E-1,1.874496460E0,3.566634777E1
4.552616354E1,3.516007233E1,-2.775535583E-1,1.365486145E0,3.518767219E1
4.553615254E1,3.483721161E1,-1.741600037E-1,1.151054382E0,3.485665748E1
4.554614154E1,3.430563354E1,-2.572212219E-1,8.366165161E-1,3.431679739E1
4.555613054E1,3.070311928E1,-6.137454987E0,-1.746543884E0,3.135921400E1
4.556611954E1,3.026550102E1,-6.141727448E0,-1.881561279E0,3.093964513E1
4.557610829E1,3.001351738E1,-6.293758392E0,-2.041191101E0,3.073416798E1
4.558609729E1,2.959447479E1,-6.327716827E0,-2.210250854E0,3.034399689E1
4.559608629E1,2.632296944E1,-1.013375473E1,-2.296958923E0,2.829960645E1
4.560607429E1,2.604135513E1,-1.025259018E1,-2.390480042E0,2.808882656E1
4.561606329E1,2.582520294E1,-1.009858322E1,-2.412643433E0,2.783421165E1
4.562605229E1,2.534051323E1,-1.001777649E1,-2.304443359E0,2.734607679E1
4.563604129E1,2.535871887E1,-9.995532990E0,-2.242187500E0,2.734963816E1
4.564603029E1,2.507883072E1,-1.008135605E1,-2.286666870E0,2.712582414E1
4.565601929E1,2.497252464E1,-1.005413818E1,-2.050315857E0,2.699845323E1
4.566600829E1,2.466445732E1,-9.914283752E0,-1.970359802E0,2.665540836E1
4.567599729E1,1.843723488E1,-1.385986710E1,2.409255981E0,2.319120653E1
4.568598529E1,1.836302948E1,-1.393772507E1,2.451942444E0,2.318346509E1
4.569597429E1,1.833307838E1,-1.393596649E1,2.474678040E0,2.316110871E1
4.570596329E1,1.812981224E1,-1.409301758E1,2.512336731E0,2.310010979E1
4.571595229E1,1.816175652E1,-1.396274185E1,2.614135742E0,2.305734732E1
4.572594129E1,1.808338928E1,-1.423156357E1,2.648284912E0,2.316376011E1
4.573593029E1,1.822968292E1,-1.407569504E1,2.583297729E0,2.317584858E1
4.574591929E1,1.822968292E1,-1.407569504E1,2.583297729E0,2.317584858E1
4.575590829E1,1.829771423E1,-1.406563187E1,2.720748901E0,2.323899354E1
4.576589629E1,1.816882706E1,-1.385154343E1,2.708343506E0,2.300666548E1
4.577588529E1,1.816801453E1,-1.410736084E1,2.743621826E0,2.316509966E1
4.578587429E1,1.835730553E1,-1.405408859E1,2.829132080E0,2.329188830E1
4.579586329E1,1.840420532E1,-1.406100845E1,2.855773926E0,2.333628456E1
4.580585229E1,1.853977966E1,-1.380710983E1,3.102874756E0,2.332354055E1
4.581584129E1,1.873028374E1,-1.406565475E1,3.104713440E0,2.362848743E1
4.582583029E1,1.898716927E1,-1.402067947E1,3.178436279E0,2.381584571E1
4.583581929E1,1.888772011E1,-1.399723816E1,3.162940979E0,2.372072601E1
4.584580729E1,1.895454979E1,-1.388756180E1,3.290153503E0,2.372687170E1
4.585579629E1,1.992755890E1,-1.451962662E1,1.522438049E0,2.470313702E1
4.586578529E1,1.994426537E1,-1.452369690E1,1.639053345E0,2.472646332E1
4.587577429E1,2.003703690E1,-1.466723251E1,1.801132202E0,2.489688001E1
4.588576329E1,2.006622314E1,-1.458657837E1,1.760978699E0,2.487011511E1
4.589575229E1,2.001231956E1,-1.458377457E1,1.632804871E0,2.481623394E1
4.590574129E1,2.018151283E1,-1.442719650E1,1.685859680E0,2.486522837E1
4.591573029E1,2.006586266E1,-1.448892212E1,1.848419189E0,2.481903225E1
4.592571829E1,2.013653946E1,-1.447298813E1,1.789268494E0,2.486260422E1
4.593570729E1,2.015391541E1,-1.463134003E1,1.788154602E0,2.496905913E1
4.594569629E1,2.038994026E1,-1.448462677E1,2.209960938E0,2.510852453E1
4.595568529E1,2.044277191E1,-1.459162140E1,2.295829773E0,2.522088763E1
4.596567429E1,2.051917839E1,-1.437754440E1,2.020233154E0,2.513626478E1
4.597566329E1,2.043400192E1,-1.442847443E1,2.324180603E0,2.512232323E1
4.598565229E1,2.057683945E1,-1.436938477E1,2.330406189E0,2.520548220E1
4.599564129E1,2.061350822E1,-1.448709488E1,2.298004150E0,2.529967317E1
4.600562929E1,2.081880569E1,-1.444750214E1,2.338172913E0,2.544837993E1
4.601561829E1,2.055167770E1,-1.444875336E1,2.506248474E0,2.524716244E1
4.602560729E1,2.071550751E1,-1.451474762E1,2.225662231E0,2.539219806E1
4.603559629E1,2.075918770E1,-1.466848755E1,2.507247925E0,2.554201819E1
4.604558529E1,2.085144806E1,-1.466733170E1,2.384056091E0,2.560463295E1
4.605557429E1,2.071951103E1,-1.445830154E1,2.717559814E0,2.541113442E1
4.606556329E1,2.065657043E1,-1.442474747E1,2.613822937E0,2.532981074E1
4.607555229E1,2.050717926E1,-1.586298370E1,1.722518921E0,2.598356643E1
4.608554029E1,2.043618202E1,-1.576995087E1,1.856460571E0,2.588001800E1
4.609552929E1,2.048080444E1,-1.577025223E1,2.097175598E0,2.593380711E1
4.610551829E1,2.059517670E1,-1.567771530E1,2.097457886E0,2.596827660E1
4.611550729E1,2.058428192E1,-1.580789185E1,2.375724792E0,2.606235168E1
4.612549629E1,2.050600243E1,-1.570196152E1,2.391151428E0,2.593772033E1
4.613548529E1,2.077930832E1,-1.582360077E1,2.371276855E0,2.622573068E1
4.614547429E1,2.078618240E1,-1.578110123E1,2.479118347E0,2.621554048E1
4.615546329E1,2.080534363E1,-1.572175980E1,2.576828003E0,2.620450528E1
4.616545129E1,2.078458595E1,-1.573475647E1,2.407234192E0,2.617969348E1
4.617544029E1,2.079545784E1,-1.579664993E1,2.653251648E0,2.624928495E1
4.618542929E1,2.074591446E1,-1.570929718E1,2.518951416E0,2.614421735E1
4.619541829E1,2.072499084E1,-1.576822662E1,2.455673218E0,2.615707452E1
4.620540729E1,2.071578407E1,-1.566052246E1,2.484344482E0,2.608769137E1
4.621539629E1,2.076432610E1,-1.592897034E1,2.283386230E0,2.626981513E1
4.622538529E1,2.101831436E1,-1.604546738E1,2.171447754E0,2.653190056E1
4.623537429E1,2.105499458E1,-1.592061234E1,2.073554993E0,2.647788368E1
4.624536229E1,2.099946976E1,-1.603304291E1,1.943527222E0,2.649176274E1
4.625535129E1,2.110086060E1,-1.585189819E1,1.959831238E0,2.646450326E1
4.626534029E1,2.097165298E1,-1.572839355E1,1.642951965E0,2.626579304E1
4.627532929E1,2.121088028E1,-1.595530319E1,1.427635193E0,2.658027999E1
4.628531829E1,2.128168488E1,-1.597432327E1,1.375053406E0,2.664544777E1
4.629530729E1,2.140108490E1,-1.586402512E1,1.337532043E0,2.667325851E1
4.630529629E1,2.132086372E1,-1.599597931E1,1.025047302E0,2.667398182E1
4.631528429E1,2.140833855E1,-1.588112640E1,1.149162292E0,2.668047431E1
4.632527329E1,2.149419975E1,-1.600791168E1,1.352745056E0,2.683437681E1
4.633526229E1,2.161014557E1,-1.595653534E1,1.468521118E0,2.690289884E1
4.634525129E1,1.945624542E1,-1.749444962E1,1.104766846E0,2.618819893E1
4.635524029E1,1.953997612E1,-1.748296738E1,9.431152344E-1,2.623650665E1
4.636522929E1,1.952315521E1,-1.746394730E1,1.138183594E0,2.621904854E1
4.637521829E1,1.952498436E1,-1.739638901E1,1.491958618E0,2.619323014E1
4.638520729E1,1.977727127E1,-1.749639511E1,1.234474182E0,2.643460284E1
4.639519529E1,1.988957214E1,-1.738573456E1,1.287681580E0,2.644838313E1
4.640518429E1,1.999432182E1,-1.746468735E1,1.308517456E0,2.658007576E1
4.641517329E1,2.019843102E1,-1.756979370E1,1.295494080E0,2.680210012E1
4.642516229E1,2.041685677E1,-1.769163895E1,1.230224609E0,2.704358670E1
4.643515129E1,2.054925537E1,-1.752696991E1,1.638343811E0,2.705828415E1
4.644514029E1,2.071427155E1,-1.765353775E1,1.633827209E0,2.726532289E1
4.645512929E1,2.076039696E1,-1.750990677E1,1.692672729E0,2.721132224E1
4.646511829E1,1.972200012E1,-1.890382385E1,1.553192139E0,2.736282608E1
4.647510629E1,1.978516197E1,-1.892029190E1,1.611206055E0,2.742309364E1
4.648509529E1,1.968821526E1,-1.898953629E1,1.620803833E0,2.740173924E1
4.649508429E1,1.969815254E1,-1.885146332E1,1.621833801E0,2.731346239E1
4.650507329E1,1.979279518E1,-1.892905426E1,1.423210144E0,2.742424773E1
4.651506229E1,1.982223129E1,-1.888509369E1,1.381088257E0,2.741304474E1
4.652505129E1,1.968639755E1,-1.891843033E1,1.205551147E0,2.732973853E1
4.653504029E1,1.963423538E1,-1.878259277E1,1.110191345E0,2.719414487E1
4.654502929E1,1.974615669E1,-1.890994263E1,1.171081543E0,2.736545388E1
4.655501729E1,1.995647621E1,-1.891754532E1,1.187759399E0,2.752353967E1
4.656500629E1,2.008794403E1,-1.899060822E1,1.012268066E0,2.766212903E1
4.657499529E1,1.998826790E1,-1.898661423E1,9.350738525E-1,2.758435674E1
4.658498429E1,1.998826790E1,-1.898661423E1,9.350738525E-1,2.758435674E1
4.659497329E1,1.997329330E1,-1.906200790E1,9.695968628E-1,2.762666663E1
4.660496229E1,2.011696434E1,-1.902823257E1,9.610824585E-1,2.770721149E1
4.661495129E1,2.004225349E1,-1.921332550E1,6.945571899E-1,2.777276024E1
4.662494029E1,1.967494774E1,-1.969443893E1,1.396751404E0,2.787338171E1
4.663492829E1,1.959546661E1,-1.974958420E1,1.021041870E0,2.784009544E1
4.664491729E1,1.962300491E1,-1.975899124E1,9.381484985E-1,2.786324065E1
4.665490629E1,1.970060730E1,-1.986921310E1,5.061645508E-1,2.798492022E1
4.666489529E1,1.971723557E1,-1.973715973E1,4.239044189E-1,2.790169435E1
4.667488429E1,1.961481667E1,-1.979814911E1,4.895401001E-1,2.787377604E1
4.668487329E1,1.998101044E1,-1.995607758E1,7.563781738E-2,2.823989255E1
4.669486229E1,1.992428589E1,-2.006779099E1,-4.338684082E-1,2.828217893E1
4.670485129E1,2.001948357E1,-2.003000641E1,-2.154541016E-1,2.832008650E1
4.671483929E1,1.993533325E1,-2.016495132E1,-7.331085205E-1,2.836512334E1
4.672482829E1,2.001739883E1,-2.009708786E1,-7.684249878E-1,2.837568807E1
4.673481729E1,1.991152191E1,-2.004420853E1,-6.968688965E-1,2.826171662E1
4.674480629E1,1.989990234E1,-1.986304855E1,-5.927047729E-1,2.812291077E1
4.675479529E1,1.996397972E1,-1.994171906E1,-6.162490845E-1,2.822432299E1
4.676478429E1,2.006290817E1,-1.996178436E1,-4.776840210E-1,2.830585277E1
4.677477329E1,1.998860550E1,-1.996838760E1,-3.577270508E-1,2.825612893E1
4.678476129E1,2.020341873E1,-1.991459656E1,-3.190917969E-1,2.837025034E1
4.679475029E1,2.022728920E1,-1.993155289E1,-1.484680176E-1,2.839774765E1
4.680473929E1,2.040035629E1,-1.983490372E1,2.088928223E-2,2.845344230E1
4.681472829E1,2.019700432E1,-1.992793274E1,4.496307373E-1,2.837681544E1
4.682471729E1,2.003001404E1,-1.984108353E1,3.771438599E-1,2.819596239E1
4.683470629E1,2.010239601E1,-1.979249573E1,6.024322510E-1,2.821723121E1
4.684469529E1,2.011593246E1,-1.967224884E1,7.949371338E-1,2.814746948E1
4.685468429E1,2.017190933E1,-1.982993698E1,6.878738403E-1,2.829497300E1
4.686467229E1,2.018388939E1,-1.977090836E1,6.404037476E-1,2.826107438E1
4.687466129E1,2.022303772E1,-1.978250122E1,7.339782715E-1,2.829942284E1
4.688465029E1,2.025739861E1,-1.969849396E1,5.401458740E-1,2.826100883E1
4.689463929E1,2.010028267E1,-1.980636215E1,3.614959717E-1,2.822133988E1
4.690462829E1,2.041296768E1,-1.982293701E1,4.393157959E-1,2.845753116E1
4.691461729E1,2.040748215E1,-1.986669159E1,5.894546509E-1,2.848680781E1
4.692460629E1,2.037536812E1,-1.975615311E1,5.141906738E-1,2.838530612E1
4.693459529E1,2.047118378E1,-1.989506912E1,3.862762451E-1,2.854877143E1
4.694458329E1,2.040678215E1,-1.991218567E1,2.223281860E-1,2.851282739E1
4.695457229E1,2.037229729E1,-1.994913864E1,1.686706543E-1,2.851362971E1
4.696456129E1,2.037878036E1,-1.993340302E1,1.215438843E-1,2.850701699E1
4.697455029E1,2.044918823E1,-2.007253647E1,9.172821045E-2,2.865457090E1
4.698453929E1,2.058943367E1,-1.993876648E1,1.075515747E-1,2.866166002E1
4.699452829E1,2.049126244E1,-1.994893265E1,-1.801452637E-1,2.859867483E1
4.700451729E1,2.060538292E1,-1.993313599E1,-5.379028320E-1,2.867404846E1
4.701450629E1,2.052588654E1,-1.981772232E1,-6.068344116E-1,2.853808655E1
4.702449429E1,2.060285759E1,-1.999555588E1,-5.635375977E-1,2.871615522E1
4.703448329E1,2.065090752E1,-2.006063080E1,-6.047210693E-1,2.879678067E1
4.704447229E1,2.071035385E1,-2.007897949E1,-9.715957642E-1,2.886222743E1
4.705446129E1,2.049852753E1,-2.085869217E1,5.905151367E-3,2.924508001E1
4.706445029E1,2.068211174E1,-2.096363449E1,-3.858947754E-1,2.945119067E1
4.707443929E1,2.075793076E1,-2.108649445E1,-5.872421265E-1,2.959521567E1
4.708442829E1,2.099685669E1,-2.105411911E1,-5.612182617E-1,2.973985353E1
4.709441629E1,2.118013000E1,-2.099657059E1,-7.315902710E-1,2.983268523E1
4.710440529E1,2.137471390E1,-2.092572021E1,-7.569732666E-1,2.992218524E1
4.711439429E1,2.160964012E1,-2.095524597E1,-8.742065430E-1,3.011416804E1
4.712438329E1,2.168964386E1,-2.089727783E1,-1.062057495E0,3.013743250E1
4.713437229E1,2.034228516E1,-2.174530411E1,4.401855469E-1,2.978020449E1
4.714436129E1,2.038744736E1,-2.163017273E1,1.057052612E-1,2.972412414E1
4.715435029E1,2.063740730E1,-2.170093155E1,-9.353637695E-2,2.994731640E1
4.716433929E1,2.087366486E1,-2.163781357E1,-2.732772827E-1,3.006625253E1
4.717432729E1,2.106320572E1,-2.182292175E1,-6.974868774E-1,3.033784826E1
4.718431629E1,2.139977837E1,-2.173901367E1,-9.925003052E-1,3.052081726E1
4.719430529E1,2.059826660E1,-2.285742569E1,1.663208008E-1,3.076976046E1
4.720429429E1,2.090946770E1,-2.294060135E1,-1.037063599E-1,3.104009962E1
4.721428329E1,2.117505264E1,-2.294549942E1,-2.536239624E-1,3.122407922E1
4.722427229E1,2.143584061E1,-2.294039917E1,-5.275955200E-1,3.140120274E1
4.723426129E1,2.078297043E1,-2.332737732E1,1.595687866E-1,3.124298089E1
4.724425029E1,2.096809769E1,-2.328021240E1,-1.339416504E-1,3.133125198E1
4.725423829E1,2.129290009E1,-2.326522827E1,-3.220291138E-1,3.153985008E1
4.726422729E1,2.143293571E1,-2.321942902E1,-6.094055176E-1,3.160512604E1
4.727421629E1,2.095433998E1,-2.340084457E1,-3.230285645E-1,3.141318574E1
4.728420529E1,2.149709320E1,-2.348806763E1,-4.606323242E-1,3.184378305E1
4.729419429E1,2.169899559E1,-2.331584549E1,-6.391830444E-1,3.185723804E1
4.730418329E1,2.211708069E1,-2.322271729E1,-6.136856079E-1,3.207548077E1
4.731417229E1,2.147663498E1,-2.413290405E1,-4.518661499E-1,3.230862255E1
4.732416029E1,2.166060638E1,-2.414546967E1,-6.197357178E-1,3.244332977E1
4.733414929E1,2.216101074E1,-2.401903915E1,-5.751037598E-1,3.268570610E1
4.734413829E1,2.225779343E1,-2.398903656E1,-9.063186646E-1,3.273690054E1
4.735412729E1,2.226451874E1,-2.437012672E1,-8.357467651E-1,3.301984773E1
4.736411629E1,2.237004089E1,-2.429347801E1,-1.171218872E0,3.304487187E1
4.737410529E1,2.261488914E1,-2.422248650E1,-1.229492188E0,3.316132859E1
4.738409429E1,2.266689110E1,-2.429887581E1,-1.564506531E0,3.326666497E1
4.739408329E1,2.292129898E1,-2.422075844E1,-1.811485291E0,3.339629568E1
4.740407129E1,2.299684906E1,-2.430672646E1,-2.242919922E0,3.353658759E1
4.741406029E1,2.221083260E1,-2.428831673E1,-1.798255920E0,3.296175266E1
4.742404929E1,2.221083260E1,-2.428831673E1,-1.798255920E0,3.296175266E1
4.743403829E1,2.145655441E1,-2.439675331E1,-2.242477417E0,3.256706932E1
4.744402729E1,2.148599625E1,-2.424709129E1,-2.735801697E0,3.251236814E1
4.745401629E1,2.140035629E1,-2.438130379E1,-3.030464172E0,3.258231018E1
4.746400529E1,2.137329674E1,-2.439838982E1,-3.259719849E0,3.259946338E1
4.747399429E1,2.087381744E1,-2.444265366E1,-3.010604858E0,3.228348361E1
4.748398229E1,2.090103531E1,-2.435867310E1,-2.985473633E0,3.223524910E1
4.749397129E1,2.103347778E1,-2.452141571E1,-2.991378784E0,3.244465076E1
4.750396029E1,2.142036247E1,-2.435018921E1,-2.471321106E0,3.252492999E1
4.751394929E1,2.141202354E1,-2.448486710E1,-2.352920532E0,3.261164982E1
4.752393829E1,2.182937050E1,-2.428639603E1,-2.110946655E0,3.272318053E1
4.753392729E1,2.163553429E1,-2.504844666E1,-2.712059021E0,3.320958127E1
4.754391629E1,2.184584999E1,-2.501582336E1,-2.613571167E0,3.331461143E1
4.755390529E1,2.204644775E1,-2.505624771E1,-2.652900696E0,3.347983408E1
4.756389329E1,2.227509499E1,-2.486270905E1,-2.535209656E0,3.347777540E1
4.757388217E1,2.238203430E1,-2.489839172E1,-2.674842834E0,3.358630903E1
4.758387117E1,2.253441238E1,-2.473670578E1,-2.837005615E0,3.358203322E1
4.759386017E1,2.257208252E1,-2.476954651E1,-3.348815918E0,3.367853785E1
4.760384917E1,2.281730080E1,-2.453504181E1,-3.545196533E0,3.369222330E1
4.761383817E1,2.234948158E1,-2.554153252E1,-3.703628540E0,3.414068064E1
4.762382717E1,2.256295204E1,-2.524055672E1,-4.063316345E0,3.409813848E1
4.763381517E1,2.260615540E1,-2.538687325E1,-4.371925354E0,3.427309916E1
4.764380417E1,2.282665253E1,-2.513123894E1,-4.553894043E0,3.425453528E1
4.765379317E1,2.279899025E1,-2.513420677E1,-4.578033447E0,3.424150547E1
4.766378217E1,2.266601944E1,-2.512482262E1,-4.343193054E0,3.411551663E1
4.767377117E1,2.250117874E1,-2.524026299E1,-4.344001770E0,3.409170385E1
4.768376017E1,2.241609001E1,-2.534726143E1,-4.428718567E0,3.412591832E1
4.769374917E1,2.218253708E1,-2.549091148E1,-4.718032837E0,3.411907609E1
4.770373817E1,2.210540009E1,-2.529430962E1,-4.838768005E0,3.393912915E1
4.771372617E1,2.185586929E1,-2.515052605E1,-5.162834167E0,3.371769327E1
4.772371517E1,2.188415527E1,-2.508970070E1,-5.498085022E0,3.374371456E1
4.773370417E1,2.216090393E1,-2.536930847E1,-5.987136841E0,3.421334948E1
4.774369317E1,2.218876076E1,-2.532012558E1,-5.805549622E0,3.416363959E1
4.775368217E1,2.237321091E1,-2.532012177E1,-5.679244995E0,3.426255910E1
4.776367117E1,2.261513138E1,-2.530286407E1,-5.382507324E0,3.436059491E1
4.777366017E1,2.029822540E1,-2.757408142E1,-4.490036011E0,3.453271411E1
4.778364817E1,2.052362061E1,-2.748244095E1,-4.303306580E0,3.456909040E1
4.779363717E1,2.058897018E1,-2.752075195E1,-3.948959351E0,3.459612350E1
4.780362617E1,2.076135445E1,-2.741149521E1,-3.488662720E0,3.456290896E1
4.781361517E1,2.070059013E1,-2.762814713E1,-3.021903992E0,3.465488204E1
4.782360417E1,1.976079178E1,-2.881702042E1,-2.633209229E0,3.504059572E1
4.783359317E1,1.974399948E1,-2.897348404E1,-2.648895264E0,3.516112824E1
4.784358217E1,1.943887901E1,-2.891368103E1,-2.960762024E0,3.496622770E1
4.785357117E1,1.934153748E1,-2.896187210E1,-2.944511414E0,3.495075471E1
4.786355917E1,1.894683647E1,-2.885558701E1,-3.051712036E0,3.465458786E1
4.787354817E1,1.873249054E1,-2.893328857E1,-3.238113403E0,3.461974535E1
4.788353717E1,1.826562500E1,-2.927827454E1,-3.779258728E0,3.471502863E1
4.789352617E1,1.789650536E1,-2.948805618E1,-3.781288147E0,3.470055477E1
4.790351517E1,1.761660767E1,-2.936436462E1,-3.900520325E0,3.446483475E1
4.791350417E1,1.723482513E1,-2.945387650E1,-3.895988464E0,3.434747100E1
4.792349317E1,1.648623276E1,-2.972793198E1,-4.187866211E0,3.425031436E1
4.793348117E1,1.609116745E1,-2.977727890E1,-4.087493896E0,3.409280885E1
4.794347017E1,1.564500523E1,-2.992765427E1,-4.081504822E0,3.401601623E1
4.795345917E1,1.539957333E1,-2.991742325E1,-4.171745300E0,3.390578905E1
4.796344817E1,1.440051174E1,-3.025655746E1,-4.555213928E0,3.381691858E1
4.797343717E1,1.413346195E1,-3.045521545E1,-4.562316895E0,3.388347135E1
4.798342617E1,1.371555710E1,-3.036656189E1,-4.479682922E0,3.362011521E1
4.799341517E1,1.342052078E1,-3.063381195E1,-4.419944763E0,3.373539276E1
4.800340417E1,1.260440636E1,-3.089372444E1,-4.675880432E0,3.369209295E1
4.801339217E1,1.203653717E1,-3.090133476E1,-4.932929993E0,3.352766791E1
4.802338117E1,1.181634140E1,-3.106928062E1,-5.004875183E0,3.361509926E1
4.803337017E1,1.136319542E1,-3.119607735E1,-5.090934753E0,3.358921060E1
4.804335917E1,1.050337696E1,-3.150391006E1,-5.477554321E0,3.365740451E1
4.805334817E1,1.018380642E1,-3.148080063E1,-5.509407043E0,3.354257425E1
4.806333717E1,9.706602097E0,-3.155454254E1,-5.568466187E0,3.348007012E1
4.807332617E1,9.150912285E0,-3.159315872E1,-5.654174805E0,3.337419012E1
4.808331517E1,8.474228859E0,-3.234938049E1,-6.227958679E0,3.401591455E1
4.809330317E1,8.178810120E0,-3.226813126E1,-6.355766296E0,3.388983616E1
4.810329217E1,7.938020706E0,-3.244322968E1,-6.638267517E0,3.405351553E1
4.811328117E1,7.928916931E0,-3.235012054E1,-6.441665649E0,3.392481510E1
4.812327017E1,7.606924057E0,-3.209549713E1,-6.801841736E0,3.367864725E1
4.813325917E1,7.665790558E0,-3.215290833E1,-6.557441711E0,3.369827741E1
4.814324817E1,7.417276382E0,-3.205005646E1,-6.989151001E0,3.363138920E1
4.815323717E1,7.483608246E0,-3.213352203E1,-6.957191467E0,3.371898788E1
4.816322517E1,7.583658218E0,-3.206565094E1,-6.999237061E0,3.368541467E1
4.817321417E1,7.688097000E0,-3.198530197E1,-7.192680359E0,3.367344693E1
4.818320317E1,7.851062775E0,-3.205861282E1,-7.288421631E0,3.380110845E1
4.819319217E1,7.705026627E0,-3.210190964E1,-7.192413330E0,3.378802816E1
4.820318117E1,7.579956055E0,-3.218446350E1,-7.456848145E0,3.389542755E1
4.821317017E1,7.849704742E0,-3.231416321E1,-7.311775208E0,3.404827551E1
4.822315917E1,7.956954956E0,-3.237957001E1,-7.502342224E0,3.417652447E1
4.823314717E1,8.393730164E0,-3.238178253E1,-7.404167175E0,3.426158545E1
4.824313617E1,8.409786224E0,-3.222393036E1,-7.513549805E0,3.414029324E1
4.825312517E1,8.823727608E0,-3.233082581E1,-7.556167603E0,3.435456498E1
4.826311417E1,8.823727608E0,-3.233082581E1,-7.556167603E0,3.435456498E1
4.827310317E1,8.953350067E0,-3.218444824E1,-7.644020081E0,3.426999021E1
4.828309217E1,9.286190987E0,-3.283612823E1,-7.201629639E0,3.487560938E1
4.829308117E1,9.784601212E0,-3.285572433E1,-7.252700806E0,3.504052955E1
4.830307017E1,1.019480133E1,-3.277164841E1,-7.205513000E0,3.506899387E1
4.831305817E1,1.075554466E1,-3.279741669E1,-7.165733337E0,3.525195054E1
4.832304717E1,1.125343323E1,-3.325050354E1,-7.008056641E0,3.579592998E1
4.833303617E1,1.172915173E1,-3.326670074E1,-7.090492249E0,3.597945885E1
4.834302517E1,1.241311836E1,-3.319768524E1,-6.979965210E0,3.612328511E1
4.835301417E1,1.309619617E1,-3.312844086E1,-6.862663269E0,3.627809387E1
4.836300317E1,1.339595985E1,-3.399465942E1,-6.666954041E0,3.714211741E1
4.837299217E1,1.406588078E1,-3.401988983E1,-6.698310852E0,3.741749957E1
4.838298017E1,1.475070190E1,-3.403852081E1,-6.705741882E0,3.769842278E1
4.839296917E1,1.533100700E1,-3.398062897E1,-6.728042603E0,3.788125497E1
4.840295817E1,1.610571671E1,-3.379478455E1,-6.508247375E0,3.799787964E1
4.841294717E1,1.637034988E1,-3.362191772E1,-6.619079590E0,3.797675501E1
4.842293617E1,1.698856926E1,-3.383348465E1,-6.477012634E0,3.840921584E1
4.843292517E1,1.737791061E1,-3.387147141E1,-6.775459290E0,3.866749541E1
4.844291417E1,1.800709915E1,-3.372851181E1,-7.084373474E0,3.888517039E1
4.845290317E1,1.845217514E1,-3.342080688E1,-7.282196045E0,3.886468165E1
4.846289117E1,1.864698410E1,-3.364532089E1,-7.464096069E0,3.918456793E1
4.847288017E1,1.916144371E1,-3.327083588E1,-7.908882141E0,3.920025334E1
4.848286917E1,1.981344223E1,-3.328196716E1,-7.960289001E0,3.954273678E1
4.849285817E1,2.054244423E1,-3.292113495E1,-8.480094910E0,3.972033674E1
4.850284717E1,2.123436546E1,-3.266849899E1,-8.934806824E0,3.997449032E1
4.851283617E1,2.193367004E1,-3.243432236E1,-9.106788635E0,4.019956154E1
4.852282517E1,2.267748260E1,-3.234857941E1,-9.131423950E0,4.054727747E1
4.853281317E1,2.316673660E1,-3.216489410E1,-9.301216125E0,4.071597621E1
4.854280217E1,2.390217400E1,-3.171887207E1,-9.538841248E0,4.084593321E1
4.855279117E1,2.460137177E1,-3.139191818E1,-9.532402039E0,4.100666664E1
4.856278017E1,2.532188797E1,-3.103818130E1,-9.722808838E0,4.122013732E1
4.857276983E1,2.589909744E1,-3.074487305E1,-9.729049683E0,4.136018466E1
4.858275883E1,2.664520073E1,-3.034230232E1,-9.833274841E0,4.156098322E1
4.859274783E1,2.726833916E1,-3.013070488E1,-9.955673218E0,4.183942072E1
4.860273583E1,2.796982193E1,-2.983347511E1,-9.689155579E0,4.202650249E1
4.861272483E1,2.823946381E1,-2.944516182E1,-9.485549927E0,4.188628090E1
4.862271383E1,2.854459763E1,-2.983287239E1,-9.326332092E0,4.232936096E1
4.863270283E1,2.904398727E1,-2.990919304E1,-9.141761780E0,4.268120000E1
4.864269183E1,2.947981453E1,-2.930547142E1,-8.960624695E0,4.252249892E1
4.865268083E1,2.993961906E1,-2.910808372E1,-8.860626221E0,4.268690695E1
4.866266983E1,3.038770294E1,-2.860244942E1,-9.101829529E0,4.271247948E1
4.867265883E1,3.095477486E1,-2.849376678E1,-8.858619690E0,4.299497616E1
4.868264683E1,3.149463272E1,-2.807634354E1,-9.056289673E0,4.315332362E1
4.869263583E1,3.193622398E1,-2.792250824E1,-9.257774353E0,4.341998681E1
4.870262483E1,3.235348129E1,-2.747158051E1,-9.383888245E0,4.346829702E1
4.871261383E1,3.242240143E1,-2.780938530E1,-9.430252075E0,4.374361301E1
4.872260283E1,3.262979126E1,-2.746424294E1,-9.676994324E0,4.373364994E1
4.873259183E1,3.303930283E1,-2.733314323E1,-9.791809082E0,4.398381265E1
4.874258083E1,3.327677155E1,-2.709967232E1,-9.884025574E0,4.403895691E1
4.875256883E1,3.350119781E1,-2.694344139E1,-9.780303955E0,4.409006276E1
4.876255783E1,3.362648773E1,-2.663885689E1,-9.840354919E0,4.401365650E1
4.877254683E1,3.356441116E1,-2.657323456E1,-9.585227966E0,4.387007051E1
4.878253583E1,3.385214233E1,-2.643546295E1,-9.724273682E0,4.403819638E1
4.879252483E1,3.417943573E1,-2.628582764E1,-9.500152588E0,4.415236642E1
4.880251383E1,3.431983185E1,-2.619214249E1,-9.370025635E0,4.417778363E1
4.881250283E1,3.447461319E1,-2.625358963E1,-9.109344482E0,4.428013189E1
4.882249183E1,3.454067230E1,-2.607295609E1,-8.650169373E0,4.413255615E1
4.883247983E1,3.456158447E1,-2.613247681E1,-8.726264954E0,4.419906295E1
4.884246883E1,3.474127197E1,-2.602622986E1,-8.636711121E0,4.425961362E1
4.885245783E1,3.498432541E1,-2.604033279E1,-8.144203186E0,4.436586528E1
4.886244683E1,3.505857468E1,-2.583942032E1,-7.975135803E0,4.427620232E1
4.887243583E1,3.505551910E1,-2.584598923E1,-7.814010620E0,4.424887954E1
4.888242483E1,3.526327133E1,-2.570860672E1,-7.762718201E0,4.432483004E1
4.889241383E1,3.537856293E1,-2.578488922E1,-7.493682861E0,4.441462045E1
4.890240183E1,3.531071854E1,-2.586658096E1,-7.384040833E0,4.438976136E1
4.891239083E1,3.526789474E1,-2.626067924E1,-6.932617188E0,4.451414219E1
4.892237983E1,3.501880646E1,-2.613812065E1,-6.860794067E0,4.423334322E1
4.893236883E1,3.493717957E1,-2.635371590E1,-6.383399963E0,4.422524904E1
4.894235783E1,3.490224838E1,-2.649732780E1,-6.238784790E0,4.426282592E1
4.895234683E1,3.496183777E1,-2.662450409E1,-6.017959595E0,4.435549747E1
4.896233583E1,3.487568283E1,-2.650325775E1,-6.268074036E0,4.424957261E1
4.897232383E1,3.508397675E1,-2.653559875E1,-6.011230469E0,4.439772874E1
4.898231283E1,3.507045364E1,-2.613383865E1,-5.969665527E0,4.414239627E1
4.899230183E1,3.516577530E1,-2.620276260E1,-5.571510315E0,4.420699320E1
4.900229083E1,3.529878998E1,-2.620052338E1,-5.467796326E0,4.429863199E1
4.901227983E1,3.542839432E1,-2.646201324E1,-5.280754089E0,4.453420744E1
4.902226883E1,3.530904388E1,-2.667082214E1,-5.175926208E0,4.455167276E1
4.903225783E1,3.479630280E1,-2.681190109E1,-4.906616211E0,4.420108156E1
4.904224683E1,3.437452698E1,-2.680056763E1,-4.718666077E0,4.384226659E1
4.905223483E1,3.403854370E1,-2.711506271E1,-4.676216125E0,4.376889398E1
4.906222383E1,3.381945038E1,-2.731882858E1,-4.696830750E0,4.372795259E1
4.907221283E1,3.354566574E1,-2.771077728E1,-4.318939209E0,4.372473103E1
4.908220183E1,3.337457657E1,-2.807411575E1,-4.380218506E0,4.383154858E1
4.909219083E1,3.301701355E1,-2.822237778E1,-4.376907349E0,4.365527584E1
4.910217983E1,3.301701355E1,-2.822237778E1,-4.376907349E0,4.365527584E1
4.911216883E1,3.255465317E1,-2.855285645E1,-4.111961365E0,4.349688817E1
4.912215683E1,3.250687790E1,-2.888798904E1,-3.875350952E0,4.366040960E1
4.913214583E1,3.229823303E1,-2.909915543E1,-3.816307068E0,4.364058780E1
4.914213483E1,3.215169525E1,-2.939886093E1,-3.856460571E0,4.373667591E1
4.915212383E1,3.189073563E1,-2.951782799E1,-3.746292114E0,4.361600500E1
4.916211283E1,3.161990356E1,-2.955004311E1,-3.639472961E0,4.343119976E1
4.917210183E1,3.131409836E1,-2.961379433E1,-3.411819458E0,4.323413099E1
4.918209083E1,3.117221069E1,-2.994894981E1,-3.564254761E0,4.337453431E1
4.919207883E1,3.102917480E1,-3.005578613E1,-3.658813477E0,4.335374131E1
4.920206783E1,3.079177666E1,-3.016904068E1,-3.566719055E0,4.325535817E1
4.921205683E1,3.057911491E1,-3.035051727E1,-3.783836365E0,4.324989694E1
4.922204583E1,3.050110245E1,-3.053157806E1,-3.635086060E0,4.330944886E1
4.923203483E1,3.017650414E1,-3.079118729E1,-3.674606323E0,4.326917318E1
4.924202383E1,2.995015717E1,-3.103585434E1,-3.448280334E0,4.326808068E1
4.925201283E1,2.976463318E1,-3.117111588E1,-3.477798462E0,4.323964541E1
4.926200183E1,2.972179794E1,-3.129888535E1,-3.362014771E0,4.329328632E1
4.927198983E1,2.951886177E1,-3.162958908E1,-3.310714722E0,4.339072410E1
4.928197883E1,2.945462036E1,-3.178303909E1,-3.091720581E0,4.344300831E1
4.929196783E1,2.945341873E1,-3.199736214E1,-3.128517151E0,4.360186554E1
4.930195683E1,2.926584625E1,-3.196228600E1,-2.992485046E0,4.343998676E1
4.931194583E1,2.893270493E1,-3.222887421E1,-2.929512024E0,4.340948960E1
4.932193483E1,2.881484604E1,-3.225841522E1,-2.859024048E0,4.334829551E1
4.933192383E1,2.860113525E1,-3.252799225E1,-2.775939941E0,4.340277710E1
4.934191183E1,2.845647430E1,-3.265803528E1,-2.694923401E0,4.340023975E1
4.935190083E1,2.824386024E1,-3.284313965E1,-2.486083984E0,4.338857081E1
4.936188983E1,2.796635056E1,-3.297578430E1,-2.374771118E0,4.330310210E1
4.937187883E1,2.758997345E1,-3.338582611E1,-2.374641418E0,4.337578751E1
4.938186783E1,2.739236069E1,-3.347033691E1,-2.157104492E0,4.330424895E1
4.939185683E1,2.734427261E1,-3.386818314E1,-2.275482178E0,4.358831142E1
4.940184583E1,2.726661110E1,-3.383674622E1,-2.023681641E0,4.350274431E1
4.941183383E1,2.697633743E1,-3.399892807E1,-1.700630188E0,4.343434165E1
4.942182283E1,2.702622986E1,-3.391051483E1,-1.139389038E0,4.337785522E1
4.943181183E1,2.680694199E1,-3.431977081E1,-8.050918579E-1,4.355579158E1
4.944180083E1,2.666916847E1,-3.415497589E1,-3.107910156E-1,4.333478414E1
4.945178983E1,2.636696815E1,-3.426474762E1,2.445220947E-2,4.323529273E1
4.946177883E1,2.630506325E1,-3.427332306E1,3.701477051E-1,4.320594907E1
4.947176783E1,2.603233719E1,-3.446281433E1,6.371002197E-1,4.319460670E1
4.948175683E1,2.575312042E1,-3.458113098E1,8.979949951E-1,4.312637507E1
4.949174483E1,2.535106468E1,-3.487633514E1,1.166229248E0,4.313230024E1
4.950173383E1,2.478723335E1,-3.515470886E1,1.435813904E0,4.303861120E1
4.951172283E1,2.424317169E1,-3.548021698E1,1.556884766E0,4.300001233E1
4.952171183E1,2.388108444E1,-3.558528137E1,1.639930725E0,4.288715212E1
4.953170083E1,2.339866829E1,-3.596881866E1,1.604804993E0,4.293982991E1
4.954168983E1,2.301786232E1,-3.609444046E1,1.636871338E0,4.284051780E1
4.955167883E1,2.253453827E1,-3.630380249E1,1.659484863E0,4.276126027E1
4.956166683E1,2.209566498E1,-3.625294113E1,1.549194336E0,4.248404588E1
4.957165583E1,2.161746216E1,-3.659182358E1,1.529624939E0,4.252782590E1
4.958164442E1,2.101613808E1,-3.688128281E1,1.481407166E0,4.247471775E1
4.959163342E1,2.061046219E1,-3.705611801E1,1.394508362E0,4.242513037E1
4.960162242E1,2.050587463E1,-3.716889572E1,1.547264099E0,4.247836779E1
4.961161142E1,2.015762329E1,-3.724742126E1,1.221435547E0,4.236970701E1
4.962160042E1,1.994677162E1,-3.711860275E1,1.309982300E0,4.215898981E1
4.963158842E1,1.966405296E1,-3.726771927E1,1.236213684E0,4.215549908E1
4.964157742E1,1.910774231E1,-3.713671494E1,1.307189941E0,4.178456842E1
4.965156642E1,1.871788025E1,-3.689469528E1,1.151817322E0,4.138724760E1
4.966155542E1,1.839094925E1,-3.641061401E1,1.102142334E0,4.080655027E1
4.967154442E1,1.847967529E1,-3.624799728E1,9.588546753E-1,4.069809711E1
4.968153342E1,1.826312065E1,-3.551070404E1,8.906555176E-2,3.993193722E1
4.969152242E1,1.816843987E1,-3.537567902E1,-1.266326904E-1,3.976866743E1
4.970151042E1,1.832818985E1,-3.513481903E1,-5.037231445E-1,3.963119716E1
4.971149942E1,1.804700661E1,-3.543523407E1,-8.091583252E-1,3.977442644E1
4.972148842E1,1.782032585E1,-3.530197906E1,-1.381355286E0,3.956895098E1
4.973147742E1,1.753602791E1,-3.545927429E1,-1.741928101E0,3.959680191E1
4.974146642E1,1.723687172E1,-3.538414764E1,-1.809844971E0,3.940080190E1
4.975145542E1,1.680749321E1,-3.520812988E1,-1.894302368E0,3.906011545E1
4.976144442E1,1.638369942E1,-3.500402069E1,-2.144729614E0,3.870796993E1
4.977143242E1,1.598495674E1,-3.495315552E1,-2.027435303E0,3.848834131E1
4.978142142E1,1.524465561E1,-3.471166229E1,-3.089286804E0,3.803738578E1
4.979141042E1,1.487477684E1,-3.482640839E1,-3.210311890E0,3.800583915E1
4.980139942E1,1.460918236E1,-3.471256256E1,-3.375511169E0,3.781248847E1
4.981138842E1,1.420284843E1,-3.477465057E1,-3.250083923E0,3.770358433E1
4.982137742E1,1.371094894E1,-3.442761230E1,-3.302001953E0,3.720421786E1
4.983136642E1,1.327863121E1,-3.437661743E1,-3.012840271E0,3.697500614E1
4.984135442E1,1.287788582E1,-3.403446198E1,-2.543846130E0,3.647815371E1
4.985134342E1,1.242502022E1,-3.393237305E1,-2.253128052E0,3.620585110E1
4.986133242E1,1.216494179E1,-3.370928955E1,-2.394386292E0,3.591705857E1
4.987132142E1,1.220335484E1,-3.354870605E1,-2.185226440E0,3.576608396E1
4.988131042E1,1.225937080E1,-3.337511444E1,-2.370750427E0,3.563440604E1
4.989129942E1,1.255833244E1,-3.339878082E1,-2.480926514E0,3.576793635E1
4.990128842E1,1.257604218E1,-3.339887619E1,-1.420143127E0,3.571636283E1
4.991127642E1,1.330713081E1,-3.339094162E1,-1.564155579E0,3.597890070E1
4.992126542E1,1.387225723E1,-3.318232727E1,-1.551452637E0,3.599879677E1
4.993125442E1,1.474104309E1,-3.309460449E1,-1.349121094E0,3.625425941E1
4.994124342E1,1.442122078E1,-3.267070770E1,-2.450637817E0,3.579598268E1
4.995123242E1,1.517665768E1,-3.270213318E1,-2.420944214E0,3.613338378E1
4.996122142E1,1.625425529E1,-3.273563766E1,-2.116409302E0,3.661013489E1
4.997121042E1,1.711017609E1,-3.283176804E1,-1.856719971E0,3.706926661E1
4.998119842E1,1.787446404E1,-3.294458008E1,-2.814056396E0,3.758670955E1
4.999118742E1,1.881731033E1,-3.350242615E1,-2.331909180E0,3.849599364E1
5.000117642E1,1.930418015E1,-3.450324249E1,-1.843322754E0,3.957932481E1
5.001116542E1,1.956844521E1,-3.525397491E1,-1.245910645E0,4.034004324E1
5.002115442E1,2.200659943E1,-3.593273163E1,-1.755996704E0,4.217268245E1
5.003114342E1,2.199371910E1,-3.666114807E1,-1.003456116E0,4.276412494E1
5.004113242E1,2.229961967E1,-3.733492279E1,7.837677002E-2,4.348764928E1
5.005112042E1,2.197417641E1,-3.769718933E1,1.168373108E0,4.364982941E1
5.006110942E1,2.607776070E1,-3.853273773E1,1.052406311E0,4.653954275E1
5.007109842E1,2.646251869E1,-3.916177750E1,1.897056580E0,4.730231005E1
5.008108742E1,2.713065147E1,-3.996596527E1,2.972953796E0,4.839616807E1
5.009107642E1,2.806778908E1,-4.107385635E1,3.561950684E0,4.987534413E1
5.010106542E1,3.264483261E1,-4.214219666E1,2.607048035E0,5.337083974E1
5.011105442E1,3.362340927E1,-4.469472504E1,3.109909058E0,5.601628006E1
5.012104242E1,3.653881073E1,-4.749214172E1,4.369789124E0,6.008063974E1
5.013103142E1,3.914061737E1,-5.314704895E1,5.718780518E0,6.625180142E1
5.014102042E1,3.030561066E1,-5.769018555E1,5.117568970E0,6.536648268E1
5.015100942E1,2.039077377E1,-5.655542755E1,3.493911743E0,6.022049037E1
5.016099842E1,2.118136215E1,-5.516007233E1,4.700881958E0,5.927378824E1
5.017098742E1,1.866650391E1,-5.346023560E1,1.722450256E0,5.665158420E1
5.018097642E1,1.153736496E1,-4.989189148E1,-2.628387451E0,5.127592073E1
5.019096442E1,1.016160011E1,-4.352302551E1,-5.594352722E0,4.504229844E1
5.020095342E1,1.456855011E1,-3.939347076E1,-6.293907166E0,4.247000658E1
5.021094242E1,1.380448723E1,-3.797007751E1,-7.514778137E0,4.109455614E1
5.022093142E1,1.140591431E1,-3.370665741E1,-8.381538391E0,3.655795154E1
5.023092042E1,1.632283401E1,-2.887744713E1,-6.747810364E0,3.385077263E1
5.024090942E1,-1.153012657E1,-2.558615875E1,-1.528175354E0,2.810570509E1
5.025089842E1,-1.029997730E1,-2.575761795E1,-6.984252930E-1,2.774945428E1
5.026088642E1,-6.820938110E0,-2.452658081E1,6.791992188E-1,2.546644213E1
5.027087542E1,8.605580330E-1,-2.570668030E1,2.950210571E0,2.588972218E1
5.028086442E1,4.731624603E0,-3.018006897E1,4.144073486E0,3.082852866E1
5.029085342E1,1.935768843E0,-3.444665527E1,3.490417480E0,3.467711457E1
5.030084242E1,-2.323932648E-1,-3.555404282E1,3.306312561E0,3.570820172E1
5.031083142E1,7.357692719E-1,-3.613229370E1,4.001007080E0,3.636058391E1
5.032082042E1,1.045277119E0,-3.767914963E1,4.647972107E0,3.797913329E1
5.033080842E1,-1.272442102E0,-3.874766922E1,3.969299316E0,3.897122420E1
5.034079742E1,1.294851303E-1,-3.932077408E1,4.335037231E0,3.955922886E1
5.035078642E1,2.561350822E0,-4.265650940E1,5.518890381E0,4.308824043E1
5.036077542E1,-2.548061371E0,-4.705707550E1,4.297187805E0,4.732152570E1
5.037076442E1,-1.026032162E1,-4.674674225E1,2.644187927E0,4.793249253E1
5.038075342E1,-1.076057529E1,-4.399522400E1,3.822677612E0,4.545308108E1
5.039074242E1,-1.123136997E1,-4.357341385E1,4.344215393E0,4.520683879E1
5.040073042E1,-1.214606380E1,-4.240322113E1,4.366569519E0,4.432411260E1
5.041071942E1,-8.926627159E0,-4.319649887E1,5.592895508E0,4.446237361E1
5.042070842E1,-1.212267208E1,-4.636278534E1,4.110168457E0,4.809740666E1
5.043069742E1,-1.928656006E1,-4.541445923E1,1.494285583E0,4.936271260E1
5.044068642E1,-2.058893585E1,-4.181285477E1,1.645393372E0,4.663610643E1
5.045067542E1,-5.709842682E0,-2.516425476E2,-6.505889893E-1,2.517081591E2
5.046066442E1,-6.593950272E0,-2.460525208E2,1.235877991E0,2.461439630E2
5.047065242E1,-1.728672028E0,-2.432542419E2,5.131927490E0,2.433145109E2
5.048064142E1,-1.154108047E0,-2.429363403E2,6.526405334E0,2.430267298E2
5.049063042E1,1.027118683E0,-2.417169495E2,7.806373596E0,2.418451531E2
5.050061942E1,3.218574524E0,-2.425915985E2,8.622146606E0,2.427661103E2
5.051060842E1,-8.292007446E-2,-2.414863434E2,7.993415833E0,2.416186160E2
5.052059742E1,3.703935623E0,-2.382472534E2,1.102514648E1,2.385309765E2
5.053058642E1,6.572523117E0,-2.389525299E2,1.289862823E1,2.393906519E2
5.054057442E1,8.821357727E0,-2.391619110E2,1.557123566E1,2.398305640E2
5.055056342E1,1.531507683E1,-2.423577423E2,1.938566589E1,2.436136919E2
5.056055242E1,1.437548161E1,-2.480256653E2,1.886633301E1,2.491572267E2
5.057054142E1,4.805642319E1,1.312959671E1,1.639653778E1,5.244666406E1
5.058052992E1,4.748783493E1,9.535701752E0,1.479400635E1,5.064471047E1
5.059051892E1,4.112876129E1,7.979518890E0,1.084167480E1,4.327573962E1
5.060050792E1,4.058923340E1,1.021720123E1,9.910255432E0,4.301267524E1
5.061049592E1,4.091406250E1,1.009523010E1,8.385635376E0,4.296734879E1
5.062048492E1,3.806062317E1,1.054102707E1,5.961212158E0,3.994071029E1
5.063047392E1,3.910315323E1,1.236809540E1,5.431449890E0,4.137060580E1
5.064046292E1,3.752405548E1,1.367084885E1,3.059921265E0,4.005383834E1
5.065045192E1,3.922573090E1,1.707487106E1,3.177780151E0,4.289880503E1
5.066044092E1,4.514625549E1,1.777321243E1,4.186637878E0,4.869906983E1
5.067042992E1,4.446561050E1,1.421154022E1,2.741462708E0,4.676188630E1
5.068041792E1,4.391267014E1,1.352179718E1,1.493118286E0,4.597163255E1
5.069040692E1,3.764386749E1,-9.602087402E1,-1.363999939E1,1.040342184E2
5.070039592E1,3.578528976E1,-9.538668823E1,-1.343960571E1,1.027610347E2
5.071038492E1,3.798651886E1,-9.307591248E1,-1.183873749E1,1.012237956E2
5.072037392E1,4.055569458E1,-9.357020569E1,-9.925155640E0,1.024629517E2
5.073036292E1,4.080457306E1,-9.680163574E1,-7.671226501E0,1.053300412E2
5.074035092E1,4.152326202E1,-9.896240234E1,-7.157997131E0,1.075591711E2
5.075033992E1,4.087037659E1,-1.021566925E2,-7.676322937E0,1.102964344E2
5.076032892E1,3.774326706E1,-1.060349503E2,-8.972389221E0,1.129091168E2
5.077031792E1,3.422047806E1,-1.077074127E2,-1.108135986E1,1.135549400E2
5.078030692E1,3.422047806E1,-1.077074127E2,-1.108135986E1,1.135549400E2
5.079029592E1,3.132536316E1,-1.071900406E2,-1.405046082E1,1.125539809E2
5.080028492E1,2.808515358E1,-1.063295212E2,-1.596578979E1,1.111289763E2
5.081027292E1,1.255362854E2,-1.679898529E2,-8.186911011E1,2.251277433E2
5.082026192E1,1.236540756E2,-1.668632202E2,-8.218066406E1,2.233547094E2
5.083025092E1,1.223480225E2,-1.654431305E2,-8.250542450E1,2.216926095E2
5.084023992E1,1.216603699E2,-1.640124359E2,-8.270450592E1,2.203210386E2
5.085022892E1,1.214405670E2,-1.627800751E2,-8.277667999E1,2.193106083E2
5.086021792E1,1.212136993E2,-1.617124634E2,-8.298748779E1,2.184733504E2
5.087020692E1,1.212730942E2,-1.608061829E2,-8.289500427E1,2.178012249E2
5.088019492E1,1.214689178E2,-1.603528137E2,-8.289569092E1,2.175762359E2
5.089018392E1,1.216284256E2,-1.597257538E2,-8.285679626E1,2.171889477E2
5.090017292E1,1.216960449E2,-1.592492523E2,-8.266358185E1,2.168029508E2
5.091016192E1,1.217195053E2,-1.587068481E2,-8.266306305E1,2.164178450E2
5.092015092E1,1.219009476E2,-1.582418518E2,-8.228495026E1,2.160350382E2
5.093013992E1,1.218430786E2,-1.575872345E2,-8.215512848E1,2.154737511E2
5.094012892E1,1.219131012E2,-1.569090271E2,-8.197451019E1,2.149489878E2
5.095011692E1,6.090786743E1,-1.747682800E2,-7.630722046E0,1.852348454E2
5.096010592E1,6.110198975E1,-1.742310181E2,-7.328910828E0,1.847799062E2
5.097009492E1,6.122282410E1,-1.737725830E2,-7.257293701E0,1.843849590E2
5.098008392E1,6.139289093E1,-1.734771729E2,-7.023445129E0,1.841541347E2
5.099007292E1,6.146405029E1,-1.728827820E2,-6.639564514E0,1.836038387E2
5.100006192E1,6.156568146E1,-1.725251465E2,-6.451271057E0,1.832945122E2
5.101004992E1,6.160710907E1,-1.722305603E2,-6.107208252E0,1.830193973E2
5.102003892E1,6.165924454E1,-1.717428284E2,-5.635383606E0,1.825629181E2
5.103002792E1,6.185033417E1,-1.716319275E2,-5.381141663E0,1.825155858E2
5.104001692E1,6.200498962E1,-1.714832764E2,-5.027099609E0,1.824182133E2
5.105000592E1,6.198984528E1,-1.712060242E2,-4.921669006E0,1.821495717E2
5.105999492E1,6.206999969E1,-1.713631439E2,-4.798492432E0,1.823212480E2
5.106998392E1,6.195549011E1,-1.714348450E2,-4.885803223E0,1.823520219E2
5.107997192E1,6.190743256E1,-1.718295898E2,-4.680740356E0,1.827015257E2
5.108996092E1,6.197286224E1,-1.726954498E2,-4.809562683E0,1.835415101E2
5.109994992E1,6.217981720E1,-1.737327881E2,-4.519897461E0,1.845801744E2
5.110993892E1,6.227408600E1,-1.749050903E2,-3.976142883E0,1.857031559E2
5.111992792E1,6.240447998E1,-1.764262543E2,-3.138877869E0,1.871640854E2
5.112991692E1,5.549807358E1,-1.776031342E2,1.248986053E1,1.864910348E2
5.113990592E1,5.565517426E1,-1.791504517E2,1.351659393E1,1.880826442E2
5.114989392E1,5.657563019E1,-1.803569031E2,1.438134003E1,1.895685558E2
5.115988292E1,5.797642517E1,-1.809586792E2,1.523796844E1,1.906292347E2
5.116987192E1,5.986315918E1,-1.814872742E2,1.638285065E1,1.918062207E2
5.117986092E1,6.151877213E1,-1.821204987E2,1.745343018E1,1.930208734E2
5.118984992E1,6.278372192E1,-1.822062378E2,1.834237671E1,1.935906806E2
5.119983892E1,6.423675537E1,-1.813796387E2,1.865048981E1,1.933203943E2
5.120982792E1,6.565433502E1,-1.804391479E2,1.854042816E1,1.929054828E2
5.121981592E1,6.560708618E1,-1.863519592E2,7.625938416E0,1.977106406E2
5.122980492E1,6.568827057E1,-1.861970520E2,7.730773926E0,1.975956880E2
5.123979392E1,6.537834930E1,-1.857000427E2,7.601814270E0,1.970193442E2
5.124978292E1,6.527231598E1,-1.852438812E2,7.222961426E0,1.965399245E2
5.125977192E1,6.535755157E1,-1.855662231E2,7.592231750E0,1.968859434E2
5.126976092E1,6.533322906E1,-1.868245087E2,8.675926208E0,1.981088074E2
5.127974892E1,6.551651001E1,-1.878023529E2,9.568267822E0,1.991323394E2
5.128973792E1,6.660661316E1,-1.881135254E2,9.882957458E0,1.998019324E2
5.129972692E1,6.846218109E1,-1.879210205E2,1.064224243E1,2.002863887E2
5.130971592E1,7.018002319E1,-1.878311615E2,1.127190399E1,2.008303680E2
5.131970492E1,7.157678223E1,-1.866511078E2,1.140458679E1,2.002297091E2
5.132969392E1,7.262339783E1,-1.849419556E2,1.043128967E1,1.989635561E2
5.133968292E1,7.362724304E1,-1.828752594E2,9.594352722E0,1.973737141E2
5.134967092E1,7.425724792E1,-1.809650574E2,8.599929810E0,1.957969603E2
5.135965992E1,7.424011993E1,-1.794453125E2,7.850730896E0,1.943549576E2
5.136964892E1,7.311360931E1,-1.785755920E2,7.096923828E0,1.930937810E2
5.137963792E1,7.180970764E1,-1.776898193E2,6.329597473E0,1.917560164E2
5.138962692E1,7.008224487E1,-1.768364868E2,5.367141724E0,1.902931169E2
5.139961592E1,9.790096283E1,-1.581206207E2,3.463839722E1,1.891733274E2
5.140960392E1,9.643384552E1,-1.589685669E2,3.496907806E1,1.891912478E2
5.141959292E1,9.522595978E1,-1.604663239E2,3.556477356E1,1.899533564E2
5.142958192E1,9.462821960E1,-1.615447083E2,3.609494781E1,1.906673490E2
5.143957092E1,9.535549927E1,-1.614418945E2,3.647717285E1,1.910150274E2
5.144955992E1,9.636402130E1,-1.618014526E2,3.719970703E1,1.919623736E2
5.145954892E1,9.692875671E1,-1.623015594E2,3.837393188E1,1.928977416E2
5.146953792E1,9.774175262E1,-1.613620605E2,3.866638947E1,1.925779179E2
5.147952592E1,9.931558990E1,-1.591857300E2,3.857878876E1,1.915515752E2
5.148951492E1,9.897402954E1,-1.584146729E2,3.874565125E1,1.907676403E2
5.149950392E1,9.818024445E1,-1.573160858E2,3.829395294E1,1.893518896E2
5.150949292E1,9.781793976E1,-1.561954956E2,3.740348053E1,1.880542543E2
5.151948192E1,9.670874786E1,-1.567319031E2,3.711719513E1,1.878700549E2
5.152947092E1,9.611513519E1,-1.567326050E2,3.625302887E1,1.873966669E2
5.153945992E1,9.635213470E1,-1.566267090E2,3.546693420E1,1.872793722E2
5.154944792E1,9.530239868E1,-1.579681396E2,3.492981720E1,1.877673360E2
5.155943692E1,6.841830444E1,-1.074336929E2,3.535292816E1,1.321850683E2
5.156942592E1,6.830506897E1,-1.075735550E2,3.452443695E1,1.320211685E2
5.157941579E1,6.733683014E1,-1.068816376E2,3.281677246E1,1.305177141E2
5.158940479E1,6.591006470E1,-1.074658508E2,3.154481506E1,1.299543038E2
5.159939379E1,6.299861526E1,-1.099981842E2,3.172117615E1,1.306700389E2
5.160938179E1,6.269770050E1,-1.112906342E2,3.194815063E1,1.316711480E2
5.161937079E1,6.269770050E1,-1.112906342E2,3.194815063E1,1.316711480E2
5.162935979E1,6.292497635E1,-1.125397491E2,3.326295471E1,1.331584468E2
5.163934879E1,2.712928581E1,-7.618296814E1,2.747577667E1,8.540937353E1
5.164933779E1,2.834049988E1,-7.626261902E1,2.821368408E1,8.611145663E1
5.165932679E1,2.726549149E1,-7.854314423E1,2.916779327E1,8.810898192E1
5.166931579E1,2.727345467E1,-8.111243439E1,2.948767853E1,9.051293569E1
5.167930379E1,2.893284607E1,-8.474536896E1,3.120981598E1,9.483111175E1
5.168929279E1,3.075701523E1,-8.829077148E1,3.263265228E1,9.902597796E1
5.169928179E1,3.827501297E1,-8.842791748E1,3.457794952E1,1.023723977E2
5.170927079E1,4.278655243E1,-8.613510895E1,3.471424866E1,1.022498172E2
5.171925979E1,1.712302780E1,-1.361903076E2,5.500077057E1,1.478718456E2
5.172924879E1,1.925791931E1,-1.341503601E2,5.471533203E1,1.461538714E2
5.173923679E1,1.916860962E1,-1.325758514E2,5.362094879E1,1.442879001E2
5.174922579E1,2.342864418E1,-1.286720886E2,5.333661652E1,1.412451855E2
5.175921479E1,2.187163925E1,-1.239589157E2,5.062451935E1,1.356724856E2
5.176920379E1,1.853117752E1,-1.218471527E2,4.684902191E1,1.318520535E2
5.177919279E1,1.954623108E2,-1.030159912E2,2.267945099E1,2.221084575E2
5.178918179E1,1.896165314E2,-1.040916595E2,1.900666809E1,2.171422483E2
5.179917079E1,1.888332520E2,-1.061275330E2,1.889539337E1,2.174352460E2
5.180915879E1,1.844224701E2,-1.080673981E2,1.786782837E1,2.144981802E2
5.181914779E1,1.798471069E2,-1.149956055E2,1.882731628E1,2.142975478E2
5.182913679E1,1.824914551E2,-1.218711243E2,2.402362061E1,2.207551505E2
5.183912579E1,-7.312396240E1,7.493752289E1,9.008850098E1,1.381256103E2
5.184911479E1,-6.224263763E1,7.230149078E1,9.484240723E1,1.345241009E2
5.185910379E1,-5.460327148E1,7.634516144E1,9.692748260E1,1.349260457E2
5.186909179E1,-5.348109818E1,7.872738647E1,9.589295959E1,1.351062136E2
5.187908079E1,3.988780975E-1,-4.986868286E1,5.630348969E1,7.521387894E1
5.188906979E1,1.479539871E-1,-4.671557617E1,5.542840576E1,7.248913789E1
5.189905879E1,1.626029968E0,-4.407712555E1,5.671303558E1,7.184570534E1
5.190904779E1,5.747814178E-1,-3.994474030E1,5.620674896E1,6.895731491E1
5.191903679E1,1.730453644E2,5.369235992E0,4.437837982E1,1.787259562E2
5.192902579E1,1.719986877E2,3.980529785E0,4.349430084E1,1.774574524E2
5.193901379E1,1.739210205E2,3.394893646E0,4.370200348E1,1.793597273E2
5.194900279E1,1.747381744E2,3.605384827E0,4.241599274E1,1.798486721E2
5.195899179E1,1.230045776E2,-4.614170837E1,2.448490143E1,1.336364238E2
5.196898079E1,1.256469116E2,-4.333623123E1,2.431969452E1,1.351170710E2
5.197896979E1,1.256569901E2,-3.977129364E1,2.325398254E1,1.338364026E2
5.198895879E1,1.231821747E2,-3.680065536E1,2.165348816E1,1.303725813E2
5.199894679E1,1.198839188E2,-3.493268204E1,2.066253662E1,1.265677158E2
5.200893579E1,1.168038025E2,-3.427501297E1,2.001725769E1,1.233636713E2
5.201892479E1,1.139678268E2,-3.420430756E1,1.980944061E1,1.206275845E2
5.202891379E1,1.116495132E2,-3.486334229E1,1.931755066E1,1.185505555E2
5.203890279E1,1.099718552E2,-3.589271927E1,1.913360596E1,1.172526806E2
5.204889179E1,1.230155258E2,3.550690079E1,-3.323971939E1,1.322816637E2
5.205888079E1,1.221018982E2,3.436898804E1,-3.342332840E1,1.311762927E2
5.206886879E1,1.214232712E2,3.329853821E1,-3.384419632E1,1.303757380E2
5.207885779E1,1.210169525E2,3.263385773E1,-3.425509262E1,1.299364569E2
5.208884679E1,1.208809814E2,3.197914886E1,-3.455804062E1,1.297271591E2
5.209883579E1,1.206123199E2,3.142687607E1,-3.519095230E1,1.295120975E2
5.210882479E1,1.203883743E2,3.111386871E1,-3.543151474E1,1.292935642E2
5.211881379E1,1.202551575E2,3.082915878E1,-3.541099167E1,1.290956167E2
5.212880279E1,4.398356628E1,3.002340317E1,-2.294432831E1,5.798621424E1
5.213879079E1,4.412081909E1,2.978572083E1,-2.307137299E1,5.801830826E1
5.214877979E1,4.441138458E1,2.940879059E1,-2.332769775E1,5.815006042E1
5.215876879E1,4.481163025E1,2.902192307E1,-2.350061798E1,5.833209468E1
5.216875779E1,4.519820404E1,2.899193954E1,-2.380068207E1,5.873570187E1
5.217874679E1,4.569367981E1,2.883441544E1,-2.392205048E1,5.908976550E1
5.218873579E1,2.949491692E1,1.732669067E1,-2.313215637E1,4.129480587E1
5.219872379E1,3.006244659E1,1.725408936E1,-2.316199493E1,4.168851525E1
5.220871279E1,3.062349701E1,1.711383057E1,-2.340242004E1,4.217054695E1
5.221870179E1,3.141416550E1,1.732036209E1,-2.329283142E1,4.277149439E1
5.222869079E1,3.166814613E1,1.723498535E1,-2.349408722E1,4.303357217E1
5.223867979E1,3.218754959E1,1.738639069E1,-2.354353333E1,4.350428589E1
5.224866879E1,2.918315506E1,2.007640839E0,-1.988164520E1,3.536901153E1
5.225865779E1,2.971513176E1,2.101558685E0,-1.994971466E1,3.585242976E1
5.226864579E1,2.999342346E1,2.571228027E0,-2.002354431E1,3.615465380E1
5.227863479E1,3.029220390E1,2.838794708E0,-2.015380859E1,3.649455266E1
5.228862379E1,3.059821129E1,2.883182526E0,-1.998930359E1,3.666245400E1
5.229861279E1,3.101949692E1,3.113830566E0,-2.012033844E1,3.710435485E1
5.230860179E1,3.193025398E1,-3.957344055E0,-2.096669006E1,3.840317413E1
5.231859079E1,3.231651306E1,-3.696517944E0,-2.102346039E1,3.872992574E1
5.232857879E1,3.266672897E1,-3.676483154E0,-2.131388855E1,3.917797283E1
5.233856779E1,3.302430725E1,-3.424755096E0,-2.138824463E1,3.949418723E1
5.234855679E1,3.317031860E1,-3.230251312E0,-2.158548737E1,3.970689895E1
5.235854579E1,3.344057465E1,-2.966167450E0,-2.173108673E1,3.999137798E1
5.236853479E1,3.237293625E1,-8.500038147E0,-2.203443146E1,4.007210775E1
5.237852379E1,3.253171158E1,-8.324890137E0,-2.240039825E1,4.036575152E1
5.238851279E1,3.252438354E1,-8.154102325E0,-2.222733307E1,4.022908457E1
5.239850079E1,3.287760162E1,-7.749286652E0,-2.222734833E1,4.043566675E1
5.240848979E1,3.300414276E1,-7.472328186E0,-2.234494019E1,4.055126977E1
5.241847879E1,3.335847092E1,-7.127109528E0,-2.248468781E1,4.085516440E1
5.242846779E1,3.300292969E1,-9.560920715E0,-2.315693665E1,4.143486802E1
5.243845679E1,3.341408920E1,-9.203998566E0,-2.292282867E1,4.155323118E1
5.244844579E1,3.392011261E1,-9.043903351E0,-2.304352570E1,4.199250295E1
5.245843379E1,3.426341248E1,-8.643547058E0,-2.307712555E1,4.220481091E1
5.246842279E1,3.388457870E1,-1.220224762E1,-2.144295502E1,4.191491191E1
5.247841179E1,3.419316101E1,-1.196248627E1,-2.138161469E1,4.206479269E1
5.248840079E1,3.449750519E1,-1.153404236E1,-2.150841522E1,4.225782676E1
5.249838979E1,3.477917099E1,-1.144732666E1,-2.181186676E1,4.261912193E1
5.250837879E1,3.562053299E1,-1.373548508E1,-1.851747131E1,4.243091638E1
5.251836779E1,3.575799942E1,-1.357571793E1,-1.866873169E1,4.256120514E1
5.252835579E1,3.609025192E1,-1.343979645E1,-1.865817261E1,4.279324500E1
5.253834479E1,3.628573227E1,-1.325677109E1,-1.896027374E1,4.303357208E1
5.254833379E1,3.655497360E1,-1.306551361E1,-1.898062897E1,4.321154958E1
5.255832279E1,3.654689407E1,-1.296895218E1,-1.914147186E1,4.324656208E1
5.256831179E1,3.621098328E1,-1.387471008E1,-1.832513428E1,4.289001557E1
5.257830046E1,3.627877808E1,-1.395101929E1,-1.835655975E1,4.298539245E1
5.258828846E1,3.630382538E1,-1.390785599E1,-1.814393616E1,4.290219825E1
5.259827746E1,3.616229248E1,-1.398859787E1,-1.825038147E1,4.285403938E1
5.260826646E1,3.628312683E1,-1.377400208E1,-1.822139740E1,4.287432506E1
5.261825546E1,3.623652267E1,-1.384664536E1,-1.832350159E1,4.290181667E1
5.262824446E1,3.623775482E1,-1.385093689E1,-1.826772308E1,4.288045049E1
5.263823346E1,3.641694260E1,-1.386187363E1,-1.828359985E1,4.304224985E1
5.264822246E1,3.635066986E1,-1.378712082E1,-1.828320312E1,4.296197640E1
5.265821046E1,3.647683716E1,-1.390350723E1,-1.844145203E1,4.317353721E1
5.266819946E1,3.645604706E1,-1.372537613E1,-1.840451050E1,4.308312110E1
5.267818846E1,3.634661484E1,-1.383698654E1,-1.859856415E1,4.310968795E1
5.268817746E1,3.643551254E1,-1.368959808E1,-1.834274292E1,4.302798959E1
5.269816646E1,3.657234192E1,-1.387985611E1,-1.819890594E1,4.314379187E1
5.270815546E1,3.610877609E1,-1.413613510E1,-1.476222992E1,4.149213731E1
5.271814346E1,3.622237778E1,-1.406192398E1,-1.472450256E1,4.155248890E1
5.272813246E1,3.624617004E1,-1.376189041E1,-1.448574066E1,4.138853891E1
5.273812146E1,3.644284821E1,-1.374746323E1,-1.457314301E1,4.158666165E1
5.274811046E1,3.648774719E1,-1.363338852E1,-1.465103149E1,4.161583475E1
5.275809946E1,3.661931229E1,-1.366785812E1,-1.446053314E1,4.167602904E1
5.276808846E1,3.663537216E1,-1.433946991E1,-1.275103760E1,4.135649708E1
5.277807746E1,3.672992706E1,-1.429880142E1,-1.275440216E1,4.142726202E1
5.278806546E1,3.676451111E1,-1.428231430E1,-1.288353729E1,4.149215964E1
5.279805446E1,3.657839203E1,-1.434701538E1,-1.305951691E1,4.140491028E1
5.280804346E1,3.655886459E1,-1.425118256E1,-1.287215424E1,4.129575207E1
5.281803246E1,3.664765549E1,-1.432280731E1,-1.298925781E1,4.143566435E1
5.282802146E1,3.655287170E1,-1.423627090E1,-1.280636597E1,4.126483792E1
5.283801046E1,3.661042786E1,-1.426817703E1,-1.289352417E1,4.135392689E1
5.284799846E1,3.650504303E1,-1.439324951E1,-1.282716370E1,4.128340982E1
5.285798746E1,3.665994263E1,-1.438554382E1,-1.286115265E1,4.142830569E1
5.286797646E1,3.661894989E1,-1.427811813E1,-1.273143768E1,4.131466633E1
5.287796546E1,3.668675232E1,-1.412356186E1,-1.266925049E1,4.130257502E1
5.288795446E1,3.683787155E1,-1.410000610E1,-1.272499084E1,4.144592072E1
5.289794346E1,3.688347626E1,-1.410419846E1,-1.254795074E1,4.143392695E1
5.290793146E1,3.684269714E1,-1.408045959E1,-1.262704468E1,4.141359599E1
5.291792046E1,3.683544540E1,-1.404412079E1,-1.264611053E1,4.140062172E1
5.292790946E1,3.677865982E1,-1.397684097E1,-1.260855865E1,4.131582812E1
5.293789846E1,3.687406158E1,-1.391524887E1,-1.269113922E1,4.140526034E1
5.294788746E1,3.685750580E1,-1.389223099E1,-1.285743713E1,4.143408627E1
5.295787646E1,3.690200043E1,-1.386766815E1,-1.296709442E1,4.149958305E1
5.296786546E1,3.685211945E1,-1.364469147E1,-1.297711182E1,4.138431761E1
5.297785346E1,3.698072433E1,-1.381175613E1,-1.295088959E1,4.154592785E1
5.298784246E1,3.707953644E1,-1.371254730E1,-1.300293732E1,4.161733238E1
5.299783146E1,3.706287003E1,-1.348305511E1,-1.300534058E1,4.152815904E1
5.300782046E1,3.706641388E1,-1.345173264E1,-1.289215851E1,4.148585180E1
5.301780946E1,3.738800049E1,-1.351071548E1,-1.283135986E1,4.177374546E1
5.302779846E1,3.729038620E1,-1.345519257E1,-1.279297638E1,4.165663638E1
5.303778646E1,3.743272400E1,-1.429079628E1,-1.106867218E1,4.156863226E1
5.304777546E1,3.754515839E1,-1.425097084E1,-1.091856384E1,4.161663279E1
5.305776446E1,3.761259079E1,-1.423498726E1,-1.086790466E1,4.165877098E1
5.306775346E1,3.766627884E1,-1.417048836E1,-1.076054382E1,4.165741957E1
5.307774246E1,3.778998566E1,-1.423058510E1,-1.088499451E1,4.182195205E1
5.308773146E1,3.772695160E1,-1.423539543E1,-1.085546875E1,4.175895786E1
5.309772046E1,3.771025467E1,-1.399225807E1,-1.077027130E1,4.163946850E1
5.310770846E1,3.776823807E1,-1.412841988E1,-1.102717590E1,4.180491195E1
5.311769746E1,3.795666504E1,-1.394112587E1,-1.080895233E1,4.185566702E1
5.312768646E1,3.782810974E1,-1.386264992E1,-1.070131683E1,4.168521478E1
5.313767546E1,3.769058609E1,-1.494247246E1,-9.952255249E0,4.174811550E1
5.314766446E1,3.780243683E1,-1.482547188E1,-9.872566223E0,4.178859187E1
5.315765346E1,3.794885254E1,-1.470585060E1,-9.714103699E0,4.184186016E1
5.316764146E1,3.796573639E1,-1.469543648E1,-9.713211060E0,4.185330885E1
5.317763046E1,3.789594269E1,-1.455582619E1,-9.720634460E0,4.174284708E1
5.318761946E1,3.804704285E1,-1.457517052E1,-9.959243774E0,4.194281347E1
5.319760846E1,3.801246643E1,-1.449833488E1,-9.903411865E0,4.187155222E1
5.320759746E1,3.811910248E1,-1.449474144E1,-9.970283508E0,4.198297341E1
5.321758646E1,3.812545776E1,-1.476300812E1,-8.662818909E0,4.179164234E1
5.322757446E1,3.810728455E1,-1.468138123E1,-8.754570007E0,4.176542333E1
5.323756346E1,3.806349182E1,-1.467016602E1,-8.714363098E0,4.171310711E1
5.324755246E1,3.816270065E1,-1.473893356E1,-8.792381287E0,4.184416151E1
5.325754146E1,3.820694733E1,-1.457015228E1,-9.024902344E0,4.187492118E1
5.326753046E1,3.816938400E1,-1.471290207E1,-9.068244934E0,4.189993352E1
5.327751946E1,3.833065033E1,-1.447790146E1,-8.920509338E0,4.193356498E1
5.328750846E1,3.823672485E1,-1.452752686E1,-9.285423279E0,4.194419208E1
5.329749646E1,3.835009003E1,-1.424538040E1,-9.178787231E0,4.192744212E1
5.330748546E1,3.835009003E1,-1.424538040E1,-9.178787231E0,4.192744212E1
5.331747446E1,3.845261002E1,-1.437740326E1,-9.415710449E0,4.211850597E1
5.332746346E1,3.854211044E1,-1.407776260E1,-9.394737244E0,4.209440302E1
5.333745246E1,3.843115616E1,-1.478242493E1,-8.503959656E0,4.204510887E1
5.334744146E1,3.828990555E1,-1.459534454E1,-8.633094788E0,4.187685846E1
5.335742946E1,3.844790649E1,-1.455083084E1,-8.744796753E0,4.202903356E1
5.336741846E1,3.863626862E1,-1.430377579E1,-8.817100525E0,4.213194175E1
5.337740746E1,3.857704926E1,-1.438895798E1,-8.928619385E0,4.213016835E1
5.338739646E1,3.888045883E1,-1.419683838E1,-8.796180725E0,4.231563652E1
5.339738546E1,3.887880707E1,-1.414028168E1,-9.014968872E0,4.234121950E1
5.340737446E1,3.892937088E1,-1.380055618E1,-8.918106079E0,4.225498650E1
5.341736246E1,3.914410019E1,-1.412630272E1,-8.303207397E0,4.243531856E1
5.342735146E1,3.920732880E1,-1.398156929E1,-8.262710571E0,4.243785217E1
5.343734046E1,3.922782135E1,-1.408325768E1,-8.512359619E0,4.253963306E1
5.344732946E1,3.931682587E1,-1.400075722E1,-8.561637878E0,4.260440872E1
5.345731846E1,3.936310577E1,-1.407986641E1,-8.497688293E0,4.266037319E1
5.346730746E1,3.939370728E1,-1.386048317E1,-8.467979431E0,4.261084184E1
5.347729646E1,3.964500427E1,-1.383120537E1,-8.552169800E0,4.285053342E1
5.348728446E1,3.954241562E1,-1.348411751E1,-8.543960571E0,4.264297504E1
5.349727346E1,3.964094543E1,-1.356601524E1,-8.714675903E0,4.279470646E1
5.350726246E1,3.989031982E1,-1.340855598E1,-8.476249695E0,4.292870599E1
5.351725146E1,3.983013916E1,-1.334282494E1,-8.483329773E0,4.285367950E1
5.352724046E1,3.989251328E1,-1.302409172E1,-8.540184021E0,4.282492643E1
5.353722946E1,4.011672974E1,-1.319778252E1,-8.561302185E0,4.309094294E1
5.354721746E1,4.002310181E1,-1.304705238E1,-8.654472351E0,4.297643710E1
5.355720646E1,4.017575836E1,-1.381631470E1,-8.406486511E0,4.330878811E1
5.356719546E1,4.029950333E1,-1.366952133E1,-8.283920288E0,4.335353639E1
5.357718479E1,4.028888702E1,-1.390260696E1,-8.262298584E0,4.341362086E1
5.358717379E1,4.031373215E1,-1.388885498E1,-8.330451965E0,4.344529574E1
5.359716279E1,4.014972687E1,-1.384558868E1,-8.134033203E0,4.324191704E1
5.360715079E1,4.003923798E1,-1.369754791E1,-8.206512451E0,4.310580289E1
5.361713979E1,4.013923645E1,-1.387403870E1,-8.035461426E0,4.322286308E1
5.362712879E1,3.999384308E1,-1.385538864E1,-7.764228821E0,4.303211043E1
5.363711779E1,4.022760773E1,-1.407794189E1,-7.520782471E0,4.327829757E1
5.364710679E1,4.025245285E1,-1.400730896E1,-7.362236023E0,4.325121020E1
5.365709579E1,4.024352264E1,-1.401763916E1,-7.227127075E0,4.322345067E1
5.366708479E1,4.017562485E1,-1.409936142E1,-6.878364563E0,4.312985884E1
5.367707279E1,4.015380096E1,-1.434863663E1,-6.711570740E0,4.316545247E1
5.368706179E1,4.029692078E1,-1.462953758E1,-6.142608643E0,4.330816130E1
5.369705079E1,4.029266739E1,-1.470007896E1,-5.876853943E0,4.329120903E1
5.370703979E1,4.022481537E1,-1.484999275E1,-5.691246033E0,4.325446032E1
5.371702879E1,4.008794785E1,-1.503544044E1,-5.521087646E0,4.316932291E1
5.372701779E1,3.985043335E1,-1.492854118E1,-5.090774536E0,4.285830568E1
5.373700579E1,3.990025711E1,-1.513567924E1,-5.001495361E0,4.296666452E1
5.374699479E1,3.913252640E1,-1.509201622E1,-3.867561340E0,4.211984813E1
5.375698379E1,3.889603806E1,-1.511142540E1,-3.483055115E0,4.187348358E1
5.376697279E1,3.892314148E1,-1.523621559E1,-3.335647583E0,4.193184652E1
5.377696179E1,3.893108368E1,-1.534927940E1,-3.225105286E0,4.197178765E1
5.378695079E1,3.883275604E1,-1.547185326E1,-3.069160461E0,4.191397059E1
5.379693879E1,3.879919434E1,-1.560916710E1,-2.763450623E0,4.191253080E1
5.380692779E1,3.853750229E1,-1.556303596E1,-2.694015503E0,4.164858810E1
5.381691679E1,3.858926392E1,-1.577055168E1,-2.549369812E0,4.176530709E1
5.382690579E1,3.870742035E1,-1.610366631E1,-2.009063721E0,4.197176188E1
5.383689479E1,3.876707840E1,-1.634481239E1,-1.737953186E0,4.210771593E1
5.384688379E1,3.857775879E1,-1.649098396E1,-1.468292236E0,4.198037526E1
5.385687279E1,3.848246765E1,-1.678216743E1,-1.513786316E0,4.200991561E1
5.386686079E1,3.820595169E1,-1.687200737E1,-1.543800354E0,4.179405097E1
5.387684979E1,3.794297028E1,-1.700893974E1,-1.648948669E0,4.161360422E1
5.388683879E1,3.732823944E1,-1.777095604E1,-1.096038818E0,4.135705066E1
5.389682779E1,3.723355865E1,-1.798117256E1,-8.808059692E-1,4.135742105E1
5.390681679E1,3.691255951E1,-1.821378136E1,-1.078262329E0,4.117573959E1
5.391680579E1,3.687621307E1,-1.832103920E1,-1.189682007E0,4.119382128E1
5.392679379E1,3.656631088E1,-1.876099968E1,-8.140182495E-1,4.110635992E1
5.393678279E1,3.651706696E1,-1.896827507E1,-7.545013428E-1,4.115654153E1
5.394677179E1,3.643666077E1,-1.909702110E1,-7.369842529E-1,4.114449670E1
5.395676079E1,3.629735565E1,-1.925980949E1,-8.509368896E-1,4.109942071E1
5.396674979E1,3.621403503E1,-1.922708702E1,-1.017402649E0,4.101429406E1
5.397673879E1,3.604678345E1,-1.934434319E1,-8.701477051E-1,4.091859439E1
5.398672679E1,3.604909134E1,-1.939764977E1,-8.410034180E-1,4.094524502E1
5.399671579E1,3.607928848E1,-1.938736534E1,-8.686752319E-1,4.096754312E1
5.400670479E1,3.571641541E1,-1.992626953E1,-7.715377808E-1,4.090615867E1
5.401669379E1,3.559732056E1,-2.008089828E1,-7.039337158E-1,4.087673213E1
5.402668279E1,3.534009552E1,-2.030613327E1,-9.119949341E-1,4.076877647E1
5.403667179E1,3.518989563E1,-2.065293884E1,-7.769012451E-1,4.081024642E1
5.404665979E1,3.481630325E1,-2.084282684E1,-7.851181030E-1,4.058589427E1
5.405664879E1,3.449161148E1,-2.115815353E1,-6.921463013E-1,4.046996158E1
5.406663779E1,3.460247803E1,-2.224750900E1,1.600036621E-1,4.113768034E1
5.407662679E1,3.423962402E1,-2.234396744E1,1.696624756E-1,4.088561507E1
5.408661579E1,3.385987854E1,-2.260898590E1,1.262359619E-1,4.071453738E1
5.409660479E1,3.363510132E1,-2.275505066E1,7.720184326E-2,4.060933798E1
5.410659379E1,3.306203079E1,-2.346904945E1,7.910156250E-2,4.054504186E1
5.411658179E1,3.289451218E1,-2.358388329E1,4.141540527E-1,4.047740117E1
5.412657079E1,3.255010223E1,-2.380666924E1,4.508666992E-1,4.032951694E1
5.413655979E1,3.233567429E1,-2.394833183E1,2.645950317E-1,4.023914064E1
5.414654879E1,3.233567429E1,-2.394833183E1,2.645950317E-1,4.023914064E1
5.415653779E1,3.190016174E1,-2.431058311E1,4.392242432E-1,4.011006967E1
5.416652679E1,3.136982346E1,-2.550532150E1,9.844284058E-1,4.044201216E1
5.417651479E1,3.086230469E1,-2.590041351E1,1.341690063E0,4.031269531E1
5.418650379E1,3.025501060E1,-2.616584778E1,1.625518799E0,4.003323080E1
5.419649279E1,2.965730858E1,-2.649309158E1,1.772865295E0,3.980681983E1
5.420648179E1,2.881209755E1,-2.754294586E1,2.121109009E0,3.991553501E1
5.421647079E1,2.839118195E1,-2.793679047E1,2.299232483E0,3.989749295E1
5.422645979E1,2.801053619E1,-2.830262756E1,2.597244263E0,3.990456794E1
5.423644779E1,2.742140770E1,-2.857416534E1,2.695182800E0,3.969484268E1
5.424643679E1,2.728691864E1,-2.902639961E1,2.832756042E0,3.993910753E1
5.425642579E1,2.688137436E1,-2.939709663E1,2.646400452E0,3.992243747E1
5.426641479E1,2.623967171E1,-2.949182701E1,2.817649841E0,3.957559074E1
5.427640379E1,2.574072266E1,-2.980545235E1,2.710693359E0,3.947527899E1
5.428639279E1,2.483057785E1,-3.069568825E1,2.821784973E0,3.958213415E1
5.429638079E1,2.428837967E1,-3.115695000E1,2.915039062E0,3.961285616E1
5.430636979E1,2.383520699E1,-3.138112450E1,3.121292114E0,3.953017242E1
5.431635879E1,2.310730171E1,-3.151037025E1,3.374580383E0,3.922038524E1
5.432634779E1,2.241373444E1,-3.235301590E1,3.332481384E0,3.949934887E1
5.433633679E1,2.196438408E1,-3.265283585E1,3.477661133E0,3.950615121E1
5.434632579E1,2.155541801E1,-3.280694962E1,3.803512573E0,3.943854329E1
5.435631379E1,2.103341675E1,-3.289763260E1,3.711059570E0,3.922283536E1
5.436630279E1,1.992255974E1,-3.261226654E1,4.191406250E0,3.844523640E1
5.437629179E1,1.966466904E1,-3.280530930E1,4.195976257E0,3.847718471E1
5.438628079E1,1.997350311E1,-3.273600769E1,4.347404480E0,3.859387195E1
5.439626979E1,2.013417816E1,-3.306843185E1,4.484130859E0,3.897452687E1
5.440625879E1,2.067416191E1,-3.308962250E1,4.675071716E0,3.929631514E1
5.441624779E1,2.100089836E1,-3.360857391E1,4.699554443E0,3.990814183E1
5.442623579E1,2.185064888E1,-3.183430481E1,4.369400024E0,3.885827423E1
5.443622479E1,2.226721382E1,-3.262210083E1,4.350204468E0,3.973606111E1
5.444621379E1,2.255682564E1,-3.336286163E1,3.964538574E0,4.046737557E1
5.445620279E1,2.262081528E1,-3.448429871E1,3.746093750E0,4.141136751E1
5.446619179E1,2.252318764E1,-3.560962677E1,3.310287476E0,4.226461290E1
5.447618079E1,2.202242088E1,-3.712942123E1,2.763130188E0,4.325755230E1
5.448616879E1,2.593124199E1,-3.933061981E1,-2.670967102E0,4.718539002E1
5.449615779E1,2.390649414E1,-4.102049255E1,-3.642662048E0,4.761796151E1
5.450614679E1,2.042005920E1,-4.209319305E1,-4.504211426E0,4.700110254E1
5.451613579E1,1.519300461E1,-4.204302216E1,-5.848495483E0,4.508489770E1
5.452612479E1,9.118892670E0,-3.960636902E1,-6.701118469E0,4.119130563E1
5.453611379E1,4.467605591E0,-3.444171143E1,-6.604484558E0,3.535265481E1
5.454610179E1,3.056060791E0,-2.779794121E1,-5.532203674E0,2.850737309E1
5.455609079E1,-9.867578506E0,-2.975201416E1,4.183952332E0,3.162367640E1
5.456607979E1,1.527829170E0,-2.336126709E1,8.112083435E0,2.477678267E1
5.457606879E1,1.251332569E1,-2.630552673E1,1.040866852E1,3.093387200E1
5.458605733E1,1.189319611E1,-3.054846191E1,1.110151672E1,3.461069650E1
5.459604633E1,1.503038120E1,-3.190883636E1,1.142439270E1,3.707563817E1
5.460603433E1,1.974293327E1,-3.722829056E1,1.077573395E1,4.349535003E1
5.461602333E1,1.208084679E1,-4.277669144E1,8.713470459E0,4.529588013E1
5.462601233E1,3.693660736E0,-4.110813522E1,7.147743225E0,4.188809072E1
5.463600133E1,7.889067650E0,1.493791962E1,1.919487000E0,1.700186052E1
5.464599033E1,1.243873024E1,1.567702866E1,2.350952148E0,2.014989363E1
5.465597933E1,1.241490173E1,1.449697495E1,2.180000305E0,1.921053016E1
5.466596733E1,1.127550983E1,1.437255096E1,1.900482178E0,1.836625100E1
5.467595633E1,1.337808228E1,1.511737061E1,2.186782837E0,2.030492548E1
5.468594533E1,1.875574493E1,1.459488297E1,2.634704590E0,2.391088131E1
5.469593433E1,2.297623062E1,1.159688568E1,2.996826172E0,2.591092237E1
5.470592333E1,2.320050430E1,7.447456360E0,2.216995239E0,2.446718361E1
5.471591233E1,1.958964157E1,3.498138428E0,1.203613281E0,1.993589010E1
5.472590033E1,1.366156006E1,1.275638580E0,3.442535400E-1,1.372530464E1
5.473588933E1,7.944153786E0,5.570526123E-1,-1.714782715E-1,7.965506373E0
5.474587833E1,3.556707382E0,1.096340179E0,-4.020919800E-1,3.743501990E0
5.475586733E1,5.467664719E0,-3.612018585E0,-3.679428101E-1,6.563338910E0
5.476585633E1,3.956584930E0,-2.570137024E0,-1.868438721E-1,4.721766541E0
5.477584533E1,2.968446732E0,-2.161434174E0,-1.438903809E-2,3.672013171E0
5.478583333E1,2.394021988E0,-1.915966034E0,-1.219177246E-2,3.066335885E0
5.479582233E1,1.987882614E0,-2.210720062E0,-4.080429077E-1,3.000909778E0
5.480581133E1,1.665586472E0,-2.717536926E0,-5.887908936E-1,3.241274434E0
5.481580033E1,1.694238663E0,-3.614299774E0,-1.055084229E0,4.128778298E0
5.482578933E1,1.927602768E0,-4.778511047E0,-1.448570251E0,5.352399091E0
5.483577833E1,2.854997635E0,-5.725353241E0,-1.598785400E0,6.594451909E0
5.484576633E1,4.229578018E0,-6.461048126E0,-2.089431763E0,8.000012387E0
5.485575533E1,5.927366257E0,-7.017986298E0,-2.237274170E0,9.454691858E0
5.486574433E1,7.739627838E0,-7.390148163E0,-2.528617859E0,1.099591002E1
5.487573333E1,1.032622337E1,8.566131592E-1,-2.765701294E0,1.072444772E1
5.488572233E1,1.253189468E1,1.366523743E0,-2.806510925E0,1.291480836E1
5.489571133E1,1.487200928E1,1.972137451E0,-2.529197693E0,1.521390243E1
5.490570033E1,1.734831429E1,3.159282684E0,-2.074447632E0,1.775523609E1
5.491568833E1,1.987954712E1,4.557079315E0,-1.335906982E0,2.043888483E1
5.492567733E1,2.175959778E1,6.208999634E0,-4.990844727E-1,2.263362227E1
5.493566633E1,2.322709084E1,7.762191772E0,2.773513794E-1,2.449135140E1
5.494565533E1,2.444020081E1,9.231952667E0,7.880859375E-1,2.613758682E1
5.495564433E1,2.534796524E1,1.067395401E1,1.849670410E0,2.756581065E1
5.496563333E1,2.576521683E1,1.256868362E1,2.982856750E0,2.882213803E1
5.497562133E1,2.500897789E1,1.423555374E1,3.918357849E0,2.904227081E1
5.498561033E1,2.267855263E1,1.538765717E1,4.992599487E0,2.785718564E1
5.499559933E1,2.267855263E1,1.538765717E1,4.992599487E0,2.785718564E1
5.500558833E1,1.920121384E1,1.528812027E1,5.686843872E0,2.519431339E1
5.501557733E1,1.533530807E1,1.433763885E1,5.893295288E0,2.180528585E1
5.502556633E1,1.338041115E1,1.324909210E1,5.338104248E0,1.957215371E1
5.503555433E1,1.396414948E1,1.289474106E1,4.767532349E0,1.959594811E1
5.504554333E1,1.654667282E1,1.391355515E1,4.457656860E0,2.207374239E1
5.505553233E1,1.925603676E1,1.539527130E1,4.949287415E0,2.514567112E1
5.506552133E1,2.021648598E1,1.675115204E1,5.992279053E0,2.692981263E1
5.507551033E1,1.813290024E1,1.641707230E1,6.862220764E0,2.540496817E1
5.508549933E1,1.347264957E1,1.333810425E1,6.889663696E0,2.017138511E1
5.509548733E1,1.034006119E1,8.638866425E0,5.742935181E0,1.464678063E1
5.510547633E1,1.386085987E1,6.282936096E0,3.813156128E0,1.568881391E1
5.511546533E1,2.280611038E1,8.177925110E0,2.862258911E0,2.439650909E1
5.512545433E1,2.923227692E1,1.251931763E1,3.836540222E0,3.203089709E1
5.513544333E1,2.921340942E1,1.578950882E1,3.800384521E0,3.342416493E1
5.514543233E1,2.993738174E1,1.986476135E1,1.972236633E0,3.598256921E1
5.515542033E1,3.429352570E1,2.849402618E1,6.558227539E-1,4.459131683E1
5.516540933E1,3.002956009E1,3.699922562E1,5.046005249E-1,4.765471432E1
5.517539833E1,1.628198051E1,3.864011383E1,-1.396713257E0,4.195368988E1
5.518538733E1,9.375719070E0,3.862142181E1,-3.372428894E0,3.988598260E1
5.519537633E1,1.686054230E1,1.095105286E2,-2.230485535E1,1.130236273E2
5.520536533E1,4.587718964E0,9.620007324E1,-2.534941101E1,9.958962745E1
5.521535333E1,9.276248932E0,8.509162903E1,-2.791713715E1,9.003333089E1
5.522534233E1,8.531108856E0,7.026972198E1,-3.053748322E1,7.709183827E1
5.523533133E1,3.038441467E1,6.304164886E1,-2.807772064E1,7.540438013E1
5.524532033E1,3.552360916E1,6.498224640E1,-2.471979523E1,7.807488348E1
5.525530933E1,1.781152534E1,-7.610173950E2,-1.464090729E1,7.613665885E2
5.526529833E1,1.766359329E1,-7.568986206E2,-1.163694000E1,7.571941249E2
5.527528633E1,2.867865753E1,-7.453761597E2,-7.030487061E0,7.459607983E2
5.528527533E1,1.277115059E1,-7.448570557E2,-6.390174866E0,7.449939396E2
5.529526433E1,1.552474403E1,-7.442194214E2,-4.949935913E0,7.443977880E2
5.530525333E1,1.337514114E1,-7.530805664E2,-6.532546997E0,7.532276602E2
5.531524233E1,3.289593506E2,-4.234743042E2,-7.446090698E0,5.362836795E2
5.532523133E1,3.355373535E2,-4.282742920E2,-1.174713135E1,5.441894706E2
5.533521933E1,3.494979553E2,-4.126311646E2,-1.122423553E1,5.408690065E2
5.534520833E1,3.499030762E2,-4.054667053E2,-1.176811981E1,5.356994498E2
5.535519733E1,3.487933960E2,-3.840384521E2,-7.627197266E0,5.188453912E2
5.536518633E1,3.261398621E2,-3.811208191E2,-8.229736328E0,5.016851771E2
5.537517533E1,3.144381714E2,-3.800567017E2,-7.712043762E0,4.933294393E2
5.538516433E1,5.690747070E2,-8.139892578E1,-7.008702087E1,5.791234737E2
5.539515233E1,5.654039307E2,-8.535353088E1,-7.057286072E1,5.761487297E2
5.540514133E1,5.574010010E2,-9.132304382E1,-7.113375854E1,5.692941119E2
5.541513033E1,5.542860107E2,-1.004028320E2,-7.247325134E1,5.679490140E2
5.542511933E1,5.562576294E2,-1.073363037E2,-7.343627930E1,5.712587150E2
5.543510833E1,5.606747437E2,-1.116449738E2,-7.417344666E1,5.764741699E2
5.544509733E1,1.512072144E2,-1.855167007E1,-5.030928040E1,1.604331943E2
5.545508533E1,1.543766327E2,-1.892971039E1,-5.030434418E1,1.634656101E2
5.546507433E1,1.567435608E2,-1.841312790E1,-5.000302887E1,1.655532845E2
5.547506333E1,1.581445007E2,-1.833809280E1,-4.977380371E1,1.668034781E2
5.548505233E1,1.591296844E2,-1.803911209E1,-4.963769531E1,1.676650436E2
5.549504133E1,1.598145447E2,-1.799225616E1,-4.958801270E1,1.682955168E2
5.550503033E1,1.604374390E2,-1.790539169E1,-4.968373871E1,1.689060353E2
5.551501833E1,1.609709320E2,-1.807468033E1,-4.985572052E1,1.694813497E2
5.552500733E1,1.615175476E2,-1.790174484E1,-4.964025879E1,1.699192336E2
5.553499633E1,1.620099945E2,-1.830282211E1,-4.977613831E1,1.704696324E2
5.554498533E1,1.348484192E2,-7.238468170E1,-5.205555725E1,1.616583414E2
5.555497433E1,1.353341370E2,-7.261777496E1,-5.181837463E1,1.620919918E2
5.556496333E1,1.356539612E2,-7.265988159E1,-5.184226990E1,1.623855798E2
5.557495133E1,1.361092834E2,-7.290119934E1,-5.189559174E1,1.628909892E2
5.558494042E1,1.366477814E2,-7.296070862E1,-5.199554443E1,1.633995649E2
5.559492942E1,1.369869995E2,-7.339527130E1,-5.221298981E1,1.639466382E2
5.560491842E1,1.374521332E2,-7.345431519E1,-5.228309631E1,1.643841461E2
5.561490742E1,1.378082733E2,-7.363923645E1,-5.233868408E1,1.647822660E2
5.562489642E1,1.382436829E2,-7.384443665E1,-5.250180054E1,1.652899142E2
5.563488442E1,1.388490295E2,-7.397618103E1,-5.275922394E1,1.659369280E2
5.564487342E1,1.391619263E2,-7.388336945E1,-5.247616577E1,1.660678836E2
5.565486242E1,1.394993439E2,-7.392083740E1,-5.251055145E1,1.663782292E2
5.566485142E1,1.401391449E2,-7.364672852E1,-5.245561981E1,1.667765349E2
5.567484042E1,1.407289734E2,-7.368740845E1,-5.255339050E1,1.673210595E2
5.568482942E1,1.413109131E2,-7.348915100E1,-5.259159851E1,1.677358212E2
5.569481742E1,1.417880859E2,-7.321178436E1,-5.237213135E1,1.679484052E2
5.570480642E1,1.421522369E2,-7.284328461E1,-5.249964142E1,1.681357039E2
5.571479542E1,1.426428375E2,-7.259119415E1,-5.223902893E1,1.683608527E2
5.572478442E1,1.428694458E2,-7.212976074E1,-5.201601410E1,1.682856104E2
5.573477342E1,1.431861725E2,-7.171999359E1,-5.150383759E1,1.682221233E2
5.574476242E1,1.434058533E2,-7.117712402E1,-5.130249786E1,1.681171259E2
5.575475042E1,1.437126465E2,-7.086926270E1,-5.103968811E1,1.681690427E2
5.576473942E1,1.439441681E2,-7.024182892E1,-5.099188995E1,1.680892944E2
5.577472842E1,1.439401703E2,-6.974295807E1,-5.074465179E1,1.678030766E2
5.578471742E1,1.440099792E2,-6.927027893E1,-5.068103790E1,1.676478848E2
5.579470642E1,1.440403137E2,-6.915164948E1,-5.073343658E1,1.676408190E2
5.580469542E1,1.439496613E2,-6.863326263E1,-5.061922455E1,1.673150788E2
5.581468342E1,1.440200500E2,-6.859339905E1,-5.065053558E1,1.673687724E2
5.582467242E1,1.439274445E2,-6.849349976E1,-5.084151459E1,1.673060919E2
5.583466142E1,1.439274445E2,-6.849349976E1,-5.084151459E1,1.673060919E2
5.584465042E1,1.438903503E2,-6.835466003E1,-5.083759308E1,1.672161874E2
5.585463942E1,1.439445190E2,-6.816101074E1,-5.077381897E1,1.671643761E2
5.586462842E1,1.438574066E2,-6.815676880E1,-5.071472168E1,1.670696907E2
5.587461642E1,1.438484802E2,-6.791746521E1,-5.095119476E1,1.670364978E2
5.588460542E1,1.437474060E2,-6.801637268E1,-5.121943665E1,1.670717642E2
5.589459442E1,1.436647949E2,-6.797388458E1,-5.107111359E1,1.669379553E2
5.590458342E1,1.436908264E2,-6.803292084E1,-5.117192078E1,1.670152609E2
5.591457242E1,1.435281830E2,-6.784980774E1,-5.119625092E1,1.668082487E2
5.592456142E1,1.435319977E2,-6.796173859E1,-5.100851440E1,1.667995828E2
5.593454942E1,1.432893219E2,-6.796758270E1,-5.122141266E1,1.666584987E2
5.594453842E1,1.513977966E2,-7.319878387E1,-4.916736221E1,1.752049779E2
5.595452742E1,1.513263702E2,-7.323806000E1,-4.917620468E1,1.751621616E2
5.596451642E1,1.510723267E2,-7.316986847E1,-4.914085007E1,1.749042615E2
5.597450542E1,1.508018188E2,-7.313494873E1,-4.925774765E1,1.746889664E2
5.598449442E1,1.507872467E2,-7.326546478E1,-4.904394150E1,1.746709200E2
5.599448242E1,1.503811646E2,-7.293103027E1,-4.882947159E1,1.741199217E2
5.600447142E1,1.503234253E2,-7.291300964E1,-4.867857742E1,1.740202375E2
5.601446042E1,1.501879425E2,-7.270488739E1,-4.873298264E1,1.738313042E2
5.602444942E1,1.501209564E2,-7.244381714E1,-4.840620804E1,1.735729506E2
5.603443842E1,1.502609711E2,-7.242118073E1,-4.828145218E1,1.736498934E2
5.604442742E1,1.506389618E2,-7.227167511E1,-4.798640060E1,1.738332145E2
5.605441542E1,1.514270477E2,-7.236031342E1,-4.780685043E1,1.745040420E2
5.606440442E1,9.030718231E1,-5.670484161E1,-3.940699387E1,1.136826170E2
5.607439342E1,9.139189148E1,-5.747956467E1,-3.946272659E1,1.149507937E2
5.608438242E1,9.254886627E1,-5.883823395E1,-3.966769791E1,1.166222821E2
5.609437142E1,9.307440948E1,-6.037480545E1,-3.967350388E1,1.178216862E2
5.610436042E1,9.305890656E1,-6.199374008E1,-3.990676498E1,1.187254555E2
5.611434842E1,9.252824402E1,-6.341346359E1,-4.000577927E1,1.190932646E2
5.612433742E1,9.152751923E1,-6.412612915E1,-4.026646042E1,1.187890359E2
5.613432642E1,9.056771088E1,-6.435252380E1,-4.045629501E1,1.182390349E2
5.614431542E1,9.010450745E1,-6.422998810E1,-4.035248947E1,1.177821593E2
5.615430442E1,8.986650848E1,-6.363225174E1,-4.023234177E1,1.172335026E2
5.616429342E1,8.992234039E1,-6.277331161E1,-4.016153336E1,1.167881189E2
5.617428142E1,9.012992096E1,-6.187075424E1,-3.999504471E1,1.164087475E2
5.618427042E1,8.845385742E1,-5.110124207E1,-4.448135376E1,1.114181882E2
5.619425942E1,8.860876465E1,-5.009017181E1,-4.440929413E1,1.110527978E2
5.620424842E1,8.890138245E1,-4.914414215E1,-4.418211365E1,1.107730187E2
5.621423742E1,8.871147919E1,-4.833905792E1,-4.409417725E1,1.102301571E2
5.622422542E1,8.891609192E1,-4.748848724E1,-4.388312531E1,1.099406954E2
5.623421442E1,8.911651611E1,-4.706719971E1,-4.369727325E1,1.098477420E2
5.624420342E1,8.911125946E1,-4.621792603E1,-4.343965912E1,1.093796930E2
5.625419242E1,8.916101074E1,-4.564015198E1,-4.305826569E1,1.090262517E2
5.626418142E1,8.925117493E1,-4.485415649E1,-4.280933380E1,1.086752347E2
5.627417042E1,8.926816559E1,-4.436175537E1,-4.253376770E1,1.083784671E2
5.628415842E1,8.937155914E1,-4.364608765E1,-4.225610352E1,1.080640312E2
5.629414742E1,8.930413055E1,-4.290545654E1,-4.181542969E1,1.075389980E2
5.630413642E1,8.937269592E1,-4.203607178E1,-4.148413849E1,1.071234981E2
5.631412542E1,8.910017395E1,-4.121029663E1,-4.119963837E1,1.064637955E2
5.632411442E1,8.872223663E1,-4.021646881E1,-4.069924164E1,1.055719087E2
5.633410342E1,8.779833984E1,-3.926473236E1,-4.033390808E1,1.042932971E2
5.634409142E1,8.675675201E1,-3.862026978E1,-4.017960358E1,1.031147894E2
5.635408042E1,1.102901993E2,-3.587365341E1,2.436812592E1,1.185101372E2
5.636406942E1,1.083758850E2,-3.606193161E1,2.428256989E1,1.167708806E2
5.637405842E1,1.062574081E2,-3.687685394E1,2.408644104E1,1.150247616E2
5.638404742E1,1.046884613E2,-3.808431625E1,2.413678741E1,1.139854095E2
5.639403642E1,1.035602417E2,-4.019158173E1,2.363034058E1,1.135714748E2
5.640402442E1,1.033405685E2,-4.198571396E1,2.309864807E1,1.139105826E2
5.641401342E1,1.040141449E2,-4.389266205E1,2.280638123E1,1.151765564E2
5.642400242E1,1.054002609E2,-4.462686539E1,2.261479950E1,1.166713387E2
5.643399142E1,1.069447784E2,-4.471192932E1,2.282555389E1,1.181412213E2
5.644398042E1,1.078414841E2,-4.398208237E1,2.281270599E1,1.186786788E2
5.645396942E1,1.080594711E2,-4.333084488E1,2.281919861E1,1.186386414E2
5.646395742E1,1.078508606E2,-4.255218887E1,2.282588196E1,1.181673296E2
5.647394642E1,1.072885208E2,-4.249939346E1,2.296955109E1,1.176631863E2
5.648393542E1,1.068214111E2,-4.251439667E1,2.294218445E1,1.172375009E2
5.649392442E1,1.064799576E2,-4.324460220E1,2.312377930E1,1.172296300E2
5.650391342E1,1.062161255E2,-4.362463760E1,2.342243195E1,1.171903778E2
5.651390242E1,1.062283401E2,-4.441709900E1,2.329058075E1,1.174725078E2
5.652389042E1,1.064803772E2,-4.491531372E1,2.353149414E1,1.179372178E2
5.653387942E1,1.069453201E2,-4.544341660E1,2.373092651E1,1.185983241E2
5.654386842E1,1.075373535E2,-4.581261826E1,2.382530975E1,1.192925973E2
5.655385742E1,1.082679749E2,-4.611748123E1,2.402478790E1,1.201081466E2
5.656384642E1,1.089445267E2,-4.602913284E1,2.406159973E1,1.206919697E2
5.657383442E1,1.094088287E2,-4.611100769E1,2.407712555E1,1.211454696E2
5.658382392E1,1.098907394E2,-4.591941833E1,2.418875122E1,1.215305035E2
5.659381292E1,1.102658539E2,-4.586898422E1,2.405787659E1,1.218248894E2
5.660380192E1,1.107222748E2,-4.557825851E1,2.423680878E1,1.221647358E2
5.661379092E1,1.109311752E2,-4.540973663E1,2.402456665E1,1.222495383E2
5.662377992E1,1.112947464E2,-4.507601547E1,2.363755798E1,1.223809703E2
5.663376792E1,1.115592651E2,-4.514439392E1,2.367007446E1,1.226529998E2
5.664375692E1,1.116043472E2,-4.480229568E1,2.343196869E1,1.225227864E2
5.665374592E1,1.116395798E2,-4.471110916E1,2.327278137E1,1.224912299E2
5.666373492E1,1.118473511E2,-4.463077164E1,2.330205536E1,1.226569260E2
5.667372392E1,1.119327469E2,-4.454774094E1,2.322221375E1,1.226894953E2
5.668371292E1,1.119327469E2,-4.454774094E1,2.322221375E1,1.226894953E2
5.669370092E1,1.119945221E2,-4.436363220E1,2.305961609E1,1.226484844E2
5.670368992E1,1.120431290E2,-4.460744858E1,2.301280212E1,1.227724573E2
5.671367892E1,1.119613724E2,-4.449404144E1,2.300614166E1,1.226554164E2
5.672366792E1,1.119708023E2,-4.452738190E1,2.293477631E1,1.226627583E2
5.673365692E1,1.119580536E2,-4.443527603E1,2.282990265E1,1.225981402E2
5.674364592E1,1.119461212E2,-4.452947617E1,2.282406616E1,1.226203340E2
5.675363392E1,7.614099884E1,-4.748383331E1,2.402317810E1,9.289391378E1
5.676362292E1,7.608151245E1,-4.745946503E1,2.401779175E1,9.283130764E1
5.677361192E1,7.611672974E1,-4.731736755E1,2.401392365E1,9.278662806E1
5.678360092E1,7.617072296E1,-4.750321198E1,2.419596100E1,9.297299991E1
5.679358992E1,7.632239532E1,-4.754083252E1,2.414138031E1,9.310233632E1
5.680357892E1,7.623342133E1,-4.753381348E1,2.405469513E1,9.300336719E1
5.681356692E1,7.613607025E1,-4.746322632E1,2.407319641E1,9.289229156E1
5.682355592E1,7.618814087E1,-4.746652985E1,2.419628143E1,9.296861997E1
5.683354492E1,7.610626221E1,-4.737818909E1,2.409519196E1,9.283013640E1
5.684353392E1,7.604789734E1,-4.738414001E1,2.412952423E1,9.279425281E1
5.685352292E1,7.601665497E1,-4.724206543E1,2.387846375E1,9.263112657E1
5.686351192E1,7.592729950E1,-4.733580780E1,2.393336487E1,9.261986538E1
5.687349992E1,7.608400726E1,-4.726350403E1,2.403497314E1,9.273777498E1
5.688348892E1,7.604866791E1,-4.737409210E1,2.392690277E1,9.273726958E1
5.689347792E1,7.597838593E1,-4.723136139E1,2.380200195E1,9.257457493E1
5.690346692E1,7.609414673E1,-4.738899231E1,2.402816772E1,9.280834339E1
5.691345592E1,7.594961548E1,-4.743656158E1,2.388866425E1,9.267815139E1
5.692344392E1,7.612810516E1,-4.736476898E1,2.400403595E1,9.281758173E1
5.693343292E1,7.598200989E1,-4.738571930E1,2.381685638E1,9.266021189E1
5.694342192E1,7.586176300E1,-4.734291077E1,2.381797791E1,9.254001490E1
5.695341092E1,7.596373749E1,-4.743767548E1,2.375389862E1,9.265565373E1
5.696339992E1,7.592488861E1,-4.735723877E1,2.382785797E1,9.260163924E1
5.697338892E1,7.600271606E1,-4.739953613E1,2.384496307E1,9.269148364E1
5.698337692E1,7.600201416E1,-4.746121216E1,2.374630737E1,9.269714089E1
5.699336592E1,7.586964417E1,-4.737567139E1,2.372891235E1,9.254036107E1
5.700335492E1,7.582866669E1,-4.747280884E1,2.377816010E1,9.256919125E1
5.701334392E1,7.586074066E1,-4.751518250E1,2.368227386E1,9.259262733E1
5.702333292E1,7.601177216E1,-4.765358734E1,2.371745300E1,9.279639793E1
5.703332192E1,7.595581055E1,-4.760388947E1,2.375493622E1,9.273463454E1
5.704330992E1,7.596253204E1,-4.756673431E1,2.383645630E1,9.274199230E1
5.705329892E1,7.591516113E1,-4.750314331E1,2.360589600E1,9.261154701E1
5.706328792E1,7.583096313E1,-4.753030396E1,2.369776917E1,9.257996018E1
5.707327692E1,7.588292694E1,-4.764408875E1,2.355306244E1,9.264407452E1
5.708326592E1,7.584259796E1,-4.766180420E1,2.361605072E1,9.263619755E1
5.709325492E1,7.578371429E1,-4.758482361E1,2.352285767E1,9.252465414E1
5.710324292E1,7.587257385E1,-4.767225647E1,2.369416809E1,9.268605667E1
5.711323192E1,7.578093719E1,-4.754393005E1,2.362031555E1,9.252618567E1
5.712322092E1,7.568137360E1,-4.748108673E1,2.339824677E1,9.235584366E1
5.713320992E1,7.563539886E1,-4.759262085E1,2.358124542E1,9.242210913E1
5.714319892E1,7.554241180E1,-4.756226349E1,2.346784973E1,9.230148894E1
5.715318792E1,7.566941071E1,-4.770497894E1,2.340393829E1,9.246279825E1
5.716317592E1,7.368710327E1,-4.753170776E1,1.968145752E1,8.986886113E1
5.717316492E1,7.349253845E1,-4.755358887E1,1.978104401E1,8.974289233E1
5.718315392E1,7.351563263E1,-4.742608643E1,1.980224609E1,8.969900147E1
5.719314292E1,7.342375946E1,-4.755352402E1,1.973178101E1,8.967568947E1
5.720313192E1,7.349216461E1,-4.747955322E1,1.969419861E1,8.968426669E1
5.721311992E1,7.346787262E1,-4.752912903E1,1.951504517E1,8.965145510E1
5.722310892E1,7.349665070E1,-4.750271606E1,1.945172882E1,8.964728357E1
5.723309792E1,7.358814240E1,-4.756173325E1,1.942141724E1,8.974700339E1
5.724308692E1,7.355754852E1,-4.741242218E1,1.948567200E1,8.965680194E1
5.725307592E1,7.361060333E1,-4.757761383E1,1.939242554E1,8.976756892E1
5.726306492E1,7.366655731E1,-4.748110580E1,1.951609039E1,8.978916894E1
5.727305292E1,7.367059326E1,-4.754740524E1,1.916217041E1,8.975132774E1
5.728304192E1,7.362934113E1,-4.739777756E1,1.945193481E1,8.970065195E1
5.729303092E1,7.371659851E1,-4.766017532E1,1.914043427E1,8.984422871E1
5.730301992E1,7.392053223E1,-4.756596375E1,1.924048615E1,8.998312230E1
5.731300892E1,7.372019196E1,-4.768593597E1,1.901963043E1,8.983519095E1
5.732299792E1,7.369331360E1,-4.766242218E1,1.881919861E1,8.975841573E1
5.733298592E1,7.359960175E1,-4.769462585E1,1.877748108E1,8.968986848E1
5.734297492E1,7.358228302E1,-4.758924866E1,1.860524750E1,8.958372730E1
5.735296392E1,7.364962769E1,-4.766884232E1,1.868074036E1,8.969702473E1
5.736295292E1,7.375138855E1,-4.766672897E1,1.855755615E1,8.975392612E1
5.737294192E1,7.366670990E1,-4.776442337E1,1.834822845E1,8.969326494E1
5.738292992E1,6.971694183E1,-5.113002396E1,2.220282745E1,8.926195648E1
5.739291892E1,6.978737640E1,-5.123672104E1,2.189991760E1,8.930333633E1
5.740290792E1,7.006729126E1,-5.112218857E1,2.182170105E1,8.943763249E1
5.741289692E1,6.991110229E1,-5.117860031E1,2.185818481E1,8.935654199E1
5.742288592E1,6.990988922E1,-5.105688477E1,2.178775787E1,8.926872065E1
5.743287492E1,7.005217743E1,-5.118006516E1,2.161012268E1,8.940751665E1
5.744286292E1,7.000587463E1,-5.101388931E1,2.166575623E1,8.928966558E1
5.745285192E1,7.000134277E1,-5.116463089E1,2.141999817E1,8.931306604E1
5.746284092E1,7.011301422E1,-5.097696686E1,2.140146637E1,8.928890567E1
5.747282992E1,7.001921844E1,-5.093255997E1,2.151770782E1,8.921787022E1
5.748281892E1,7.031626892E1,-5.082787704E1,2.157423401E1,8.940524779E1
5.749280792E1,7.052428436E1,-5.103588867E1,2.130670929E1,8.962316932E1
5.750279592E1,7.050674438E1,-5.075244904E1,2.135675049E1,8.946017482E1
5.751278492E1,7.062843323E1,-5.090673447E1,2.128376007E1,8.962627760E1
5.752277392E1,7.062843323E1,-5.090673447E1,2.128376007E1,8.962627760E1
5.753276292E1,7.073245239E1,-5.083669662E1,2.121607208E1,8.965250281E1
5.754275192E1,6.108047867E1,-4.633907318E1,2.050719452E1,7.936422119E1
5.755274092E1,6.120431519E1,-4.633480835E1,2.061305237E1,7.948446760E1
5.756272892E1,6.095112610E1,-4.628338623E1,2.044614410E1,7.921638986E1
5.757271792E1,6.100968933E1,-4.629172516E1,2.035298920E1,7.924235092E1
5.758270629E1,6.109241867E1,-4.636165619E1,2.059860229E1,7.941025878E1
5.759269529E1,6.118552017E1,-4.605060577E1,2.054080200E1,7.928587969E1
5.760268429E1,6.125536728E1,-4.624272919E1,2.045553589E1,7.942945909E1
5.761267229E1,6.116827774E1,-4.610987091E1,2.053142548E1,7.930458895E1
5.762266129E1,6.116579437E1,-4.625405121E1,2.044028473E1,7.936307009E1
5.763265029E1,6.101892090E1,-4.628123474E1,2.018101501E1,7.919933563E1
5.764263929E1,6.087570190E1,-4.642670441E1,2.018242645E1,7.917461905E1
5.765262829E1,6.066699600E1,-4.642812347E1,2.023844147E1,7.902942216E1
5.766261729E1,6.044003677E1,-4.663296509E1,2.031696320E1,7.899626872E1
5.767260529E1,6.031593704E1,-4.655051422E1,2.017201233E1,7.881543451E1
5.768259429E1,5.387509918E1,-5.068155670E1,1.779914856E1,7.607861849E1
5.769258329E1,5.378870392E1,-5.058486557E1,1.774514008E1,7.594039301E1
5.770257229E1,5.376020813E1,-5.071236420E1,1.784889984E1,7.602951457E1
5.771256129E1,5.364458466E1,-5.064530945E1,1.722686005E1,7.575918122E1
5.772255029E1,5.369328690E1,-5.084951401E1,1.713977051E1,7.591056491E1
5.773253829E1,5.359437561E1,-5.077804565E1,1.711180115E1,7.578641538E1
5.774252729E1,5.346293640E1,-5.071407700E1,1.726983643E1,7.568652736E1
5.775251629E1,5.347391891E1,-5.066992188E1,1.735319519E1,7.568377878E1
5.776250529E1,5.346355057E1,-5.086354828E1,1.734871674E1,7.580520929E1
5.777249429E1,5.319998169E1,-5.069175339E1,1.721879578E1,7.547435883E1
5.778248329E1,5.288821030E1,-5.090311813E1,1.713241577E1,7.537778117E1
5.779247129E1,5.261988831E1,-5.101836014E1,1.682722473E1,7.519894420E1
5.780246029E1,4.933109283E1,-5.042239380E1,1.382058716E1,7.188173027E1
5.781244929E1,4.907453537E1,-5.051364899E1,1.345664215E1,7.170090637E1
5.782243829E1,4.912723541E1,-5.056153107E1,1.339122009E1,7.175847308E1
5.783242729E1,4.900669098E1,-5.060172653E1,1.318769836E1,7.166663015E1
5.784241529E1,4.877180099E1,-5.038896179E1,1.335178375E1,7.138631642E1
5.785240429E1,4.891607666E1,-5.042768860E1,1.313768768E1,7.147260434E1
5.786239329E1,4.903219604E1,-5.049318314E1,1.320349884E1,7.161040549E1
5.787238229E1,4.893630219E1,-5.034916306E1,1.316754150E1,7.143657355E1
5.788237129E1,4.585399628E1,-5.222236252E1,1.318256378E1,7.073573432E1
5.789236029E1,4.598125076E1,-5.231373215E1,1.347117615E1,7.093993642E1
5.790234829E1,4.608124161E1,-5.236821747E1,1.320623779E1,7.099518114E1
5.791233729E1,4.598844528E1,-5.234430695E1,1.301276398E1,7.088156033E1
5.792232629E1,4.602340317E1,-5.253245926E1,1.304075623E1,7.104839363E1
5.793231529E1,4.605470657E1,-5.226286316E1,1.281282043E1,7.082803986E1
5.794230429E1,4.601832199E1,-5.248338699E1,1.280573273E1,7.096603878E1
5.795229229E1,4.515874863E1,-5.204829407E1,1.392716980E1,7.030151884E1
5.796228129E1,4.513741684E1,-5.203219604E1,1.386095428E1,7.026280579E1
5.797227029E1,4.520644760E1,-5.190910339E1,1.415628052E1,7.027501831E1
5.798225929E1,4.543415070E1,-5.191149902E1,1.420986938E1,7.043426842E1
5.799224829E1,4.528588104E1,-5.193978119E1,1.430367279E1,7.037859722E1
5.800223729E1,4.536720276E1,-5.208953857E1,1.426981354E1,7.053460635E1
5.801222529E1,4.526267624E1,-5.210634613E1,1.416940308E1,7.045958523E1
5.802221429E1,4.523278427E1,-5.202790833E1,1.426335907E1,7.040135957E1
5.803220329E1,4.525536728E1,-5.200511169E1,1.449345398E1,7.044600853E1
5.804219229E1,4.517383194E1,-5.203855133E1,1.444332886E1,7.040806534E1
5.805218129E1,4.528569031E1,-5.192057037E1,1.454831696E1,7.041443674E1
5.806217029E1,4.528310776E1,-5.197894287E1,1.445873260E1,7.043738566E1
5.807215829E1,4.514298630E1,-5.189870453E1,1.443150330E1,7.028252294E1
5.808214729E1,4.520935440E1,-5.184963989E1,1.473520660E1,7.035195233E1
5.809213629E1,4.535647202E1,-5.182324982E1,1.444760132E1,7.036754905E1
5.810212529E1,4.543068695E1,-5.176005554E1,1.465671539E1,7.041214364E1
5.811211429E1,4.527753448E1,-5.189961243E1,1.441064453E1,7.036541462E1
5.812210329E1,4.536721039E1,-5.184128571E1,1.417475128E1,7.033225616E1
5.813209129E1,4.535612106E1,-5.170599365E1,1.412651825E1,7.021571060E1
5.814208029E1,4.543341446E1,-5.178536224E1,1.390165710E1,7.027926410E1
5.815206929E1,4.550941467E1,-5.167802429E1,1.392681885E1,7.025440415E1
5.816205829E1,4.571477127E1,-5.174923706E1,1.397871399E1,7.045018306E1
5.817204729E1,4.577266312E1,-5.187149048E1,1.396810150E1,7.057546367E1
5.818203529E1,4.578611374E1,-5.167987061E1,1.381742096E1,7.041376541E1
5.819202429E1,4.565747833E1,-5.164001465E1,1.380673218E1,7.029880720E1
5.820201329E1,4.607640076E1,-5.169048309E1,1.387780762E1,7.062247725E1
5.821200229E1,4.604809189E1,-5.179568481E1,1.365275574E1,7.063722440E1
5.822199129E1,4.612807083E1,-5.169421387E1,1.383680725E1,7.065088747E1
5.823198029E1,4.624338913E1,-5.170407867E1,1.390431213E1,7.074667968E1
5.824196829E1,4.631048584E1,-5.161074829E1,1.383254242E1,7.070834228E1
5.825195729E1,4.617648697E1,-5.175661469E1,1.378541565E1,7.071812213E1
5.826194629E1,4.617066956E1,-5.155741882E1,1.393582916E1,7.059819755E1
5.827193529E1,4.616917038E1,-5.171142578E1,1.432377625E1,7.078724755E1
5.828192429E1,4.622500229E1,-5.157582092E1,1.448463440E1,7.075747857E1
5.829191329E1,4.613734436E1,-5.166898346E1,1.435775757E1,7.074237485E1
5.830190129E1,4.618771744E1,-5.154521179E1,1.445693970E1,7.070514271E1
5.831189029E1,4.618848419E1,-5.164477539E1,1.477532959E1,7.084397830E1
5.832187929E1,4.619183350E1,-5.161893463E1,1.486976624E1,7.084708775E1
5.833186829E1,4.619581223E1,-5.157661438E1,1.492103577E1,7.082963734E1
5.834185729E1,4.630945587E1,-5.154049683E1,1.508518982E1,7.091228009E1
5.835184529E1,4.599212646E1,-5.144409943E1,1.490840149E1,7.059767346E1
5.836183429E1,4.599212646E1,-5.144409943E1,1.490840149E1,7.059767346E1
5.837182329E1,4.587413788E1,-5.128475189E1,1.493126678E1,7.040955213E1
5.838181229E1,4.582190323E1,-5.143012238E1,1.494281006E1,7.048398311E1
5.839180129E1,4.591946030E1,-5.136710739E1,1.515724182E1,7.054727872E1
5.840179029E1,4.574252701E1,-5.151487732E1,1.523786926E1,7.055745192E1
5.841177829E1,4.572467041E1,-5.129725266E1,1.563195038E1,7.047348073E1
5.842176729E1,4.557983017E1,-5.146534729E1,1.566487122E1,7.050951057E1
5.843175629E1,4.545981216E1,-5.143181229E1,1.586257935E1,7.045173710E1
5.844174529E1,4.541199112E1,-5.159106064E1,1.614321899E1,7.060092064E1
5.845173429E1,4.191728592E1,-4.929306030E1,1.647044373E1,6.676930559E1
5.846172329E1,4.167043304E1,-4.953599930E1,1.665747070E1,6.684094214E1
5.847171129E1,4.155025864E1,-4.945977402E1,1.695149231E1,6.678357830E1
5.848170029E1,4.123107147E1,-4.971199417E1,1.690737915E1,6.676183857E1
5.849168929E1,4.122286224E1,-4.957471466E1,1.700772858E1,6.668012850E1
5.850167829E1,4.104950714E1,-4.963799286E1,1.695457458E1,6.660668113E1
5.851166729E1,4.088202286E1,-4.942257309E1,1.699238586E1,6.635263146E1
5.852165529E1,4.100608444E1,-4.970022583E1,1.719404602E1,6.668767973E1
5.853164429E1,4.105198288E1,-4.956996918E1,1.694030762E1,6.655389669E1
5.854163329E1,4.090824890E1,-4.963493729E1,1.677607727E1,6.647216407E1
5.855162229E1,4.100815582E1,-4.955498886E1,1.670635986E1,6.645651379E1
5.856161129E1,4.088090897E1,-4.977876282E1,1.626053619E1,6.643477239E1
5.857160029E1,4.103039551E1,-4.984251404E1,1.605833435E1,6.652548131E1
5.858158817E1,4.095990372E1,-4.991932297E1,1.583303070E1,6.648561784E1
5.859157717E1,4.096675110E1,-4.978427505E1,1.584774017E1,6.639201463E1
5.860156617E1,4.087799835E1,-4.988097000E1,1.573683929E1,6.638350720E1
5.861155517E1,4.084823227E1,-4.990684128E1,1.553649139E1,6.633742119E1
5.862154417E1,4.078157425E1,-4.996902466E1,1.539193726E1,6.630951633E1
5.863153217E1,4.076973343E1,-4.991442490E1,1.554904175E1,6.629776524E1
5.864152117E1,4.061201096E1,-4.989144135E1,1.550429535E1,6.617306497E1
5.865151017E1,3.835028839E1,-5.004607773E1,1.457507324E1,6.471311518E1
5.866149917E1,3.827427292E1,-5.026034927E1,1.466484070E1,6.485430001E1
5.867148817E1,3.841706467E1,-5.009918213E1,1.474700928E1,6.483265528E1
5.868147717E1,3.804452515E1,-5.023092651E1,1.469754028E1,6.470355139E1
5.869146517E1,3.794590759E1,-5.016074753E1,1.471120453E1,6.459421053E1
5.870145417E1,3.780109406E1,-5.026203918E1,1.483828735E1,6.461710351E1
5.871144317E1,3.775355911E1,-5.043630219E1,1.480938721E1,6.471838806E1
5.872143217E1,3.762282181E1,-5.039710999E1,1.493267059E1,6.464000361E1
5.873142117E1,3.747912979E1,-5.046140671E1,1.481027985E1,6.457850359E1
5.874141017E1,3.736193085E1,-5.049832916E1,1.480605316E1,6.453847174E1
5.875139817E1,3.713184738E1,-5.028502655E1,1.497418213E1,6.427739973E1
5.876138717E1,3.690179443E1,-5.047491455E1,1.480020905E1,6.425344831E1
5.877137617E1,3.691226959E1,-5.044018173E1,1.498566437E1,6.427517185E1
5.878136517E1,3.258540726E1,-4.794315338E1,1.507081604E1,5.989561101E1
5.879135417E1,3.251182175E1,-4.792722321E1,1.505570984E1,5.983904809E1
5.880134217E1,3.243756104E1,-4.795689011E1,1.507291412E1,5.982684527E1
5.881133117E1,3.223281097E1,-4.781896210E1,1.495925903E1,5.957672927E1
5.882132017E1,3.227178574E1,-4.800941086E1,1.518956757E1,5.980881748E1
5.883130917E1,3.222311401E1,-4.809480286E1,1.507086182E1,5.982115023E1
5.884129817E1,3.192333984E1,-4.797845078E1,1.491205597E1,5.952647124E1
5.885128717E1,3.193626404E1,-4.781639862E1,1.510517883E1,5.945165570E1
5.886127517E1,3.188826752E1,-4.801590729E1,1.491836548E1,5.953945403E1
5.887126417E1,3.180107498E1,-4.801242065E1,1.482479095E1,5.946659006E1
5.888125317E1,3.179065895E1,-4.798016739E1,1.479939270E1,5.942865036E1
5.889124217E1,3.162722778E1,-4.795874023E1,1.466518402E1,5.929072376E1
5.890123117E1,3.170015717E1,-4.798952484E1,1.472948456E1,5.937046550E1
5.891122017E1,3.198506927E1,-4.820026779E1,1.480553436E1,5.971192778E1
5.892120817E1,3.205049515E1,-4.828116226E1,1.484532928E1,5.982214197E1
5.893119717E1,3.193379974E1,-4.809724808E1,1.479787445E1,5.959941214E1
5.894118617E1,3.184782028E1,-4.811446381E1,1.486178589E1,5.958320203E1
5.895117517E1,3.184537888E1,-4.804098511E1,1.490749359E1,5.953400517E1
5.896116417E1,3.174116707E1,-4.798757553E1,1.517729950E1,5.950344118E1
5.897115217E1,3.163059807E1,-4.806335831E1,1.484456635E1,5.942173252E1
5.898114117E1,3.191150093E1,-4.828822708E1,1.502839661E1,5.979924306E1
5.899113017E1,3.197343636E1,-4.827016068E1,1.497850037E1,5.980522149E1
5.900111917E1,3.209006119E1,-4.821408463E1,1.526284027E1,5.989427582E1
5.901110817E1,3.204176712E1,-4.833812332E1,1.526327515E1,5.996846317E1
5.902109717E1,3.193807220E1,-4.825199509E1,1.528524017E1,5.984926109E1
5.903108517E1,3.205406952E1,-4.830830383E1,1.536791992E1,5.997773382E1
5.904107417E1,3.186744499E1,-4.809105682E1,1.566849518E1,5.978114701E1
5.905106317E1,3.209008789E1,-4.831171036E1,1.560179138E1,6.006006155E1
5.906105217E1,3.188235664E1,-4.828586197E1,1.577037811E1,5.997261006E1
5.907104117E1,3.188033676E1,-4.829675674E1,1.562101746E1,5.994121095E1
5.908102917E1,3.186182594E1,-4.823990631E1,1.579969788E1,5.993241999E1
5.909101817E1,3.187466812E1,-4.855249405E1,1.568587494E1,6.016133159E1
5.910100717E1,3.176861572E1,-4.814758682E1,1.595068359E1,5.984863715E1
5.911099617E1,3.158011818E1,-4.821743774E1,1.597536469E1,5.981168317E1
5.912098517E1,3.048046112E1,-4.730635834E1,1.597996521E1,5.850050715E1
5.913097417E1,3.041954231E1,-4.740247345E1,1.593758392E1,5.853502904E1
5.914096217E1,3.045697975E1,-4.748566437E1,1.615000916E1,5.867996874E1
5.915095117E1,3.032323837E1,-4.740904617E1,1.611327362E1,5.853848334E1
5.916094017E1,3.035160828E1,-4.730976868E1,1.601541901E1,5.844594069E1
5.917092917E1,3.026265144E1,-4.745996857E1,1.591045380E1,5.849289896E1
5.918091817E1,3.046139526E1,-4.742816925E1,1.594162750E1,5.857869346E1
5.919090617E1,3.040901756E1,-4.756956482E1,1.582323456E1,5.863400548E1
5.920089517E1,3.050457001E1,-4.754085159E1,1.582333374E1,5.866037208E1
5.921088417E1,3.050457001E1,-4.754085159E1,1.582333374E1,5.866037208E1
5.922087317E1,3.039263916E1,-4.740144730E1,1.588304138E1,5.850539056E1
5.923086217E1,3.056590652E1,-4.748736954E1,1.580854797E1,5.864499208E1
5.924085117E1,3.035097504E1,-4.743753052E1,1.582381439E1,5.849695795E1
5.925083917E1,3.030302429E1,-4.738131714E1,1.587210846E1,5.843959550E1
5.926082817E1,3.021262741E1,-4.740540314E1,1.605998230E1,5.846364796E1
5.927081717E1,3.013216591E1,-4.734204483E1,1.615094757E1,5.839580240E1
5.928080617E1,3.010134125E1,-4.734036636E1,1.590373230E1,5.831063139E1
5.929079517E1,3.022377777E1,-4.730332184E1,1.588919830E1,5.833993163E1
5.930078417E1,3.014233589E1,-4.744124603E1,1.555579376E1,5.831993619E1
5.931077217E1,3.010560989E1,-4.722876740E1,1.543936157E1,5.809714367E1
5.932076117E1,3.021706772E1,-4.740716934E1,1.562165070E1,5.834849490E1
5.933075017E1,3.023760033E1,-4.733545303E1,1.557772827E1,5.828913454E1
5.934073917E1,3.013208008E1,-4.747286606E1,1.530802155E1,5.827478687E1
5.935072817E1,3.021590042E1,-4.740100479E1,1.535854340E1,5.827298472E1
5.936071617E1,3.012069702E1,-4.743362427E1,1.531533051E1,5.823885686E1
5.937070517E1,3.018629837E1,-4.739910126E1,1.538010406E1,5.826178001E1
5.938069417E1,3.009266663E1,-4.745983887E1,1.516454315E1,5.820625618E1
5.939068317E1,3.034160233E1,-4.744861221E1,1.553311157E1,5.842312203E1
5.940067217E1,3.009462357E1,-4.743311310E1,1.532242584E1,5.822682646E1
5.941066117E1,3.012334824E1,-4.734389496E1,1.536476898E1,5.818020819E1
5.942064917E1,3.026264763E1,-4.730500031E1,1.555451202E1,5.827120850E1
5.943063817E1,3.037410927E1,-4.726977539E1,1.570483398E1,5.834089466E1
5.944062717E1,3.025435066E1,-4.730065155E1,1.574782562E1,5.831527573E1
5.945061617E1,3.027869987E1,-4.722523117E1,1.562879944E1,5.823471042E1
5.946060517E1,3.031516838E1,-4.734754181E1,1.564701080E1,5.835775952E1
5.947059317E1,3.033040619E1,-4.726668549E1,1.591354370E1,5.837220203E1
5.948058217E1,3.029269409E1,-4.728071213E1,1.595285797E1,5.837470970E1
5.949057117E1,3.031509018E1,-4.715621185E1,1.605541229E1,5.831371428E1
5.950056017E1,3.030526543E1,-4.726090622E1,1.602188110E1,5.838409923E1
5.951054917E1,3.026979828E1,-4.718940353E1,1.619465637E1,5.835552578E1
5.952053817E1,3.042477417E1,-4.676964188E1,1.603350067E1,5.805290198E1
5.953052617E1,3.045661163E1,-4.664237976E1,1.624513245E1,5.802603821E1
5.954051517E1,3.044668961E1,-4.667461395E1,1.628807831E1,5.805878048E1
5.955050417E1,3.042622375E1,-4.656118011E1,1.645162201E1,5.800305554E1
5.956049317E1,3.042437363E1,-4.669997025E1,1.632810974E1,5.807871296E1
5.957048217E1,3.048225784E1,-4.646806717E1,1.634418488E1,5.792738289E1
5.958047017E1,3.037578583E1,-4.642969513E1,1.638700104E1,5.785273336E1
5.959045996E1,3.053201675E1,-4.632281113E1,1.648774719E1,5.787791189E1
5.960044896E1,3.045376205E1,-4.642172241E1,1.643789673E1,5.790174768E1
5.961043796E1,3.056255913E1,-4.647769928E1,1.634029388E1,5.797630339E1
5.962042696E1,3.061917686E1,-4.652375793E1,1.637934875E1,5.805408780E1
5.963041596E1,3.059840393E1,-4.642607117E1,1.640267944E1,5.797146108E1
5.964040396E1,3.060241699E1,-4.647870636E1,1.645475769E1,5.803048441E1
5.965039296E1,3.068828773E1,-4.638423538E1,1.661788940E1,5.804672725E1
5.966038196E1,3.047115707E1,-4.641379166E1,1.648654175E1,5.791836952E1
5.967037096E1,3.063055038E1,-4.633533478E1,1.677327728E1,5.802186395E1
5.968035996E1,3.057854462E1,-4.634136581E1,1.664485931E1,5.796223700E1
5.969034796E1,3.062591934E1,-4.629870987E1,1.645935059E1,5.790015279E1
5.970033696E1,3.055347252E1,-4.634056091E1,1.664525604E1,5.794848417E1
5.971032596E1,3.058824158E1,-4.631211472E1,1.646212769E1,5.789174501E1
5.972031496E1,3.052540398E1,-4.639351654E1,1.654624939E1,5.794770948E1
5.973030396E1,3.061808777E1,-4.632313538E1,1.644931030E1,5.791269273E1
5.974029296E1,3.055640793E1,-4.634690094E1,1.667633820E1,5.796403668E1
5.975028096E1,3.067964554E1,-4.618299103E1,1.677805328E1,5.792764783E1
5.976026996E1,3.064965057E1,-4.638872910E1,1.663855743E1,5.803582394E1
5.977025896E1,3.062515640E1,-4.633766556E1,1.657318115E1,5.796334866E1
5.978024796E1,3.068411636E1,-4.639365005E1,1.650080109E1,5.801863665E1
5.979023696E1,3.061982346E1,-4.638848495E1,1.642617798E1,5.795933443E1
5.980022496E1,3.060344696E1,-4.637424088E1,1.664566803E1,5.800189175E1
5.981021396E1,3.059742165E1,-4.630263901E1,1.631941223E1,5.784859381E1
5.982020296E1,3.058029366E1,-4.627990341E1,1.648525238E1,5.786836239E1
5.983019196E1,3.058126831E1,-4.631272888E1,1.632926178E1,5.785090853E1
5.984018096E1,3.052958679E1,-4.644986725E1,1.628350067E1,5.792062009E1
5.985016996E1,3.062998581E1,-4.641136169E1,1.632710266E1,5.795502400E1
5.986015796E1,3.052751541E1,-4.649187851E1,1.632891846E1,5.796600333E1
5.987014696E1,3.055347633E1,-4.638276672E1,1.634124756E1,5.789570223E1
5.988013596E1,3.064682770E1,-4.640156555E1,1.634612274E1,5.796144462E1
5.989012496E1,3.073359871E1,-4.638729858E1,1.649904633E1,5.803924611E1
5.990011396E1,3.083505630E1,-4.651213455E1,1.661558533E1,5.822591376E1
5.991010196E1,3.070854187E1,-4.647735214E1,1.650147247E1,5.809868673E1
5.992009096E1,3.085823822E1,-4.653234863E1,1.645148468E1,5.820774591E1
5.993007996E1,3.069122696E1,-4.628775787E1,1.642813873E1,5.791711045E1
5.994006896E1,3.074971771E1,-4.641701508E1,1.635517120E1,5.803081985E1
5.995005796E1,3.089807701E1,-4.642014313E1,1.631018066E1,5.809942206E1
5.996004696E1,3.084070396E1,-4.654689026E1,1.633564758E1,5.817744748E1
5.997003496E1,3.079360199E1,-4.648175049E1,1.636618805E1,5.810895941E1
5.998002396E1,3.070268250E1,-4.632536316E1,1.633804321E1,5.792776226E1
5.999001296E1,3.062744522E1,-4.620578003E1,1.632666016E1,5.778905035E1
6.000000196E1,3.077396202E1,-4.636560822E1,1.635831451E1,5.800345522E1
6.000999096E1,3.055430031E1,-4.624925232E1,1.633957672E1,5.778875647E1
6.001997996E1,3.078921127E1,-4.637163544E1,1.628647614E1,5.799614995E1
6.002996796E1,3.089295387E1,-4.640476227E1,1.637873077E1,5.810369508E1
6.003995696E1,3.072961617E1,-4.623625946E1,1.665753174E1,5.796183539E1
6.004994596E1,3.072961617E1,-4.623625946E1,1.665753174E1,5.796183539E1
6.005993496E1,3.061314774E1,-4.615383148E1,1.655839539E1,5.780589444E1
6.006992396E1,3.058756256E1,-4.612022400E1,1.648899078E1,5.774565665E1
6.007991196E1,3.065228271E1,-4.602762604E1,1.656893158E1,5.772897269E1
6.008990096E1,3.088546562E1,-4.625440216E1,1.644847107E1,5.799943023E1
6.009988996E1,3.090500069E1,-4.634126282E1,1.649640656E1,5.809271156E1
6.010987896E1,3.077394867E1,-4.605194092E1,1.656033325E1,5.781056838E1
6.011986796E1,3.105320168E1,-4.631354523E1,1.663526917E1,5.818915695E1
6.012985696E1,3.086128616E1,-4.601859283E1,1.673611450E1,5.788114891E1
6.013984496E1,3.100669098E1,-4.621589661E1,1.668396759E1,5.810059173E1
6.014983396E1,3.115293121E1,-4.611512756E1,1.686148071E1,5.814997545E1
6.015982296E1,3.113253975E1,-4.619788361E1,1.688279724E1,5.821089523E1
6.016981196E1,3.125389671E1,-4.614028168E1,1.689183807E1,5.823285882E1
6.017980096E1,3.122777557E1,-4.617581940E1,1.701809692E1,5.828375320E1
6.018978896E1,3.133110619E1,-4.607344055E1,1.703700256E1,5.826370736E1
6.019977796E1,3.127261925E1,-4.613495636E1,1.679637909E1,5.821107509E1
6.020976696E1,3.140410423E1,-4.607829285E1,1.725579834E1,5.837113508E1
6.021975596E1,3.136220932E1,-4.611272430E1,1.734655762E1,5.840269324E1
6.022974496E1,3.146268845E1,-4.612889862E1,1.720852661E1,5.842866968E1
6.023973396E1,3.149375153E1,-4.610105896E1,1.713608551E1,5.840213565E1
6.024972196E1,3.138492966E1,-4.576332092E1,1.720780182E1,5.809822540E1
6.025971096E1,3.144215965E1,-4.590818024E1,1.717311859E1,5.823303546E1
6.026969996E1,3.152677155E1,-4.591438293E1,1.704442596E1,5.824586115E1
6.027968896E1,3.150017929E1,-4.596762085E1,1.716960144E1,5.831019358E1
6.028967796E1,3.160248184E1,-4.597318268E1,1.732109070E1,5.841464343E1
6.029966596E1,3.150246048E1,-4.597329712E1,1.722575378E1,5.833245801E1
6.030965496E1,3.153075790E1,-4.588373566E1,1.738642883E1,5.832489862E1
6.031964396E1,3.156566429E1,-4.594458771E1,1.738658142E1,5.839169046E1
6.032963296E1,3.106966019E1,-4.555641174E1,1.678287506E1,5.764004971E1
6.033962196E1,3.107522774E1,-4.567444229E1,1.691702271E1,5.777551484E1
6.034961096E1,3.104893303E1,-4.564336014E1,1.680804443E1,5.770496447E1
6.035959896E1,3.101557732E1,-4.578458405E1,1.677977753E1,5.779061434E1
6.036958796E1,3.104341698E1,-4.569575119E1,1.684851837E1,5.775524206E1
6.037957696E1,3.103023911E1,-4.576577759E1,1.678232574E1,5.778432828E1
6.038956596E1,3.110185432E1,-4.564837265E1,1.676038361E1,5.772356301E1
6.039955496E1,3.102853394E1,-4.568688583E1,1.679199982E1,5.772376212E1
6.040954296E1,3.108980751E1,-4.554822922E1,1.680210876E1,5.765004922E1
6.041953196E1,3.091501617E1,-4.570728683E1,1.657949066E1,5.761747830E1
6.042952096E1,3.102671623E1,-4.559883499E1,1.659593964E1,5.759632007E1
6.043950996E1,3.091950417E1,-4.567011261E1,1.662072754E1,5.760228735E1
6.044949896E1,3.095923424E1,-4.553039169E1,1.684574127E1,5.757837920E1
6.045948796E1,3.087307358E1,-4.576296616E1,1.664997101E1,5.765949426E1
6.046947596E1,3.093657684E1,-4.557857132E1,1.663760376E1,5.754379036E1
6.047946496E1,3.086659241E1,-4.569982147E1,1.659570312E1,5.759025587E1
6.048945396E1,3.089884186E1,-4.563239670E1,1.665732574E1,5.757187297E1
6.049944296E1,3.079644775E1,-4.577631378E1,1.658280182E1,5.760973367E1
6.050943196E1,3.065672493E1,-4.555037689E1,1.658444214E1,5.735604013E1
6.051941996E1,3.072968864E1,-4.570855331E1,1.668006897E1,5.754833022E1
6.052940896E1,3.057468605E1,-4.543769455E1,1.656399536E1,5.721679347E1
6.053939796E1,3.069056702E1,-4.568472290E1,1.647634888E1,5.744975964E1
6.054938696E1,3.082968330E1,-4.564928818E1,1.645171356E1,5.748900558E1
6.055937596E1,3.074761772E1,-4.589379501E1,1.659688568E1,5.768113236E1
6.056936396E1,3.060993958E1,-4.563913727E1,1.655729675E1,5.739375687E1
6.057935296E1,3.068108177E1,-4.579104614E1,1.660854340E1,5.756728584E1
6.058934192E1,3.076706505E1,-4.568148041E1,1.647731018E1,5.748836138E1
6.059933092E1,3.065806770E1,-4.559082413E1,1.667833710E1,5.741608911E1
6.060931992E1,3.065596199E1,-4.565385818E1,1.642350006E1,5.739158586E1
6.061930892E1,3.069078445E1,-4.578220367E1,1.655046082E1,5.754869396E1
6.062929692E1,3.054790497E1,-4.548065186E1,1.658661652E1,5.724316587E1
6.063928592E1,3.050787354E1,-4.562204361E1,1.679869080E1,5.739596870E1
6.064927492E1,3.050598717E1,-4.545438004E1,1.678408051E1,5.725749973E1
6.065926392E1,3.079139519E1,-4.572263336E1,1.678129578E1,5.762188045E1
6.066925292E1,3.098563766E1,-4.568770599E1,1.670975494E1,5.767748374E1
6.067924092E1,3.073280716E1,-4.570675659E1,1.672280121E1,5.756096867E1
6.068922992E1,3.082997131E1,-4.580023956E1,1.667809296E1,5.767415244E1
6.069921892E1,3.093080521E1,-4.587940598E1,1.675233459E1,5.781241491E1
6.070920792E1,3.084884834E1,-4.577845383E1,1.659269714E1,5.764230979E1
6.071919692E1,3.091559982E1,-4.577630234E1,1.644889832E1,5.763514921E1
6.072918592E1,3.082360458E1,-4.576041794E1,1.633439636E1,5.754062003E1
6.073917392E1,3.077867889E1,-4.584654617E1,1.653120422E1,5.764124898E1
6.074916292E1,3.072605896E1,-4.566874313E1,1.644480133E1,5.744698677E1
6.075915192E1,3.076968956E1,-4.583260727E1,1.665951538E1,5.766230257E1
6.076914092E1,3.079747772E1,-4.585309982E1,1.685196686E1,5.774928731E1
6.077912992E1,3.086818695E1,-4.585293961E1,1.676129150E1,5.776052224E1
6.078911792E1,3.088713074E1,-4.586842728E1,1.657007599E1,5.772776528E1
6.079910692E1,3.103991127E1,-4.587748337E1,1.678318024E1,5.787827495E1
6.080909592E1,3.089816093E1,-4.581018829E1,1.666368866E1,5.771436754E1
6.081908492E1,3.087347031E1,-4.590047073E1,1.679322052E1,5.781035061E1
6.082907392E1,3.092974472E1,-4.589645004E1,1.661431122E1,5.778553947E1
6.083906192E1,3.088122559E1,-4.582324982E1,1.674401855E1,5.773891647E1
6.084905092E1,3.089646530E1,-4.574845886E1,1.682013702E1,5.770987841E1
6.085903992E1,3.074840355E1,-4.579972076E1,1.688097382E1,5.768921927E1
6.086902892E1,3.082890511E1,-4.566619110E1,1.676153564E1,5.759141843E1
6.087901792E1,3.084875870E1,-4.578102112E1,1.680924988E1,5.770700728E1
6.088900692E1,3.084875870E1,-4.578102112E1,1.680924988E1,5.770700728E1
6.089899492E1,3.077418900E1,-4.563251877E1,1.648754120E1,5.745621370E1
6.090898392E1,3.095327377E1,-4.573730469E1,1.665434265E1,5.768338865E1
6.091897292E1,3.092393494E1,-4.580725479E1,1.649601746E1,5.767766409E1
6.092896192E1,3.086429024E1,-4.581486130E1,1.668051910E1,5.770481475E1
6.093895092E1,3.092477417E1,-4.574502182E1,1.680670166E1,5.771840174E1
6.094893892E1,3.092127037E1,-4.571490860E1,1.674655151E1,5.767516638E1
6.095892792E1,3.105693054E1,-4.573081207E1,1.665173340E1,5.773318225E1
6.096891692E1,3.106287956E1,-4.573918915E1,1.674521637E1,5.777004571E1
6.097890592E1,3.096546555E1,-4.573775482E1,1.665776062E1,5.769127544E1
6.098889492E1,3.095891953E1,-4.562808609E1,1.676959229E1,5.763329041E1
6.099888292E1,3.100471497E1,-4.569114685E1,1.691687012E1,5.775079000E1
6.100887192E1,3.104254913E1,-4.582808685E1,1.678489685E1,5.784104221E1
6.101886092E1,3.098717880E1,-4.587555695E1,1.678084564E1,5.784780684E1
6.102884992E1,3.108222580E1,-4.575155640E1,1.698743439E1,5.786089008E1
6.103883892E1,3.100764084E1,-4.578322220E1,1.703717041E1,5.786054269E1
6.104882792E1,3.105297852E1,-4.578512955E1,1.704951477E1,5.788999496E1
6.105881592E1,3.100729370E1,-4.577953720E1,1.704325104E1,5.785923172E1
6.106880492E1,3.104553223E1,-4.576370239E1,1.713542938E1,5.789442519E1
6.107879392E1,3.099150848E1,-4.575503540E1,1.730703735E1,5.790967453E1
6.108878292E1,3.117377853E1,-4.571009445E1,1.724548340E1,5.795363578E1
6.109877192E1,3.104161072E1,-4.569830704E1,1.720967865E1,5.786268142E1
6.110875992E1,3.115983009E1,-4.568695068E1,1.765845490E1,5.805216192E1
6.111874892E1,3.113234711E1,-4.573088837E1,1.732286835E1,5.797084573E1
6.112873792E1,3.112483215E1,-4.566135788E1,1.728751373E1,5.790140681E1
6.113872692E1,3.137583733E1,-4.613962936E1,1.714639282E1,5.837214535E1
6.114871592E1,3.125115013E1,-4.609774017E1,1.711802673E1,5.826373549E1
6.115870492E1,3.130748940E1,-4.625803757E1,1.691382599E1,5.836130946E1
6.116869292E1,3.132631683E1,-4.611934280E1,1.674676514E1,5.821328070E1
6.117868192E1,3.128125572E1,-4.613390350E1,1.665994263E1,5.817566244E1
6.118867092E1,3.133772659E1,-4.609218979E1,1.661264038E1,5.815946086E1