"Time (s)","Magnetic Field x (µT)","Magnetic Field y (µT)","Magnetic Field z (µT)","Absolute field (µT)"
1.116154162E-2,1.254703712E1,1.766625023E1,-4.045806122E1,4.589530755E1
2.114954166E-2,1.266607857E1,1.777300072E1,-4.040105438E1,4.591899711E1
3.113754163E-2,1.262124062E1,1.771825218E1,-4.033098602E1,4.582379959E1
4.112554167E-2,1.270724773E1,1.776486397E1,-4.031118011E1,4.584818185E1
5.111354165E-2,1.264297962E1,1.782587624E1,-4.046920013E1,4.599307510E1
6.110254163E-2,1.280463791E1,1.765967751E1,-4.065319061E1,4.613572226E1
7.109054166E-2,1.282847691E1,1.781810951E1,-4.046338654E1,4.603629542E1
8.107854164E-2,1.282643127E1,1.767520523E1,-4.024802399E1,4.579119625E1
9.106654167E-2,1.289389896E1,1.751289749E1,-4.026235199E1,4.576036710E1
1.010545417E-1,1.288705158E1,1.762118149E1,-4.032716370E1,4.585697621E1
1.110439167E-1,1.289303112E1,1.745665169E1,-4.028382874E1,4.575753268E1
1.210319166E-1,1.278584671E1,1.750995636E1,-4.016896057E1,4.564670679E1
1.310199166E-1,1.278422451E1,1.753543282E1,-4.023854065E1,4.571726101E1
1.410079167E-1,1.268027878E1,1.756923103E1,-4.024066162E1,4.570315303E1
1.509959166E-1,1.262605762E1,1.749699020E1,-4.023619080E1,4.565646775E1
1.609839167E-1,1.265269566E1,1.763663483E1,-4.002062988E1,4.552793002E1
1.709729166E-1,1.249865532E1,1.758861351E1,-4.016487122E1,4.559377797E1
1.809609166E-1,1.258146095E1,1.760243225E1,-4.019752502E1,4.565062759E1
1.909489167E-1,1.258761787E1,1.759086418E1,-4.023002625E1,4.567648890E1
2.009369166E-1,1.271681404E1,1.767390823E1,-4.020538330E1,4.572261189E1
2.109249167E-1,1.270560837E1,1.754110527E1,-4.037472534E1,4.581747816E1
2.209129166E-1,1.285547256E1,1.755162239E1,-4.055021667E1,4.601785192E1
2.309019166E-1,1.273325062E1,1.749119377E1,-4.057394409E1,4.598176236E1
2.408899167E-1,1.263947487E1,1.764389038E1,-4.053300476E1,4.597812162E1
2.508779166E-1,1.246707821E1,1.788983154E1,-4.050073242E1,4.599764601E1
2.608659167E-1,1.247487450E1,1.776351547E1,-4.045153809E1,4.590742760E1
2.708539166E-1,1.264577770E1,1.771450806E1,-4.032801819E1,4.582650478E1
2.808429166E-1,1.265652943E1,1.760505676E1,-4.022375488E1,4.569547262E1
2.908309167E-1,1.267874718E1,1.743669128E1,-4.037219238E1,4.576792273E1
3.008189166E-1,1.284926891E1,1.766670609E1,-4.011672974E1,4.567896912E1
3.108069166E-1,1.272360325E1,1.769292641E1,-3.999584961E1,4.554775198E1
3.207949167E-1,1.264560413E1,1.765953064E1,-4.008168030E1,4.558850098E1
3.307829166E-1,1.270843983E1,1.770290375E1,-4.011582947E1,4.565278762E1
3.407719167E-1,1.268205929E1,1.768738937E1,-4.011529541E1,4.563896686E1
3.507599166E-1,1.290195274E1,1.754183197E1,-4.003961182E1,4.557791974E1
3.607479166E-1,1.290195274E1,1.754183197E1,-4.003961182E1,4.557791974E1
3.707359167E-1,1.288216496E1,1.754686165E1,-3.995260620E1,4.549783808E1
3.807239166E-1,1.282079601E1,1.750581932E1,-4.011839294E1,4.561043711E1
3.907119167E-1,1.263531113E1,1.764908028E1,-4.036148071E1,4.582783267E1
4.007009167E-1,1.272868538E1,1.761888885E1,-4.045443726E1,4.592391719E1
4.106889166E-1,1.276378536E1,1.755627251E1,-4.030363464E1,4.577684881E1
4.206769167E-1,1.257520294E1,1.759000778E1,-4.011701965E1,4.557323083E1
4.306649166E-1,1.263951015E1,1.767303085E1,-3.991947937E1,4.544951121E1
4.406529167E-1,1.265531349E1,1.769885254E1,-4.007199097E1,4.559792540E1
4.506419167E-1,1.266049862E1,1.775992012E1,-4.015618896E1,4.569707321E1
4.606299166E-1,1.268252945E1,1.769996071E1,-4.010473633E1,4.563469117E1
4.706179167E-1,1.269922447E1,1.764052963E1,-4.032693481E1,4.581179171E1
4.806059166E-1,1.267490673E1,1.754387474E1,-4.051513672E1,4.593383399E1
4.905939166E-1,1.291213226E1,1.745806313E1,-4.010266113E1,4.560406295E1
5.005819167E-1,1.287240028E1,1.748569107E1,-4.021608734E1,4.570319204E1
5.105709166E-1,1.279634571E1,1.762396622E1,-4.006656647E1,4.560351299E1
5.205589167E-1,1.274355698E1,1.753935814E1,-4.011914825E1,4.560233969E1
5.305469166E-1,1.271369743E1,1.762329102E1,-3.992049408E1,4.545178034E1
5.405349166E-1,1.283382225E1,1.760501099E1,-4.004534149E1,4.558807718E1
5.505229167E-1,1.290138149E1,1.747790909E1,-3.995282745E1,4.547693231E1
5.605109166E-1,1.261979771E1,1.768735695E1,-3.989574432E1,4.542876077E1
5.704999166E-1,1.270326519E1,1.768746376E1,-4.022644806E1,4.574261082E1
5.804879167E-1,1.281921673E1,1.761627960E1,-4.024678802E1,4.576537524E1
5.904759166E-1,1.272387886E1,1.772303772E1,-3.998726654E1,4.555199935E1
6.004639167E-1,1.268846989E1,1.768688965E1,-4.016851044E1,4.568733483E1
6.104519166E-1,1.267310905E1,1.775124359E1,-4.005712128E1,4.561016671E1
6.204409166E-1,1.273809719E1,1.770199013E1,-4.024324799E1,4.577268381E1
6.304289167E-1,1.274600506E1,1.771061134E1,-4.007566071E1,4.563096515E1
6.404169166E-1,1.294531155E1,1.779069901E1,-4.000249481E1,4.565402122E1
6.504049167E-1,1.283151722E1,1.774871826E1,-4.002556610E1,4.562576877E1
6.603929166E-1,1.272430134E1,1.772182655E1,-4.000348663E1,4.556588553E1
6.703809166E-1,1.262246132E1,1.766919899E1,-3.995890045E1,4.547791605E1
6.803699167E-1,1.277175617E1,1.762870979E1,-4.006810760E1,4.559980715E1
6.903579166E-1,1.277670765E1,1.788831711E1,-3.999521637E1,4.563828962E1
7.003459167E-1,1.264919853E1,1.782536125E1,-4.028987885E1,4.583688542E1
7.103339166E-1,1.269127464E1,1.780709457E1,-4.018631744E1,4.575042272E1
7.203219166E-1,1.271411133E1,1.778606796E1,-4.031708527E1,4.586349534E1
7.303099167E-1,1.263189602E1,1.771056938E1,-4.057032013E1,4.603455159E1
7.402989166E-1,1.281379414E1,1.775334549E1,-4.028511810E1,4.585046714E1
7.502869166E-1,1.277195930E1,1.775402451E1,-4.026036835E1,4.581730667E1
7.602749167E-1,1.271033001E1,1.765931320E1,-4.026842499E1,4.577062249E1
7.702629166E-1,1.274924755E1,1.768929672E1,-4.021747589E1,4.574822290E1
7.802509167E-1,1.268141174E1,1.762007523E1,-4.024465179E1,4.572654867E1
7.902389166E-1,1.281893539E1,1.760719681E1,-4.026398468E1,4.577692592E1
8.002279166E-1,1.269118118E1,1.769358826E1,-4.040283966E1,4.589682558E1
8.102159167E-1,1.263363361E1,1.771383095E1,-4.024840546E1,4.575284305E1
8.202039166E-1,1.267639732E1,1.772262764E1,-4.030551910E1,4.581830911E1
8.301919167E-1,1.270146084E1,1.773874283E1,-4.027986908E1,4.580892880E1
8.401799166E-1,1.269328976E1,1.768394661E1,-4.051010895E1,4.598815608E1
8.501689166E-1,1.267365074E1,1.761648941E1,-4.043144989E1,4.588751750E1
8.601569167E-1,1.257525444E1,1.764207840E1,-4.032488251E1,4.577637058E1
8.701449166E-1,1.251854038E1,1.760874367E1,-4.028171539E1,4.570993658E1
8.801329166E-1,1.249068642E1,1.771004105E1,-4.037841034E1,4.582661697E1
8.901209167E-1,1.261067200E1,1.766231918E1,-4.034862518E1,4.581482425E1
9.001089166E-1,1.284211731E1,1.755424690E1,-4.025392914E1,4.575423885E1
9.100979167E-1,1.270210743E1,1.761285973E1,-4.037976074E1,4.584846168E1
9.200859166E-1,1.271450329E1,1.751747894E1,-4.016564941E1,4.562674715E1
9.300739166E-1,1.268039322E1,1.757876205E1,-4.012408447E1,4.560424763E1
9.400619167E-1,1.267592430E1,1.767179680E1,-4.036203003E1,4.584828162E1
9.500499166E-1,1.271449566E1,1.762947273E1,-4.014436340E1,4.565114042E1
9.600379167E-1,1.268861008E1,1.756262779E1,-4.030570984E1,4.576021161E1
9.700269166E-1,1.278682232E1,1.750522232E1,-4.023814392E1,4.570605933E1
9.800149166E-1,1.264365578E1,1.755096436E1,-4.045874023E1,4.587818700E1
9.900029167E-1,1.278505325E1,1.754483604E1,-4.043746948E1,4.589627214E1
9.999909166E-1,1.286262894E1,1.741226387E1,-4.034420776E1,4.578525152E1
1.009978917E0,1.287990475E1,1.745179558E1,-4.020739746E1,4.568470122E1
1.019967917E0,1.291672897E1,1.744440079E1,-4.023529053E1,4.571681977E1
1.029955917E0,1.279229927E1,1.748317719E1,-4.023892212E1,4.569983871E1
1.039943917E0,1.273199654E1,1.756714439E1,-4.047554016E1,4.592360667E1
1.049931917E0,1.275207901E1,1.745599937E1,-4.045054626E1,4.586473729E1
1.059919917E0,1.275270844E1,1.764678001E1,-4.041557312E1,4.590706882E1
1.069907917E0,1.268864632E1,1.765610504E1,-4.013099670E1,4.564248774E1
1.079896917E0,1.265631008E1,1.767525291E1,-4.041856384E1,4.589397622E1
1.089884917E0,1.264265347E1,1.766874886E1,-4.050991821E1,4.596819386E1
1.099872917E0,1.267278099E1,1.771610641E1,-4.046177673E1,4.595231421E1
1.109861000E0,1.263686180E1,1.771586418E1,-4.030683899E1,4.580593181E1
1.119849000E0,1.282424068E1,1.765224266E1,-4.045509338E1,4.596387060E1
1.129837000E0,1.268258858E1,1.780145645E1,-4.041276550E1,4.594487480E1
1.139826000E0,1.274711037E1,1.779039001E1,-4.035954285E1,4.591164883E1
1.149814000E0,1.272702789E1,1.770504379E1,-4.006999207E1,4.561852780E1
1.159802000E0,1.262172508E1,1.768156052E1,-4.018057251E1,4.567738974E1
1.169790000E0,1.264119339E1,1.775566673E1,-4.006686401E1,4.561158913E1
1.179778000E0,1.258285427E1,1.789484787E1,-4.017776489E1,4.574720312E1
1.189766000E0,1.258285427E1,1.789484787E1,-4.017776489E1,4.574720312E1
1.199755000E0,1.253381920E1,1.786573219E1,-4.005438232E1,4.561397323E1
1.209743000E0,1.268052483E1,1.776485634E1,-3.984541321E1,4.543173763E1
1.219731000E0,1.268476009E1,1.787703896E1,-3.999517822E1,4.560817845E1
1.229719000E0,1.261187840E1,1.785825157E1,-4.013410950E1,4.570255322E1
1.239707000E0,1.266909790E1,1.772630119E1,-4.016897583E1,4.569764124E1
1.249695000E0,1.269458580E1,1.776676369E1,-4.009082031E1,4.565177186E1
1.259684000E0,1.253820896E1,1.783843613E1,-4.023309326E1,4.576153713E1
1.269672000E0,1.239516354E1,1.784586716E1,-4.014028931E1,4.564381535E1
1.279660000E0,1.235747528E1,1.766076279E1,-4.031773376E1,4.571793295E1
1.289648000E0,1.231086826E1,1.773110390E1,-4.022309875E1,4.564917520E1
1.299636000E0,1.234286118E1,1.777947235E1,-4.015808105E1,4.561937454E1
1.309624000E0,1.241368866E1,1.788747025E1,-4.016692352E1,4.568854346E1
1.319613000E0,1.254390240E1,1.781222534E1,-4.014337921E1,4.567401617E1
1.329601000E0,1.250348091E1,1.778674889E1,-4.029639435E1,4.578760606E1
1.339589000E0,1.245368385E1,1.775682449E1,-4.032210541E1,4.578505479E1
1.349577000E0,1.252478695E1,1.766531372E1,-4.040375519E1,4.584099727E1
1.359565000E0,1.253095245E1,1.764992332E1,-4.011634064E1,4.558360834E1
1.369554000E0,1.249689198E1,1.766802979E1,-4.008831024E1,4.555660439E1
1.379542000E0,1.241605854E1,1.768742943E1,-4.031848907E1,4.574477271E1
1.389530000E0,1.250556374E1,1.775817299E1,-4.036838531E1,4.584046646E1
1.399518000E0,1.254248810E1,1.764616966E1,-4.038336945E1,4.582049584E1
1.409506000E0,1.260004520E1,1.765389633E1,-4.026245880E1,4.573277581E1
1.419494000E0,1.258855820E1,1.771081543E1,-4.013813019E1,4.564224223E1
1.429483000E0,1.264838314E1,1.768374634E1,-4.017105865E1,4.567724197E1
1.439471000E0,1.250434494E1,1.768015671E1,-4.034951019E1,4.579333528E1
1.449459000E0,1.250464535E1,1.775418091E1,-4.036023712E1,4.583149393E1
1.459447000E0,1.260328007E1,1.782181740E1,-4.048152924E1,4.599145631E1
1.469435000E0,1.247273254E1,1.775074959E1,-4.026461029E1,4.573726063E1
1.479423000E0,1.244559765E1,1.777537537E1,-4.020832062E1,4.568988857E1
1.489412000E0,1.254569244E1,1.771139908E1,-4.021532440E1,4.569858174E1
1.499400000E0,1.241310406E1,1.761945152E1,-4.030258942E1,4.570370814E1
1.509388000E0,1.256823158E1,1.768848228E1,-4.015816498E1,4.564560291E1
1.519376000E0,1.260553837E1,1.770091248E1,-4.014310455E1,4.564746152E1
1.529364000E0,1.247774124E1,1.773846436E1,-4.036602020E1,4.582316806E1
1.539352000E0,1.253084755E1,1.777988052E1,-4.029622650E1,4.579227186E1
1.549341000E0,1.234885216E1,1.778985596E1,-4.033081818E1,4.577715609E1
1.559329000E0,1.249690437E1,1.783319473E1,-4.042055511E1,4.591314332E1
1.569317000E0,1.259176540E1,1.783109665E1,-4.023529816E1,4.577531847E1
1.579305000E0,1.255124855E1,1.780373383E1,-4.029372406E1,4.580492306E1
1.589293000E0,1.258816242E1,1.783754730E1,-4.026696014E1,4.580467232E1
1.599281000E0,1.258306980E1,1.771948624E1,-4.044011688E1,4.590987793E1
1.609270000E0,1.265215874E1,1.767491531E1,-4.025028229E1,4.574456226E1
1.619258000E0,1.257696247E1,1.783019447E1,-4.018320465E1,4.572511078E1
1.629246000E0,1.242441654E1,1.794871521E1,-4.027239227E1,4.580816612E1
1.639234000E0,1.260234356E1,1.785438156E1,-4.032849884E1,4.586922523E1
1.649222000E0,1.245518589E1,1.785980988E1,-4.037596893E1,4.587290411E1
1.659210000E0,1.247322083E1,1.788197708E1,-4.051598358E1,4.600968667E1
1.669199000E0,1.248628998E1,1.793910980E1,-4.052620697E1,4.604446274E1
1.679187000E0,1.250023746E1,1.785974693E1,-4.054999542E1,4.603833865E1
1.689175000E0,1.259235382E1,1.790220642E1,-4.052962494E1,4.606198940E1
1.699163000E0,1.247535324E1,1.787461281E1,-4.055054474E1,4.603784204E1
1.709151000E0,1.245286083E1,1.776351547E1,-4.059700775E1,4.602969979E1
1.719140000E0,1.242487049E1,1.778160095E1,-4.046722412E1,4.591469228E1
1.729128000E0,1.241292477E1,1.779770279E1,-4.036364746E1,4.582644392E1
1.739116000E0,1.247873211E1,1.793649673E1,-4.058482361E1,4.609299922E1
1.749104000E0,1.258627415E1,1.781678963E1,-4.044706726E1,4.595451599E1
1.759092000E0,1.269647026E1,1.774812698E1,-4.043048096E1,4.594366288E1
1.769080000E0,1.270726776E1,1.778720284E1,-4.038627625E1,4.592287608E1
1.779069000E0,1.270983887E1,1.785383224E1,-4.046406555E1,4.601782188E1
1.789057000E0,1.257377148E1,1.783213425E1,-4.040559387E1,4.592054831E1
1.799045000E0,1.270803070E1,1.782178879E1,-4.032637024E1,4.588383524E1
1.809033000E0,1.255297470E1,1.785155869E1,-4.030583191E1,4.583465291E1
1.819021000E0,1.267835808E1,1.789091492E1,-4.016508484E1,4.576089641E1
1.829009000E0,1.258908844E1,1.784524155E1,-4.031033325E1,4.584605502E1
1.838998000E0,1.268622398E1,1.779291344E1,-4.037815857E1,4.591213061E1
1.848986000E0,1.258070564E1,1.787885094E1,-4.012597656E1,4.569487346E1
1.858974000E0,1.228428078E1,1.799693680E1,-4.016644287E1,4.569613136E1
1.868962000E0,1.261521435E1,1.783794212E1,-4.001351929E1,4.558966482E1
1.878950000E0,1.249897289E1,1.789895821E1,-4.027565002E1,4.581184359E1
1.888938000E0,1.247858524E1,1.787404633E1,-4.021740723E1,4.574534365E1
1.898927000E0,1.256070042E1,1.772459030E1,-4.031278992E1,4.579359483E1
1.908915000E0,1.252781010E1,1.775999451E1,-4.013088989E1,4.563827072E1
1.918903000E0,1.265420055E1,1.776058388E1,-4.031869507E1,4.583845878E1
1.928891000E0,1.242295933E1,1.783281898E1,-4.028114319E1,4.577018514E1
1.938879000E0,1.238675022E1,1.766340637E1,-4.050648499E1,4.589338549E1
1.948867000E0,1.246971130E1,1.771593475E1,-4.053802490E1,4.596389352E1
1.958856000E0,1.251494694E1,1.759223938E1,-4.040548706E1,4.581172522E1
1.968844000E0,1.258670235E1,1.759728241E1,-4.027468872E1,4.571804869E1
1.978832000E0,1.258983421E1,1.752852821E1,-4.054042053E1,4.592688672E1
1.988820000E0,1.267589188E1,1.766381454E1,-4.046865845E1,4.593909986E1
1.998808000E0,1.269581127E1,1.780819321E1,-4.032029724E1,4.586983474E1
2.008796000E0,1.273322392E1,1.770333672E1,-4.039851379E1,4.590842013E1
2.018785000E0,1.291809082E1,1.755961800E1,-4.055375671E1,4.604155121E1
2.028773000E0,1.291809082E1,1.755961800E1,-4.055375671E1,4.604155121E1
2.038761000E0,1.270354748E1,1.774715424E1,-4.032017517E1,4.584820747E1
2.048749000E0,1.272729301E1,1.769339752E1,-4.039767456E1,4.590220488E1
2.058737000E0,1.283257866E1,1.763676071E1,-4.048408508E1,4.598577550E1
2.068725000E0,1.269586849E1,1.767629051E1,-4.036911011E1,4.586176375E1
2.078714000E0,1.274769306E1,1.765113640E1,-4.044905090E1,4.593682633E1
2.088702000E0,1.277273655E1,1.771996307E1,-4.042472839E1,4.594886893E1
2.098690000E0,1.268497086E1,1.757962227E1,-4.030778503E1,4.576755553E1
2.108678292E0,1.286880398E1,1.770275307E1,-4.015621948E1,4.573309026E1
2.118666292E0,1.277758503E1,1.763576889E1,-4.035855103E1,4.585956459E1
2.128654292E0,1.274619770E1,1.754199982E1,-4.051091003E1,4.594911474E1
2.138643292E0,1.284079266E1,1.760796928E1,-4.025711060E1,4.577730324E1
2.148631292E0,1.278663063E1,1.760675621E1,-4.048376465E1,4.596119001E1
2.158619292E0,1.286095619E1,1.749416351E1,-4.046725464E1,4.592437968E1
2.168607292E0,1.271360016E1,1.754964066E1,-4.049415588E1,4.592822854E1
2.178595292E0,1.283223534E1,1.755605507E1,-4.026405334E1,4.576106779E1
2.188583292E0,1.280539417E1,1.766761780E1,-4.053948975E1,4.603882131E1
2.198572292E0,1.264943981E1,1.766040039E1,-4.047212219E1,4.593354705E1
2.208560292E0,1.269434643E1,1.772641754E1,-4.054089355E1,4.603190589E1
2.218548292E0,1.267087460E1,1.756774521E1,-4.037623596E1,4.581939726E1
2.228536292E0,1.258172417E1,1.772514343E1,-4.053846741E1,4.599834598E1
2.238524292E0,1.261489391E1,1.770373535E1,-4.039039612E1,4.586874636E1
2.248512292E0,1.268747234E1,1.767531967E1,-4.017782593E1,4.569077124E1
2.258501292E0,1.274076748E1,1.771979141E1,-4.019567871E1,4.573850403E1
2.268489292E0,1.263060951E1,1.776400757E1,-4.024517822E1,4.576862060E1
2.278477292E0,1.249952888E1,1.762600517E1,-4.030116272E1,4.572852498E1
2.288465292E0,1.251166058E1,1.784597397E1,-4.023454285E1,4.575848419E1
2.298453292E0,1.256814289E1,1.778178787E1,-4.049545288E1,4.597860263E1
2.308441292E0,1.247959995E1,1.788545227E1,-4.043571472E1,4.594210316E1
2.318430292E0,1.249943924E1,1.781926727E1,-4.020211792E1,4.571621761E1
2.328418292E0,1.241783428E1,1.791368294E1,-4.043977356E1,4.593993829E1
2.338406292E0,1.236881351E1,1.783979034E1,-4.033953857E1,4.580965007E1
2.348394292E0,1.244227791E1,1.785581779E1,-4.034136963E1,4.583739317E1
2.358382292E0,1.258300018E1,1.776760483E1,-4.019902039E1,4.571630907E1
2.368370292E0,1.252493763E1,1.781370354E1,-4.037541199E1,4.587347806E1
2.378359292E0,1.244409561E1,1.769683647E1,-4.052984619E1,4.594237661E1
2.388347292E0,1.258207607E1,1.774858856E1,-4.044252014E1,4.592296234E1
2.398335292E0,1.255315495E1,1.781683922E1,-4.034117126E1,4.585227974E1
2.408323292E0,1.252340794E1,1.785943794E1,-4.022151184E1,4.575549458E1
2.418311292E0,1.246756649E1,1.786668205E1,-4.030856323E1,4.581963347E1
2.428299292E0,1.244033146E1,1.783064842E1,-4.049005127E1,4.595800389E1
2.438288292E0,1.259438801E1,1.770335007E1,-4.027122498E1,4.575804600E1
2.448276292E0,1.243199825E1,1.777613831E1,-4.029525757E1,4.576301406E1
2.458264292E0,1.249909973E1,1.779492188E1,-4.048757935E1,4.595792445E1
2.468252292E0,1.257264614E1,1.779975510E1,-4.025865173E1,4.577839831E1
2.478240292E0,1.259815216E1,1.767137337E1,-4.033778381E1,4.580532368E1
2.488228292E0,1.247894955E1,1.789841080E1,-4.042132568E1,4.593431028E1
2.498217292E0,1.247619915E1,1.784288788E1,-4.051879883E1,4.599779616E1
2.508205292E0,1.247055912E1,1.772152710E1,-4.050642395E1,4.593841256E1
2.518193292E0,1.267591000E1,1.781727982E1,-4.042091370E1,4.595633165E1
2.528181292E0,1.253274059E1,1.787034988E1,-4.044378662E1,4.595779442E1
2.538169292E0,1.261826706E1,1.779776955E1,-4.032481384E1,4.584835740E1
2.548157292E0,1.243287945E1,1.781278610E1,-4.028097534E1,4.576492996E1
2.558146292E0,1.243341923E1,1.779524994E1,-4.051910400E1,4.596801740E1
2.568134292E0,1.247843742E1,1.783005905E1,-4.036244202E1,4.585574263E1
2.578122292E0,1.253335285E1,1.770358086E1,-4.055017090E1,4.598715113E1
2.588110292E0,1.253101444E1,1.789745331E1,-4.023806763E1,4.578697680E1
2.598098292E0,1.245627308E1,1.777420807E1,-4.034739685E1,4.581477539E1
2.608086292E0,1.256504345E1,1.771593666E1,-4.023179626E1,4.572015047E1
2.618075292E0,1.264363766E1,1.785500336E1,-4.018263245E1,4.575266843E1
2.628063292E0,1.254864883E1,1.784027481E1,-4.027688599E1,4.580361926E1
2.638051292E0,1.259876823E1,1.782484055E1,-4.056275940E1,4.606290646E1
2.648039292E0,1.260968113E1,1.774653435E1,-4.033116150E1,4.583171530E1
2.658027292E0,1.264534950E1,1.769656563E1,-3.999787903E1,4.552915138E1
2.668015292E0,1.267639446E1,1.771945763E1,-4.010505676E1,4.564083405E1
2.678004292E0,1.264799595E1,1.780906677E1,-4.033615112E1,4.587090307E1
2.687992292E0,1.249724102E1,1.787453270E1,-4.033636475E1,4.585523169E1
2.697980292E0,1.268947601E1,1.776046944E1,-4.033740234E1,4.586461712E1
2.707968292E0,1.256399822E1,1.783059502E1,-4.024198914E1,4.577337501E1
2.717956292E0,1.264246750E1,1.777300644E1,-4.006684875E1,4.561868161E1
2.727944292E0,1.257129383E1,1.769615173E1,-4.024847412E1,4.572888457E1
2.737933292E0,1.258633995E1,1.766652870E1,-4.033232117E1,4.579539628E1
2.747921292E0,1.255660725E1,1.777065277E1,-4.015234375E1,4.566919305E1
2.757909292E0,1.253956509E1,1.774716949E1,-4.045007324E1,4.591743833E1
2.767897292E0,1.255518246E1,1.763248444E1,-4.042192078E1,4.585268578E1
2.777885292E0,1.265280628E1,1.766456413E1,-4.051562500E1,4.597440812E1
2.787873292E0,1.261219120E1,1.765223312E1,-4.037788391E1,4.583712699E1
2.797862292E0,1.253014755E1,1.778696442E1,-4.035643005E1,4.584781508E1
2.807850292E0,1.261658955E1,1.776827240E1,-4.034696960E1,4.585594609E1
2.817838292E0,1.269754028E1,1.766112900E1,-4.026641846E1,4.576600771E1
2.827826292E0,1.257484055E1,1.774826622E1,-4.029722595E1,4.579294692E1
2.837814292E0,1.249974823E1,1.787468338E1,-4.043731689E1,4.594479959E1
2.847802292E0,1.258846378E1,1.783065796E1,-4.017018127E1,4.571701267E1
2.857791292E0,1.258846378E1,1.783065796E1,-4.017018127E1,4.571701267E1
2.867779292E0,1.259952259E1,1.784499359E1,-4.053210449E1,4.604392751E1
2.877767292E0,1.272135925E1,1.772969627E1,-4.019363403E1,4.573514325E1
2.887755292E0,1.249944401E1,1.774969292E1,-4.046485901E1,4.592050211E1
2.897743292E0,1.250982571E1,1.786985016E1,-4.017523193E1,4.571516756E1
2.907731292E0,1.256629086E1,1.782843208E1,-4.026446533E1,4.579292331E1
2.917720292E0,1.252205086E1,1.777444267E1,-4.058383179E1,4.604106833E1
2.927708292E0,1.253292847E1,1.775063896E1,-4.060076141E1,4.604976989E1
2.937696292E0,1.249567795E1,1.785873413E1,-4.049541473E1,4.598863954E1
2.947684292E0,1.246841812E1,1.784205818E1,-4.048029327E1,4.596144726E1
2.957672292E0,1.244973278E1,1.788603973E1,-4.056856537E1,4.605121887E1
2.967660292E0,1.246544933E1,1.787125778E1,-4.056302643E1,4.604485199E1
2.977648292E0,1.252416420E1,1.782094193E1,-4.027219391E1,4.578526250E1
2.987637292E0,1.247292328E1,1.786269569E1,-4.031839752E1,4.582818883E1
2.997625292E0,1.253780746E1,1.787431717E1,-4.013111115E1,4.568581741E1
3.007613292E0,1.253567600E1,1.794918060E1,-4.038422394E1,4.593693286E1
3.017601292E0,1.252830124E1,1.789585495E1,-4.023758698E1,4.578518715E1
3.027589292E0,1.256610012E1,1.789753151E1,-4.032019806E1,4.586880070E1
3.037577292E0,1.247508907E1,1.772714996E1,-4.017243195E1,4.564760653E1
3.047566292E0,1.255346680E1,1.770698547E1,-4.036151886E1,4.582771070E1
3.057554292E0,1.245970345E1,1.773945236E1,-4.029759979E1,4.575837551E1
3.067542292E0,1.250603485E1,1.781332779E1,-4.026152802E1,4.576796033E1
3.077530292E0,1.254514694E1,1.784671021E1,-4.020384979E1,4.574095883E1
3.087518292E0,1.258134174E1,1.780846405E1,-4.037102509E1,4.588301667E1
3.097506292E0,1.267629623E1,1.779707718E1,-4.007985687E1,4.564887041E1
3.107495375E0,1.272703075E1,1.789900017E1,-4.019217682E1,4.580133837E1
3.117483375E0,1.266564846E1,1.773129272E1,-4.019788361E1,4.572403349E1
3.127471375E0,1.266675758E1,1.777210045E1,-4.032251740E1,4.584975148E1
3.137459375E0,1.280401421E1,1.769484711E1,-4.021080780E1,4.575980177E1
3.147447375E0,1.264099026E1,1.765926933E1,-4.016933441E1,4.566420759E1
3.157435375E0,1.274797344E1,1.775141525E1,-4.001177216E1,4.559128734E1
3.167424375E0,1.275551987E1,1.772686005E1,-4.020384979E1,4.575253427E1
3.177412375E0,1.266835308E1,1.765868759E1,-4.014952850E1,4.565414610E1
3.187400375E0,1.277018070E1,1.760746384E1,-4.012114716E1,4.563777763E1
3.197388375E0,1.276619530E1,1.757790947E1,-4.041832733E1,4.588681540E1
3.207376375E0,1.282846165E1,1.753187180E1,-4.019113922E1,4.568658040E1
3.217364375E0,1.277633190E1,1.760274506E1,-4.036255646E1,4.585005184E1
3.227353375E0,1.258740711E1,1.764679909E1,-4.023116302E1,4.569900233E1
3.237341375E0,1.274871445E1,1.762141609E1,-4.016025543E1,4.567154630E1
3.247329375E0,1.274406147E1,1.772644043E1,-4.021439362E1,4.575844454E1
3.257317375E0,1.274426556E1,1.774595070E1,-4.001136017E1,4.558776166E1
3.267305375E0,1.267835808E1,1.768035316E1,-4.014694977E1,4.566304006E1
3.277293375E0,1.262549877E1,1.766042709E1,-4.037610626E1,4.584238062E1
3.287282375E0,1.261520290E1,1.777216911E1,-4.049506378E1,4.598742796E1
3.297270375E0,1.257066059E1,1.774655533E1,-4.038193512E1,4.586569980E1
3.307258375E0,1.255084419E1,1.777062607E1,-4.035701752E1,4.584765756E1
3.317246375E0,1.263448620E1,1.758316040E1,-4.049311066E1,4.591829463E1
3.327234375E0,1.261382008E1,1.765102768E1,-4.036379242E1,4.582469829E1
3.337222375E0,1.263199425E1,1.767301941E1,-4.035491943E1,4.583036566E1
3.347211375E0,1.266792583E1,1.769985962E1,-4.033726501E1,4.583509926E1
3.357199375E0,1.283701229E1,1.760104561E1,-4.041053772E1,4.590857491E1
3.367187375E0,1.289065933E1,1.755886269E1,-4.022087097E1,4.574058612E1
3.377175375E0,1.267293739E1,1.756794739E1,-4.016621399E1,4.563508369E1
3.387163375E0,1.285166931E1,1.751694489E1,-4.005709839E1,4.556950618E1
3.397151375E0,1.280009079E1,1.758586121E1,-4.014862061E1,4.566198173E1
3.407139375E0,1.291288853E1,1.758948326E1,-4.021783447E1,4.575594848E1
3.417128375E0,1.294935799E1,1.752963638E1,-4.008871460E1,4.562980454E1
3.427116375E0,1.293159676E1,1.759584808E1,-4.001040649E1,4.558149506E1
3.437104375E0,1.309906864E1,1.758532906E1,-4.002598572E1,4.563889712E1
3.447092375E0,1.291581535E1,1.736610031E1,-4.018640137E1,4.564369158E1
3.457080375E0,1.281964684E1,1.752302933E1,-4.019703674E1,4.568590225E1
3.467068375E0,1.288267136E1,1.744097900E1,-4.017562866E1,4.565339098E1
3.477057375E0,1.280445004E1,1.745635796E1,-4.019343567E1,4.565293687E1
3.487045375E0,1.282443237E1,1.751378632E1,-3.999880981E1,4.550937885E1
3.497033375E0,1.277489567E1,1.750075531E1,-4.000032043E1,4.549175783E1
3.507021375E0,1.267102432E1,1.763678360E1,-4.014616394E1,4.564346034E1
3.517009375E0,1.275328445E1,1.770597458E1,-4.021261597E1,4.575152766E1
3.526997375E0,1.267445755E1,1.771021080E1,-4.001739502E1,4.555968991E1
3.536986375E0,1.285919666E1,1.757747650E1,-4.011122131E1,4.564248782E1
3.546974375E0,1.276132011E1,1.761245537E1,-4.008381653E1,4.560441012E1
3.556962375E0,1.285076714E1,1.753005028E1,-4.001940918E1,4.554116808E1
3.566950375E0,1.281220245E1,1.762187958E1,-3.995317078E1,4.550757109E1
3.576938375E0,1.286634064E1,1.740320206E1,-4.006675720E1,4.553854626E1
3.586926375E0,1.275450039E1,1.758255768E1,-4.000480652E1,4.552151315E1
3.596915375E0,1.265550423E1,1.761477470E1,-4.001130676E1,4.551205054E1
3.606903375E0,1.264261150E1,1.762584305E1,-4.009313965E1,4.558471033E1
3.616891375E0,1.244602299E1,1.777084732E1,-4.018673706E1,4.566924937E1
3.626879375E0,1.257973766E1,1.767612457E1,-4.004670715E1,4.554595408E1
3.636867375E0,1.272107029E1,1.770604897E1,-3.999794006E1,4.555397906E1
3.646855375E0,1.262742138E1,1.773085213E1,-3.990502930E1,4.545598147E1
3.656844375E0,1.269993973E1,1.759988976E1,-4.035322571E1,4.581950909E1
3.666832375E0,1.279571438E1,1.754145050E1,-4.007676697E1,4.558047875E1
3.676820375E0,1.263015175E1,1.747388458E1,-4.012475586E1,4.555055882E1
3.686808375E0,1.259022522E1,1.769846344E1,-3.993260193E1,4.545725548E1
3.696796375E0,1.259022522E1,1.769846344E1,-3.993260193E1,4.545725548E1
3.706784375E0,1.271107578E1,1.771307182E1,-3.988356018E1,4.545352279E1
3.716773375E0,1.263644218E1,1.768845558E1,-3.999784851E1,4.552349962E1
3.726761375E0,1.273488426E1,1.769523621E1,-4.019456482E1,4.572637863E1
3.736749375E0,1.256876755E1,1.771037292E1,-4.028509521E1,4.576592754E1
3.746737375E0,1.266551781E1,1.772252464E1,-4.024851990E1,4.576512400E1
3.756725375E0,1.267248726E1,1.755759239E1,-4.017076111E1,4.563497597E1
3.766713375E0,1.269512463E1,1.763516998E1,-4.021488953E1,4.570998522E1
3.776701375E0,1.276776123E1,1.758382797E1,-4.026109314E1,4.575109129E1
3.786690375E0,1.268017006E1,1.762179947E1,-4.033790588E1,4.580896397E1
3.796678375E0,1.282323742E1,1.748060036E1,-4.023594666E1,4.570490357E1
3.806666375E0,1.275216579E1,1.763935852E1,-4.023718262E1,4.574708260E1
3.816654375E0,1.261156750E1,1.770133018E1,-4.020767212E1,4.570607861E1
3.826642375E0,1.276565933E1,1.775263214E1,-4.014709473E1,4.571550307E1
3.836630375E0,1.271176338E1,1.760469437E1,-4.033927917E1,4.581235244E1
3.846619375E0,1.263758659E1,1.769553757E1,-4.031393433E1,4.580451883E1
3.856607375E0,1.264943027E1,1.766287041E1,-4.037310791E1,4.584727821E1
3.866595375E0,1.262417984E1,1.772259521E1,-4.041442871E1,4.589974233E1
3.876583375E0,1.263395691E1,1.770869064E1,-4.012138367E1,4.563923771E1
3.886571375E0,1.268777180E1,1.767154884E1,-4.035075378E1,4.584153709E1
3.896559375E0,1.254254627E1,1.762279320E1,-4.015846252E1,4.561337983E1
3.906548375E0,1.264997673E1,1.768076706E1,-4.013363647E1,4.564362181E1
3.916536375E0,1.258498287E1,1.767739868E1,-4.018942261E1,4.567342671E1
3.926524375E0,1.263262463E1,1.778908157E1,-4.001690674E1,4.557836606E1
3.936512375E0,1.255080032E1,1.777918053E1,-4.002267456E1,4.555695697E1
3.946500375E0,1.253555775E1,1.763904953E1,-4.029296875E1,4.573619581E1
3.956488375E0,1.250980186E1,1.774044228E1,-4.025471497E1,4.573467516E1
3.966476375E0,1.255373287E1,1.770286560E1,-4.041615295E1,4.587431830E1
3.976465375E0,1.263745213E1,1.775831985E1,-4.049595642E1,4.598897266E1
3.986453375E0,1.256781673E1,1.773389053E1,-4.043446350E1,4.590628203E1
3.996441375E0,1.266699314E1,1.762092972E1,-4.037490845E1,4.583757314E1
4.006429375E0,1.267848587E1,1.770329094E1,-4.025697327E1,4.576870558E1
4.016417375E0,1.254296017E1,1.774238396E1,-4.014706421E1,4.564980616E1
4.026405375E0,1.251205063E1,1.780607224E1,-4.023120117E1,4.574010458E1
4.036394375E0,1.252671242E1,1.758730888E1,-4.022546387E1,4.565435249E1
4.046382375E0,1.247200394E1,1.764690399E1,-4.018928528E1,4.563050245E1
4.056370375E0,1.249296951E1,1.781798553E1,-4.006100464E1,4.558990007E1
4.066358375E0,1.247994232E1,1.789529991E1,-4.015422058E1,4.569849177E1
4.076346375E0,1.257349682E1,1.773517227E1,-4.011447144E1,4.562674628E1
4.086334375E0,1.263641834E1,1.768109322E1,-4.014881897E1,4.565334369E1
4.096323375E0,1.269267464E1,1.772920036E1,-4.007397461E1,4.562183661E1
4.106311875E0,1.270478821E1,1.775082779E1,-4.009210205E1,4.564953644E1
4.116299875E0,1.260868263E1,1.766453552E1,-4.027525330E1,4.575052700E1
4.126287875E0,1.242415047E1,1.769997025E1,-4.032310486E1,4.575588757E1
4.136275875E0,1.255524921E1,1.785980225E1,-4.034516907E1,4.587308019E1
4.146263875E0,1.253366089E1,1.773865891E1,-4.032615662E1,4.580340143E1
4.156252875E0,1.257240677E1,1.769431686E1,-4.018899536E1,4.567613829E1
4.166240875E0,1.258839035E1,1.774151611E1,-4.014932251E1,4.566395804E1
4.176228875E0,1.258410835E1,1.777962875E1,-4.018243408E1,4.570670619E1
4.186216875E0,1.265114784E1,1.771955681E1,-4.030624390E1,4.581077965E1
4.196204875E0,1.262870312E1,1.767320442E1,-4.026773071E1,4.575277515E1
4.206192875E0,1.264260769E1,1.774453354E1,-4.021386719E1,4.573684635E1
4.216181875E0,1.234882069E1,1.780248451E1,-4.016670227E1,4.563754812E1
4.226169875E0,1.239521599E1,1.783181572E1,-3.999835205E1,4.551354961E1
4.236157875E0,1.245299053E1,1.788444901E1,-4.012387085E1,4.566021793E1
4.246145875E0,1.262919998E1,1.773889923E1,-4.009532166E1,4.562674716E1
4.256133875E0,1.279872799E1,1.779402542E1,-4.014860535E1,4.574216097E1
4.266121875E0,1.259396648E1,1.794524765E1,-4.025953674E1,4.584179538E1
4.276109875E0,1.256385231E1,1.782486343E1,-4.018161011E1,4.571802634E1
4.286098875E0,1.268757248E1,1.786907578E1,-4.035984802E1,4.592598063E1
4.296086875E0,1.273409367E1,1.767641830E1,-4.037612915E1,4.587858663E1
4.306074875E0,1.263461590E1,1.784684753E1,-4.018455505E1,4.574868250E1
4.316062875E0,1.260184956E1,1.784905815E1,-4.012574768E1,4.568885111E1
4.326050875E0,1.254464626E1,1.781853485E1,-4.033319092E1,4.584358869E1
4.336038875E0,1.265958691E1,1.789261055E1,-4.004254150E1,4.564883112E1
4.346027875E0,1.252027512E1,1.792491531E1,-4.015489197E1,4.572171505E1
4.356015875E0,1.253471470E1,1.786636543E1,-4.039968872E1,4.591798052E1
4.366003875E0,1.257031631E1,1.786239624E1,-4.018295288E1,4.573562893E1
4.375991875E0,1.247869015E1,1.788710594E1,-4.032627869E1,4.584621052E1
4.385979875E0,1.256968689E1,1.771547508E1,-4.022050476E1,4.571131249E1
4.395967875E0,1.259896946E1,1.772122955E1,-4.035887146E1,4.584336936E1
4.405956875E0,1.269468594E1,1.782638359E1,-4.034024048E1,4.589411732E1
4.415944875E0,1.280185413E1,1.774618149E1,-4.035833740E1,4.590871186E1
4.425932875E0,1.261467934E1,1.781033325E1,-4.047509766E1,4.598447168E1
4.435920875E0,1.275974083E1,1.775513649E1,-4.072158813E1,4.622016441E1
4.445908875E0,1.272530270E1,1.777354050E1,-4.074583435E1,4.623910777E1
4.455896875E0,1.263316154E1,1.781246567E1,-4.068830872E1,4.617812437E1
4.465884875E0,1.260417557E1,1.788990021E1,-4.065205383E1,4.616820607E1
4.475873875E0,1.254378033E1,1.802132988E1,-4.061418152E1,4.616954078E1
4.485861875E0,1.266783333E1,1.786366653E1,-4.059480286E1,4.612507563E1
4.495849875E0,1.273661900E1,1.767415810E1,-4.070668030E1,4.616959117E1
4.505837875E0,1.263292217E1,1.769305229E1,-4.056942749E1,4.602731003E1
4.515825875E0,1.267168808E1,1.772458649E1,-4.052595520E1,4.601179946E1
4.525813875E0,1.267168808E1,1.772458649E1,-4.052595520E1,4.601179946E1
4.535802875E0,1.255719852E1,1.775169182E1,-4.057460022E1,4.603372655E1
4.545790875E0,1.255280113E1,1.777800941E1,-4.046704102E1,4.594792535E1
4.555778875E0,1.255908871E1,1.763097000E1,-4.015507507E1,4.561810898E1
4.565766875E0,1.272224903E1,1.772465515E1,-4.029801941E1,4.582520473E1
4.575754875E0,1.271154118E1,1.767830276E1,-4.027996826E1,4.578844298E1
4.585742875E0,1.263915539E1,1.766756439E1,-4.032569885E1,4.580450926E1
4.595731875E0,1.269200706E1,1.768261909E1,-4.029223633E1,4.579548416E1
4.605719875E0,1.250331306E1,1.769348526E1,-4.026005554E1,4.571940868E1
4.615707875E0,1.261432076E1,1.765749931E1,-4.017576599E1,4.566180617E1
4.625695875E0,1.262534904E1,1.760391045E1,-4.048005676E1,4.591222165E1
4.635683875E0,1.249995136E1,1.787574768E1,-4.051586914E1,4.601441939E1
4.645671875E0,1.257115173E1,1.790901566E1,-4.039068604E1,4.593663262E1
4.655659875E0,1.258902550E1,1.778316879E1,-4.031852722E1,4.582912057E1
4.665648875E0,1.257115555E1,1.788859367E1,-4.061293030E1,4.612424355E1
4.675636875E0,1.261664391E1,1.786177063E1,-4.039068604E1,4.593070946E1
4.685624875E0,1.263121700E1,1.777856445E1,-4.050346375E1,4.600169097E1
4.695612875E0,1.240963268E1,1.776626968E1,-4.038894653E1,4.583564469E1
4.705600875E0,1.255274868E1,1.773336220E1,-4.054507446E1,4.599942062E1
4.715588875E0,1.259714890E1,1.777135086E1,-4.032487488E1,4.583235326E1
4.725577875E0,1.264551353E1,1.780260658E1,-4.022042847E1,4.576597732E1
4.735565875E0,1.252930164E1,1.791032600E1,-4.033956909E1,4.588075862E1
4.745553875E0,1.254259777E1,1.783081818E1,-4.037850952E1,4.588767663E1
4.755541875E0,1.235680389E1,1.795193291E1,-4.023603821E1,4.575916595E1
4.765529875E0,1.239188671E1,1.789122581E1,-4.043484497E1,4.591983782E1
4.775517875E0,1.253797245E1,1.780411911E1,-4.033169556E1,4.583484566E1
4.785506875E0,1.262188148E1,1.776739693E1,-4.059924316E1,4.607918002E1
4.795494875E0,1.253567505E1,1.779830551E1,-4.044354248E1,4.593041428E1
4.805482875E0,1.247750759E1,1.776520729E1,-4.032830811E1,4.580025350E1
4.815470875E0,1.242473316E1,1.782172012E1,-4.035411072E1,4.583057881E1
4.825458875E0,1.251992130E1,1.794873047E1,-4.041510010E1,4.595960912E1
4.835446875E0,1.249691963E1,1.783002663E1,-4.056394958E1,4.603821082E1
4.845434875E0,1.239825249E1,1.791424370E1,-4.046278381E1,4.595512666E1
4.855423875E0,1.241152096E1,1.791148949E1,-4.062684631E1,4.610214691E1
4.865411875E0,1.254455376E1,1.791394806E1,-4.071232605E1,4.621437933E1
4.875399875E0,1.247117138E1,1.797935867E1,-4.058532715E1,4.610809293E1
4.885387875E0,1.247278309E1,1.797462463E1,-4.065461731E1,4.616768737E1
4.895375875E0,1.248471451E1,1.784122658E1,-4.038824463E1,4.588450464E1
4.905363875E0,1.243143463E1,1.793678474E1,-4.064712524E1,4.613521003E1
4.915352875E0,1.246097183E1,1.780125809E1,-4.068046570E1,4.612007045E1
4.925340875E0,1.250499725E1,1.783151054E1,-4.063328552E1,4.610207823E1
4.935328875E0,1.259462738E1,1.771658325E1,-4.057220459E1,4.602831461E1
4.945316875E0,1.260929680E1,1.762814903E1,-4.058338928E1,4.600823285E1
4.955304875E0,1.263678169E1,1.765089989E1,-4.043471527E1,4.589344961E1
4.965292875E0,1.260309887E1,1.766238785E1,-4.066835785E1,4.609461331E1
4.975280875E0,1.248069572E1,1.767481422E1,-4.056830597E1,4.597775846E1
4.985269875E0,1.256464672E1,1.773963356E1,-4.044184113E1,4.591413137E1
4.995257875E0,1.241864300E1,1.778723907E1,-4.037592316E1,4.583474379E1
5.005245875E0,1.251429272E1,1.775735283E1,-4.052410126E1,4.597971166E1
5.015233875E0,1.239040470E1,1.779042625E1,-4.053571320E1,4.596917923E1
5.025221875E0,1.252614403E1,1.779134750E1,-4.046581268E1,4.594473121E1
5.035209875E0,1.257027912E1,1.775461388E1,-4.063393402E1,4.609072385E1
5.045198875E0,1.259139824E1,1.771212196E1,-4.052828217E1,4.598700066E1
5.055186875E0,1.256815434E1,1.779825020E1,-4.031711578E1,4.582800496E1
5.065174875E0,1.253186893E1,1.783605766E1,-4.031870270E1,4.583416280E1
5.075162875E0,1.256735611E1,1.788357353E1,-4.044083405E1,4.596979117E1
5.085150875E0,1.267724991E1,1.777767563E1,-4.054219818E1,4.604810799E1
5.095138875E0,1.268409729E1,1.778019714E1,-4.054605865E1,4.605436578E1
5.105127875E0,1.266701889E1,1.793555069E1,-4.041927338E1,4.599842396E1
5.115115542E0,1.257236385E1,1.782229042E1,-4.042807770E1,4.593612778E1
5.125103542E0,1.266198444E1,1.778571129E1,-4.049460602E1,4.600511377E1
5.135091542E0,1.244166374E1,1.779239655E1,-4.045839691E1,4.591564278E1
5.145079542E0,1.248212528E1,1.774503326E1,-4.056012726E1,4.599797365E1
5.155067542E0,1.250689316E1,1.787924767E1,-4.064548492E1,4.613182544E1
5.165055542E0,1.258559513E1,1.767159653E1,-4.061045074E1,4.604227664E1
5.175044542E0,1.247636890E1,1.770011902E1,-4.052402496E1,4.594725883E1
5.185032542E0,1.262445736E1,1.766491127E1,-4.049254608E1,4.594640684E1
5.195020542E0,1.265562344E1,1.768356705E1,-4.039130402E1,4.587298539E1
5.205008542E0,1.258839798E1,1.771698570E1,-4.051366425E1,4.597517087E1
5.214996542E0,1.260606289E1,1.776709366E1,-4.057746124E1,4.605554038E1
5.224984542E0,1.264679623E1,1.777124596E1,-4.054254913E1,4.603755997E1
5.234973542E0,1.283721542E1,1.763169861E1,-4.039556122E1,4.590721361E1
5.244961542E0,1.258202934E1,1.777976990E1,-4.049585724E1,4.598197618E1
5.254949542E0,1.266944027E1,1.770940208E1,-4.053610992E1,4.601427873E1
5.264937542E0,1.266800022E1,1.757916641E1,-4.044281769E1,4.588166108E1
5.274925542E0,1.253568172E1,1.761412430E1,-4.047634125E1,4.588828709E1
5.284913542E0,1.260256481E1,1.778630638E1,-4.051528168E1,4.600723187E1
5.294901542E0,1.260682011E1,1.781199455E1,-4.048204803E1,4.598907779E1
5.304890542E0,1.265101814E1,1.764074326E1,-4.062067413E1,4.605739083E1
5.314878542E0,1.260719490E1,1.774337387E1,-4.050437164E1,4.598230966E1
5.324866542E0,1.259270287E1,1.765098000E1,-4.043512726E1,4.588172596E1
5.334854542E0,1.263327885E1,1.777322960E1,-4.048316193E1,4.598232078E1
5.344842542E0,1.265873432E1,1.772731972E1,-4.050225067E1,4.598840863E1
5.354830542E0,1.253606415E1,1.775278091E1,-4.058068848E1,4.603375296E1
5.364819542E0,1.253606415E1,1.775278091E1,-4.058068848E1,4.603375296E1
5.374807542E0,1.265953350E1,1.772215652E1,-4.046221924E1,4.595138525E1
5.384795542E0,1.264949322E1,1.767436981E1,-4.059783936E1,4.604972950E1
5.394783542E0,1.273689938E1,1.778638077E1,-4.052084351E1,4.604913360E1
5.404771542E0,1.256729698E1,1.772792053E1,-4.038958740E1,4.586430955E1
5.414759542E0,1.260679150E1,1.779947090E1,-4.046633911E1,4.597039218E1
5.424747542E0,1.271384144E1,1.784041214E1,-4.045382690E1,4.600471911E1
5.434736542E0,1.245194530E1,1.791146851E1,-4.057888794E1,4.607079110E1
5.444724542E0,1.259237576E1,1.775059509E1,-4.066386414E1,4.612159364E1
5.454712542E0,1.259849358E1,1.779518318E1,-4.063301086E1,4.611325359E1
5.464700542E0,1.254099369E1,1.781089783E1,-4.048735046E1,4.597532112E1
5.474688542E0,1.266831589E1,1.774423027E1,-4.065766907E1,4.613447723E1
5.484676542E0,1.266618347E1,1.769440842E1,-4.044528198E1,4.592760747E1
5.494665542E0,1.279490852E1,1.779958344E1,-4.050363159E1,4.605517372E1
5.504653542E0,1.272362995E1,1.770768356E1,-4.041432190E1,4.592134831E1
5.514641542E0,1.269990444E1,1.771552086E1,-4.045414734E1,4.595285942E1
5.524629542E0,1.286643219E1,1.759242439E1,-4.041027832E1,4.591327768E1
5.534617542E0,1.267663479E1,1.765102768E1,-4.032197571E1,4.580521338E1
5.544605542E0,1.264306164E1,1.754187775E1,-4.034469604E1,4.577399897E1
5.554593542E0,1.272802830E1,1.771668816E1,-4.004406738E1,4.560056004E1
5.564582542E0,1.254356194E1,1.770829201E1,-4.039242554E1,4.585272721E1
5.574570542E0,1.279202652E1,1.769528198E1,-4.027149963E1,4.580996212E1
5.584558542E0,1.263004589E1,1.761406326E1,-4.062493896E1,4.604518378E1
5.594546542E0,1.259272099E1,1.762610817E1,-4.042127991E1,4.585996272E1
5.604534542E0,1.236386490E1,1.779145432E1,-4.043554688E1,4.587411528E1
5.614522542E0,1.241931915E1,1.773762703E1,-4.040119934E1,4.583797344E1
5.624511542E0,1.268302631E1,1.765032578E1,-4.019598389E1,4.569584529E1
5.634499542E0,1.264609241E1,1.760641098E1,-4.030670166E1,4.576613988E1
5.644487542E0,1.263441277E1,1.765434265E1,-4.051951599E1,4.596885224E1
5.654475542E0,1.266421890E1,1.768321228E1,-4.046324158E1,4.593857155E1
5.664463542E0,1.266707993E1,1.765463066E1,-4.037077332E1,4.584692177E1
5.674451542E0,1.263133717E1,1.775887680E1,-4.028070068E1,4.579807017E1
5.684439542E0,1.265655422E1,1.762010193E1,-4.048654175E1,4.593273799E1
5.694428542E0,1.265813065E1,1.748380089E1,-4.051705933E1,4.590799126E1
5.704416542E0,1.261764431E1,1.765907097E1,-4.036300659E1,4.582815768E1
5.714404542E0,1.267271996E1,1.759030914E1,-4.045324707E1,4.589642693E1
5.724392542E0,1.264500427E1,1.757793236E1,-4.059349060E1,4.600773107E1
5.734380542E0,1.258184814E1,1.767409515E1,-4.043075562E1,4.588379389E1
5.744368542E0,1.256332779E1,1.764819336E1,-4.056051636E1,4.598316454E1
5.754357542E0,1.257775974E1,1.776300430E1,-4.027709961E1,4.578175526E1
5.764345542E0,1.263670349E1,1.768908119E1,-4.048336792E1,4.595098418E1
5.774333542E0,1.278816032E1,1.772152901E1,-4.030709839E1,4.585031969E1
5.784321542E0,1.261655998E1,1.778672028E1,-4.047718811E1,4.597768765E1
5.794309542E0,1.273021603E1,1.776282120E1,-4.044586182E1,4.597220851E1
5.804297542E0,1.267051983E1,1.775019073E1,-4.052273560E1,4.601851197E1
5.814286542E0,1.262012672E1,1.767308617E1,-4.050415039E1,4.595858758E1
5.824274542E0,1.265703487E1,1.772186661E1,-4.046096802E1,4.594948336E1
5.834262542E0,1.262954044E1,1.778425026E1,-4.047698975E1,4.598012123E1
5.844250542E0,1.261367035E1,1.764555740E1,-4.057131958E1,4.600545998E1
5.854238542E0,1.274450111E1,1.764249992E1,-4.038696289E1,4.587795640E1
5.864226542E0,1.273046494E1,1.759194946E1,-4.046919250E1,4.592708314E1
5.874214542E0,1.273442745E1,1.760887146E1,-4.026417542E1,4.575414537E1
5.884203542E0,1.288925266E1,1.760200691E1,-4.028375244E1,4.581205292E1
5.894191542E0,1.268212891E1,1.766099739E1,-4.039411926E1,4.587408957E1
5.904179542E0,1.272665215E1,1.762741852E1,-4.055720520E1,4.601717562E1
5.914167542E0,1.270112896E1,1.758588028E1,-4.042312622E1,4.587603945E1
5.924155542E0,1.280622292E1,1.766018295E1,-4.041351318E1,4.592530299E1
5.934143542E0,1.272817516E1,1.768379974E1,-4.037936401E1,4.588263565E1
5.944131542E0,1.273185444E1,1.775759888E1,-4.064581299E1,4.614666346E1
5.954120542E0,1.287312889E1,1.766978073E1,-4.043637085E1,4.596780053E1
5.964108542E0,1.284821224E1,1.762378502E1,-4.029116821E1,4.581541872E1
5.974096542E0,1.270151520E1,1.766810226E1,-4.024324036E1,4.574941224E1
5.984084542E0,1.275480938E1,1.760881042E1,-4.029129028E1,4.578365909E1
5.994072542E0,1.270940495E1,1.769977570E1,-4.034649658E1,4.585467065E1
6.004060542E0,1.268219376E1,1.781088638E1,-4.034724426E1,4.589080335E1
6.014049542E0,1.265775871E1,1.772877502E1,-4.048106384E1,4.597004296E1
6.024037542E0,1.262557697E1,1.771087456E1,-4.040492249E1,4.588723169E1
6.034025542E0,1.268403149E1,1.770615005E1,-4.006315613E1,4.560097459E1
6.044013542E0,1.255405521E1,1.783171463E1,-4.017922974E1,4.571591464E1
6.054001542E0,1.259872532E1,1.766128159E1,-3.999418640E1,4.549927134E1
6.063989542E0,1.262043381E1,1.772483826E1,-4.021368408E1,4.572292235E1
6.073977542E0,1.263569450E1,1.770247269E1,-4.017457581E1,4.568407661E1
6.083966542E0,1.265027714E1,1.768849945E1,-4.037515259E1,4.585919178E1
6.093954542E0,1.249257565E1,1.770745659E1,-4.045245361E1,4.589138774E1
6.103942542E0,1.258973122E1,1.785767365E1,-4.029525757E1,4.583781869E1
6.113930292E0,1.258544254E1,1.767354965E1,-4.025665283E1,4.573123461E1
6.123918292E0,1.268792439E1,1.762712860E1,-4.025921631E1,4.574389124E1
6.133906292E0,1.271554089E1,1.768991280E1,-4.008699036E1,4.562438811E1
6.143894292E0,1.263846397E1,1.768272018E1,-4.008633423E1,4.559960040E1
6.153883292E0,1.257219696E1,1.771075630E1,-4.002706909E1,4.554006242E1
6.163871292E0,1.254529762E1,1.771731567E1,-4.040164185E1,4.586480602E1
6.173859292E0,1.256746006E1,1.771227455E1,-4.033599854E1,4.581111765E1
6.183847292E0,1.279606056E1,1.769964981E1,-4.026016235E1,4.580281042E1
6.193835292E0,1.279606056E1,1.769964981E1,-4.026016235E1,4.580281042E1
6.203823292E0,1.288022518E1,1.752015686E1,-4.048846436E1,4.595837076E1
6.213812292E0,1.283039856E1,1.763622856E1,-4.065730286E1,4.613753310E1
6.223800292E0,1.282821369E1,1.750881958E1,-4.056082153E1,4.600328329E1
6.233788292E0,1.281906700E1,1.746641350E1,-4.030502319E1,4.575914088E1
6.243776292E0,1.291682529E1,1.766207504E1,-4.029302979E1,4.585107981E1
6.253764292E0,1.284382820E1,1.755805016E1,-4.039479065E1,4.588014995E1
6.263752292E0,1.284353065E1,1.755599594E1,-4.056495667E1,4.602917534E1
6.273740292E0,1.280915928E1,1.758718872E1,-4.045616150E1,4.593565904E1
6.283729292E0,1.270023727E1,1.762548447E1,-4.059742737E1,4.604459619E1
6.293717292E0,1.272073841E1,1.772621155E1,-4.030902100E1,4.583506229E1
6.303705292E0,1.268376160E1,1.756637001E1,-4.037184143E1,4.581856331E1
6.313693292E0,1.279197025E1,1.747198486E1,-4.040255737E1,4.583962697E1
6.323681292E0,1.273872566E1,1.750379562E1,-4.064746094E1,4.605294859E1
6.333669292E0,1.257369518E1,1.763983536E1,-4.051704407E1,4.594444974E1
6.343658292E0,1.267104626E1,1.777482224E1,-4.040837097E1,4.592750988E1
6.353646292E0,1.274144554E1,1.776919365E1,-4.064764404E1,4.615538586E1
6.363634292E0,1.270226288E1,1.770589447E1,-4.072871399E1,4.619171272E1
6.373622292E0,1.279689789E1,1.767359161E1,-4.057846069E1,4.607307140E1
6.383610292E0,1.277452374E1,1.771548462E1,-4.062968445E1,4.612806207E1
6.393598292E0,1.273457909E1,1.775527573E1,-4.060618591E1,4.611162169E1
6.403586292E0,1.277392578E1,1.759136581E1,-4.065332031E1,4.610121239E1
6.413575292E0,1.273091507E1,1.774604034E1,-4.067947388E1,4.617161186E1
6.423563292E0,1.274071312E1,1.777968025E1,-4.053079224E1,4.605635591E1
6.433551292E0,1.272961712E1,1.785455322E1,-4.042579651E1,4.598992549E1
6.443539292E0,1.269401646E1,1.782778931E1,-4.025181580E1,4.581677422E1
6.453527292E0,1.260248375E1,1.783310699E1,-4.041304016E1,4.593534714E1
6.463515292E0,1.262957191E1,1.789951706E1,-4.043527222E1,4.598815105E1
6.473504292E0,1.270595360E1,1.784646988E1,-4.040771484E1,4.596434665E1
6.483492292E0,1.267183590E1,1.779780579E1,-4.026252747E1,4.580838825E1
6.493480292E0,1.254773712E1,1.790345383E1,-4.026300049E1,4.581581140E1
6.503468292E0,1.262350941E1,1.788805580E1,-4.039715576E1,4.594851166E1
6.513456292E0,1.266497421E1,1.785649300E1,-4.036833191E1,4.592230542E1
6.523444292E0,1.277308750E1,1.777559471E1,-4.024270630E1,4.581046760E1
6.533432292E0,1.272470570E1,1.770594788E1,-4.023529053E1,4.576349341E1
6.543421292E0,1.273596668E1,1.775485420E1,-4.012707520E1,4.569050075E1
6.553409292E0,1.275367832E1,1.786112213E1,-3.988189697E1,4.552188156E1
6.563397292E0,1.268719769E1,1.770793533E1,-3.998713684E1,4.553577793E1
6.573385292E0,1.270456505E1,1.785758209E1,-4.015744019E1,4.574843400E1
6.583373292E0,1.262386036E1,1.779054260E1,-4.033464050E1,4.585573553E1
6.593361292E0,1.259751797E1,1.784085655E1,-4.047430420E1,4.599090042E1
6.603349292E0,1.264258099E1,1.786813354E1,-4.023426819E1,4.580285348E1
6.613338292E0,1.270774841E1,1.783678436E1,-4.005288696E1,4.564944140E1
6.623326292E0,1.276219845E1,1.774964905E1,-4.021977234E1,4.577721964E1
6.633314292E0,1.266018486E1,1.779901314E1,-4.014556885E1,4.570286476E1
6.643302292E0,1.278112602E1,1.780164528E1,-4.029815674E1,4.587152923E1
6.653290292E0,1.286859894E1,1.793373489E1,-4.013104248E1,4.580087615E1
6.663278292E0,1.282272625E1,1.771110153E1,-4.017750549E1,4.574207443E1
6.673267292E0,1.290910339E1,1.788464928E1,-3.995880127E1,4.564221104E1
6.683255292E0,1.270378590E1,1.798045731E1,-4.017774963E1,4.581413086E1
6.693243292E0,1.263755608E1,1.797991180E1,-3.998992920E1,4.563090498E1
6.703231292E0,1.275220966E1,1.777413177E1,-4.024043274E1,4.580208553E1
6.713219292E0,1.261646175E1,1.787630081E1,-4.022288513E1,4.578883845E1
6.723207292E0,1.253800488E1,1.792923164E1,-4.037577820E1,4.592235162E1
6.733195292E0,1.239652729E1,1.813770676E1,-4.016857910E1,4.578389501E1
6.743184292E0,1.238418484E1,1.822454834E1,-4.046466064E1,4.607484083E1
6.753172292E0,1.238409996E1,1.818252373E1,-4.014367676E1,4.577646649E1
6.763160292E0,1.240727234E1,1.802590561E1,-4.052072144E1,4.605217200E1
6.773148292E0,1.252141094E1,1.800403404E1,-4.042401123E1,4.598947334E1
6.783136292E0,1.248061752E1,1.801033020E1,-4.037072754E1,4.593401191E1
6.793124292E0,1.248796844E1,1.785225677E1,-4.036645508E1,4.587050385E1
6.803112292E0,1.265258884E1,1.790980339E1,-4.034725952E1,4.592113253E1
6.813101292E0,1.254639912E1,1.784039307E1,-4.020947266E1,4.574378042E1
6.823089292E0,1.256796169E1,1.788238907E1,-4.060830688E1,4.611689591E1
6.833077292E0,1.259109497E1,1.803457832E1,-4.051458740E1,4.610003775E1
6.843065292E0,1.253061104E1,1.799034691E1,-4.044284058E1,4.600317542E1
6.853053292E0,1.268838024E1,1.795970345E1,-4.037533569E1,4.597514191E1
6.863041292E0,1.274702549E1,1.795549011E1,-4.042572021E1,4.603395637E1
6.873030292E0,1.268056965E1,1.784448814E1,-4.039367676E1,4.594422407E1
6.883018292E0,1.262135410E1,1.791152191E1,-4.032389832E1,4.589267885E1
6.893006292E0,1.258587742E1,1.778662872E1,-4.016609192E1,4.569555133E1
6.902994292E0,1.263961792E1,1.794490814E1,-4.020817566E1,4.580913729E1
6.912982292E0,1.249349785E1,1.793589783E1,-4.020989990E1,4.576701836E1
6.922970292E0,1.254757881E1,1.792597771E1,-4.022364807E1,4.579000191E1
6.932958292E0,1.253990459E1,1.806101227E1,-4.010549927E1,4.573729816E1
6.942947292E0,1.241185951E1,1.806761360E1,-4.010649109E1,4.570583710E1
6.952935292E0,1.264814186E1,1.800725937E1,-4.027665710E1,4.589603458E1
6.962923292E0,1.265244865E1,1.805362511E1,-4.033918762E1,4.597029361E1
6.972911292E0,1.259508896E1,1.799487114E1,-4.030364990E1,4.590028157E1
6.982899292E0,1.263918781E1,1.808385468E1,-4.013224792E1,4.579707624E1
6.992887292E0,1.257569790E1,1.801756287E1,-4.028826904E1,4.589036252E1
7.002875292E0,1.254702950E1,1.808964920E1,-4.031164551E1,4.593138492E1
7.012864292E0,1.241047573E1,1.805887032E1,-4.025332642E1,4.583091743E1
7.022852292E0,1.245173454E1,1.807366562E1,-4.044041443E1,4.601228316E1
7.032840292E0,1.245173454E1,1.807366562E1,-4.044041443E1,4.601228316E1
7.042828292E0,1.261153126E1,1.793908119E1,-4.040440369E1,4.597148238E1
7.052816292E0,1.246433258E1,1.797662163E1,-4.029464722E1,4.584950497E1
7.062804292E0,1.252669716E1,1.788566589E1,-4.020616150E1,4.575314862E1
7.072792292E0,1.262032318E1,1.791532135E1,-4.049662781E1,4.604571815E1
7.082781292E0,1.259526157E1,1.794490433E1,-4.031721497E1,4.589267946E1
7.092769292E0,1.269469070E1,1.778980255E1,-4.042091370E1,4.595087062E1
7.102757292E0,1.259249973E1,1.790327644E1,-4.051318359E1,4.604797935E1
7.112744625E0,1.247222233E1,1.795759964E1,-4.036662292E1,4.590747173E1
7.122732625E0,1.259558487E1,1.788707542E1,-4.033802795E1,4.588848139E1
7.132720625E0,1.260319710E1,1.792485809E1,-4.027651978E1,4.585127217E1
7.142709625E0,1.256362152E1,1.785269356E1,-4.032424927E1,4.585420735E1
7.152697625E0,1.262391186E1,1.780716896E1,-4.032525635E1,4.585394985E1
7.162685625E0,1.249799538E1,1.787398529E1,-4.044224548E1,4.594838907E1
7.172673625E0,1.264816666E1,1.788387680E1,-4.057943726E1,4.611398809E1
7.182661625E0,1.253937149E1,1.782987404E1,-4.052757263E1,4.601765302E1
7.192649625E0,1.271880150E1,1.793943787E1,-4.051667786E1,4.609981049E1
7.202637625E0,1.264121342E1,1.791647720E1,-4.038728333E1,4.595577316E1
7.212626625E0,1.259278011E1,1.798099518E1,-4.042330933E1,4.599932864E1
7.222614625E0,1.271851254E1,1.791481209E1,-4.025901794E1,4.586381557E1
7.232602625E0,1.270549202E1,1.788724327E1,-4.025787354E1,4.584843924E1
7.242590625E0,1.264075470E1,1.789031410E1,-4.026513672E1,4.583812009E1
7.252578625E0,1.283394718E1,1.770862770E1,-4.044827271E1,4.598226245E1
7.262566625E0,1.277010059E1,1.771946716E1,-4.031053162E1,4.584750751E1
7.272554625E0,1.275697231E1,1.785395813E1,-4.019982910E1,4.579880373E1
7.282543625E0,1.267884350E1,1.788792419E1,-4.023800659E1,4.582388110E1
7.292531625E0,1.269166946E1,1.776539993E1,-4.035925293E1,4.588635097E1
7.302519625E0,1.276711369E1,1.766598129E1,-4.039118958E1,4.589699644E1
7.312507625E0,1.259512234E1,1.784412766E1,-4.025778198E1,4.580108087E1
7.322495625E0,1.269125652E1,1.789869499E1,-4.025657654E1,4.584782687E1
7.332483625E0,1.272004700E1,1.797270203E1,-4.013734436E1,4.578017066E1
7.342471625E0,1.264058495E1,1.798787117E1,-4.025779724E1,4.586979546E1
7.352460625E0,1.268543053E1,1.794791412E1,-4.019667053E1,4.581288128E1
7.362448625E0,1.270738506E1,1.792604065E1,-4.033177185E1,4.592899290E1
7.372436625E0,1.262856960E1,1.810895729E1,-4.037392426E1,4.601596314E1
7.382424625E0,1.266942501E1,1.808937836E1,-4.040494537E1,4.604671052E1
7.392412625E0,1.252503014E1,1.817548943E1,-4.012244415E1,4.579339822E1
7.402400625E0,1.265469265E1,1.801011276E1,-4.017153168E1,4.580673930E1
7.412389625E0,1.256153202E1,1.800258255E1,-4.015831757E1,4.576653291E1
7.422377625E0,1.255708981E1,1.804906082E1,-4.048143768E1,4.606729749E1
7.432365625E0,1.243189621E1,1.804103470E1,-4.017197418E1,4.575826140E1
7.442353625E0,1.252698421E1,1.795037460E1,-4.005399323E1,4.564497404E1
7.452341625E0,1.260820103E1,1.814192009E1,-4.018534088E1,4.585801587E1
7.462329625E0,1.254211044E1,1.807021332E1,-4.042588043E1,4.602270040E1
7.472317625E0,1.256492329E1,1.810642624E1,-4.038808441E1,4.600996991E1
7.482306625E0,1.261271191E1,1.812663460E1,-4.038684845E1,4.602991322E1
7.492294625E0,1.262850666E1,1.794623566E1,-4.007738495E1,4.569183011E1
7.502282625E0,1.262198734E1,1.799894333E1,-4.046068573E1,4.604718900E1
7.512270625E0,1.259591007E1,1.782776260E1,-4.043767548E1,4.595314644E1
7.522258625E0,1.274698830E1,1.805166817E1,-4.008039093E1,4.576883406E1
7.532246625E0,1.268795490E1,1.793550873E1,-4.015991974E1,4.577647678E1
7.542234625E0,1.270469761E1,1.792329979E1,-4.016519928E1,4.578097039E1
7.552223625E0,1.274760342E1,1.794874191E1,-4.019486237E1,4.582887397E1
7.562211625E0,1.265734673E1,1.796610069E1,-4.025724030E1,4.586539650E1
7.572199625E0,1.255980968E1,1.797372627E1,-4.016237640E1,4.575827940E1
7.582187625E0,1.245211220E1,1.789921188E1,-4.028896332E1,4.581088789E1
7.592175625E0,1.249055862E1,1.793218040E1,-4.043425751E1,4.596200963E1
7.602163625E0,1.252638912E1,1.779227829E1,-4.035637665E1,4.584880290E1
7.612152625E0,1.247176743E1,1.778303528E1,-4.040052032E1,4.586919848E1
7.622140625E0,1.258494282E1,1.788410568E1,-4.053832245E1,4.606058628E1
7.632128625E0,1.255258560E1,1.783234406E1,-4.054673004E1,4.603908358E1
7.642116625E0,1.253113937E1,1.778177643E1,-4.055054474E1,4.601703712E1
7.652104625E0,1.263878059E1,1.780605888E1,-4.030597687E1,4.584066185E1
7.662092625E0,1.268601990E1,1.771739960E1,-4.051129913E1,4.600007290E1
7.672080625E0,1.275808334E1,1.785564613E1,-4.045534515E1,4.602420821E1
7.682069625E0,1.270168972E1,1.785303116E1,-4.049669647E1,4.604395800E1
7.692057625E0,1.265289211E1,1.784882545E1,-4.044011688E1,4.597911811E1
7.702045625E0,1.269071293E1,1.787829208E1,-4.051888275E1,4.607024400E1
7.712033625E0,1.268524456E1,1.785481453E1,-4.027976227E1,4.584941744E1
7.722021625E0,1.272436142E1,1.780656433E1,-4.038185883E1,4.593122717E1
7.732009625E0,1.269340229E1,1.799302101E1,-4.038352203E1,4.599674030E1
7.741997625E0,1.254072952E1,1.796540833E1,-4.059218597E1,4.612755527E1
7.751986625E0,1.252702332E1,1.797900963E1,-4.034102631E1,4.590827272E1
7.761974625E0,1.247278881E1,1.796982574E1,-4.038094330E1,4.592500060E1
7.771962625E0,1.246189404E1,1.790935707E1,-4.028273773E1,4.581203808E1
7.781950625E0,1.246916389E1,1.800484467E1,-4.034653473E1,4.590748680E1
7.791938625E0,1.264941692E1,1.799982452E1,-4.006043243E1,4.570382564E1
7.801926625E0,1.272763729E1,1.795094299E1,-4.014377594E1,4.577938239E1
7.811914625E0,1.246763420E1,1.803081131E1,-4.011057281E1,4.571006575E1
7.821903625E0,1.248560238E1,1.800978088E1,-4.017746735E1,4.576539475E1
7.831891625E0,1.237031269E1,1.803957748E1,-4.011454010E1,4.569056051E1
7.841879625E0,1.243743610E1,1.800190544E1,-4.033455658E1,4.588719724E1
7.851867625E0,1.248849106E1,1.800311470E1,-4.026845551E1,4.584346253E1
7.861855625E0,1.247592831E1,1.802643585E1,-4.017539215E1,4.576749186E1
7.871843625E0,1.247592831E1,1.802643585E1,-4.017539215E1,4.576749186E1
7.881831625E0,1.250502396E1,1.799581909E1,-4.029644012E1,4.586968733E1
7.891820625E0,1.254156685E1,1.798664474E1,-4.028971100E1,4.587015479E1
7.901808625E0,1.253214359E1,1.800874901E1,-4.011188507E1,4.572015953E1
7.911796625E0,1.262610054E1,1.799380875E1,-4.018662262E1,4.580567875E1
7.921784625E0,1.243313599E1,1.819622803E1,-4.030362701E1,4.593547578E1
7.931772625E0,1.235453987E1,1.817297363E1,-4.034583282E1,4.594211415E1
7.941760625E0,1.245419979E1,1.801582336E1,-4.041875458E1,4.597121605E1
7.951748625E0,1.236386395E1,1.807929611E1,-4.058251190E1,4.611579287E1
7.961737625E0,1.237701416E1,1.813953972E1,-4.045139313E1,4.602769369E1
7.971725625E0,1.250765514E1,1.789862061E1,-4.036859894E1,4.589581503E1
7.981713625E0,1.231423664E1,1.807542229E1,-4.037174225E1,4.591556258E1
7.991701625E0,1.240974140E1,1.809015656E1,-4.062950897E1,4.617372029E1
8.001689625E0,1.236495399E1,1.803157234E1,-4.048804474E1,4.601425274E1
8.011677625E0,1.240742016E1,1.811379623E1,-4.053047943E1,4.609526496E1
8.021666625E0,1.256835651E1,1.809126472E1,-4.033889008E1,4.596176125E1
8.031654625E0,1.250931263E1,1.805787849E1,-4.032855988E1,4.592344303E1
8.041642625E0,1.241671848E1,1.815951157E1,-4.041670990E1,4.601579291E1
8.051630625E0,1.239404392E1,1.810530090E1,-4.044927216E1,4.601693018E1
8.061618625E0,1.247590065E1,1.783286667E1,-4.026071930E1,4.576663358E1
8.071606625E0,1.255246830E1,1.797218704E1,-4.030161285E1,4.587792461E1
8.081594625E0,1.254269123E1,1.804395294E1,-4.021962738E1,4.583144955E1
8.091583625E0,1.251483440E1,1.803081131E1,-4.026630402E1,4.585963885E1
8.101571625E0,1.247590446E1,1.806567001E1,-4.046311188E1,4.603563889E1
8.111559625E0,1.250032330E1,1.805799484E1,-4.050328827E1,4.607456588E1
8.121547625E0,1.264445496E1,1.791917419E1,-4.036063385E1,4.593429884E1
8.131535625E0,1.263295937E1,1.798963356E1,-4.043065643E1,4.602017555E1
8.141523625E0,1.267400646E1,1.797777939E1,-4.036277008E1,4.596720788E1
8.151511625E0,1.261952686E1,1.800899696E1,-4.044155121E1,4.603363438E1
8.161500625E0,1.261467552E1,1.781853485E1,-4.043785858E1,4.595487601E1
8.171488625E0,1.259675694E1,1.784434128E1,-4.042705536E1,4.595046905E1
8.181476625E0,1.248120689E1,1.787882614E1,-4.020833588E1,4.573995216E1
8.191464625E0,1.249028111E1,1.783232880E1,-4.041144562E1,4.590298475E1
8.201452625E0,1.252181244E1,1.791986084E1,-4.027048492E1,4.582171052E1
8.211440625E0,1.258227730E1,1.786988068E1,-4.047834015E1,4.600154735E1
8.221428625E0,1.264829159E1,1.791625977E1,-4.036623383E1,4.593913884E1
8.231417625E0,1.274261856E1,1.783033180E1,-4.028336334E1,4.585896229E1
8.241405625E0,1.268018341E1,1.784353638E1,-4.034043121E1,4.589694143E1
8.251393625E0,1.255491257E1,1.793811417E1,-4.029695892E1,4.586116732E1
8.261381625E0,1.257376289E1,1.797636414E1,-4.016542816E1,4.576582568E1
8.271369625E0,1.263176537E1,1.795499420E1,-4.033197784E1,4.591962271E1
8.281357625E0,1.248073483E1,1.790394783E1,-4.027971649E1,4.581239625E1
8.291345625E0,1.249178410E1,1.806172943E1,-4.021247101E1,4.581826671E1
8.301334625E0,1.253085327E1,1.800349998E1,-4.046808624E1,4.603058005E1
8.311322625E0,1.252409172E1,1.801535416E1,-4.023319244E1,4.582701859E1
8.321310625E0,1.260646152E1,1.805154037E1,-4.043541718E1,4.604132865E1
8.331298625E0,1.259722137E1,1.810656357E1,-4.033155060E1,4.596924629E1
8.341286625E0,1.263133526E1,1.808019638E1,-4.033879852E1,4.597458861E1
8.351274625E0,1.260256577E1,1.804528046E1,-4.044033051E1,4.604212356E1
8.361262625E0,1.252417660E1,1.798494530E1,-4.058574677E1,4.612500512E1
8.371251625E0,1.265332603E1,1.792096519E1,-4.041362762E1,4.598400756E1
8.381239625E0,1.270055103E1,1.794243622E1,-4.008782196E1,4.571945410E1
8.391227625E0,1.272806263E1,1.799693680E1,-4.026123810E1,4.590055126E1
8.401215625E0,1.270864677E1,1.801473045E1,-4.042589569E1,4.604664221E1
8.411203625E0,1.268591690E1,1.791877747E1,-4.037622833E1,4.595927423E1
8.421191625E0,1.273374367E1,1.795102692E1,-4.051915741E1,4.611062472E1
8.431180625E0,1.260432339E1,1.808253860E1,-4.044516754E1,4.606146706E1
8.441168625E0,1.255809116E1,1.801231575E1,-4.038829803E1,4.597133662E1
8.451156625E0,1.270803928E1,1.807274818E1,-4.028966522E1,4.594970743E1
8.461144625E0,1.271247768E1,1.806892395E1,-4.035431671E1,4.600612980E1
8.471132625E0,1.275001431E1,1.796368599E1,-4.026508331E1,4.589699133E1
8.481120625E0,1.272895432E1,1.800641251E1,-4.051317596E1,4.612563925E1
8.491108625E0,1.277126312E1,1.814855003E1,-4.022515106E1,4.594058998E1
8.501097625E0,1.267490864E1,1.816857910E1,-4.037049103E1,4.604918155E1
8.511085625E0,1.258901978E1,1.817882156E1,-4.029294586E1,4.596166292E1
8.521073625E0,1.261654568E1,1.818729210E1,-4.045906830E1,4.611822879E1
8.531061625E0,1.272041893E1,1.804769707E1,-4.045049286E1,4.608438781E1
8.541049625E0,1.277384472E1,1.813526917E1,-4.034714508E1,4.604292793E1
8.551037625E0,1.280857849E1,1.814718056E1,-4.020526886E1,4.593303266E1
8.561025625E0,1.265067482E1,1.804652023E1,-4.030063629E1,4.593318791E1
8.571014625E0,1.264999771E1,1.801888657E1,-4.045856476E1,4.606080956E1
8.581002625E0,1.257090473E1,1.815836525E1,-4.043173981E1,4.607037506E1
8.590990625E0,1.270044518E1,1.803829002E1,-4.011664581E1,4.578238183E1
8.600978625E0,1.262677574E1,1.801702499E1,-4.033818817E1,4.594799321E1
8.610966625E0,1.259195614E1,1.809313774E1,-4.033661652E1,4.596696232E1
8.620954625E0,1.279619598E1,1.812068367E1,-4.023392487E1,4.594421093E1
8.630942625E0,1.275747871E1,1.814091492E1,-4.014887238E1,4.586695990E1
8.640931625E0,1.264285564E1,1.819469070E1,-4.035984039E1,4.604134322E1
8.650919625E0,1.272562504E1,1.791016769E1,-4.045774078E1,4.603851028E1
8.660907625E0,1.258190536E1,1.795661163E1,-4.060633087E1,4.614778815E1
8.670895625E0,1.259195805E1,1.802000999E1,-4.043466949E1,4.602434861E1
8.680883625E0,1.265420151E1,1.804132843E1,-4.026943207E1,4.590474383E1
8.690871625E0,1.249068928E1,1.796221924E1,-4.023365021E1,4.579743713E1
8.700859625E0,1.249068928E1,1.796221924E1,-4.023365021E1,4.579743713E1
8.710848625E0,1.255311584E1,1.790726089E1,-4.026996613E1,4.582489369E1
8.720836625E0,1.248144817E1,1.794199753E1,-4.023314667E1,4.578654731E1
8.730824625E0,1.250077438E1,1.812836266E1,-4.030289459E1,4.592635632E1
8.740812625E0,1.244850731E1,1.800444412E1,-4.029833221E1,4.585936024E1
8.750800625E0,1.253040218E1,1.801000214E1,-4.020195770E1,4.579922007E1
8.760788625E0,1.253458500E1,1.796513557E1,-4.016710663E1,4.575214063E1
8.770776625E0,1.248978615E1,1.796795464E1,-4.036788177E1,4.591740444E1
8.780765625E0,1.255578423E1,1.798741150E1,-4.040566254E1,4.597621401E1
8.790753625E0,1.265497494E1,1.785816956E1,-4.047759247E1,4.601628084E1
8.800741625E0,1.260619354E1,1.790914154E1,-4.036937714E1,4.592755248E1
8.810729625E0,1.274262333E1,1.793877792E1,-4.017440033E1,4.580563988E1
8.820717625E0,1.271682930E1,1.787887764E1,-4.042911530E1,4.599875408E1
8.830705625E0,1.266157818E1,1.801932526E1,-4.055060577E1,4.614502436E1
8.840693625E0,1.269178772E1,1.791822052E1,-4.046184540E1,4.603591028E1
8.850682625E0,1.257714367E1,1.791133118E1,-4.060718536E1,4.612964156E1
8.860670625E0,1.276714706E1,1.789909744E1,-4.030060577E1,4.590769608E1
8.870658625E0,1.275293350E1,1.787780190E1,-4.026769257E1,4.586654748E1
8.880646625E0,1.273680401E1,1.800065804E1,-4.016440582E1,4.581953035E1
8.890634625E0,1.270096111E1,1.793675804E1,-4.023731232E1,4.584847876E1
8.900622625E0,1.273251343E1,1.792892075E1,-4.019094086E1,4.581347863E1
8.910610625E0,1.274921036E1,1.779052353E1,-4.048520660E1,4.602278833E1
8.920599625E0,1.281096649E1,1.787997627E1,-4.047528839E1,4.606585921E1
8.930587625E0,1.266864491E1,1.789158249E1,-4.039728546E1,4.596241900E1
8.940575625E0,1.269308949E1,1.788282394E1,-4.031433868E1,4.589287326E1
8.950563625E0,1.262009811E1,1.780093956E1,-4.050568390E1,4.600924639E1
8.960551625E0,1.274331665E1,1.787528801E1,-4.050122833E1,4.606807503E1
8.970539625E0,1.286160946E1,1.791312790E1,-4.039112091E1,4.601895042E1
8.980527625E0,1.270494556E1,1.782419205E1,-4.039626312E1,4.594535383E1
8.990516625E0,1.278454971E1,1.778813934E1,-4.044939423E1,4.600017506E1
9.000504625E0,1.273485374E1,1.781969643E1,-4.036405182E1,4.592357521E1
9.010492625E0,1.271149635E1,1.789122581E1,-4.024097443E1,4.583682061E1
9.020480625E0,1.281275272E1,1.786380386E1,-4.037821198E1,4.597479878E1
9.030468625E0,1.276652431E1,1.790458679E1,-4.039707184E1,4.599436688E1
9.040456625E0,1.273928547E1,1.789587021E1,-4.027753448E1,4.587844100E1
9.050444625E0,1.265565586E1,1.790552711E1,-4.045629120E1,4.601613874E1
9.060433625E0,1.262576294E1,1.788162994E1,-4.044872284E1,4.599197494E1
9.070421625E0,1.266471767E1,1.805953598E1,-4.045343781E1,4.607626877E1
9.080409625E0,1.255446243E1,1.799203873E1,-4.051464081E1,4.607346421E1
9.090397625E0,1.257421398E1,1.813513756E1,-4.046665192E1,4.609277589E1
9.100385625E0,1.254438019E1,1.799313164E1,-4.062531281E1,4.616849901E1
9.110373625E0,1.262205982E1,1.797538757E1,-4.052414703E1,4.609378966E1
9.120363250E0,1.259276485E1,1.791443634E1,-4.050733185E1,4.604724410E1
9.130351250E0,1.257270336E1,1.801320267E1,-4.055590057E1,4.612298138E1
9.140339250E0,1.261150932E1,1.791463280E1,-4.052790070E1,4.607054341E1
9.150327250E0,1.257594204E1,1.787447357E1,-4.058415985E1,4.609474107E1
9.160315250E0,1.261317348E1,1.784805489E1,-4.044315338E1,4.597057607E1
9.170303250E0,1.273346424E1,1.778057480E1,-4.036304474E1,4.590713814E1
9.180291250E0,1.263430691E1,1.783686447E1,-4.005799103E1,4.563356320E1
9.190280250E0,1.257804203E1,1.780451584E1,-4.026551056E1,4.578776328E1
9.200268250E0,1.250414181E1,1.774337196E1,-4.025959015E1,4.573855496E1
9.210256250E0,1.264955616E1,1.786433983E1,-4.043624115E1,4.598081673E1
9.220244250E0,1.259712982E1,1.790438080E1,-4.034821320E1,4.590460586E1
9.230232250E0,1.248360443E1,1.790770912E1,-4.059757233E1,4.609435220E1
9.240220250E0,1.238875675E1,1.801107025E1,-4.053347015E1,4.605260197E1
9.250208250E0,1.254480171E1,1.784538651E1,-4.068721771E1,4.616578338E1
9.260197250E0,1.263691616E1,1.779505348E1,-4.072248077E1,4.620255425E1
9.270185250E0,1.265191174E1,1.790807533E1,-4.057979584E1,4.612472074E1
9.280173250E0,1.255971432E1,1.792084503E1,-4.063855743E1,4.615620717E1
9.290161250E0,1.266006660E1,1.786688614E1,-4.043785858E1,4.598612088E1
9.300149250E0,1.273919106E1,1.780217743E1,-4.053598785E1,4.606919601E1
9.310137250E0,1.276955891E1,1.768968582E1,-4.053786469E1,4.603591090E1
9.320125250E0,1.265783215E1,1.775994301E1,-4.033989716E1,4.585786293E1
9.330114250E0,1.262583637E1,1.772604561E1,-4.028485870E1,4.578749041E1
9.340102250E0,1.262891293E1,1.779955673E1,-4.056966400E1,4.606746464E1
9.350090250E0,1.248784733E1,1.785620689E1,-4.046367645E1,4.595758444E1
9.360078250E0,1.243946838E1,1.780488014E1,-4.053963470E1,4.599147869E1
9.370066250E0,1.260059547E1,1.791629791E1,-4.038198090E1,4.593988592E1
9.380054250E0,1.263858318E1,1.777931213E1,-4.046543121E1,4.597052151E1
9.390042250E0,1.260620022E1,1.781938934E1,-4.062606049E1,4.611858314E1
9.400031250E0,1.272926712E1,1.775624657E1,-4.068684387E1,4.618157422E1
9.410019250E0,1.262005234E1,1.775893784E1,-4.052349854E1,4.600868970E1
9.420007250E0,1.273372555E1,1.767692757E1,-4.051513672E1,4.600106344E1
9.429995250E0,1.263564301E1,1.773081589E1,-4.042361450E1,4.591415812E1
9.439983250E0,1.271962833E1,1.772397232E1,-4.052911377E1,4.602757003E1
9.449971250E0,1.259806442E1,1.777866745E1,-4.038714600E1,4.589023649E1
9.459959250E0,1.261283875E1,1.775266647E1,-4.062403870E1,4.609287785E1
9.469948250E0,1.261540699E1,1.775913048E1,-4.049031067E1,4.597826081E1
9.479936250E0,1.249424934E1,1.783722878E1,-4.058961487E1,4.606288997E1
9.489924250E0,1.252400780E1,1.780976677E1,-4.043000793E1,4.591975724E1
9.499912250E0,1.263173676E1,1.771434021E1,-4.055671692E1,4.602397103E1
9.509900250E0,1.261000061E1,1.764781570E1,-4.048571777E1,4.592984714E1
9.519888250E0,1.265434456E1,1.767814636E1,-4.049398804E1,4.596098739E1
9.529876250E0,1.249567127E1,1.767900848E1,-4.044804382E1,4.587737341E1
9.539865250E0,1.249567127E1,1.767900848E1,-4.044804382E1,4.587737341E1
9.549853250E0,1.258784485E1,1.763804436E1,-4.039855957E1,4.584318992E1
9.559841250E0,1.252835560E1,1.772032928E1,-4.047561646E1,4.592652057E1
9.569829250E0,1.251663113E1,1.772475433E1,-4.039739990E1,4.585611071E1
9.579817250E0,1.240065193E1,1.780633354E1,-4.049072266E1,4.593844037E1
9.589805250E0,1.251917934E1,1.768206596E1,-4.048670959E1,4.591904792E1
9.599793250E0,1.258173180E1,1.770551300E1,-4.026696777E1,4.575165417E1
9.609782250E0,1.271740532E1,1.772099686E1,-4.036589050E1,4.588214515E1
9.619770250E0,1.261248493E1,1.768889999E1,-4.050914001E1,4.596697058E1
9.629758250E0,1.264426613E1,1.765899086E1,-4.043522644E1,4.589907364E1
9.639746250E0,1.266998005E1,1.776523972E1,-4.049966431E1,4.600385794E1
9.649734250E0,1.258359528E1,1.773579025E1,-4.053170776E1,4.599700490E1
9.659722250E0,1.254453468E1,1.781384087E1,-4.023869324E1,4.575861351E1
9.669710250E0,1.249838829E1,1.789145279E1,-4.054914856E1,4.604940001E1
9.679699250E0,1.245498466E1,1.787491226E1,-4.046673584E1,4.595863184E1
9.689687250E0,1.263713264E1,1.789279938E1,-4.047235107E1,4.602021939E1
9.699675250E0,1.255875683E1,1.793328094E1,-4.042289734E1,4.597102966E1
9.709663250E0,1.259486198E1,1.803346062E1,-4.047592163E1,4.606665260E1
9.719651250E0,1.266375732E1,1.789609337E1,-4.048934937E1,4.604376526E1
9.729639250E0,1.243359661E1,1.797265244E1,-4.052456665E1,4.604184035E1
9.739628250E0,1.242695999E1,1.783730698E1,-4.036833191E1,4.584976637E1
9.749616250E0,1.250317574E1,1.783029938E1,-4.047071838E1,4.595789405E1
9.759604250E0,1.260479450E1,1.783967972E1,-4.037185669E1,4.590230745E1
9.769592250E0,1.253626823E1,1.773128128E1,-4.036566162E1,4.583604472E1
9.779580250E0,1.251622009E1,1.782613754E1,-4.023243713E1,4.575014692E1
9.789568250E0,1.273350525E1,1.783833122E1,-4.032791138E1,4.589867812E1
9.799556250E0,1.269893646E1,1.784593964E1,-4.033144379E1,4.589516213E1
9.809544250E0,1.255728912E1,1.783623123E1,-4.034626007E1,4.586542659E1
9.819533250E0,1.251545811E1,1.773575783E1,-4.021533966E1,4.569975209E1
9.829521250E0,1.248023605E1,1.782929993E1,-4.024877167E1,4.575591600E1
9.839509250E0,1.244323730E1,1.782399559E1,-4.045175934E1,4.592247605E1
9.849497250E0,1.244027233E1,1.790127563E1,-4.039804840E1,4.590444815E1
9.859485250E0,1.253903675E1,1.788323212E1,-4.031406403E1,4.585042194E1
9.869473250E0,1.264438725E1,1.787344551E1,-4.041181183E1,4.596145253E1
9.879462250E0,1.261486816E1,1.791122437E1,-4.038005829E1,4.594013457E1
9.889450250E0,1.262343025E1,1.797257233E1,-4.028336334E1,4.588151817E1
9.899438250E0,1.245177937E1,1.804127121E1,-4.016553497E1,4.575810831E1
9.909426250E0,1.244105530E1,1.796277618E1,-4.011316681E1,4.567830269E1
9.919414250E0,1.242215252E1,1.789957809E1,-4.016762543E1,4.569620227E1
9.929402250E0,1.239621830E1,1.788952637E1,-4.045873260E1,4.594138032E1
9.939390250E0,1.251453495E1,1.790523529E1,-4.016909027E1,4.572490404E1
9.949379250E0,1.249254799E1,1.781758499E1,-4.026581573E1,4.576970621E1
9.959367250E0,1.246068192E1,1.785275269E1,-4.034380341E1,4.584334025E1
9.969355250E0,1.251940060E1,1.794705582E1,-4.039633942E1,4.594231646E1
9.979343250E0,1.246387005E1,1.791053963E1,-4.055484772E1,4.605248267E1
9.989331250E0,1.265672493E1,1.789415359E1,-4.039316559E1,4.595651472E1
9.999319250E0,1.256244659E1,1.786051941E1,-4.038329315E1,4.590886171E1
1.000930725E1,1.243313408E1,1.791793823E1,-4.060840607E1,4.609422932E1
1.001929625E1,1.247058105E1,1.791981506E1,-4.059033966E1,4.608916182E1
1.002928425E1,1.243058872E1,1.798410034E1,-4.070777130E1,4.620681817E1
1.003927225E1,1.268298054E1,1.788220978E1,-4.061524200E1,4.615440721E1
1.004926025E1,1.255632877E1,1.795599747E1,-4.062319183E1,4.615542170E1
1.005924825E1,1.238685608E1,1.812981033E1,-4.060817719E1,4.616436158E1
1.006923625E1,1.246358871E1,1.802412987E1,-4.071056366E1,4.623375709E1
1.007922425E1,1.245361805E1,1.793145943E1,-4.065233612E1,4.614371324E1
1.008921325E1,1.251152802E1,1.797093010E1,-4.054830170E1,4.608315780E1
1.009920125E1,1.242356586E1,1.807376099E1,-4.052864838E1,4.608228688E1
1.010918925E1,1.229435921E1,1.811053658E1,-4.051126862E1,4.604677718E1
1.011917675E1,1.245562363E1,1.802293396E1,-4.035814667E1,4.592111400E1
1.012916475E1,1.251416206E1,1.803788948E1,-4.040891266E1,4.598749755E1
1.013915275E1,1.254501343E1,1.788399506E1,-4.037755585E1,4.590818726E1
1.014914075E1,1.235018921E1,1.806714821E1,-4.022794342E1,4.579559422E1
1.015912975E1,1.236557388E1,1.809420204E1,-4.025223541E1,4.583175777E1
1.016911775E1,1.253848457E1,1.808026695E1,-4.040911102E1,4.601093242E1
1.017910575E1,1.240425301E1,1.799974632E1,-4.049227142E1,4.601608855E1
1.018909375E1,1.248099518E1,1.788920593E1,-4.026229095E1,4.579138568E1
1.019908175E1,1.233052826E1,1.777927017E1,-4.007683563E1,4.554445223E1
1.020906975E1,1.245217037E1,1.792292023E1,-4.046097565E1,4.597149298E1
1.021905775E1,1.256229019E1,1.784835052E1,-4.053063202E1,4.603375808E1
1.022904675E1,1.261359692E1,1.787485123E1,-4.039479828E1,4.593857705E1
1.023903475E1,1.253276062E1,1.779503250E1,-4.034282684E1,4.583968748E1
1.024902275E1,1.258734512E1,1.776860428E1,-4.027857208E1,4.578785783E1
1.025901075E1,1.256956387E1,1.792227936E1,-4.031580353E1,4.587554956E1
1.026899875E1,1.267741871E1,1.790823746E1,-4.020760345E1,4.580472999E1
1.027898675E1,1.248268890E1,1.800585938E1,-4.041020966E1,4.596752700E1
1.028897475E1,1.238611412E1,1.787483597E1,-4.032035065E1,4.581109320E1
1.029896375E1,1.244205856E1,1.789021683E1,-4.041407013E1,4.591472252E1
1.030895175E1,1.252692604E1,1.788566399E1,-4.027764130E1,4.581603694E1
1.031893975E1,1.260433960E1,1.790442085E1,-4.028867340E1,4.585427861E1
1.032892775E1,1.230034447E1,1.795865250E1,-4.028730011E1,4.579168291E1
1.033891575E1,1.242989540E1,1.790517426E1,-4.043628693E1,4.593681383E1
1.034890375E1,1.247847939E1,1.796040535E1,-4.038655853E1,4.592779897E1
1.035889175E1,1.251401901E1,1.785309219E1,-4.035317230E1,4.586624126E1
1.036888075E1,1.255996037E1,1.803509331E1,-3.999944305E1,4.563959509E1
1.037886875E1,1.255996037E1,1.803509331E1,-3.999944305E1,4.563959509E1
1.038885675E1,1.251402378E1,1.791010857E1,-4.020729828E1,4.576024055E1
1.039884475E1,1.254718971E1,1.783688736E1,-4.036843109E1,4.588242310E1
1.040883275E1,1.246132183E1,1.788401031E1,-4.024654388E1,4.577015033E1
1.041882075E1,1.238320923E1,1.790805435E1,-4.020046234E1,4.571782425E1
1.042880875E1,1.248664188E1,1.794268036E1,-4.024707794E1,4.580047256E1
1.043879775E1,1.229201889E1,1.801868439E1,-4.024503326E1,4.577586065E1
1.044878575E1,1.242917442E1,1.792813301E1,-4.012883759E1,4.567522234E1
1.045877375E1,1.251096821E1,1.777539825E1,-4.019194794E1,4.569334511E1
1.046876175E1,1.241524124E1,1.783002853E1,-4.027922821E1,4.576531829E1
1.047874975E1,1.251017857E1,1.785165787E1,-4.021334076E1,4.574165532E1
1.048873775E1,1.239059734E1,1.784099197E1,-4.030338287E1,4.578417377E1
1.049872575E1,1.235480595E1,1.792765427E1,-4.043254852E1,4.592203172E1
1.050871475E1,1.239541149E1,1.784789658E1,-4.051866913E1,4.597777927E1
1.051870275E1,1.237565041E1,1.785942841E1,-4.030271149E1,4.578672798E1
1.052869075E1,1.248796272E1,1.784894562E1,-4.026430511E1,4.577934402E1
1.053867875E1,1.259574986E1,1.793727493E1,-4.017081451E1,4.576126184E1
1.054866675E1,1.250201797E1,1.792117310E1,-4.040625763E1,4.593620091E1
1.055865475E1,1.253841305E1,1.808053780E1,-4.025899506E1,4.587923639E1
1.056864375E1,1.247251225E1,1.806630325E1,-4.051576996E1,4.608125964E1
1.057863175E1,1.244408512E1,1.799781609E1,-4.041211700E1,4.595558551E1
1.058861975E1,1.262810516E1,1.789125824E1,-4.037670135E1,4.593304011E1
1.059860775E1,1.257213783E1,1.795991516E1,-4.037203217E1,4.594037640E1
1.060859575E1,1.280574989E1,1.777682877E1,-4.023499298E1,4.581328990E1
1.061858375E1,1.263646221E1,1.801883316E1,-4.029305267E1,4.591174816E1
1.062857175E1,1.256115437E1,1.793367386E1,-4.048542023E1,4.602682379E1
1.063855975E1,1.250074005E1,1.796938705E1,-4.030113983E1,4.586228565E1
1.064854875E1,1.249103451E1,1.779511642E1,-4.050572968E1,4.597179840E1
1.065853675E1,1.245646286E1,1.804436302E1,-4.050351715E1,4.605754450E1
1.066852475E1,1.250306988E1,1.783400726E1,-4.046456146E1,4.595388238E1
1.067851275E1,1.251554871E1,1.790964890E1,-4.046128082E1,4.598379855E1
1.068850075E1,1.250685310E1,1.797054100E1,-4.034622955E1,4.590402986E1
1.069848875E1,1.269976330E1,1.798051262E1,-4.030455780E1,4.592428771E1
1.070847775E1,1.298525715E1,1.786790466E1,-4.004381561E1,4.573167490E1
1.071846575E1,1.276173687E1,1.782620430E1,-4.002681732E1,4.563750204E1
1.072845375E1,1.258138466E1,1.790369415E1,-4.024616241E1,4.581033828E1
1.073844175E1,1.259318256E1,1.796018982E1,-3.999304962E1,4.561360196E1
1.074842975E1,1.259144211E1,1.799071121E1,-4.028118134E1,4.587792142E1
1.075841775E1,1.272724342E1,1.787769318E1,-4.028160858E1,4.587158847E1
1.076840575E1,1.273113728E1,1.788847160E1,-4.021352386E1,4.581710133E1
1.077839475E1,1.270209599E1,1.788852692E1,-4.020003510E1,4.579722109E1
1.078838275E1,1.261236477E1,1.786941719E1,-4.013094330E1,4.570427142E1
1.079837075E1,1.261439991E1,1.786763573E1,-4.024430084E1,4.580370336E1
1.080835875E1,1.281397724E1,1.786061096E1,-4.015268707E1,4.577595128E1
1.081834675E1,1.285814953E1,1.779079247E1,-4.001923370E1,4.564409460E1
1.082833475E1,1.277386379E1,1.786475372E1,-4.014458466E1,4.575924714E1
1.083832275E1,1.280244637E1,1.785985756E1,-4.001438141E1,4.565115403E1
1.084831175E1,1.275141716E1,1.778663635E1,-4.014038849E1,4.571885673E1
1.085829975E1,1.277919292E1,1.763818932E1,-4.026088715E1,4.577502079E1
1.086828775E1,1.283980083E1,1.775555420E1,-4.004709625E1,4.564964522E1
1.087827575E1,1.278170776E1,1.796135330E1,-4.010930634E1,4.576831568E1
1.088826375E1,1.289146137E1,1.795075035E1,-4.001644135E1,4.571361714E1
1.089825175E1,1.289940357E1,1.788864517E1,-4.003429413E1,4.570714326E1
1.090823975E1,1.287916565E1,1.787419891E1,-4.032657623E1,4.595206900E1
1.091822875E1,1.285312462E1,1.786222839E1,-4.020932770E1,4.583723431E1
1.092821675E1,1.272810364E1,1.787159348E1,-4.012284088E1,4.573008677E1
1.093820475E1,1.276470947E1,1.781032372E1,-3.998314667E1,4.559383134E1
1.094819275E1,1.272173691E1,1.779288673E1,-4.033818817E1,4.588680457E1
1.095818075E1,1.266680336E1,1.777111244E1,-4.026128387E1,4.579553825E1
1.096816875E1,1.269921017E1,1.781241035E1,-4.030382538E1,4.585793543E1
1.097815675E1,1.263299274E1,1.782834625E1,-4.032643890E1,4.586571825E1
1.098814575E1,1.272611237E1,1.790292931E1,-4.041617584E1,4.599930525E1
1.099813375E1,1.263261509E1,1.766893005E1,-4.041687775E1,4.588352711E1
1.100812175E1,1.262144089E1,1.782449341E1,-4.040085602E1,4.592649020E1
1.101810975E1,1.277847672E1,1.770705223E1,-4.036516571E1,4.589309064E1
1.102809775E1,1.268217754E1,1.768458557E1,-4.028974152E1,4.579132522E1
1.103808575E1,1.255988789E1,1.768940163E1,-4.032617950E1,4.579155454E1
1.104807375E1,1.257758904E1,1.770012665E1,-4.045235443E1,4.591168923E1
1.105806275E1,1.248722076E1,1.779698181E1,-4.050125885E1,4.596754521E1
1.106805075E1,1.257961273E1,1.780830383E1,-4.042185211E1,4.592720839E1
1.107803875E1,1.263423538E1,1.774890137E1,-4.048436737E1,4.597424719E1
1.108802675E1,1.274502277E1,1.783668900E1,-4.037200165E1,4.593997820E1
1.109801475E1,1.265267944E1,1.785750580E1,-4.035829926E1,4.591049040E1
1.110800275E1,1.254198456E1,1.794225311E1,-4.041504669E1,4.596304845E1
1.111799112E1,1.262077522E1,1.779776573E1,-4.020500946E1,4.574371233E1
1.112798012E1,1.261074638E1,1.778397751E1,-4.033831024E1,4.585280857E1
1.113796812E1,1.265382671E1,1.762280655E1,-4.027028656E1,4.574252530E1
1.114795612E1,1.263523865E1,1.779835701E1,-4.050301361E1,4.601005194E1
1.115794413E1,1.258591366E1,1.778099060E1,-4.044324493E1,4.593718440E1
1.116793212E1,1.262852859E1,1.786778641E1,-4.055051422E1,4.607691102E1
1.117792012E1,1.258810806E1,1.774806976E1,-4.066075897E1,4.611671893E1
1.118790913E1,1.251533222E1,1.774570847E1,-4.062015533E1,4.606018594E1
1.119789712E1,1.255388260E1,1.769994354E1,-4.066304779E1,4.609090393E1
1.120788512E1,1.259311581E1,1.784457779E1,-4.056322479E1,4.606941206E1
1.121787312E1,1.259311581E1,1.784457779E1,-4.056322479E1,4.606941206E1
1.122786112E1,1.265577316E1,1.770883560E1,-4.040641022E1,4.589607216E1
1.123784912E1,1.249419022E1,1.775379753E1,-4.024097443E1,4.572349657E1
1.124783712E1,1.251281452E1,1.773535347E1,-4.041727448E1,4.587667562E1
1.125782612E1,1.251512432E1,1.778166962E1,-4.041567230E1,4.589381961E1
1.126781412E1,1.246942139E1,1.774751091E1,-4.033106232E1,4.579361528E1
1.127780212E1,1.268956852E1,1.756961632E1,-4.050064850E1,4.593494417E1
1.128779013E1,1.259676933E1,1.760677338E1,-4.061261749E1,4.602240504E1
1.129777812E1,1.264025307E1,1.767843246E1,-4.045185089E1,4.592009596E1
1.130776612E1,1.254227924E1,1.783661079E1,-4.059574127E1,4.608109876E1
1.131775412E1,1.249668884E1,1.793843460E1,-4.052887726E1,4.604937089E1
1.132774312E1,1.260167217E1,1.778206253E1,-4.051857758E1,4.600824946E1
1.133773112E1,1.257067299E1,1.794045258E1,-4.044675446E1,4.599806087E1
1.134771912E1,1.250127697E1,1.792980576E1,-4.038452911E1,4.592025753E1
1.135770712E1,1.243992615E1,1.779268456E1,-4.047725677E1,4.593190288E1
1.136769512E1,1.250538254E1,1.783766747E1,-4.037694550E1,4.587880448E1
1.137768312E1,1.253913116E1,1.793077850E1,-4.033197784E1,4.588475853E1
1.138767113E1,1.259262943E1,1.793039322E1,-4.031531525E1,4.588461573E1
1.139766012E1,1.259425354E1,1.787281036E1,-4.030722809E1,4.585548177E1
1.140764812E1,1.267412949E1,1.790980148E1,-4.046810150E1,4.603326826E1
1.141763612E1,1.245676422E1,1.796299934E1,-4.049848938E1,4.602138592E1
1.142762412E1,1.263874340E1,1.784649086E1,-4.051983643E1,4.604445911E1
1.143761212E1,1.243755817E1,1.794912720E1,-4.045565796E1,4.597308214E1
1.144760012E1,1.245055389E1,1.794476128E1,-4.042626953E1,4.594903718E1
1.145758812E1,1.236346436E1,1.801538849E1,-4.033705139E1,4.587469006E1
1.146757713E1,1.235640621E1,1.795775795E1,-4.055245972E1,4.603980706E1
1.147756512E1,1.242992496E1,1.795292664E1,-4.031820679E1,4.585159112E1
1.148755312E1,1.252517605E1,1.789548683E1,-4.053790283E1,4.604834470E1
1.149754112E1,1.254525566E1,1.786758995E1,-4.066127014E1,4.615163160E1
1.150752912E1,1.261969757E1,1.784685516E1,-4.045791626E1,4.598488876E1
1.151751713E1,1.257329273E1,1.797252655E1,-4.056803894E1,4.611794861E1
1.152750512E1,1.260846519E1,1.803000450E1,-4.059681702E1,4.617527486E1
1.153749412E1,1.262554836E1,1.801527405E1,-4.024176025E1,4.586233573E1
1.154748212E1,1.253457928E1,1.789131165E1,-4.049537659E1,4.601184885E1
1.155747012E1,1.258924866E1,1.794666672E1,-4.020539856E1,4.579351593E1
1.156745813E1,1.268305397E1,1.786869621E1,-4.054792786E1,4.608996220E1
1.157744612E1,1.248662853E1,1.801719856E1,-4.037364197E1,4.594090010E1
1.158743412E1,1.237981224E1,1.809067345E1,-4.065834045E1,4.619126395E1
1.159742313E1,1.238080597E1,1.804341507E1,-4.049548340E1,4.602970084E1
1.160741112E1,1.253846455E1,1.786349487E1,-4.034246826E1,4.586755158E1
1.161739912E1,1.242011929E1,1.789284897E1,-4.047706604E1,4.596527257E1
1.162738712E1,1.242726326E1,1.790771866E1,-4.060487366E1,4.608556200E1
1.163737512E1,1.253043270E1,1.795199203E1,-4.030258179E1,4.586484340E1
1.164736312E1,1.246968460E1,1.776816940E1,-4.052354431E1,4.597127931E1
1.165735112E1,1.246096420E1,1.803036308E1,-4.042686462E1,4.598587832E1
1.166734012E1,1.235809898E1,1.806538391E1,-4.059513855E1,4.611990872E1
1.167732812E1,1.235103607E1,1.799840355E1,-4.046395874E1,4.597632629E1
1.168731612E1,1.240741539E1,1.807022667E1,-4.036666870E1,4.593413753E1
1.169730413E1,1.248745155E1,1.806273460E1,-4.018276978E1,4.579141638E1
1.170729212E1,1.243731213E1,1.786506271E1,-4.037165833E1,4.586630566E1
1.171728012E1,1.240043449E1,1.797069931E1,-4.040324402E1,4.592536267E1
1.172726812E1,1.249104309E1,1.795211220E1,-4.056158447E1,4.608195552E1
1.173725712E1,1.248311138E1,1.814426994E1,-4.031536865E1,4.593878047E1
1.174724513E1,1.247907448E1,1.803002548E1,-4.039730835E1,4.596467818E1
1.175723312E1,1.256055927E1,1.790172195E1,-4.044070435E1,4.597488299E1
1.176722112E1,1.246437359E1,1.787392807E1,-4.046760559E1,4.596156020E1
1.177720912E1,1.247127438E1,1.801421165E1,-4.036698914E1,4.592971062E1
1.178719712E1,1.257567406E1,1.806044769E1,-4.046228027E1,4.605999863E1
1.179718513E1,1.245958233E1,1.792401505E1,-4.041880798E1,4.593682124E1
1.180717412E1,1.245308971E1,1.793156624E1,-4.037988281E1,4.590376289E1
1.181716212E1,1.260945797E1,1.788721275E1,-4.033633423E1,4.589085605E1
1.182715012E1,1.238420582E1,1.812683487E1,-4.051561737E1,4.608108014E1
1.183713812E1,1.264995480E1,1.808649445E1,-4.045427704E1,4.608352383E1
1.184712612E1,1.244564915E1,1.798302460E1,-4.057810211E1,4.609626587E1
1.185711412E1,1.232735443E1,1.801078606E1,-4.047145844E1,4.598142048E1
1.186710212E1,1.242008305E1,1.810095978E1,-4.049715424E1,4.606433229E1
1.187709113E1,1.253826714E1,1.808072281E1,-4.037099457E1,4.597758022E1
1.188707912E1,1.251840401E1,1.797823715E1,-4.038153839E1,4.594122433E1
1.189706712E1,1.247320271E1,1.791834068E1,-4.037766266E1,4.590210627E1
1.190705512E1,1.253745937E1,1.795804596E1,-4.039681244E1,4.595195053E1
1.191704312E1,1.245630264E1,1.794254684E1,-4.042484283E1,4.594847528E1
1.192703113E1,1.258963013E1,1.796605873E1,-4.033206940E1,4.591245882E1
1.193701912E1,1.263553429E1,1.798883057E1,-4.031574249E1,4.591964552E1
1.194700812E1,1.259827709E1,1.781032944E1,-4.029532623E1,4.582180416E1
1.195699612E1,1.254554844E1,1.794844818E1,-4.025557709E1,4.582629228E1
1.196698412E1,1.253785515E1,1.798846817E1,-4.048369598E1,4.604033492E1
1.197697213E1,1.244536781E1,1.805655670E1,-4.044359589E1,4.600663939E1
1.198696012E1,1.262614346E1,1.791462898E1,-4.030438995E1,4.587806970E1
1.199694812E1,1.261348438E1,1.797995758E1,-4.037631989E1,4.596331222E1
1.200693612E1,1.250683403E1,1.791507530E1,-4.059978485E1,4.610545901E1
1.201692512E1,1.253557968E1,1.793319893E1,-4.034450531E1,4.589574589E1
1.202691312E1,1.251738834E1,1.797565842E1,-4.049321747E1,4.603813601E1
1.203690112E1,1.255632210E1,1.788485718E1,-4.062029266E1,4.612523731E1
1.204688912E1,1.249632931E1,1.791159821E1,-4.065431976E1,4.614929373E1
1.205687712E1,1.249632931E1,1.791159821E1,-4.065431976E1,4.614929373E1
1.206686512E1,1.259008503E1,1.782288551E1,-4.053769684E1,4.603770579E1
1.207685313E1,1.264539051E1,1.774552536E1,-4.058917999E1,4.606833081E1
1.208684212E1,1.266184044E1,1.766201782E1,-4.063465118E1,4.608084150E1
1.209683012E1,1.260907078E1,1.776270294E1,-4.035506439E1,4.585884325E1
1.210681813E1,1.261787128E1,1.781315994E1,-4.059659576E1,4.609341526E1
1.211680642E1,1.259347916E1,1.780783844E1,-4.045772552E1,4.596240183E1
1.212679442E1,1.253553677E1,1.790235138E1,-4.030065155E1,4.584513477E1
1.213678242E1,1.258604813E1,1.792440414E1,-4.036272430E1,4.592213393E1
1.214677142E1,1.262047672E1,1.798985672E1,-4.059377289E1,4.616021853E1
1.215675942E1,1.254661560E1,1.798300552E1,-4.017617035E1,4.577041309E1
1.216674742E1,1.247095966E1,1.783031845E1,-4.037770844E1,4.586724789E1
1.217673542E1,1.264643860E1,1.793055916E1,-4.048447418E1,4.604812711E1
1.218672342E1,1.256834793E1,1.795932961E1,-4.032122040E1,4.589446267E1
1.219671142E1,1.250994778E1,1.785742950E1,-4.045540619E1,4.595678918E1
1.220669942E1,1.256628895E1,1.777002716E1,-4.041710663E1,4.590455306E1
1.221668842E1,1.245068836E1,1.795974922E1,-4.045520782E1,4.598038792E1
1.222667642E1,1.246457577E1,1.790125275E1,-4.031475830E1,4.583775993E1
1.223666442E1,1.247643566E1,1.806671524E1,-4.040496826E1,4.598509657E1
1.224665242E1,1.263098621E1,1.784828568E1,-4.047917175E1,4.600724356E1
1.225664042E1,1.254677582E1,1.782562447E1,-4.051728821E1,4.600896776E1
1.226662842E1,1.265383339E1,1.772741508E1,-4.056501770E1,4.604238706E1
1.227661642E1,1.266200161E1,1.777952194E1,-4.054010010E1,4.604277795E1
1.228660542E1,1.269775105E1,1.776909256E1,-4.045635986E1,4.597489081E1
1.229659342E1,1.255847454E1,1.787752151E1,-4.052038574E1,4.603501623E1
1.230658142E1,1.271692753E1,1.786110306E1,-4.046878052E1,4.602674706E1
1.231656942E1,1.256418324E1,1.800968170E1,-4.053073120E1,4.609715292E1
1.232655742E1,1.254897213E1,1.799588013E1,-4.064712524E1,4.619001184E1
1.233654542E1,1.261235523E1,1.802250671E1,-4.056126404E1,4.614215419E1
1.234653342E1,1.257764816E1,1.802921295E1,-4.055380249E1,4.612873995E1
1.235652242E1,1.259276772E1,1.796499062E1,-4.046391296E1,4.602876208E1
1.236651042E1,1.258582783E1,1.803160667E1,-4.061581421E1,4.618642945E1
1.237649842E1,1.270538044E1,1.792101669E1,-4.072297668E1,4.627040481E1
1.238648642E1,1.271104622E1,1.787764168E1,-4.058108521E1,4.613030722E1
1.239647442E1,1.267627621E1,1.792734337E1,-4.050224304E1,4.607069904E1
1.240646242E1,1.272747707E1,1.808221817E1,-4.060704041E1,4.623729033E1
1.241645042E1,1.279142189E1,1.798179054E1,-4.054415894E1,4.616052522E1
1.242643942E1,1.272233772E1,1.801158714E1,-4.063032532E1,4.622876252E1
1.243642742E1,1.279260159E1,1.804174614E1,-4.053002930E1,4.617183702E1
1.244641542E1,1.268762207E1,1.802405548E1,-4.053393555E1,4.613937863E1
1.245640342E1,1.266126919E1,1.797027969E1,-4.030352783E1,4.590874694E1
1.246639142E1,1.252670670E1,1.806296730E1,-4.025126648E1,4.586233336E1
1.247637942E1,1.263974857E1,1.802058792E1,-4.030271912E1,4.592182489E1
1.248636742E1,1.251887894E1,1.799722672E1,-4.035765076E1,4.592779631E1
1.249635642E1,1.265313053E1,1.788599396E1,-4.034288025E1,4.590815264E1
1.250634442E1,1.276286125E1,1.783118057E1,-4.040632629E1,4.597295762E1
1.251633242E1,1.258154678E1,1.794654083E1,-4.039402771E1,4.595705737E1
1.252632042E1,1.246119404E1,1.816516304E1,-4.041018677E1,4.602431640E1
1.253630842E1,1.251453018E1,1.799911118E1,-4.046759033E1,4.602398653E1
1.254629642E1,1.254175091E1,1.806844330E1,-4.053775024E1,4.612020548E1
1.255628542E1,1.265602684E1,1.802284431E1,-4.040898132E1,4.602047049E1
1.256627342E1,1.276990795E1,1.799293518E1,-4.041926575E1,4.604924873E1
1.257626142E1,1.263092804E1,1.812697601E1,-4.041587830E1,4.606051260E1
1.258624942E1,1.255565548E1,1.819225121E1,-4.036524963E1,4.602125451E1
1.259623742E1,1.251018429E1,1.810524940E1,-4.038052368E1,4.598794907E1
1.260622542E1,1.267738914E1,1.804757690E1,-4.042437744E1,4.604955504E1
1.261621342E1,1.248860264E1,1.828787231E1,-4.030319214E1,4.598650635E1
1.262620142E1,1.249507332E1,1.829300690E1,-4.035568237E1,4.603631239E1
1.263619042E1,1.253197861E1,1.822660446E1,-4.028496552E1,4.595800305E1
1.264617842E1,1.246092796E1,1.812331390E1,-4.044898224E1,4.604182226E1
1.265616642E1,1.263826370E1,1.797248650E1,-4.037454987E1,4.596564214E1
1.266615442E1,1.248019600E1,1.803770447E1,-4.052600861E1,4.608113983E1
1.267614242E1,1.248642635E1,1.810781097E1,-4.044065094E1,4.603531155E1
1.268613042E1,1.246882343E1,1.807977867E1,-4.039238739E1,4.597711293E1
1.269611942E1,1.246555996E1,1.813620377E1,-4.037395477E1,4.598226067E1
1.270610742E1,1.240830517E1,1.817273140E1,-4.050666046E1,4.609776291E1
1.271609542E1,1.249383354E1,1.805789948E1,-4.061444855E1,4.617052134E1
1.272608342E1,1.233300781E1,1.808704376E1,-4.060285187E1,4.612847075E1
1.273607142E1,1.246254635E1,1.812758636E1,-4.043671417E1,4.603316524E1
1.274605942E1,1.243824100E1,1.802428818E1,-4.046503448E1,4.601090979E1
1.275604742E1,1.242277622E1,1.809856796E1,-4.012549591E1,4.573771915E1
1.276603642E1,1.237461281E1,1.818511772E1,-4.034789276E1,4.595412929E1
1.277602442E1,1.249878502E1,1.793450356E1,-4.016626740E1,4.572958650E1
1.278601242E1,1.258653355E1,1.808483696E1,-4.031772614E1,4.594563304E1
1.279600042E1,1.234021187E1,1.811573410E1,-4.034081268E1,4.591123848E1
1.280598842E1,1.240915489E1,1.808136749E1,-4.033509064E1,4.591124603E1
1.281597642E1,1.249342060E1,1.808453178E1,-4.025951385E1,4.586899066E1
1.282596442E1,1.250969696E1,1.799286652E1,-4.039519501E1,4.595658324E1
1.283595342E1,1.246257687E1,1.815750122E1,-4.042018890E1,4.603045018E1
1.284594142E1,1.244352245E1,1.808052635E1,-4.055489349E1,4.611340446E1
1.285592942E1,1.238361740E1,1.804231071E1,-4.037512970E1,4.592417723E1
1.286591742E1,1.230089760E1,1.811175346E1,-4.047463226E1,4.601677468E1
1.287590542E1,1.225090504E1,1.812426949E1,-4.042005157E1,4.596035670E1
1.288589342E1,1.240347290E1,1.816137695E1,-4.052957916E1,4.611213007E1
1.289588142E1,1.240347290E1,1.816137695E1,-4.052957916E1,4.611213007E1
1.290587042E1,1.251350498E1,1.808010101E1,-4.045590973E1,4.604517881E1
1.291585842E1,1.256524467E1,1.806191444E1,-4.033061981E1,4.594210511E1
1.292584642E1,1.262469292E1,1.809290314E1,-4.025516510E1,4.590440428E1
1.293583442E1,1.263342571E1,1.808970451E1,-4.022917938E1,4.588276069E1
1.294582242E1,1.265930367E1,1.805707169E1,-4.009188080E1,4.575669036E1
1.295581042E1,1.262661839E1,1.803086472E1,-4.026950836E1,4.589310273E1
1.296579842E1,1.261044979E1,1.805947113E1,-4.026056671E1,4.589206003E1
1.297578742E1,1.258385277E1,1.804547691E1,-4.038826752E1,4.599135506E1
1.298577542E1,1.253739929E1,1.799487114E1,-4.049323273E1,4.605109841E1
1.299576342E1,1.253380680E1,1.805606079E1,-4.029726410E1,4.590192957E1
1.300575142E1,1.253490162E1,1.805522537E1,-4.021639252E1,4.583091914E1
1.301573942E1,1.248950768E1,1.807983208E1,-4.042539215E1,4.601174264E1
1.302572742E1,1.255794525E1,1.804753876E1,-4.040236664E1,4.599746595E1
1.303571542E1,1.272419167E1,1.800158691E1,-4.046134949E1,4.607692467E1
1.304570442E1,1.266985607E1,1.802214050E1,-4.058213806E1,4.617610563E1
1.305569242E1,1.275996017E1,1.802759743E1,-4.046762085E1,4.610248572E1
1.306568042E1,1.259843922E1,1.800681686E1,-4.052648926E1,4.610165350E1
1.307566842E1,1.269554424E1,1.810589218E1,-4.032638550E1,4.599149424E1
1.308565642E1,1.258084774E1,1.808497810E1,-4.041929626E1,4.603328875E1
1.309564442E1,1.256331158E1,1.810105515E1,-4.039277649E1,4.601153538E1
1.310563242E1,1.254219818E1,1.812108612E1,-4.042272949E1,4.603995609E1
1.311562104E1,1.265761852E1,1.801508522E1,-4.033418274E1,4.595220233E1
1.312560904E1,1.268837261E1,1.804784775E1,-4.023144531E1,4.588342620E1
1.313559704E1,1.251765537E1,1.822337723E1,-4.029647827E1,4.596291260E1
1.314558504E1,1.251581001E1,1.803803062E1,-4.050730896E1,4.607448457E1
1.315557304E1,1.265820789E1,1.808432007E1,-4.026438904E1,4.591833930E1
1.316556104E1,1.262772751E1,1.788269043E1,-4.031834412E1,4.587830633E1
1.317554904E1,1.259107399E1,1.806719208E1,-4.033836365E1,4.595804778E1
1.318553804E1,1.275261307E1,1.795240402E1,-4.032640076E1,4.594710598E1
1.319552604E1,1.265476990E1,1.786888695E1,-4.016207886E1,4.574311861E1
1.320551404E1,1.269000626E1,1.782222748E1,-4.042735291E1,4.596780301E1
1.321550204E1,1.269737148E1,1.773628998E1,-4.041453552E1,4.592530791E1
1.322549004E1,1.255192757E1,1.788664055E1,-4.048272705E1,4.600363013E1
1.323547804E1,1.254522419E1,1.789170456E1,-4.017103577E1,4.572972618E1
1.324546604E1,1.265122032E1,1.771903610E1,-4.044166565E1,4.592979356E1
1.325545504E1,1.269875526E1,1.788436127E1,-4.028662109E1,4.587069437E1
1.326544304E1,1.276233387E1,1.794530869E1,-4.028150940E1,4.590763846E1
1.327543104E1,1.271149445E1,1.809763145E1,-4.018530273E1,4.586899728E1
1.328541904E1,1.267892647E1,1.789803696E1,-4.054476929E1,4.609743181E1
1.329540704E1,1.276333809E1,1.788277817E1,-4.049345398E1,4.606969035E1
1.330539504E1,1.266403389E1,1.795919037E1,-4.030737305E1,4.590854599E1
1.331538304E1,1.256195736E1,1.803012657E1,-4.041233826E1,4.600049261E1
1.332537204E1,1.259376144E1,1.803057861E1,-4.034022522E1,4.594603751E1
1.333536004E1,1.267656231E1,1.790903854E1,-4.016429138E1,4.576679141E1
1.334534804E1,1.249555111E1,1.806223488E1,-4.030499268E1,4.590071417E1
1.335533604E1,1.256604195E1,1.796845818E1,-4.031068420E1,4.588814837E1
1.336532404E1,1.251760674E1,1.799274635E1,-4.055145264E1,4.609609214E1
1.337531204E1,1.250288200E1,1.797880936E1,-4.035317993E1,4.591229438E1
1.338530004E1,1.263746643E1,1.800455666E1,-4.035725403E1,4.596278463E1
1.339528904E1,1.248716450E1,1.800396919E1,-4.034745789E1,4.591284724E1
1.340527704E1,1.255088329E1,1.806538010E1,-4.043553162E1,4.603167221E1
1.341526504E1,1.262323761E1,1.811748314E1,-4.044404602E1,4.607938999E1
1.342525304E1,1.264736748E1,1.797583199E1,-4.041502380E1,4.600500613E1
1.343524104E1,1.261534119E1,1.803693771E1,-4.035078430E1,4.596372210E1
1.344522904E1,1.255593014E1,1.785460854E1,-4.050478363E1,4.601169335E1
1.345521704E1,1.273815441E1,1.787804031E1,-4.036177826E1,4.594516348E1
1.346520604E1,1.280491734E1,1.785248566E1,-4.039661407E1,4.598438410E1
1.347519404E1,1.279049397E1,1.792823792E1,-4.054004669E1,4.613581945E1
1.348518204E1,1.271987820E1,1.788124657E1,-4.064144135E1,4.618723887E1
1.349517004E1,1.276138973E1,1.777588272E1,-4.045105743E1,4.599046773E1
1.350515804E1,1.276718998E1,1.782184792E1,-4.048575592E1,4.604037180E1
1.351514604E1,1.260749149E1,1.780523872E1,-4.039806366E1,4.591273152E1
1.352513404E1,1.260520077E1,1.784833527E1,-4.056121063E1,4.607239918E1
1.353512304E1,1.253187084E1,1.803404427E1,-4.055512238E1,4.611932881E1
1.354511104E1,1.252550793E1,1.788517189E1,-4.051222992E1,4.602182629E1
1.355509904E1,1.263112068E1,1.777991486E1,-4.044944000E1,4.595462739E1
1.356508704E1,1.262745953E1,1.785349464E1,-4.083142853E1,4.631852287E1
1.357507504E1,1.266228771E1,1.772787857E1,-4.070763397E1,4.617058233E1
1.358506304E1,1.261663818E1,1.781332779E1,-4.070584869E1,4.618939623E1
1.359505104E1,1.261296749E1,1.787529755E1,-4.037798309E1,4.592379264E1
1.360504004E1,1.265131855E1,1.795298195E1,-4.051700592E1,4.608680061E1
1.361502804E1,1.254902458E1,1.792299080E1,-4.019089508E1,4.576045962E1
1.362501604E1,1.256237316E1,1.792998886E1,-4.035124969E1,4.590774523E1
1.363500404E1,1.263517284E1,1.781621552E1,-4.015991974E1,4.571525218E1
1.364499204E1,1.268862915E1,1.786536598E1,-4.036241913E1,4.592708884E1
1.365498004E1,1.256695652E1,1.800765038E1,-4.011243439E1,4.572976340E1
1.366496804E1,1.269697380E1,1.786065292E1,-4.045888519E1,4.601236201E1
1.367495704E1,1.256968117E1,1.793360901E1,-4.034372711E1,4.590454808E1
1.368494504E1,1.253622532E1,1.793343544E1,-4.031478119E1,4.586988810E1
1.369493304E1,1.251761055E1,1.799639320E1,-4.046743011E1,4.602362048E1
1.370492104E1,1.245664024E1,1.807943726E1,-4.053667450E1,4.610049801E1
1.371490904E1,1.249131393E1,1.805310822E1,-4.057413483E1,4.613250543E1
1.372489704E1,1.247394657E1,1.798981285E1,-4.036840057E1,4.592211313E1
1.373488504E1,1.247394657E1,1.798981285E1,-4.036840057E1,4.592211313E1
1.374487404E1,1.251496029E1,1.795387459E1,-4.001187897E1,4.560609940E1
1.375486204E1,1.247123432E1,1.793794823E1,-4.047681427E1,4.599645818E1
1.376485004E1,1.245940113E1,1.804393005E1,-4.028542328E1,4.586649558E1
1.377483804E1,1.249582195E1,1.797770309E1,-4.026291656E1,4.583062104E1
1.378482604E1,1.254977512E1,1.795706558E1,-4.029001617E1,4.586107787E1
1.379481404E1,1.252425003E1,1.804259109E1,-4.038924408E1,4.597480799E1
1.380480204E1,1.260454273E1,1.785358047E1,-4.032401276E1,4.586557356E1
1.381479104E1,1.278169250E1,1.793002319E1,-4.053079987E1,4.612594858E1
1.382477904E1,1.271083450E1,1.787489891E1,-4.039202118E1,4.596294921E1
1.383476704E1,1.261686420E1,1.785427475E1,-4.042885590E1,4.596142707E1
1.384475504E1,1.270085144E1,1.792713356E1,-4.032775116E1,4.592408147E1
1.385474304E1,1.260310459E1,1.786820602E1,-4.044043732E1,4.597325312E1
1.386473104E1,1.257631016E1,1.777041626E1,-4.040670013E1,4.589828632E1
1.387471904E1,1.253353500E1,1.799562836E1,-4.041684723E1,4.598318910E1
1.388470804E1,1.248777199E1,1.794722366E1,-4.032082367E1,4.586737520E1
1.389469604E1,1.258318710E1,1.803524017E1,-4.040943146E1,4.600574569E1
1.390468404E1,1.255384254E1,1.786968613E1,-4.044109344E1,4.596092562E1
1.391467204E1,1.246859837E1,1.797126579E1,-4.038875580E1,4.593129581E1
1.392466004E1,1.249993229E1,1.795095634E1,-4.025038910E1,4.581024955E1
1.393464804E1,1.258188915E1,1.785006332E1,-4.028058624E1,4.581980274E1
1.394463604E1,1.261868477E1,1.779023933E1,-4.024889374E1,4.577878622E1
1.395462504E1,1.249877644E1,1.789770889E1,-4.038802338E1,4.591012773E1
1.396461304E1,1.247505283E1,1.790785027E1,-4.039917755E1,4.591744321E1
1.397460104E1,1.246450138E1,1.799073982E1,-4.020337677E1,4.577490598E1
1.398458904E1,1.249654961E1,1.770360756E1,-4.024758148E1,4.571049429E1
1.399457704E1,1.246867657E1,1.786072922E1,-4.014817047E1,4.567657097E1
1.400456504E1,1.252722263E1,1.775571251E1,-4.017604828E1,4.567615887E1
1.401455304E1,1.254627609E1,1.781210327E1,-4.034774017E1,4.585433681E1
1.402454204E1,1.250303555E1,1.785276794E1,-4.027439117E1,4.579381842E1
1.403453004E1,1.260065269E1,1.779896736E1,-4.027234650E1,4.579783379E1
1.404451804E1,1.253194904E1,1.777977943E1,-4.038628387E1,4.587180211E1
1.405450604E1,1.262452412E1,1.775145912E1,-4.023322296E1,4.575155888E1
1.406449404E1,1.263360310E1,1.782099152E1,-4.037523651E1,4.590594067E1
1.407448204E1,1.263469124E1,1.790580750E1,-4.001441193E1,4.562243447E1
1.408447004E1,1.267279243E1,1.776945877E1,-4.026534271E1,4.580012180E1
1.409445904E1,1.256757736E1,1.791963005E1,-4.036640167E1,4.591844429E1
1.410444704E1,1.251133537E1,1.788892746E1,-4.035248566E1,4.587886591E1
1.411443487E1,1.255681801E1,1.777560425E1,-4.039626312E1,4.588576968E1
1.412442288E1,1.264345646E1,1.790647888E1,-4.020014191E1,4.578810311E1
1.413441087E1,1.258774090E1,1.780722427E1,-4.035184479E1,4.586741583E1
1.414439887E1,1.257002735E1,1.780917931E1,-4.033649445E1,4.584981177E1
1.415438687E1,1.281990719E1,1.788418198E1,-4.030467987E1,4.592016120E1
1.416437587E1,1.269918823E1,1.786577225E1,-4.045508575E1,4.601161987E1
1.417436388E1,1.262756252E1,1.786245537E1,-4.039104462E1,4.593429146E1
1.418435187E1,1.251388931E1,1.789530563E1,-4.053519440E1,4.604282109E1
1.419433987E1,1.260065269E1,1.774296951E1,-4.055423737E1,4.602429341E1
1.420432787E1,1.262434196E1,1.784809113E1,-4.047217560E1,4.599918874E1
1.421431587E1,1.266073132E1,1.790394592E1,-4.027980804E1,4.586183962E1
1.422430388E1,1.261475086E1,1.791389465E1,-4.040108490E1,4.595962600E1
1.423429187E1,1.260650063E1,1.790162849E1,-4.043730927E1,4.598443369E1
1.424428087E1,1.266474724E1,1.789582253E1,-4.023387909E1,4.581944252E1
1.425426887E1,1.271855640E1,1.781690407E1,-4.038231659E1,4.593403140E1
1.426425687E1,1.268678474E1,1.774940491E1,-4.026244354E1,4.579367032E1
1.427424488E1,1.256206512E1,1.781693268E1,-4.034468842E1,4.585785051E1
1.428423287E1,1.263768291E1,1.781375122E1,-4.036782074E1,4.589773103E1
1.429422087E1,1.253025341E1,1.798616982E1,-4.046772003E1,4.602331930E1
1.430420887E1,1.251937103E1,1.798289871E1,-4.051940155E1,4.606453299E1
1.431419787E1,1.255993748E1,1.790271950E1,-4.044853973E1,4.598199388E1
1.432418587E1,1.254080963E1,1.797054482E1,-4.066892242E1,4.619711721E1
1.433417387E1,1.268443394E1,1.788993454E1,-4.064107513E1,4.618053281E1
1.434416187E1,1.263895416E1,1.788410950E1,-4.046088409E1,4.600725678E1
1.435414987E1,1.264395618E1,1.783051300E1,-4.022194672E1,4.577774371E1
1.436413787E1,1.246557140E1,1.788692093E1,-4.026485443E1,4.578854565E1
1.437412587E1,1.251296902E1,1.781744003E1,-4.036600494E1,4.586338319E1
1.438411487E1,1.250914669E1,1.783856583E1,-4.047409821E1,4.596570251E1
1.439410287E1,1.246133804E1,1.775051498E1,-4.044916534E1,4.589663065E1
1.440409088E1,1.258909321E1,1.784402466E1,-4.051488495E1,4.602554059E1
1.441407887E1,1.243651962E1,1.801038551E1,-4.058739471E1,4.611266221E1
1.442406687E1,1.260427666E1,1.793111801E1,-4.060402679E1,4.614195244E1
1.443405487E1,1.266035080E1,1.792316437E1,-4.032781219E1,4.591140098E1
1.444404287E1,1.269868755E1,1.788226700E1,-4.010413361E1,4.570966715E1
1.445403187E1,1.261492443E1,1.783248901E1,-4.009517670E1,4.565914122E1
1.446401987E1,1.271118259E1,1.785581589E1,-4.052474213E1,4.607232410E1
1.447400787E1,1.270064545E1,1.795880127E1,-4.036301422E1,4.596735640E1
1.448399587E1,1.272280788E1,1.804298592E1,-4.030593109E1,4.595636259E1
1.449398387E1,1.287745285E1,1.792965508E1,-4.008541107E1,4.576179087E1
1.450397188E1,1.293518734E1,1.799841690E1,-4.000035858E1,4.573063272E1
1.451395987E1,1.276341629E1,1.795112610E1,-3.995444489E1,4.562351795E1
1.452394887E1,1.283427715E1,1.800493240E1,-4.023555756E1,4.591074333E1
1.453393687E1,1.273798275E1,1.788813972E1,-4.033196259E1,4.592285872E1
1.454392487E1,1.262289906E1,1.778239632E1,-4.037371063E1,4.588668336E1
1.455391287E1,1.272270870E1,1.779810333E1,-4.007532501E1,4.565820270E1
1.456390087E1,1.274638844E1,1.776140976E1,-4.029978180E1,4.584768814E1
1.457388887E1,1.274638844E1,1.776140976E1,-4.029978180E1,4.584768814E1
1.458387687E1,1.261469173E1,1.793446350E1,-4.032727814E1,4.590277541E1
1.459386587E1,1.277436352E1,1.794771576E1,-4.056624603E1,4.616194517E1
1.460385387E1,1.259205627E1,1.794440460E1,-4.046681976E1,4.602309246E1
1.461384187E1,1.247770882E1,1.800820351E1,-4.037996674E1,4.594050853E1
1.462382987E1,1.258346939E1,1.806068039E1,-4.033580780E1,4.595116178E1
1.463381788E1,1.262422466E1,1.794178772E1,-4.049951935E1,4.605963376E1
1.464380587E1,1.279971600E1,1.793682098E1,-4.021230316E1,4.585402493E1
1.465379387E1,1.272889614E1,1.788279343E1,-4.030441284E1,4.589406053E1
1.466378187E1,1.256459999E1,1.801832771E1,-4.025883484E1,4.586178245E1
1.467377087E1,1.267337132E1,1.787272644E1,-4.038742065E1,4.594771418E1
1.468375888E1,1.256908989E1,1.784611130E1,-4.045330811E1,4.596668191E1
1.469374687E1,1.274279785E1,1.781656265E1,-4.027902222E1,4.584984659E1
1.470373487E1,1.252408504E1,1.792928696E1,-4.030696106E1,4.585807614E1
1.471372287E1,1.251749802E1,1.795566177E1,-4.033230591E1,4.588887061E1
1.472371087E1,1.253037071E1,1.813338089E1,-4.013182068E1,4.578638142E1
1.473369888E1,1.261759663E1,1.803508759E1,-4.019647217E1,4.582820642E1
1.474368787E1,1.268926239E1,1.809870911E1,-3.997883606E1,4.568246911E1
1.475367587E1,1.272787762E1,1.800422859E1,-4.001625061E1,4.568863566E1
1.476366387E1,1.278279400E1,1.803743172E1,-3.996675110E1,4.567373379E1
1.477365187E1,1.271854019E1,1.816587639E1,-3.994847107E1,4.569070661E1
1.478363987E1,1.250076389E1,1.830102730E1,-4.014959717E1,4.586051516E1
1.479362787E1,1.270757771E1,1.819151497E1,-4.000230408E1,4.574492408E1
1.480361587E1,1.256546402E1,1.802522850E1,-4.009332275E1,4.571951747E1
1.481360488E1,1.266574669E1,1.802659798E1,-4.014532471E1,4.579330158E1
1.482359287E1,1.248177528E1,1.814172554E1,-4.037643433E1,4.599101400E1
1.483358087E1,1.238976860E1,1.804439545E1,-4.048712158E1,4.602514081E1
1.484356887E1,1.243679619E1,1.813990211E1,-4.016523743E1,4.579275320E1
1.485355687E1,1.241353512E1,1.806307793E1,-4.010702515E1,4.570496805E1
1.486354487E1,1.257663727E1,1.801225281E1,-4.022261047E1,4.583090060E1
1.487353287E1,1.263808918E1,1.815021896E1,-4.032768250E1,4.599427923E1
1.488352087E1,1.251287365E1,1.811365128E1,-4.021093750E1,4.584316595E1
1.489350987E1,1.273843384E1,1.798321152E1,-4.028251648E1,4.591671512E1
1.490349787E1,1.262245178E1,1.804619789E1,-4.032756042E1,4.594892466E1
1.491348588E1,1.258200836E1,1.797670746E1,-4.039064026E1,4.596599576E1
1.492347387E1,1.273687935E1,1.784939766E1,-3.987864685E1,4.550973046E1
1.493346187E1,1.262085152E1,1.800917244E1,-4.025297546E1,4.586848830E1
1.494344987E1,1.260238075E1,1.788557816E1,-4.047625732E1,4.601131723E1
1.495343787E1,1.269689560E1,1.791847420E1,-4.015832520E1,4.577088548E1
1.496342687E1,1.265526485E1,1.801160622E1,-4.031922913E1,4.593706482E1
1.497341487E1,1.266797733E1,1.791105080E1,-4.049844360E1,4.605873777E1
1.498340287E1,1.259175587E1,1.782666016E1,-4.033456421E1,4.586086783E1
1.499339087E1,1.250598526E1,1.795115471E1,-4.043717957E1,4.597617985E1
1.500337887E1,1.256882572E1,1.799426079E1,-4.028132629E1,4.587323892E1
1.501336688E1,1.245322990E1,1.815591431E1,-4.036235046E1,4.597651025E1
1.502335487E1,1.251270199E1,1.800818634E1,-4.042071533E1,4.598583167E1
1.503334387E1,1.255685234E1,1.796652222E1,-4.019876099E1,4.578657932E1
1.504333188E1,1.277674580E1,1.791418839E1,-4.027758789E1,4.589605065E1
1.505331987E1,1.271117592E1,1.794481468E1,-4.032659912E1,4.593283100E1
1.506330787E1,1.268869305E1,1.792873383E1,-4.043616486E1,4.601658240E1
1.507329587E1,1.274129486E1,1.813319206E1,-4.033737946E1,4.602453075E1
1.508328387E1,1.253921223E1,1.811948967E1,-4.037142181E1,4.599347180E1
1.509327187E1,1.268987656E1,1.793370819E1,-4.052056122E1,4.609302266E1
1.510326087E1,1.279201984E1,1.788149834E1,-4.049250031E1,4.607630992E1
1.511324887E1,1.274143696E1,1.791228867E1,-4.067488861E1,4.623462841E1
1.512323679E1,1.274464798E1,1.788445282E1,-4.049082184E1,4.606285226E1
1.513322479E1,1.260803127E1,1.785868073E1,-4.040485382E1,4.593960320E1
1.514321279E1,1.257173634E1,1.794408798E1,-4.057082367E1,4.610889915E1
1.515320079E1,1.263568974E1,1.778529167E1,-4.045121002E1,4.595952183E1
1.516318879E1,1.268561363E1,1.786379623E1,-4.031890106E1,4.588740341E1
1.517317679E1,1.272460175E1,1.793141937E1,-4.039090729E1,4.598778840E1
1.518316579E1,1.273884201E1,1.787041092E1,-4.020732880E1,4.580675683E1
1.519315379E1,1.266427803E1,1.800376511E1,-4.046248627E1,4.606226537E1
1.520314179E1,1.272967434E1,1.797112465E1,-4.045760345E1,4.606325659E1
1.521312979E1,1.248515701E1,1.800304413E1,-4.044887543E1,4.600108984E1
1.522311779E1,1.258153152E1,1.795711136E1,-4.030683136E1,4.588456645E1
1.523310579E1,1.257116985E1,1.804238129E1,-4.044803619E1,4.603917317E1
1.524309379E1,1.257199764E1,1.792662811E1,-4.042040253E1,4.596986035E1
1.525308279E1,1.262062359E1,1.803253555E1,-4.026941681E1,4.589202990E1
1.526307079E1,1.265453720E1,1.796114922E1,-4.048957062E1,4.606675072E1
1.527305879E1,1.252968311E1,1.809725761E1,-4.051602936E1,4.610913496E1
1.528304679E1,1.254994011E1,1.813443375E1,-4.048378754E1,4.610092990E1
1.529303479E1,1.249977112E1,1.799126434E1,-4.025441742E1,4.582955370E1
1.530302279E1,1.268321419E1,1.813813019E1,-4.025930023E1,4.594199543E1
1.531301079E1,1.248672485E1,1.821727180E1,-4.034064484E1,4.599081338E1
1.532299979E1,1.252642632E1,1.798115349E1,-4.020784760E1,4.579196704E1
1.533298779E1,1.255738544E1,1.802637482E1,-4.004187775E1,4.567264052E1
1.534297579E1,1.258787632E1,1.791966248E1,-4.022714996E1,4.580166512E1
1.535296379E1,1.255273724E1,1.811033821E1,-4.035321808E1,4.597757901E1
1.536295179E1,1.240928841E1,1.798488617E1,-4.039034271E1,4.592195938E1
1.537293979E1,1.240298843E1,1.797690773E1,-4.029247284E1,4.583106699E1
1.538292779E1,1.250378418E1,1.797663498E1,-4.050308990E1,4.604350460E1
1.539291679E1,1.248411369E1,1.809790039E1,-4.030933380E1,4.591546019E1
1.540290479E1,1.265390205E1,1.792116547E1,-4.039842987E1,4.597088801E1
1.541289279E1,1.265390205E1,1.792116547E1,-4.039842987E1,4.597088801E1
1.542288079E1,1.262818241E1,1.788301468E1,-4.052021027E1,4.605605981E1
1.543286879E1,1.255869579E1,1.792146492E1,-4.059850311E1,4.612090849E1
1.544285679E1,1.266925621E1,1.802958298E1,-4.029874420E1,4.592999782E1
1.545284479E1,1.257040787E1,1.799680138E1,-4.036688995E1,4.594981848E1
1.546283379E1,1.271690750E1,1.804764175E1,-4.042895508E1,4.606449303E1
1.547282179E1,1.269773102E1,1.788353157E1,-4.047602844E1,4.603652846E1
1.548280979E1,1.251857758E1,1.797441101E1,-4.047544861E1,4.602234431E1
1.549279779E1,1.256737232E1,1.794401360E1,-4.053610229E1,4.607713164E1
1.550278579E1,1.248603916E1,1.796664810E1,-4.059338379E1,4.611425404E1
1.551277379E1,1.259106636E1,1.793808174E1,-4.062779236E1,4.616196747E1
1.552276179E1,1.246460915E1,1.798730469E1,-4.052847290E1,4.605938261E1
1.553275079E1,1.251207066E1,1.796392632E1,-4.042362976E1,4.597090823E1
1.554273879E1,1.257733154E1,1.804825783E1,-4.037245178E1,4.597677394E1
1.555272679E1,1.249265099E1,1.801617241E1,-4.052056885E1,4.607130665E1
1.556271479E1,1.239949512E1,1.798769760E1,-4.050398254E1,4.602040141E1
1.557270279E1,1.246978569E1,1.794954300E1,-4.048507690E1,4.600785912E1
1.558269079E1,1.241105366E1,1.804170799E1,-4.021586609E1,4.579141148E1
1.559267879E1,1.250797367E1,1.796455383E1,-4.029780579E1,4.585943470E1
1.560266679E1,1.244353580E1,1.791276169E1,-4.028314209E1,4.580873444E1
1.561265579E1,1.251645374E1,1.787741089E1,-4.048393250E1,4.599143643E1
1.562264379E1,1.246377563E1,1.802449799E1,-4.020901489E1,4.579293733E1
1.563263179E1,1.264783573E1,1.785700226E1,-4.034887695E1,4.590067701E1
1.564261979E1,1.272661591E1,1.783043098E1,-4.027105713E1,4.584374618E1
1.565260779E1,1.270001316E1,1.778083038E1,-4.039276123E1,4.592410503E1
1.566259579E1,1.255880833E1,1.786276436E1,-4.055184937E1,4.605707876E1
1.567258379E1,1.259239101E1,1.788966370E1,-4.047523499E1,4.600927108E1
1.568257279E1,1.259038830E1,1.787898064E1,-4.028654480E1,4.583864656E1
1.569256079E1,1.271911812E1,1.794835663E1,-4.036280823E1,4.596820379E1
1.570254879E1,1.270316315E1,1.786260986E1,-4.045498657E1,4.601140210E1
1.571253679E1,1.264034176E1,1.786452484E1,-4.055816650E1,4.608561986E1
1.572252479E1,1.270998669E1,1.784799576E1,-4.032333374E1,4.589189425E1
1.573251279E1,1.263480663E1,1.789477158E1,-4.040017700E1,4.595688730E1
1.574250079E1,1.260516739E1,1.788554382E1,-4.028862000E1,4.584709177E1
1.575248979E1,1.255284977E1,1.778507614E1,-4.048805237E1,4.596917832E1
1.576247779E1,1.266316605E1,1.791540909E1,-4.037506104E1,4.595066061E1
1.577246579E1,1.253870487E1,1.777560997E1,-4.053033447E1,4.599890697E1
1.578245379E1,1.242034245E1,1.785403061E1,-4.026828003E1,4.576642538E1
1.579244179E1,1.242771053E1,1.795314407E1,-4.049411011E1,4.600582925E1
1.580242979E1,1.232254696E1,1.784572220E1,-4.020167542E1,4.567810931E1
1.581241779E1,1.247895241E1,1.780666542E1,-4.040194702E1,4.588157484E1
1.582240679E1,1.244262218E1,1.798669052E1,-4.018132019E1,4.574798766E1
1.583239479E1,1.241446781E1,1.786202621E1,-4.023503113E1,4.573870048E1
1.584238279E1,1.237864113E1,1.785339737E1,-4.024845886E1,4.573743537E1
1.585237079E1,1.251481628E1,1.803754044E1,-4.032388306E1,4.591284174E1
1.586235879E1,1.258949852E1,1.777743530E1,-4.014221191E1,4.567198109E1
1.587234679E1,1.265581703E1,1.774336624E1,-4.015953064E1,4.569228219E1
1.588233479E1,1.257726955E1,1.789243889E1,-4.024815369E1,4.580656016E1
1.589232379E1,1.259625340E1,1.785046387E1,-4.045317078E1,4.597568581E1
1.590231179E1,1.262782192E1,1.786671448E1,-4.027093506E1,4.583044385E1
1.591229979E1,1.264061642E1,1.791769791E1,-4.026002502E1,4.584428750E1
1.592228779E1,1.256418896E1,1.782316971E1,-4.034603882E1,4.586204390E1
1.593227579E1,1.259317398E1,1.784991837E1,-4.057641602E1,4.608311137E1
1.594226379E1,1.261790657E1,1.789713287E1,-4.054006958E1,4.607619964E1
1.595225179E1,1.250147533E1,1.793095207E1,-4.047848511E1,4.600340949E1
1.596224079E1,1.244407177E1,1.797222328E1,-4.050947571E1,4.603122151E1
1.597222879E1,1.263295460E1,1.797913361E1,-4.031690979E1,4.591616275E1
1.598221679E1,1.261317158E1,1.785029221E1,-4.026303101E1,4.581306249E1
1.599220479E1,1.256634426E1,1.775720024E1,-4.039572144E1,4.588077461E1
1.600219279E1,1.257908344E1,1.788070107E1,-4.043705750E1,4.596855914E1
1.601218079E1,1.264673233E1,1.792386246E1,-4.048666382E1,4.604752579E1
1.602216879E1,1.258099365E1,1.800926208E1,-4.044157410E1,4.602320977E1
1.603215779E1,1.250036812E1,1.797100830E1,-4.058729553E1,4.611447605E1
1.604214579E1,1.245647335E1,1.797406006E1,-4.049969482E1,4.602668622E1
1.605213379E1,1.263529396E1,1.799693680E1,-4.038092041E1,4.597998609E1
1.606212179E1,1.248733139E1,1.780752563E1,-4.039338684E1,4.587665109E1
1.607210979E1,1.256806850E1,1.786311722E1,-4.044905090E1,4.596926170E1
1.608209779E1,1.256911755E1,1.790178680E1,-4.046307373E1,4.599692405E1
1.609208579E1,1.267839050E1,1.779950523E1,-4.054937744E1,4.606317383E1
1.610207479E1,1.285953045E1,1.763802719E1,-4.051933289E1,4.602481791E1
1.611206279E1,1.264490891E1,1.770937347E1,-4.047984314E1,4.595795177E1
1.612205100E1,1.247536469E1,1.795274734E1,-4.050111389E1,4.602473343E1
1.613203900E1,1.254969692E1,1.783749008E1,-4.035864258E1,4.587473135E1
1.614202700E1,1.266474152E1,1.779679298E1,-4.048023987E1,4.599751448E1
1.615201500E1,1.265472603E1,1.781637573E1,-4.040545654E1,4.593654595E1
1.616200300E1,1.256822681E1,1.782406807E1,-4.028633118E1,4.581098348E1
1.617199200E1,1.244040775E1,1.781476212E1,-4.028094482E1,4.576771799E1
1.618198000E1,1.247886944E1,1.778231239E1,-4.027479553E1,4.576015703E1
1.619196800E1,1.244668674E1,1.776898384E1,-4.031715393E1,4.578350903E1
1.620195600E1,1.270573330E1,1.772084999E1,-4.035339355E1,4.586785971E1
1.621194400E1,1.267131615E1,1.783473587E1,-4.027113342E1,4.583016740E1
1.622193200E1,1.270084000E1,1.781712151E1,-4.034658813E1,4.589780310E1
1.623192000E1,1.273788643E1,1.782384300E1,-4.018470764E1,4.576848106E1
1.624190800E1,1.255430031E1,1.779164314E1,-4.029151917E1,4.579912159E1
1.625189700E1,1.255430031E1,1.779164314E1,-4.029151917E1,4.579912159E1
1.626188500E1,1.253306198E1,1.793808746E1,-4.011959839E1,4.569939605E1
1.627187300E1,1.266086197E1,1.789103317E1,-4.037598419E1,4.594133861E1
1.628186100E1,1.255448055E1,1.795762825E1,-4.046631622E1,4.601754169E1
1.629184900E1,1.265463829E1,1.788678741E1,-4.040186310E1,4.596071775E1
1.630183700E1,1.263093281E1,1.797201920E1,-4.033980560E1,4.593292777E1
1.631182500E1,1.267315483E1,1.789148331E1,-4.041431427E1,4.597859095E1
1.632181400E1,1.253433514E1,1.794663239E1,-4.028830719E1,4.585126898E1
1.633180200E1,1.247852802E1,1.794025803E1,-4.038443756E1,4.591807179E1
1.634179000E1,1.256596470E1,1.787785912E1,-4.031667328E1,4.585799232E1
1.635177800E1,1.252935982E1,1.794750404E1,-4.007096100E1,4.565938758E1
1.636176600E1,1.268318367E1,1.793542862E1,-3.998903656E1,4.562527581E1
1.637175400E1,1.272359085E1,1.780477715E1,-4.020253754E1,4.577274165E1
1.638174200E1,1.276291561E1,1.783972549E1,-4.035248566E1,4.592897690E1
1.639173100E1,1.274291039E1,1.783154106E1,-4.051659393E1,4.606452003E1
1.640171900E1,1.264076233E1,1.794235611E1,-4.035277557E1,4.593542763E1
1.641170700E1,1.256953239E1,1.786833572E1,-4.039153290E1,4.592108988E1
1.642169500E1,1.248818493E1,1.791508102E1,-4.047048187E1,4.598657189E1
1.643168300E1,1.255310345E1,1.778662872E1,-4.043909454E1,4.592673443E1
1.644167100E1,1.261530876E1,1.774690437E1,-4.056200409E1,4.603666806E1
1.645165900E1,1.254193020E1,1.780480576E1,-4.059993744E1,4.607239999E1
1.646164800E1,1.240977955E1,1.780252075E1,-4.030310822E1,4.577415106E1
1.647163600E1,1.258988762E1,1.775734329E1,-4.044538116E1,4.593100661E1
1.648162400E1,1.251797199E1,1.784873390E1,-4.046245575E1,4.596180208E1
1.649161200E1,1.257674313E1,1.798704910E1,-4.023734283E1,4.583396297E1
1.650160000E1,1.247619915E1,1.799456024E1,-4.033582306E1,4.589595151E1
1.651158800E1,1.253305531E1,1.797816467E1,-4.037606049E1,4.594037593E1
1.652157600E1,1.254939079E1,1.799170494E1,-4.016873932E1,4.576807047E1
1.653156500E1,1.264905262E1,1.786669540E1,-4.051271820E1,4.604886180E1
1.654155300E1,1.266888046E1,1.784755707E1,-4.027605438E1,4.583880869E1
1.655154100E1,1.268707752E1,1.773972702E1,-4.050395966E1,4.600250644E1
1.656152900E1,1.256257439E1,1.780143166E1,-4.032222748E1,4.583220781E1
1.657151700E1,1.269736385E1,1.776908493E1,-4.038501740E1,4.591201431E1
1.658150500E1,1.268729210E1,1.771081161E1,-4.042987823E1,4.592619387E1
1.659149300E1,1.273544693E1,1.773972511E1,-4.040404510E1,4.592794701E1
1.660148200E1,1.257319736E1,1.777795029E1,-4.049672699E1,4.597962272E1
1.661147000E1,1.252758694E1,1.764582062E1,-4.077350616E1,4.616052669E1
1.662145800E1,1.264652538E1,1.777415848E1,-4.069474030E1,4.617268891E1
1.663144600E1,1.256765842E1,1.773875999E1,-4.082292938E1,4.625063467E1
1.664143400E1,1.266189289E1,1.776938057E1,-4.059079742E1,4.608348135E1
1.665142200E1,1.265464401E1,1.769862747E1,-4.068862152E1,4.614049578E1
1.666141000E1,1.261500835E1,1.771541786E1,-4.070558929E1,4.615105054E1
1.667139800E1,1.262002468E1,1.778368378E1,-4.054157257E1,4.603415621E1
1.668138700E1,1.270840740E1,1.765498543E1,-4.080466461E1,4.624092109E1
1.669137500E1,1.256199741E1,1.778895187E1,-4.056516266E1,4.604110130E1
1.670136300E1,1.252562237E1,1.774235153E1,-4.055818939E1,4.600705359E1
1.671135100E1,1.259832859E1,1.772143555E1,-4.067876434E1,4.612514531E1
1.672133900E1,1.261649990E1,1.773949814E1,-4.062911224E1,4.609328178E1
1.673132700E1,1.263776207E1,1.767046356E1,-4.063941193E1,4.608166788E1
1.674131500E1,1.259517193E1,1.766156960E1,-4.047183990E1,4.591883297E1
1.675130400E1,1.262406158E1,1.767759514E1,-4.031449127E1,4.579435017E1
1.676129200E1,1.255897236E1,1.773109245E1,-4.005252838E1,4.556670337E1
1.677128000E1,1.261840916E1,1.772184372E1,-4.018633270E1,4.569714795E1
1.678126800E1,1.252596951E1,1.772698593E1,-4.015572357E1,4.564677511E1
1.679125600E1,1.254908752E1,1.779859352E1,-4.017121124E1,4.569459204E1
1.680124400E1,1.251349831E1,1.779934692E1,-4.005826569E1,4.558584255E1
1.681123200E1,1.244786167E1,1.771765900E1,-4.033173370E1,4.577677844E1
1.682122100E1,1.247193909E1,1.766338730E1,-4.022888947E1,4.567174250E1
1.683120900E1,1.242925453E1,1.780418015E1,-4.035973358E1,4.582993884E1
1.684119700E1,1.253457355E1,1.773014832E1,-4.030290985E1,4.577988899E1
1.685118500E1,1.249351788E1,1.777490997E1,-4.046573639E1,4.592941579E1
1.686117300E1,1.244002438E1,1.773609543E1,-4.039054108E1,4.583360226E1
1.687116100E1,1.254366398E1,1.785802650E1,-4.037407684E1,4.589464781E1
1.688114900E1,1.265512943E1,1.775341797E1,-4.035955048E1,4.587188099E1
1.689113700E1,1.259671974E1,1.782020950E1,-4.027266693E1,4.580529354E1
1.690112600E1,1.249795341E1,1.793531227E1,-4.030759430E1,4.585385942E1
1.691111400E1,1.259479904E1,1.792000961E1,-4.037689972E1,4.593527771E1
1.692110200E1,1.270470142E1,1.786738205E1,-4.031618500E1,4.589169372E1
1.693109000E1,1.276440620E1,1.780902481E1,-4.041150665E1,4.596935175E1
1.694107800E1,1.269999790E1,1.784350204E1,-4.048130035E1,4.602625544E1
1.695106600E1,1.262548161E1,1.794514084E1,-4.043218231E1,4.600208943E1
1.696105400E1,1.247955894E1,1.782158279E1,-4.046552277E1,4.594351682E1
1.697104300E1,1.270155048E1,1.784369278E1,-4.051142120E1,4.605325184E1
1.698103100E1,1.255708790E1,1.786314964E1,-4.028215790E1,4.581948075E1
1.699101900E1,1.258852005E1,1.789404488E1,-4.052887726E1,4.605711206E1
1.700100700E1,1.252751637E1,1.792473602E1,-4.034432220E1,4.589007694E1
1.701099500E1,1.249889946E1,1.787855148E1,-4.035738373E1,4.587573991E1
1.702098300E1,1.265436363E1,1.791092682E1,-4.042540741E1,4.599073584E1
1.703097100E1,1.248893547E1,1.794803238E1,-4.041022491E1,4.594661743E1
1.704096000E1,1.251310253E1,1.773685646E1,-4.026496124E1,4.574320623E1
1.705094800E1,1.255759716E1,1.782402039E1,-4.033519745E1,4.585103164E1
1.706093600E1,1.265775204E1,1.769689941E1,-4.025220490E1,4.575629940E1
1.707092400E1,1.268613720E1,1.779921150E1,-4.001465607E1,4.559520487E1
1.708091200E1,1.256968021E1,1.792935562E1,-4.041657257E1,4.596692280E1
1.709090000E1,1.256968021E1,1.792935562E1,-4.041657257E1,4.596692280E1
1.710088800E1,1.253810501E1,1.790673447E1,-4.016843414E1,4.573137127E1
1.711087600E1,1.251738358E1,1.782089233E1,-4.020767975E1,4.572665094E1
1.712086500E1,1.241319847E1,1.777807999E1,-4.022878265E1,4.570013762E1
1.713085300E1,1.238683224E1,1.787043762E1,-4.027730560E1,4.577168885E1
1.714084100E1,1.251116085E1,1.784434700E1,-4.018300629E1,4.571240379E1
1.715082900E1,1.235685825E1,1.781816864E1,-4.025678253E1,4.572513116E1
1.716081700E1,1.255349827E1,1.773574638E1,-4.003266144E1,4.554954446E1
1.717080500E1,1.255421829E1,1.767618942E1,-4.015364838E1,4.563300941E1
1.718079300E1,1.257787037E1,1.771341515E1,-4.012813568E1,4.563151512E1
1.719078200E1,1.261434841E1,1.785203171E1,-4.002144623E1,4.560189667E1
1.720077000E1,1.256688595E1,1.782583618E1,-4.001291656E1,4.557104947E1
1.721075800E1,1.255484104E1,1.782024574E1,-3.987892914E1,4.544792824E1
1.722074600E1,1.251369762E1,1.779607010E1,-3.986508942E1,4.541495451E1
1.723073400E1,1.240889645E1,1.793650055E1,-3.988344574E1,4.545754071E1
1.724072200E1,1.242864990E1,1.800968552E1,-3.996079254E1,4.555968669E1
1.725071000E1,1.235396290E1,1.791565704E1,-4.024642181E1,4.575331284E1
1.726069900E1,1.241839695E1,1.788760757E1,-4.010948944E1,4.563939341E1
1.727068700E1,1.231560040E1,1.789902306E1,-4.018560028E1,4.568294550E1
1.728067500E1,1.239444447E1,1.781692886E1,-3.997412872E1,4.548621962E1
1.729066300E1,1.251121998E1,1.779314041E1,-3.988188934E1,4.542787216E1
1.730065100E1,1.244319916E1,1.779207802E1,-3.988829803E1,4.541439822E1
1.731063900E1,1.241904736E1,1.787847137E1,-4.039678192E1,4.588869649E1
1.732062700E1,1.239221954E1,1.797660065E1,-4.007178497E1,4.563412349E1
1.733061500E1,1.244315910E1,1.793796158E1,-4.009543610E1,4.565355046E1
1.734060400E1,1.242966843E1,1.800439262E1,-4.017519379E1,4.574604908E1
1.735059200E1,1.231874275E1,1.799690437E1,-4.031635284E1,4.583719338E1
1.736058000E1,1.221418762E1,1.803266335E1,-4.028491974E1,4.579561207E1
1.737056800E1,1.230878544E1,1.787406921E1,-4.025682831E1,4.573402207E1
1.738055600E1,1.238527870E1,1.783559990E1,-4.026230621E1,4.574447567E1
1.739054400E1,1.243647861E1,1.793993568E1,-4.029392242E1,4.582692961E1
1.740053200E1,1.236274052E1,1.798393059E1,-4.019245148E1,4.573502234E1
1.741052100E1,1.239908504E1,1.783966446E1,-4.037255096E1,4.584685168E1
1.742050900E1,1.246007919E1,1.782285118E1,-4.048163605E1,4.595291563E1
1.743049700E1,1.249179268E1,1.779310036E1,-4.058455658E1,4.604069436E1
1.744048500E1,1.249755478E1,1.800515747E1,-4.019690704E1,4.578390445E1
1.745047300E1,1.254464912E1,1.786616325E1,-4.020116425E1,4.574605576E1
1.746046100E1,1.254448414E1,1.792525291E1,-4.026772308E1,4.582759318E1
1.747044900E1,1.257094097E1,1.784715462E1,-4.036249542E1,4.588769466E1
1.748043700E1,1.254561424E1,1.784177017E1,-4.052869415E1,4.602495246E1
1.749042600E1,1.253240681E1,1.800165367E1,-4.032546234E1,4.590494165E1
1.750041400E1,1.251802731E1,1.771042061E1,-4.038878632E1,4.584336447E1
1.751040200E1,1.252062607E1,1.779840088E1,-4.055165863E1,4.602158373E1
1.752039000E1,1.239616966E1,1.781582260E1,-4.034134674E1,4.580930925E1
1.753037800E1,1.240388870E1,1.787501144E1,-4.037354279E1,4.586278934E1
1.754036600E1,1.244871235E1,1.796263504E1,-4.029431915E1,4.583949010E1
1.755035400E1,1.224582386E1,1.809928894E1,-4.033538055E1,4.587469222E1
1.756034200E1,1.223339272E1,1.813499451E1,-4.044336700E1,4.598042907E1
1.757033100E1,1.224741840E1,1.806755447E1,-4.033794403E1,4.586486140E1
1.758031900E1,1.220735359E1,1.787051773E1,-4.041730499E1,4.584684753E1
1.759030700E1,1.222167969E1,1.804964638E1,-4.021749115E1,4.574500829E1
1.760029500E1,1.240886211E1,1.782707214E1,-4.014728546E1,4.564634586E1
1.761028300E1,1.241711807E1,1.784062958E1,-4.043430328E1,4.590648938E1
1.762027100E1,1.232442188E1,1.798366547E1,-4.014980316E1,4.568709109E1
1.763025900E1,1.217702484E1,1.788455391E1,-4.039325714E1,4.582305561E1
1.764024800E1,1.228706932E1,1.797419357E1,-4.044561005E1,4.593355069E1
1.765023600E1,1.232320309E1,1.784191513E1,-4.052709198E1,4.596346869E1
1.766022400E1,1.236281776E1,1.785872841E1,-4.034918976E1,4.582390814E1
1.767021200E1,1.232977390E1,1.785717010E1,-4.058377838E1,4.602113554E1
1.768020000E1,1.232350159E1,1.783036423E1,-4.045888519E1,4.589893213E1
1.769018800E1,1.241093349E1,1.779401588E1,-4.055034637E1,4.598900806E1
1.770017600E1,1.245319557E1,1.779868126E1,-4.057674408E1,4.602550700E1
1.771016400E1,1.250153065E1,1.774003601E1,-4.044260406E1,4.589772728E1
1.772015300E1,1.240003586E1,1.793206978E1,-4.033138275E1,4.584692411E1
1.773014100E1,1.231249809E1,1.797883224E1,-4.043729401E1,4.593485349E1
1.774012900E1,1.237399483E1,1.786664963E1,-4.050194550E1,4.596455706E1
1.775011700E1,1.250273132E1,1.796490669E1,-4.042241669E1,4.596768358E1
1.776010500E1,1.228336906E1,1.803256226E1,-4.030522919E1,4.583193163E1
1.777009300E1,1.254017448E1,1.802570724E1,-4.021669769E1,4.582100906E1
1.778008100E1,1.243431759E1,1.793950653E1,-4.042473602E1,4.594123889E1
1.779007000E1,1.240841484E1,1.798672295E1,-4.041159821E1,4.594113876E1
1.780005800E1,1.251576996E1,1.788971329E1,-4.031546783E1,4.584782749E1
1.781004600E1,1.236785793E1,1.807593727E1,-4.036295319E1,4.592244993E1
1.782003400E1,1.232709312E1,1.801926422E1,-4.024430084E1,4.578487587E1
1.783002200E1,1.232860088E1,1.800836372E1,-4.043074799E1,4.594497738E1
1.784001000E1,1.231844139E1,1.794399071E1,-4.050566864E1,4.598304027E1
1.784999800E1,1.247223854E1,1.789591217E1,-4.025623322E1,4.578629401E1
1.785998600E1,1.240128326E1,1.785607338E1,-4.020981598E1,4.571061676E1
1.786997500E1,1.234068871E1,1.792235947E1,-4.024546051E1,4.575150990E1
1.787996300E1,1.228538990E1,1.793172646E1,-4.025975800E1,4.575287677E1
1.788995100E1,1.254765511E1,1.802403641E1,-4.007661438E1,4.569950281E1
1.789993900E1,1.242723083E1,1.806698418E1,-4.013446045E1,4.573430768E1
1.790992700E1,1.242389297E1,1.806632614E1,-4.009001160E1,4.569413843E1
1.791991500E1,1.234731770E1,1.807331085E1,-4.015843201E1,4.573620536E1
1.792990300E1,1.234731770E1,1.807331085E1,-4.015843201E1,4.573620536E1
1.793989100E1,1.244733524E1,1.789799118E1,-4.005700684E1,4.560524136E1
1.794988000E1,1.248809242E1,1.795018005E1,-4.000286865E1,4.558937285E1
1.795986800E1,1.251591301E1,1.809055519E1,-3.992015076E1,4.557998137E1
1.796985600E1,1.253102493E1,1.795312309E1,-3.997317505E1,4.557626507E1
1.797984400E1,1.245701408E1,1.796666718E1,-4.019239807E1,4.575376697E1
1.798983200E1,1.238636971E1,1.797846985E1,-4.012678528E1,4.568157648E1
1.799982000E1,1.241574574E1,1.803915787E1,-4.028662109E1,4.585383079E1
1.800980800E1,1.249463463E1,1.805098343E1,-4.014361572E1,4.575438537E1
1.801979700E1,1.253610325E1,1.805938148E1,-4.033869934E1,4.594024171E1
1.802978500E1,1.242072296E1,1.803466797E1,-4.035752869E1,4.591572421E1
1.803977300E1,1.244719124E1,1.812831116E1,-4.033670044E1,4.594145881E1
1.804976100E1,1.243188858E1,1.813230324E1,-4.026991272E1,4.588025877E1
1.805974900E1,1.257654762E1,1.813058853E1,-3.998577881E1,4.567001530E1
1.806973700E1,1.256441593E1,1.806338310E1,-4.020950317E1,4.583617024E1
1.807972500E1,1.258323193E1,1.812198830E1,-4.029142761E1,4.593629637E1
1.808971300E1,1.257328224E1,1.801301384E1,-4.014096069E1,4.575863655E1
1.809970200E1,1.262824059E1,1.793667603E1,-4.008628845E1,4.569581304E1
1.810969000E1,1.270207500E1,1.787959290E1,-4.012783813E1,4.573036130E1
1.811967787E1,1.237877655E1,1.789458656E1,-4.030674744E1,4.580484937E1
1.812966587E1,1.247539139E1,1.785507011E1,-4.047926331E1,4.596748500E1
1.813965387E1,1.241985035E1,1.800828552E1,-4.050141907E1,4.603168449E1
1.814964188E1,1.244917011E1,1.806814384E1,-4.025880432E1,4.584987441E1
1.815962987E1,1.250981331E1,1.814005661E1,-4.030627441E1,4.593639995E1
1.816961787E1,1.247056103E1,1.805905914E1,-4.035476685E1,4.593638772E1
1.817960687E1,1.243833256E1,1.817624283E1,-4.032870483E1,4.595097772E1
1.818959487E1,1.233877563E1,1.817384529E1,-4.037989807E1,4.596814337E1
1.819958287E1,1.222329807E1,1.819545364E1,-4.042018127E1,4.598124186E1
1.820957087E1,1.235623550E1,1.809647179E1,-4.018298340E1,4.576932381E1
1.821955887E1,1.222395515E1,1.806921768E1,-4.020301819E1,4.574062066E1
1.822954687E1,1.241869736E1,1.798627090E1,-4.008436584E1,4.565617560E1
1.823953487E1,1.238607502E1,1.808909225E1,-4.027095032E1,4.585171264E1
1.824952288E1,1.237209606E1,1.799046516E1,-4.039947510E1,4.592214265E1
1.825951187E1,1.236365318E1,1.815637207E1,-4.042201233E1,4.600492199E1
1.826949987E1,1.225882530E1,1.814576912E1,-4.037344360E1,4.592997587E1
1.827948787E1,1.230599213E1,1.807022476E1,-4.039695740E1,4.593348051E1
1.828947587E1,1.230787754E1,1.817456055E1,-4.029493713E1,4.588551470E1
1.829946387E1,1.220796871E1,1.818248558E1,-4.042071533E1,4.597250820E1
1.830945187E1,1.226786518E1,1.815729904E1,-4.049012756E1,4.603953143E1
1.831943987E1,1.238257790E1,1.802479172E1,-4.045252991E1,4.598509028E1
1.832942787E1,1.222972012E1,1.805635262E1,-4.040870667E1,4.591798665E1
1.833941687E1,1.223583889E1,1.821406555E1,-4.013046265E1,4.573753349E1
1.834940487E1,1.222736359E1,1.802985764E1,-4.034109497E1,4.584744410E1
1.835939287E1,1.231434250E1,1.799025726E1,-4.029734802E1,4.581668523E1
1.836938087E1,1.235262203E1,1.804755020E1,-4.028694153E1,4.584036428E1
1.837936888E1,1.228830528E1,1.808513069E1,-4.019073486E1,4.575335581E1
1.838935687E1,1.243792152E1,1.808137512E1,-4.009030151E1,4.570416057E1
1.839934487E1,1.235431480E1,1.798015022E1,-4.014593506E1,4.569038190E1
1.840933287E1,1.230580521E1,1.812010193E1,-4.020489502E1,4.578432613E1
1.841932187E1,1.234071732E1,1.804229355E1,-4.020967102E1,4.576718589E1
1.842930988E1,1.239030075E1,1.802348709E1,-4.027853394E1,4.583367687E1
1.843929787E1,1.247035599E1,1.800897789E1,-4.021542358E1,4.579425026E1
1.844928587E1,1.237775803E1,1.804043388E1,-4.025608826E1,4.581723246E1
1.845927387E1,1.231358051E1,1.816568565E1,-4.024591064E1,4.584048128E1
1.846926187E1,1.236222935E1,1.809019852E1,-4.037069702E1,4.593335580E1
1.847924988E1,1.235816288E1,1.792836571E1,-4.001275635E1,4.555404655E1
1.848923787E1,1.237400150E1,1.799494934E1,-4.015043640E1,4.570548827E1
1.849922687E1,1.244618797E1,1.799680519E1,-4.015332031E1,4.572834705E1
1.850921487E1,1.251737213E1,1.791217804E1,-4.023246765E1,4.578408217E1
1.851920287E1,1.249453545E1,1.795513725E1,-4.017503357E1,4.574422031E1
1.852919087E1,1.226369095E1,1.810216522E1,-4.019129944E1,4.575398400E1
1.853917887E1,1.230472660E1,1.814526749E1,-4.023818970E1,4.582323580E1
1.854916687E1,1.218744469E1,1.806970406E1,-4.027441406E1,4.579384719E1
1.855915487E1,1.224766922E1,1.788772202E1,-4.030993652E1,4.576971687E1
1.856914387E1,1.222606945E1,1.812443733E1,-4.020254517E1,4.576261182E1
1.857913187E1,1.226849747E1,1.818099213E1,-3.999954224E1,4.561828454E1
1.858911987E1,1.247986698E1,1.818146706E1,-3.998133850E1,4.565983194E1
1.859910787E1,1.238056374E1,1.816519547E1,-3.984271240E1,4.550488343E1
1.860909587E1,1.227850914E1,1.812409401E1,-4.020785522E1,4.578117727E1
1.861908387E1,1.227958012E1,1.819231224E1,-4.012252808E1,4.573363720E1
1.862907187E1,1.232940006E1,1.825640678E1,-4.019024658E1,4.583193663E1
1.863905987E1,1.247451687E1,1.810258102E1,-4.000990295E1,4.565204645E1
1.864904787E1,1.243033504E1,1.810019302E1,-4.021902466E1,4.582248532E1
1.865903688E1,1.240897274E1,1.806545639E1,-4.006642151E1,4.566904260E1
1.866902487E1,1.256900215E1,1.807701874E1,-4.003660583E1,4.569122704E1
1.867901287E1,1.248760605E1,1.797588730E1,-4.011906433E1,4.570133643E1
1.868900087E1,1.235287857E1,1.798700333E1,-4.036401367E1,4.588441454E1
1.869898887E1,1.235432053E1,1.799570847E1,-4.030783081E1,4.583880434E1
1.870897688E1,1.236178398E1,1.805157661E1,-4.026702881E1,4.582692146E1
1.871896487E1,1.249760723E1,1.790393448E1,-4.017816162E1,4.572773477E1
1.872895387E1,1.238305855E1,1.801093864E1,-4.043492126E1,4.596430036E1
1.873894187E1,1.242643166E1,1.784518814E1,-4.018821716E1,4.569419812E1
1.874892987E1,1.249580097E1,1.790604019E1,-4.038151550E1,4.590684166E1
1.875891788E1,1.253847885E1,1.798605919E1,-4.043972778E1,4.600090608E1
1.876890587E1,1.253847885E1,1.798605919E1,-4.043972778E1,4.600090608E1
1.877889387E1,1.250606632E1,1.813050461E1,-4.034620667E1,4.596665405E1
1.878888187E1,1.244646454E1,1.798928452E1,-4.040621948E1,4.594770299E1
1.879886987E1,1.246078587E1,1.798705673E1,-4.045932007E1,4.599741270E1
1.880885887E1,1.237948799E1,1.786778831E1,-4.040441895E1,4.588056944E1
1.881884687E1,1.252395439E1,1.774504280E1,-4.021975708E1,4.570957052E1
1.882883487E1,1.254732132E1,1.788123703E1,-4.027609253E1,4.581852834E1
1.883882287E1,1.252104950E1,1.785435104E1,-4.021499634E1,4.574713611E1
1.884881087E1,1.258466816E1,1.780680084E1,-4.018783569E1,4.572218462E1
1.885879887E1,1.241403675E1,1.780939102E1,-4.021347046E1,4.569908012E1
1.886878687E1,1.243923283E1,1.785950089E1,-4.024006653E1,4.574887145E1
1.887877487E1,1.253586006E1,1.780305862E1,-4.043869019E1,4.592803444E1
1.888876287E1,1.246289062E1,1.774348450E1,-4.033050537E1,4.578978651E1
1.889875187E1,1.251439762E1,1.786722565E1,-4.027096558E1,4.579954769E1
1.890873987E1,1.247090721E1,1.791549873E1,-4.027629089E1,4.581122384E1
1.891872787E1,1.249247837E1,1.788861847E1,-4.028976440E1,4.581844391E1
1.892871587E1,1.257731152E1,1.783997917E1,-4.008229065E1,4.564037298E1
1.893870387E1,1.256877327E1,1.786484528E1,-4.024269104E1,4.578865515E1
1.894869187E1,1.252908707E1,1.777971458E1,-4.019285583E1,4.570078701E1
1.895867987E1,1.248707390E1,1.773740768E1,-4.011907959E1,4.560792906E1
1.896866787E1,1.247600079E1,1.780581856E1,-4.028639221E1,4.577871959E1
1.897865687E1,1.239351177E1,1.784577751E1,-4.023718262E1,4.572856628E1
1.898864488E1,1.255677509E1,1.785700989E1,-4.031871033E1,4.584914182E1
1.899863287E1,1.261775970E1,1.771982574E1,-4.018693542E1,4.569671611E1
1.900862087E1,1.274347878E1,1.780036736E1,-4.018948364E1,4.576509505E1
1.901860887E1,1.254976177E1,1.789043427E1,-4.034352112E1,4.588206463E1
1.902859687E1,1.253284550E1,1.778006554E1,-4.003413391E1,4.556242777E1
1.903858488E1,1.250937557E1,1.776687241E1,-4.008589172E1,4.559632603E1
1.904857287E1,1.248527336E1,1.768542862E1,-3.992115784E1,4.541316196E1
1.905856187E1,1.255114746E1,1.781760406E1,-3.972187805E1,4.530812193E1
1.906854987E1,1.248143291E1,1.779478073E1,-3.978379822E1,4.533421434E1
1.907853787E1,1.239261246E1,1.788233757E1,-3.997636414E1,4.551334453E1
1.908852588E1,1.244084167E1,1.788776207E1,-4.000273132E1,4.555178467E1
1.909851387E1,1.248071671E1,1.781567383E1,-4.016239166E1,4.567476576E1
1.910850187E1,1.251169777E1,1.786856651E1,-3.989968109E1,4.547320971E1
1.911848987E1,1.245842457E1,1.783779526E1,-4.002393341E1,4.555562016E1
1.912847737E1,1.230623436E1,1.790195656E1,-3.981186676E1,4.535314970E1
1.913846638E1,1.248774529E1,1.784857559E1,-3.989833832E1,4.545759379E1
1.914845437E1,1.242890263E1,1.795568657E1,-4.007988739E1,4.564298055E1
1.915844237E1,1.241545200E1,1.807272339E1,-4.014008331E1,4.573831072E1
1.916843037E1,1.237239170E1,1.796668053E1,-4.019384003E1,4.573207257E1
1.917841837E1,1.240145302E1,1.795136642E1,-4.011684418E1,4.566627618E1
1.918840638E1,1.247773170E1,1.785923386E1,-4.004480743E1,4.558763675E1
1.919839437E1,1.241121769E1,1.781544685E1,-4.007147980E1,4.557578265E1
1.920838237E1,1.245223808E1,1.780909729E1,-4.003383636E1,4.555140210E1
1.921837137E1,1.251913643E1,1.775886726E1,-3.996680450E1,4.549122559E1
1.922835937E1,1.245086002E1,1.774541092E1,-3.995742035E1,4.545898113E1
1.923834737E1,1.258384705E1,1.793383408E1,-3.996700287E1,4.557781181E1
1.924833537E1,1.252730656E1,1.783370972E1,-4.020746613E1,4.573417698E1
1.925832337E1,1.253492355E1,1.785066795E1,-4.001529694E1,4.557405670E1
1.926831137E1,1.253817272E1,1.799065590E1,-4.009583282E1,4.570060486E1
1.927829937E1,1.247059917E1,1.797027397E1,-4.013040924E1,4.570444548E1
1.928828738E1,1.245053768E1,1.806247711E1,-4.027571869E1,4.586286607E1
1.929827537E1,1.253692627E1,1.805826378E1,-4.033167267E1,4.593385713E1
1.930826437E1,1.257118511E1,1.789266968E1,-4.029335785E1,4.584470537E1
1.931825238E1,1.237927341E1,1.797905350E1,-4.042734528E1,4.594412934E1
1.932824037E1,1.238961411E1,1.790480614E1,-4.027283478E1,4.578193794E1
1.933822837E1,1.240799236E1,1.796761703E1,-4.017700958E1,4.572729639E1
1.934821637E1,1.238233089E1,1.787052727E1,-4.029584503E1,4.578682114E1
1.935820437E1,1.237400150E1,1.798851395E1,-4.031369781E1,4.584644783E1
1.936819237E1,1.237559319E1,1.806392479E1,-4.045819855E1,4.600354894E1
1.937818037E1,1.237824059E1,1.804862213E1,-4.041573334E1,4.596090841E1
1.938816937E1,1.243472004E1,1.805849075E1,-4.038500214E1,4.595301675E1
1.939815737E1,1.246999550E1,1.807447433E1,-4.029965973E1,4.589389921E1
1.940814537E1,1.239050293E1,1.812190247E1,-4.020519257E1,4.580813706E1
1.941813338E1,1.243433475E1,1.807644272E1,-4.021207428E1,4.580809295E1
1.942812137E1,1.237011433E1,1.795935440E1,-4.040877533E1,4.591761386E1
1.943810937E1,1.232920742E1,1.820192146E1,-4.040648651E1,4.600003753E1
1.944809737E1,1.225855255E1,1.815798950E1,-4.042771149E1,4.598243740E1
1.945808537E1,1.241797924E1,1.796438980E1,-4.016056061E1,4.571428811E1
1.946807438E1,1.259326458E1,1.794879341E1,-4.036351776E1,4.593433426E1
1.947806237E1,1.251603603E1,1.796739769E1,-4.014044952E1,4.572454730E1
1.948805037E1,1.243718338E1,1.791760063E1,-4.038195038E1,4.589581527E1
1.949803837E1,1.247679901E1,1.787930298E1,-4.047829437E1,4.597643205E1
1.950802637E1,1.232913017E1,1.806043625E1,-4.049244690E1,4.601983338E1
1.951801438E1,1.238373089E1,1.789433670E1,-4.036369324E1,4.585620796E1
1.952800237E1,1.248651123E1,1.791371727E1,-4.042819214E1,4.594837265E1
1.953799037E1,1.246834469E1,1.797856140E1,-4.027099609E1,4.583057294E1
1.954797937E1,1.245761776E1,1.795903969E1,-4.025216675E1,4.580345265E1
1.955796737E1,1.248440933E1,1.796536064E1,-4.027409363E1,4.583249150E1
1.956795537E1,1.265359116E1,1.784006500E1,-4.041287231E1,4.595194813E1
1.957794337E1,1.258247375E1,1.793372726E1,-4.045307922E1,4.600422631E1
1.958793137E1,1.239545822E1,1.813381577E1,-4.041259766E1,4.599631190E1
1.959791937E1,1.239545822E1,1.813381577E1,-4.041259766E1,4.599631190E1
1.960790737E1,1.243888187E1,1.786491013E1,-4.033218384E1,4.583193045E1
1.961789538E1,1.252351570E1,1.784493256E1,-4.054840088E1,4.603751598E1
1.962788337E1,1.256696796E1,1.783598328E1,-4.030313110E1,4.583004866E1
1.963787237E1,1.251530170E1,1.795185280E1,-4.027182007E1,4.583362616E1
1.964786038E1,1.241247272E1,1.800021172E1,-4.030781555E1,4.585626561E1
1.965784837E1,1.251679611E1,1.800306892E1,-4.057864380E1,4.612382257E1
1.966783637E1,1.244267654E1,1.805769920E1,-4.041282654E1,4.597931327E1
1.967782437E1,1.264702892E1,1.805816078E1,-4.014363098E1,4.579907881E1
1.968781237E1,1.244698334E1,1.807266998E1,-4.014437866E1,4.575062768E1
1.969780037E1,1.240461063E1,1.805330658E1,-4.028572083E1,4.585559449E1
1.970778837E1,1.249115467E1,1.798383904E1,-4.028051758E1,4.584721919E1
1.971777737E1,1.236772156E1,1.799455643E1,-4.029196167E1,4.582801297E1
1.972776537E1,1.266754818E1,1.783950996E1,-4.028208923E1,4.584061088E1
1.973775337E1,1.263770771E1,1.784798813E1,-4.049603271E1,4.602380908E1
1.974774138E1,1.256264877E1,1.789352798E1,-4.053471375E1,4.605498351E1
1.975772937E1,1.259356308E1,1.789454842E1,-4.046672058E1,4.600400166E1
1.976771737E1,1.257196045E1,1.790390968E1,-4.019609070E1,4.576384904E1
1.977770537E1,1.264161301E1,1.796533394E1,-4.037721252E1,4.596610593E1
1.978769337E1,1.252968025E1,1.796681404E1,-4.039669800E1,4.595315553E1
1.979768238E1,1.258380890E1,1.809939575E1,-4.034669495E1,4.597603904E1
1.980767037E1,1.271593857E1,1.793474579E1,-4.005328369E1,4.569043373E1
1.981765837E1,1.254648972E1,1.794260788E1,-4.011712646E1,4.570268501E1
1.982764637E1,1.260204124E1,1.789549255E1,-4.029020691E1,4.585150892E1
1.983763437E1,1.252963924E1,1.795355225E1,-4.045643616E1,4.600049048E1
1.984762238E1,1.250300789E1,1.784428024E1,-4.025596619E1,4.577429800E1
1.985761037E1,1.251350498E1,1.794248009E1,-4.036199951E1,4.590872905E1
1.986759837E1,1.241568375E1,1.802356720E1,-4.047485352E1,4.601317143E1
1.987758637E1,1.231292629E1,1.801417160E1,-4.050279236E1,4.600646391E1
1.988757537E1,1.240399647E1,1.792316437E1,-4.059233093E1,4.607424747E1
1.989756337E1,1.238793278E1,1.785536766E1,-4.060554504E1,4.605524206E1
1.990755137E1,1.239907169E1,1.800662422E1,-4.044760895E1,4.597808787E1
1.991753937E1,1.245561600E1,1.791481781E1,-4.022144318E1,4.575857907E1
1.992752737E1,1.247383785E1,1.801821899E1,-4.021018219E1,4.579423106E1
1.993751537E1,1.248125076E1,1.804009438E1,-4.018567657E1,4.578335099E1
1.994750338E1,1.244089699E1,1.803445435E1,-4.032559967E1,4.589304359E1
1.995749137E1,1.249305248E1,1.811734962E1,-4.030344391E1,4.592039099E1
1.996747937E1,1.233816338E1,1.800186157E1,-4.032921600E1,4.585567532E1
1.997746838E1,1.237970543E1,1.805329704E1,-4.041585541E1,4.596324628E1
1.998745637E1,1.250317764E1,1.802999115E1,-4.030194855E1,4.588743934E1
1.999744437E1,1.226762390E1,1.823046875E1,-4.025550079E1,4.586229313E1
2.000743237E1,1.238884068E1,1.805051804E1,-4.018177032E1,4.575892526E1
2.001742037E1,1.242415905E1,1.808578873E1,-4.013591766E1,4.574218369E1
2.002740837E1,1.237006855E1,1.798134232E1,-4.022045135E1,4.576059412E1
2.003739637E1,1.243527699E1,1.790240479E1,-4.022681427E1,4.575291026E1
2.004738437E1,1.255686092E1,1.791893005E1,-4.032077789E1,4.587513423E1
2.005737337E1,1.268344307E1,1.787184906E1,-4.028745270E1,4.586231091E1
2.006736137E1,1.270164394E1,1.787430954E1,-4.026442719E1,4.584808390E1
2.007734938E1,1.259353828E1,1.792501640E1,-4.032758331E1,4.589354416E1
2.008733737E1,1.259177399E1,1.793985176E1,-4.021224213E1,4.579754874E1
2.009732537E1,1.259798527E1,1.789333725E1,-4.038780975E1,4.593534508E1
2.010731337E1,1.253271770E1,1.787389755E1,-4.030800629E1,4.583972729E1
2.011730137E1,1.229990482E1,1.790309906E1,-4.050261688E1,4.595944505E1
2.012728975E1,1.245365620E1,1.783463860E1,-4.027094269E1,4.577026012E1
2.013727875E1,1.247696972E1,1.789016914E1,-4.043225861E1,4.594018351E1
2.014726675E1,1.226217365E1,1.794994354E1,-4.020798492E1,4.570824245E1
2.015725475E1,1.237034798E1,1.789615440E1,-4.055695343E1,4.602351924E1
2.016724275E1,1.266728878E1,1.783484650E1,-4.035576630E1,4.590348383E1
2.017723075E1,1.249542809E1,1.787418175E1,-4.026477814E1,4.579164175E1
2.018721875E1,1.258155632E1,1.788116264E1,-4.025969696E1,4.581347767E1
2.019720675E1,1.248512077E1,1.782846069E1,-4.019174957E1,4.570677176E1
2.020719475E1,1.252157593E1,1.790052795E1,-4.034273529E1,4.587760952E1
2.021718275E1,1.251137447E1,1.795619965E1,-4.012604523E1,4.570622608E1
2.022717175E1,1.253422260E1,1.791877365E1,-4.020630646E1,4.576828885E1
2.023715975E1,1.260701752E1,1.786263466E1,-4.037216949E1,4.591211907E1
2.024714775E1,1.243725204E1,1.781729317E1,-4.040314484E1,4.587543228E1
2.025713575E1,1.243321037E1,1.787249374E1,-4.052892303E1,4.600656861E1
2.026712375E1,1.239576435E1,1.786524773E1,-4.030426788E1,4.579580832E1
2.027711175E1,1.232273293E1,1.795712852E1,-4.057233429E1,4.604804579E1
2.028709975E1,1.233389854E1,1.802731323E1,-4.054450226E1,4.605394379E1
2.029708775E1,1.231279945E1,1.787968445E1,-4.040395355E1,4.586684651E1
2.030707675E1,1.231500340E1,1.782079315E1,-4.042423248E1,4.586238708E1
2.031706475E1,1.247736740E1,1.776423454E1,-4.039790344E1,4.586113091E1
2.032705275E1,1.252008152E1,1.779043198E1,-4.059431458E1,4.605594736E1
2.033704075E1,1.241236973E1,1.791147041E1,-4.035729980E1,4.586501218E1
2.034702875E1,1.233683872E1,1.811341286E1,-4.027525330E1,4.585181941E1
2.035701675E1,1.219533157E1,1.817140198E1,-4.034323120E1,4.589664765E1
2.036700475E1,1.216489220E1,1.807496834E1,-4.002706909E1,4.557252838E1
2.037699275E1,1.218163013E1,1.803836441E1,-4.021553040E1,4.572814875E1
2.038698075E1,1.220857525E1,1.808129311E1,-4.018511963E1,4.572555423E1
2.039696975E1,1.226824856E1,1.816945267E1,-3.997895813E1,4.559557025E1
2.040695775E1,1.229721737E1,1.808699989E1,-4.026678467E1,4.582330267E1
2.041694575E1,1.224035931E1,1.811049461E1,-4.023677063E1,4.579098298E1
2.042693375E1,1.217501163E1,1.806793785E1,-4.030970764E1,4.582088843E1
2.043692175E1,1.217501163E1,1.806793785E1,-4.030970764E1,4.582088843E1
2.044690975E1,1.215761375E1,1.804285812E1,-4.032429504E1,4.581922165E1
2.045689775E1,1.221597481E1,1.803270721E1,-4.033480835E1,4.583999710E1
2.046688575E1,1.218316841E1,1.798432159E1,-4.019633484E1,4.569037919E1
2.047687375E1,1.219131851E1,1.800997734E1,-4.021936035E1,4.572290977E1
2.048686275E1,1.225466919E1,1.798717499E1,-4.032369995E1,4.582265988E1
2.049685075E1,1.244961548E1,1.787268066E1,-4.039254761E1,4.589099631E1
2.050683875E1,1.239946461E1,1.797632599E1,-4.046421814E1,4.598095223E1
2.051682675E1,1.235140610E1,1.798929787E1,-4.045249939E1,4.596277600E1
2.052681475E1,1.232816601E1,1.804452515E1,-4.020144653E1,4.575745697E1
2.053680275E1,1.216781044E1,1.821127701E1,-4.043504333E1,4.598585598E1
2.054679075E1,1.210537243E1,1.820640373E1,-4.039671326E1,4.593373075E1
2.055677875E1,1.219813728E1,1.804324341E1,-4.037667847E1,4.587623949E1
2.056676775E1,1.216904163E1,1.804265213E1,-4.028718567E1,4.578952063E1
2.057675575E1,1.242620564E1,1.782246208E1,-4.039732361E1,4.586931977E1
2.058674375E1,1.232021046E1,1.781343460E1,-4.037837219E1,4.582050828E1
2.059673175E1,1.231532478E1,1.784502029E1,-4.033731079E1,4.579531216E1
2.060671975E1,1.234919262E1,1.787267685E1,-4.025346375E1,4.574140881E1
2.061670775E1,1.210457706E1,1.793468094E1,-4.022511292E1,4.567530268E1
2.062669575E1,1.224724007E1,1.789538956E1,-4.008094788E1,4.557106801E1
2.063668375E1,1.211799049E1,1.807937431E1,-4.023284912E1,4.574266736E1
2.064667175E1,1.221081066E1,1.798668671E1,-4.013407898E1,4.564393817E1
2.065666075E1,1.227358913E1,1.790779114E1,-4.004850769E1,4.555450518E1
2.066664875E1,1.226492023E1,1.777343559E1,-4.021510315E1,4.564622441E1
2.067663675E1,1.232254505E1,1.781515694E1,-4.034439087E1,4.579186399E1
2.068662475E1,1.226078701E1,1.788476562E1,-4.014973450E1,4.563105214E1
2.069661275E1,1.223239231E1,1.795408058E1,-4.027711487E1,4.576271860E1
2.070660075E1,1.221756458E1,1.797850227E1,-4.013409424E1,4.564253442E1
2.071658875E1,1.208246994E1,1.800361443E1,-4.013196564E1,4.561459063E1
2.072657675E1,1.227371979E1,1.790411568E1,-4.014076996E1,4.563423023E1
2.073656575E1,1.223468876E1,1.792645836E1,-4.031447601E1,4.578539608E1
2.074655375E1,1.225644779E1,1.803479385E1,-4.023149872E1,4.576076694E1
2.075654175E1,1.222530746E1,1.804681015E1,-4.022405243E1,4.575062724E1
2.076652975E1,1.230917645E1,1.777156448E1,-4.010341644E1,4.555906429E1
2.077651775E1,1.235277176E1,1.778907013E1,-4.019400787E1,4.565742278E1
2.078650575E1,1.234885979E1,1.768787384E1,-4.025962067E1,4.567485386E1
2.079649375E1,1.245557499E1,1.773411942E1,-3.999729156E1,4.549091857E1
2.080648175E1,1.237533474E1,1.774246597E1,-4.017540741E1,4.562901894E1
2.081646975E1,1.219572258E1,1.789409637E1,-4.023027802E1,4.568817794E1
2.082645875E1,1.231074429E1,1.766683006E1,-4.039856720E1,4.577898580E1
2.083644675E1,1.222580624E1,1.772772598E1,-4.018456268E1,4.559102636E1
2.084643475E1,1.231325912E1,1.778805542E1,-4.022834015E1,4.567658719E1
2.085642275E1,1.229924393E1,1.774544907E1,-4.032765961E1,4.574376999E1
2.086641075E1,1.226357746E1,1.784302902E1,-4.006546783E1,4.554130795E1
2.087639875E1,1.236174583E1,1.778963089E1,-3.996880341E1,4.546195083E1
2.088638675E1,1.243076229E1,1.792733192E1,-4.025269318E1,4.578419366E1
2.089637475E1,1.232870293E1,1.801696777E1,-4.038124847E1,4.590482842E1
2.090636275E1,1.231533051E1,1.786962318E1,-4.026248932E1,4.573902977E1
2.091635175E1,1.222127151E1,1.782062531E1,-4.033252716E1,4.575638656E1
2.092633975E1,1.229532146E1,1.794976616E1,-4.047344208E1,4.595071870E1
2.093632775E1,1.227045155E1,1.793150330E1,-4.039960480E1,4.587189618E1
2.094631575E1,1.234574509E1,1.787742615E1,-4.040897369E1,4.587924305E1
2.095630375E1,1.258621502E1,1.787530708E1,-4.009175873E1,4.566495954E1
2.096629175E1,1.241938210E1,1.766071892E1,-4.018337250E1,4.561628514E1
2.097627975E1,1.233524418E1,1.773424911E1,-4.009590912E1,4.554496425E1
2.098626775E1,1.235844421E1,1.767414856E1,-4.015172577E1,4.557705292E1
2.099625575E1,1.221851063E1,1.776948738E1,-4.023224640E1,4.564734750E1
2.100624475E1,1.236034870E1,1.774121284E1,-4.015287018E1,4.560462517E1
2.101623275E1,1.225737858E1,1.786302185E1,-4.012075043E1,4.559611271E1
2.102622075E1,1.235322475E1,1.775671005E1,-4.036159515E1,4.579258976E1
2.103620875E1,1.238512039E1,1.779713440E1,-4.030637360E1,4.576825267E1
2.104619675E1,1.239879417E1,1.780028915E1,-4.046219635E1,4.591045332E1
2.105618475E1,1.237638950E1,1.783441544E1,-4.038925934E1,4.585339312E1
2.106617275E1,1.234105206E1,1.780937004E1,-4.020571136E1,4.567246932E1
2.107616075E1,1.229803944E1,1.782360458E1,-3.997274017E1,4.546144093E1
2.108614975E1,1.245220089E1,1.770368385E1,-4.020043182E1,4.565689924E1
2.109613775E1,1.230982876E1,1.776442337E1,-4.024904633E1,4.568470589E1
2.110612575E1,1.234318733E1,1.771597481E1,-4.051222992E1,4.590697997E1
2.111611375E1,1.233345890E1,1.782573318E1,-4.030881500E1,4.576758175E1
2.112610212E1,1.229124069E1,1.769130707E1,-4.015894318E1,4.557189551E1
2.113609012E1,1.236939335E1,1.778226852E1,-4.031870270E1,4.576908075E1
2.114607812E1,1.231045437E1,1.784085083E1,-4.040035248E1,4.584791953E1
2.115606612E1,1.231689835E1,1.777012062E1,-4.044261932E1,4.585944428E1
2.116605413E1,1.238468647E1,1.774243546E1,-4.051715851E1,4.593271828E1
2.117604312E1,1.238541126E1,1.765722656E1,-4.015171051E1,4.557780072E1
2.118603112E1,1.248589230E1,1.772115517E1,-4.014485931E1,4.562396932E1
2.119601912E1,1.231660461E1,1.775835419E1,-4.020677948E1,4.564693866E1
2.120600712E1,1.241486263E1,1.774662018E1,-4.034923553E1,4.579445545E1
2.121599513E1,1.236064053E1,1.793986511E1,-4.008008575E1,4.561838959E1
2.122598312E1,1.226317501E1,1.775596809E1,-4.018404388E1,4.561159115E1
2.123597112E1,1.233577538E1,1.771289635E1,-4.018180084E1,4.561244534E1
2.124595912E1,1.237627220E1,1.759147835E1,-4.033876801E1,4.571486004E1
2.125594712E1,1.237786484E1,1.765539551E1,-4.043262482E1,4.582272011E1
2.126593612E1,1.236606979E1,1.773177910E1,-4.041185760E1,4.583070922E1
2.127592412E1,1.236606979E1,1.773177910E1,-4.041185760E1,4.583070922E1
2.128591212E1,1.226700211E1,1.775880241E1,-4.024047089E1,4.566344162E1
2.129590012E1,1.247059631E1,1.760274315E1,-4.018984222E1,4.561354795E1
2.130588812E1,1.238506126E1,1.766290283E1,-4.021404266E1,4.563482340E1
2.131587612E1,1.240743732E1,1.768001175E1,-4.046991730E1,4.587310239E1
2.132586412E1,1.237828541E1,1.769115829E1,-4.034777069E1,4.576179226E1
2.133585212E1,1.224818802E1,1.767513084E1,-4.022328949E1,4.561075945E1
2.134584113E1,1.240769291E1,1.759337044E1,-4.009658051E1,4.551058443E1
2.135582912E1,1.256019688E1,1.744841003E1,-4.015624237E1,4.554919713E1
2.136581712E1,1.241927338E1,1.758908844E1,-4.007544708E1,4.549347032E1
2.137580512E1,1.230343056E1,1.764712906E1,-4.000820160E1,4.542523267E1
2.138579312E1,1.235604191E1,1.775001335E1,-4.002922821E1,4.549806432E1
2.139578113E1,1.230027962E1,1.771572113E1,-4.003821564E1,4.547749295E1
2.140576912E1,1.222541904E1,1.773896027E1,-4.008475494E1,4.550735282E1
2.141575712E1,1.236777687E1,1.781390953E1,-3.992852020E1,4.543769364E1
2.142574512E1,1.250768280E1,1.784490013E1,-3.989664459E1,4.546014562E1
2.143573412E1,1.235639572E1,1.793788338E1,-4.018627167E1,4.570978676E1
2.144572213E1,1.243031311E1,1.762636566E1,-4.010971832E1,4.554109083E1
2.145571012E1,1.248877144E1,1.773009872E1,-4.039478302E1,4.584827486E1
2.146569812E1,1.247797680E1,1.769959641E1,-4.010553741E1,4.557883006E1
2.147568612E1,1.229546738E1,1.778171349E1,-3.990139008E1,4.538159079E1
2.148567412E1,1.233389759E1,1.772727585E1,-4.001296234E1,4.546887390E1
2.149566213E1,1.222626495E1,1.758145714E1,-4.032921600E1,4.566218187E1
2.150565012E1,1.233605480E1,1.781068230E1,-4.012613678E1,4.560159542E1
2.151563812E1,1.215846825E1,1.788894463E1,-4.019931793E1,4.564896332E1
2.152562712E1,1.225706577E1,1.779844093E1,-4.002101135E1,4.548298045E1
2.153561512E1,1.232625580E1,1.776417542E1,-4.019911194E1,4.564505571E1
2.154560313E1,1.217464352E1,1.790820694E1,-4.030307007E1,4.575219424E1
2.155559112E1,1.231887722E1,1.775025749E1,-4.026962280E1,4.569976912E1
2.156557912E1,1.221376228E1,1.771805191E1,-4.002952576E1,4.544742330E1
2.157556712E1,1.246213818E1,1.773657990E1,-4.017582703E1,4.565071995E1
2.158555512E1,1.241054726E1,1.751647186E1,-3.999353027E1,4.539086839E1
2.159554313E1,1.238362694E1,1.757806015E1,-4.003515625E1,4.544398916E1
2.160553112E1,1.242581844E1,1.770301437E1,-4.003323364E1,4.550227992E1
2.161552012E1,1.235592365E1,1.766497040E1,-4.029647827E1,4.570039595E1
2.162550812E1,1.236245918E1,1.779399872E1,-3.995709229E1,4.545355884E1
2.163549612E1,1.240211010E1,1.784492302E1,-4.014048767E1,4.564550759E1
2.164548412E1,1.226826668E1,1.790547180E1,-3.994606018E1,4.546211623E1
2.165547212E1,1.244890881E1,1.768297768E1,-4.011286926E1,4.557088227E1
2.166546012E1,1.242777348E1,1.771042061E1,-4.016105652E1,4.561818730E1
2.167544812E1,1.250452328E1,1.769827652E1,-4.037290955E1,4.582099867E1
2.168543612E1,1.244329643E1,1.786146355E1,-4.029531860E1,4.579934724E1
2.169542413E1,1.254560757E1,1.779050636E1,-4.043202209E1,4.591996076E1
2.170541312E1,1.242735004E1,1.783465195E1,-4.037638855E1,4.585593300E1
2.171540112E1,1.239243698E1,1.781770897E1,-4.035995483E1,4.582542091E1
2.172538913E1,1.239992237E1,1.781306076E1,-4.036647034E1,4.583137720E1
2.173537712E1,1.241112423E1,1.781086540E1,-4.034814453E1,4.581741697E1
2.174536512E1,1.219782639E1,1.779815674E1,-4.038873291E1,4.579094996E1
2.175535312E1,1.249603748E1,1.784453392E1,-4.034143066E1,4.584767575E1
2.176534112E1,1.241237926E1,1.783747482E1,-4.052447510E1,4.598342907E1
2.177532912E1,1.238375568E1,1.780689812E1,-4.041828918E1,4.587026407E1
2.178531712E1,1.245993519E1,1.765677834E1,-4.043901062E1,4.585112197E1
2.179530612E1,1.242495155E1,1.769513702E1,-4.033987427E1,4.576901519E1
2.180529412E1,1.253770161E1,1.775672531E1,-4.024592590E1,4.574089863E1
2.181528212E1,1.245617771E1,1.768685150E1,-4.031086731E1,4.574873881E1
2.182527013E1,1.254264832E1,1.765996552E1,-4.034201050E1,4.578941166E1
2.183525812E1,1.254263210E1,1.769139481E1,-4.030436707E1,4.576838510E1
2.184524612E1,1.260556889E1,1.767697906E1,-4.008654785E1,4.558845550E1
2.185523412E1,1.256926155E1,1.766080284E1,-4.020983887E1,4.568064617E1
2.186522212E1,1.260860729E1,1.762355042E1,-4.022734070E1,4.569250974E1
2.187521012E1,1.254916763E1,1.773232460E1,-4.038868713E1,4.586025504E1
2.188519912E1,1.253339672E1,1.769083214E1,-4.039349365E1,4.584414799E1
2.189518712E1,1.242561054E1,1.777970123E1,-4.053976440E1,4.597810426E1
2.190517512E1,1.251624298E1,1.789903641E1,-4.040478516E1,4.593014812E1
2.191516312E1,1.241082764E1,1.798698044E1,-4.047059631E1,4.599379604E1
2.192515113E1,1.234994411E1,1.781760597E1,-4.045684814E1,4.589928936E1
2.193513912E1,1.239867401E1,1.785213089E1,-4.048000336E1,4.594623343E1
2.194512712E1,1.250101280E1,1.768544006E1,-4.040152740E1,4.584030462E1
2.195511512E1,1.255701447E1,1.768263245E1,-4.017040253E1,4.565101687E1
2.196510312E1,1.247086716E1,1.761931801E1,-4.017650604E1,4.560827263E1
2.197509212E1,1.246788597E1,1.759484673E1,-4.017845917E1,4.559973019E1
2.198508012E1,1.241504478E1,1.765441513E1,-4.017084503E1,4.560162827E1
2.199506812E1,1.238501740E1,1.770086479E1,-4.032715607E1,4.574919438E1
2.200505612E1,1.243131351E1,1.752410126E1,-4.020639801E1,4.558712671E1
2.201504412E1,1.245194530E1,1.762098503E1,-4.017240143E1,4.560013039E1
2.202503213E1,1.246329689E1,1.764553452E1,-4.029422760E1,4.572005507E1
2.203502012E1,1.244516563E1,1.770770264E1,-4.037711334E1,4.581218356E1
2.204500812E1,1.232794189E1,1.776041412E1,-4.040663910E1,4.582692379E1
2.205499612E1,1.254357243E1,1.777514458E1,-4.024092865E1,4.574526547E1
2.206498512E1,1.243012333E1,1.766613770E1,-4.040958405E1,4.582068168E1
2.207497312E1,1.240816116E1,1.770687485E1,-4.047028351E1,4.588398117E1
2.208496112E1,1.251944256E1,1.771473503E1,-4.063132477E1,4.605923177E1
2.209494912E1,1.254705429E1,1.764605141E1,-4.052893829E1,4.595004397E1
2.210493712E1,1.254705429E1,1.764605141E1,-4.052893829E1,4.595004397E1
2.211492512E1,1.259821606E1,1.769086456E1,-4.066710663E1,4.610309424E1
2.212491312E1,1.258643723E1,1.770532227E1,-4.044017792E1,4.590538997E1
2.213490112E1,1.251022053E1,1.773711777E1,-4.049237823E1,4.594283034E1
2.214488912E1,1.239089584E1,1.777861023E1,-4.051528168E1,4.594672274E1
2.215487813E1,1.236326599E1,1.773339462E1,-4.059717560E1,4.599406807E1
2.216486612E1,1.248207188E1,1.777849007E1,-4.064954376E1,4.608971941E1
2.217485412E1,1.255342484E1,1.765725327E1,-4.066230011E1,4.607374218E1
2.218484212E1,1.247715855E1,1.767191505E1,-4.075626373E1,4.614162005E1
2.219483012E1,1.261303616E1,1.755346870E1,-4.064064789E1,4.603124162E1
2.220481812E1,1.256835365E1,1.767385864E1,-4.048288727E1,4.592595077E1
2.221480612E1,1.256409645E1,1.764553070E1,-4.061402130E1,4.602955572E1
2.222479412E1,1.251960278E1,1.776590538E1,-4.031998444E1,4.580468309E1
2.223478212E1,1.248364449E1,1.779666138E1,-4.033734894E1,4.582209353E1
2.224477112E1,1.245745182E1,1.788330078E1,-4.037982941E1,4.588606734E1
2.225475913E1,1.251205444E1,1.779405022E1,-4.054766083E1,4.601404707E1
2.226474712E1,1.243216705E1,1.774340057E1,-4.055327606E1,4.597776899E1
2.227473512E1,1.267562771E1,1.774738884E1,-4.052118683E1,4.601747419E1
2.228472312E1,1.259540272E1,1.765078163E1,-4.040422821E1,4.585516240E1
2.229471112E1,1.252405930E1,1.766558647E1,-4.043021393E1,4.586422576E1
2.230469913E1,1.259660530E1,1.769426346E1,-4.032375336E1,4.580138108E1
2.231468712E1,1.259706879E1,1.762255096E1,-4.039739227E1,4.583873632E1
2.232467512E1,1.265647507E1,1.762440109E1,-4.023717499E1,4.571472548E1
2.233466412E1,1.266556168E1,1.754590988E1,-4.030803680E1,4.574946161E1
2.234465212E1,1.258965778E1,1.769447708E1,-4.018117523E1,4.567407192E1
2.235464013E1,1.244034863E1,1.777331734E1,-4.040407562E1,4.586003064E1
2.236462812E1,1.248685169E1,1.778905296E1,-4.026622772E1,4.575741432E1
2.237461612E1,1.245605183E1,1.775237846E1,-4.014278412E1,4.562612503E1
2.238460412E1,1.239386272E1,1.780543900E1,-4.022589874E1,4.570300232E1
2.239459212E1,1.229821205E1,1.786361504E1,-4.045075226E1,4.589790976E1
2.240458013E1,1.241666317E1,1.791122818E1,-4.038686371E1,4.589209496E1
2.241456812E1,1.241643715E1,1.778288269E1,-4.018523407E1,4.566455809E1
2.242455712E1,1.239707375E1,1.777383041E1,-4.027210236E1,4.573225025E1
2.243454512E1,1.248080063E1,1.780605316E1,-4.052399445E1,4.598934702E1
2.244453312E1,1.238602829E1,1.783783150E1,-4.058335114E1,4.602836428E1
2.245452112E1,1.258857441E1,1.779112816E1,-4.048545074E1,4.597899704E1
2.246450912E1,1.258434963E1,1.779658890E1,-4.039963531E1,4.590441118E1
2.247449712E1,1.259115887E1,1.773748398E1,-4.047992706E1,4.595410879E1
2.248448512E1,1.246820736E1,1.761367416E1,-4.044358063E1,4.584082161E1
2.249447312E1,1.229957008E1,1.777248955E1,-4.045867157E1,4.586986935E1
2.250446113E1,1.239613438E1,1.782857513E1,-4.036499786E1,4.583508799E1
2.251445012E1,1.230036545E1,1.787346268E1,-4.033835602E1,4.580330364E1
2.252443812E1,1.235008812E1,1.779232979E1,-4.015723419E1,4.562559735E1
2.253442612E1,1.225977325E1,1.796657753E1,-4.032187653E1,4.581433918E1
2.254441412E1,1.221302319E1,1.799383545E1,-4.038109589E1,4.586468090E1
2.255440212E1,1.234889507E1,1.787493515E1,-4.039286041E1,4.586492874E1
2.256439012E1,1.231139374E1,1.776411438E1,-4.042107391E1,4.583663809E1
2.257437812E1,1.232734489E1,1.792060280E1,-4.035788727E1,4.584616125E1
2.258436612E1,1.238101768E1,1.774110031E1,-4.026964569E1,4.571302444E1
2.259435412E1,1.239500523E1,1.769141006E1,-4.039736176E1,4.581014060E1
2.260434312E1,1.240445518E1,1.766603470E1,-4.027231598E1,4.569265504E1
2.261433112E1,1.241684914E1,1.771129799E1,-4.049752045E1,4.591206139E1
2.262431912E1,1.241035557E1,1.779347420E1,-4.056098175E1,4.599802050E1
2.263430713E1,1.250190449E1,1.769246292E1,-4.059467316E1,4.601356701E1
2.264429512E1,1.246762753E1,1.770349312E1,-4.042949677E1,4.586283477E1
2.265428312E1,1.244346333E1,1.772842026E1,-4.053037262E1,4.595484489E1
2.266427112E1,1.229299641E1,1.772472000E1,-4.046082306E1,4.585151756E1
2.267425912E1,1.240942574E1,1.789030838E1,-4.049324799E1,4.597564696E1
2.268424712E1,1.236907578E1,1.785609245E1,-4.055776215E1,4.600832689E1
2.269423512E1,1.241046906E1,1.779474258E1,-4.056629181E1,4.600322420E1
2.270422412E1,1.245580578E1,1.786165237E1,-4.064640045E1,4.611198969E1
2.271421212E1,1.227832317E1,1.805208588E1,-4.054604340E1,4.605015374E1
2.272420012E1,1.240686512E1,1.795815659E1,-4.057390594E1,4.607241619E1
2.273418813E1,1.249734116E1,1.797129822E1,-4.043569183E1,4.598039006E1
2.274417612E1,1.231428909E1,1.805730057E1,-4.038887787E1,4.592351549E1
2.275416412E1,1.237439823E1,1.819308472E1,-4.036917877E1,4.597591389E1
2.276415212E1,1.239852428E1,1.802124786E1,-4.053144073E1,4.605742575E1
2.277414012E1,1.243737507E1,1.799605179E1,-4.048670197E1,4.601868332E1
2.278412813E1,1.241312981E1,1.805450630E1,-4.049135590E1,4.603912349E1
2.279411712E1,1.242818165E1,1.800559235E1,-4.043175507E1,4.597159854E1
2.280410512E1,1.237260246E1,1.804937363E1,-4.046405792E1,4.600218651E1
2.281409312E1,1.254257393E1,1.808190918E1,-4.053925323E1,4.612702736E1
2.282408112E1,1.246609211E1,1.802783394E1,-4.046448517E1,4.601935255E1
2.283406913E1,1.249670029E1,1.805479813E1,-4.036684418E1,4.595242499E1
2.284405712E1,1.238641644E1,1.804241943E1,-4.051555634E1,4.604848006E1
2.285404512E1,1.239266682E1,1.803842735E1,-4.037665558E1,4.592643430E1
2.286403312E1,1.225854111E1,1.809050560E1,-4.044080353E1,4.596734507E1
2.287402212E1,1.241465092E1,1.800802231E1,-4.060147858E1,4.611824463E1
2.288401012E1,1.240163040E1,1.810474396E1,-4.055844879E1,4.611474774E1
2.289399812E1,1.246086597E1,1.799500275E1,-4.044133759E1,4.598472671E1
2.290398612E1,1.259113121E1,1.804425240E1,-4.046970367E1,4.606439563E1
2.291397412E1,1.251785660E1,1.797030830E1,-4.042975616E1,4.598036426E1
2.292396212E1,1.245058632E1,1.790883064E1,-4.058429718E1,4.607416296E1
2.293395013E1,1.241697693E1,1.788705444E1,-4.065511322E1,4.611904448E1
2.294393812E1,1.241697693E1,1.788705444E1,-4.065511322E1,4.611904448E1
2.295392612E1,1.243740940E1,1.794990158E1,-4.057746124E1,4.608056510E1
2.296391412E1,1.238876438E1,1.797587585E1,-4.070247650E1,4.618771686E1
2.297390312E1,1.245859051E1,1.782370949E1,-4.074485016E1,4.618488835E1
2.298389112E1,1.238088608E1,1.800922203E1,-4.063906097E1,4.614273177E1
2.299387912E1,1.249983788E1,1.788097954E1,-4.052980804E1,4.602869449E1
2.300386712E1,1.251467705E1,1.782900238E1,-4.048993683E1,4.597744503E1
2.301385512E1,1.249794102E1,1.784133530E1,-4.063129425E1,4.610221087E1
2.302384312E1,1.266607666E1,1.785332680E1,-4.047606659E1,4.601611394E1
2.303383112E1,1.258339596E1,1.776238251E1,-4.059180450E1,4.606016369E1
2.304381912E1,1.256942654E1,1.784120369E1,-4.038208771E1,4.590220082E1
2.305380712E1,1.256228542E1,1.774956512E1,-4.051189423E1,4.597903491E1
2.306379613E1,1.258966064E1,1.783669281E1,-4.040901947E1,4.592968561E1
2.307378412E1,1.256300068E1,1.780472946E1,-4.016190338E1,4.569262370E1
2.308377212E1,1.261213303E1,1.783551788E1,-4.035413361E1,4.588711907E1
2.309376012E1,1.278256416E1,1.778681946E1,-4.035553741E1,4.591660150E1
2.310374812E1,1.266662121E1,1.787338638E1,-4.042215729E1,4.597664661E1
2.311373613E1,1.259767628E1,1.776998901E1,-4.057122040E1,4.604886407E1
2.312372425E1,1.244284821E1,1.791003418E1,-4.051436615E1,4.601095153E1
2.313371225E1,1.237770462E1,1.785255241E1,-4.058141327E1,4.603012386E1
2.314370025E1,1.246995449E1,1.793617630E1,-4.027887726E1,4.582132842E1
2.315368825E1,1.252315426E1,1.782751465E1,-4.030329132E1,4.581489891E1
2.316367725E1,1.252017498E1,1.777597046E1,-4.015087128E1,4.565996465E1
2.317366525E1,1.253643227E1,1.781866264E1,-4.029990387E1,4.581210674E1
2.318365325E1,1.246713638E1,1.776414871E1,-4.014847565E1,4.563873975E1
2.319364125E1,1.260083771E1,1.766106606E1,-4.017606354E1,4.565972456E1
2.320362925E1,1.253860569E1,1.771083641E1,-4.010958099E1,4.560338635E1
2.321361725E1,1.260031891E1,1.778667641E1,-4.007292938E1,4.561768915E1
2.322360525E1,1.264207268E1,1.778868866E1,-4.021692657E1,4.575653646E1
2.323359325E1,1.261010647E1,1.783792496E1,-4.035739899E1,4.589036941E1
2.324358125E1,1.255790138E1,1.793695259E1,-4.014048004E1,4.572409970E1
2.325357025E1,1.238096237E1,1.793960381E1,-4.036363983E1,4.587309707E1
2.326355825E1,1.238258648E1,1.791372299E1,-4.000606537E1,4.554904154E1
2.327354625E1,1.236443615E1,1.801629257E1,-4.001888275E1,4.559580086E1
2.328353425E1,1.250420284E1,1.797699738E1,-4.010553741E1,4.569443790E1
2.329352225E1,1.253397179E1,1.788856125E1,-4.032563019E1,4.586128566E1
2.330351025E1,1.241168118E1,1.792398643E1,-4.020218658E1,4.573330215E1
2.331349825E1,1.237829494E1,1.789960670E1,-4.026636505E1,4.577115096E1
2.332348625E1,1.244511795E1,1.778956604E1,-4.007120514E1,4.557467610E1
2.333347425E1,1.236289024E1,1.778741455E1,-4.015935516E1,4.562901466E1
2.334346325E1,1.243590832E1,1.783522797E1,-4.007822418E1,4.559617556E1
2.335345125E1,1.246904755E1,1.796335411E1,-4.018122101E1,4.574592615E1
2.336343925E1,1.237769127E1,1.809009552E1,-4.004253387E1,4.564935176E1
2.337342725E1,1.250832462E1,1.796381378E1,-3.993932343E1,4.554455342E1
2.338341525E1,1.245499897E1,1.787544250E1,-4.003665924E1,4.558061570E1
2.339340325E1,1.257955837E1,1.771515274E1,-4.013030243E1,4.563456035E1
2.340339125E1,1.254202461E1,1.774821472E1,-4.013265228E1,4.563914204E1
2.341337925E1,1.247894478E1,1.782129669E1,-4.026319122E1,4.576513133E1
2.342336725E1,1.247138405E1,1.784244537E1,-4.010689545E1,4.563388368E1
2.343335525E1,1.254316616E1,1.785424042E1,-4.043921661E1,4.595035537E1
2.344334425E1,1.253842354E1,1.783957481E1,-4.022226715E1,4.575252200E1
2.345333225E1,1.266261864E1,1.773123932E1,-4.013251495E1,4.566571487E1
2.346332025E1,1.261754799E1,1.774940872E1,-4.016918182E1,4.569252888E1
2.347330825E1,1.274684620E1,1.778159714E1,-4.009557343E1,4.567627714E1
2.348329625E1,1.260963440E1,1.781167412E1,-4.014951324E1,4.569728688E1
2.349328425E1,1.256717682E1,1.783499146E1,-4.008609772E1,4.563897549E1
2.350327225E1,1.252984428E1,1.784384537E1,-4.022763824E1,4.575655903E1
2.351326025E1,1.266591930E1,1.773620033E1,-4.023447418E1,4.575818207E1
2.352324825E1,1.278143024E1,1.778417969E1,-4.024964142E1,4.582221776E1
2.353323725E1,1.255149269E1,1.774314690E1,-4.040520477E1,4.587962296E1
2.354322525E1,1.254570580E1,1.766599274E1,-4.024344635E1,4.570576558E1
2.355321325E1,1.249788094E1,1.775148010E1,-4.012519836E1,4.562174501E1
2.356320125E1,1.230667210E1,1.795481300E1,-4.018489075E1,4.570180448E1
2.357318925E1,1.252115726E1,1.786967278E1,-4.004171753E1,4.560091805E1
2.358317725E1,1.242688847E1,1.793462563E1,-4.021508789E1,4.575294141E1
2.359316525E1,1.237779045E1,1.801075745E1,-4.019570923E1,4.575250945E1
2.360315325E1,1.260226536E1,1.793751144E1,-3.998367310E1,4.559896406E1
2.361314125E1,1.249376774E1,1.793628120E1,-4.004090881E1,4.561884254E1
2.362312925E1,1.247781086E1,1.804008102E1,-4.010139465E1,4.570844714E1
2.363311825E1,1.253527164E1,1.802041435E1,-4.018138123E1,4.578658937E1
2.364310625E1,1.249612904E1,1.791953087E1,-4.019255066E1,4.574608132E1
2.365309425E1,1.263161182E1,1.792206001E1,-4.005888367E1,4.566696851E1
2.366308225E1,1.261571217E1,1.791955948E1,-4.003471375E1,4.564038902E1
2.367307025E1,1.251166534E1,1.790929604E1,-3.989721680E1,4.548705928E1
2.368305825E1,1.258357143E1,1.773305130E1,-3.994912720E1,4.548340513E1
2.369304625E1,1.257402897E1,1.774693489E1,-4.005146790E1,4.557609004E1
2.370303425E1,1.260632038E1,1.778912354E1,-4.006356812E1,4.561207866E1
2.371302225E1,1.271745586E1,1.779926491E1,-4.013967896E1,4.571368878E1
2.372301125E1,1.260856438E1,1.782418060E1,-4.044197083E1,4.595900689E1
2.373299925E1,1.261156464E1,1.788362503E1,-4.049217224E1,4.602707485E1
2.374298725E1,1.263690376E1,1.789304352E1,-4.025321960E1,4.582765575E1
2.375297525E1,1.252511978E1,1.797095680E1,-4.022692871E1,4.580436341E1
2.376296325E1,1.255255699E1,1.794300461E1,-4.016465759E1,4.574623286E1
2.377295125E1,1.255255699E1,1.794300461E1,-4.016465759E1,4.574623286E1
2.378293925E1,1.245891285E1,1.793894768E1,-4.041007996E1,4.593478981E1
2.379292725E1,1.263086605E1,1.786297417E1,-4.016674805E1,4.573830202E1
2.380291525E1,1.262116528E1,1.790790558E1,-4.040246582E1,4.596026696E1
2.381290325E1,1.261376476E1,1.786073303E1,-4.019288635E1,4.575566587E1
2.382289225E1,1.269196796E1,1.792138290E1,-4.025195312E1,4.585282703E1
2.383288025E1,1.261172390E1,1.788016701E1,-4.029360962E1,4.585118241E1
2.384286825E1,1.259008598E1,1.788571739E1,-4.037731934E1,4.592098723E1
2.385285625E1,1.263810444E1,1.788215637E1,-4.047000122E1,4.601428256E1
2.386284425E1,1.268829536E1,1.789225388E1,-4.016717529E1,4.576600877E1
2.387283225E1,1.273992348E1,1.784562302E1,-4.010235596E1,4.570526080E1
2.388282025E1,1.258437157E1,1.792567444E1,-4.012365723E1,4.571218745E1
2.389280825E1,1.258006382E1,1.803284836E1,-4.015136719E1,4.577743890E1
2.390279625E1,1.255995274E1,1.789047432E1,-4.027125549E1,4.582134331E1
2.391278425E1,1.246143246E1,1.790969658E1,-4.029132080E1,4.581959256E1
2.392277325E1,1.244094658E1,1.792757797E1,-4.022375488E1,4.576161777E1
2.393276125E1,1.243680763E1,1.775318718E1,-4.021365356E1,4.568356129E1
2.394274925E1,1.254528141E1,1.770010376E1,-4.041729736E1,4.587194878E1
2.395273725E1,1.264065456E1,1.762891769E1,-4.034662628E1,4.580846144E1
2.396272525E1,1.265406513E1,1.770003891E1,-4.041434479E1,4.589919396E1
2.397271325E1,1.265552425E1,1.769284821E1,-4.041628265E1,4.589853021E1
2.398270125E1,1.262224197E1,1.767192841E1,-4.038666534E1,4.585521545E1
2.399268925E1,1.265593147E1,1.781721497E1,-4.030371857E1,4.584774238E1
2.400267725E1,1.241979027E1,1.794490051E1,-4.034871674E1,4.587253630E1
2.401266625E1,1.262643147E1,1.774362183E1,-4.042403412E1,4.591694046E1
2.402265425E1,1.265453720E1,1.775889397E1,-4.034775543E1,4.586346035E1
2.403264225E1,1.266887856E1,1.778271484E1,-4.057027435E1,4.607247109E1
2.404263025E1,1.263662052E1,1.787435532E1,-4.044412994E1,4.598808980E1
2.405261825E1,1.250390339E1,1.780572891E1,-4.052970123E1,4.600052461E1
2.406260625E1,1.268212509E1,1.765328598E1,-4.052249908E1,4.598421180E1
2.407259425E1,1.267968845E1,1.773529053E1,-4.038600922E1,4.589493185E1
2.408258225E1,1.273010349E1,1.766105080E1,-4.037432098E1,4.586996888E1
2.409257025E1,1.274206161E1,1.769602966E1,-4.053990936E1,4.603253036E1
2.410255925E1,1.264170837E1,1.777809715E1,-4.033785248E1,4.585865100E1
2.411254725E1,1.254598045E1,1.773744202E1,-4.027652740E1,4.576261722E1
2.412253525E1,1.261010265E1,1.780653000E1,-4.017906952E1,4.572138260E1
2.413252279E1,1.256120777E1,1.775340462E1,-4.034984589E1,4.583751061E1
2.414251079E1,1.265561104E1,1.777264786E1,-4.032950592E1,4.585303207E1
2.415249879E1,1.266896534E1,1.772380829E1,-4.044571686E1,4.594009224E1
2.416248679E1,1.258529663E1,1.779725647E1,-4.041201019E1,4.591582077E1
2.417247479E1,1.265205383E1,1.768899155E1,-4.051725006E1,4.598502409E1
2.418246279E1,1.256190395E1,1.762933922E1,-4.046718597E1,4.589322578E1
2.419245079E1,1.248408985E1,1.774990273E1,-4.037584686E1,4.583798159E1
2.420243879E1,1.253841019E1,1.775289917E1,-4.056128693E1,4.601733539E1
2.421242779E1,1.263470268E1,1.770683479E1,-4.064124298E1,4.609640269E1
2.422241579E1,1.254389954E1,1.783127594E1,-4.050354767E1,4.599827378E1
2.423240379E1,1.256657791E1,1.770180702E1,-4.047176361E1,4.592642488E1
2.424239179E1,1.261056137E1,1.756897545E1,-4.039235687E1,4.581743828E1
2.425237979E1,1.279105473E1,1.761192703E1,-4.053105927E1,4.600606286E1
2.426236779E1,1.271605015E1,1.783094406E1,-4.037776947E1,4.593478818E1
2.427235579E1,1.263254738E1,1.786899948E1,-4.046340179E1,4.600183997E1
2.428234379E1,1.255845928E1,1.790250397E1,-4.043375397E1,4.596850017E1
2.429233179E1,1.258943176E1,1.785857391E1,-4.042675018E1,4.595372221E1
2.430232079E1,1.274620152E1,1.778754997E1,-4.049915314E1,4.603307498E1
2.431230879E1,1.255192375E1,1.789303207E1,-4.049431610E1,4.601631258E1
2.432229679E1,1.262352848E1,1.776782990E1,-4.038379669E1,4.589008919E1
2.433228479E1,1.266940784E1,1.773789215E1,-4.057341766E1,4.605810389E1
2.434227279E1,1.246652508E1,1.778769684E1,-4.028301239E1,4.576611731E1
2.435226079E1,1.253333473E1,1.777537918E1,-4.059438324E1,4.605380044E1
2.436224879E1,1.264575863E1,1.764993286E1,-4.039187622E1,4.585781292E1
2.437223679E1,1.267397881E1,1.767848206E1,-4.044868469E1,4.592662147E1
2.438222479E1,1.255069065E1,1.771485901E1,-4.028761292E1,4.576491910E1
2.439221279E1,1.251399708E1,1.786270905E1,-4.036679077E1,4.588196045E1
2.440220179E1,1.240562630E1,1.782298470E1,-4.029818726E1,4.577665610E1
2.441218979E1,1.242495346E1,1.787702179E1,-4.025765991E1,4.576730884E1
2.442217779E1,1.251194191E1,1.777564430E1,-4.039762878E1,4.587472760E1
2.443216579E1,1.240837097E1,1.796732712E1,-4.041444397E1,4.593604027E1
2.444215379E1,1.246202946E1,1.780679321E1,-4.041128540E1,4.588524872E1
2.445214179E1,1.247443104E1,1.779537964E1,-4.030786133E1,4.579312886E1
2.446212979E1,1.248228264E1,1.771817589E1,-4.038424683E1,4.583261424E1
2.447211779E1,1.249110031E1,1.773297882E1,-4.030084229E1,4.576728104E1
2.448210579E1,1.239995003E1,1.786638260E1,-4.033174133E1,4.582156421E1
2.449209379E1,1.239469433E1,1.786309814E1,-4.041896057E1,4.589565444E1
2.450208279E1,1.236544991E1,1.798841858E1,-4.026602173E1,4.580218401E1
2.451207079E1,1.246300030E1,1.785297775E1,-4.033876038E1,4.583962020E1
2.452205879E1,1.249459553E1,1.788467407E1,-4.042176819E1,4.593360238E1
2.453204679E1,1.252187252E1,1.787697220E1,-4.042716980E1,4.594278490E1
2.454203479E1,1.254680634E1,1.786001015E1,-4.014321899E1,4.569332930E1
2.455202279E1,1.261470509E1,1.801398849E1,-4.022711182E1,4.584599318E1
2.456201079E1,1.260059452E1,1.789983749E1,-4.015246582E1,4.573182345E1
2.457199879E1,1.248810577E1,1.792597771E1,-4.030421448E1,4.584455439E1
2.458198679E1,1.248810577E1,1.792597771E1,-4.030421448E1,4.584455439E1
2.459197579E1,1.255514812E1,1.789197922E1,-4.029641724E1,4.584273014E1
2.460196379E1,1.276626778E1,1.790637398E1,-3.998417664E1,4.563277554E1
2.461195179E1,1.276626778E1,1.790637398E1,-3.998417664E1,4.563277554E1
2.462193979E1,1.259060192E1,1.793389702E1,-4.016447449E1,4.575295542E1
2.463192779E1,1.254660988E1,1.787325287E1,-4.010577393E1,4.566556350E1
2.464191579E1,1.263869762E1,1.781141281E1,-4.015101624E1,4.570653355E1
2.465190379E1,1.260445309E1,1.784235573E1,-4.007128906E1,4.563912907E1
2.466189179E1,1.265661144E1,1.775317001E1,-4.016184998E1,4.569834846E1
2.467187979E1,1.261635303E1,1.772490501E1,-4.015959167E1,4.567425342E1
2.468186779E1,1.250393295E1,1.783466530E1,-4.005108643E1,4.559071341E1
2.469185679E1,1.266410160E1,1.795734787E1,-4.017683411E1,4.579327255E1
2.470184479E1,1.265878582E1,1.783902550E1,-4.037789917E1,4.592222153E1
2.471183279E1,1.278980446E1,1.770002174E1,-4.020861816E1,4.575590500E1
2.472182079E1,1.267021942E1,1.779012108E1,-4.000848389E1,4.558181272E1
2.473180879E1,1.256745720E1,1.782389641E1,-4.016921997E1,4.570775095E1
2.474179679E1,1.261200237E1,1.781799698E1,-4.028230286E1,4.581710973E1
2.475178479E1,1.255331230E1,1.781002998E1,-4.014599609E1,4.567804527E1
2.476177279E1,1.255796528E1,1.784719849E1,-4.024206543E1,4.577825702E1
2.477176079E1,1.256750774E1,1.783570290E1,-4.010464478E1,4.565563581E1
2.478174879E1,1.253595829E1,1.792029381E1,-4.011190796E1,4.568645686E1
2.479173779E1,1.243703175E1,1.783046150E1,-3.998370361E1,4.551155535E1
2.480172579E1,1.245520306E1,1.771545982E1,-3.988922119E1,4.538854004E1
2.481171379E1,1.261071014E1,1.773341179E1,-3.996121216E1,4.550167449E1
2.482170179E1,1.249792099E1,1.784991837E1,-3.993142700E1,4.548996018E1
2.483168979E1,1.241949272E1,1.801163483E1,-3.996485901E1,4.556152702E1
2.484167779E1,1.250120068E1,1.799502563E1,-4.004699707E1,4.564934764E1
2.485166579E1,1.249712181E1,1.780564308E1,-3.999742126E1,4.553034908E1
2.486165379E1,1.258744717E1,1.781896400E1,-4.002568054E1,4.558524331E1
2.487164179E1,1.269986057E1,1.778458214E1,-3.995631409E1,4.554212178E1
2.488162979E1,1.258744717E1,1.782694244E1,-3.997746277E1,4.554603421E1
2.489161879E1,1.254527950E1,1.788080597E1,-3.999057007E1,4.556701608E1
2.490160679E1,1.253378010E1,1.784251785E1,-4.020617676E1,4.573825244E1
2.491159479E1,1.240693855E1,1.787963867E1,-4.007157898E1,4.559983602E1
2.492158279E1,1.261595631E1,1.776787949E1,-3.998500061E1,4.553745896E1
2.493157079E1,1.257012749E1,1.774918365E1,-4.011262512E1,4.562964299E1
2.494155879E1,1.270972252E1,1.770548058E1,-4.009400940E1,4.563497210E1
2.495154679E1,1.264684200E1,1.776771927E1,-4.021841431E1,4.575101431E1
2.496153479E1,1.250321579E1,1.783876801E1,-4.021498108E1,4.573616460E1
2.497152279E1,1.234673786E1,1.789412689E1,-4.010148621E1,4.561546787E1
2.498151079E1,1.226755524E1,1.788480949E1,-3.999978638E1,4.550101353E1
2.499149979E1,1.239931679E1,1.795123291E1,-4.015596008E1,4.570001039E1
2.500148779E1,1.246058178E1,1.797870827E1,-4.000973511E1,4.559911131E1
2.501147579E1,1.239335346E1,1.787543488E1,-4.014643860E1,4.566029910E1
2.502146379E1,1.251548386E1,1.785456848E1,-4.006365967E1,4.561271509E1
2.503145179E1,1.244564629E1,1.776943398E1,-4.029196167E1,4.576121797E1
2.504143979E1,1.256394386E1,1.782910538E1,-4.015599060E1,4.569719100E1
2.505142779E1,1.251012135E1,1.778178024E1,-4.018782043E1,4.569196599E1
2.506141579E1,1.253115273E1,1.767982674E1,-4.012681580E1,4.560446697E1
2.507140379E1,1.263601589E1,1.775300598E1,-4.024960327E1,4.576973544E1
2.508139179E1,1.250351810E1,1.791027069E1,-4.032261658E1,4.585879598E1
2.509138079E1,1.258826351E1,1.795579529E1,-4.018789673E1,4.578145920E1
2.510136879E1,1.243689728E1,1.802569962E1,-4.013931274E1,4.572490228E1
2.511135679E1,1.237244415E1,1.798218536E1,-4.022485352E1,4.576543680E1
2.512134479E1,1.233218098E1,1.813155365E1,-4.030200195E1,4.588123022E1
2.513133350E1,1.235090351E1,1.801670074E1,-4.028089905E1,4.582245248E1
2.514132150E1,1.241833401E1,1.795377350E1,-4.008384705E1,4.564282853E1
2.515130950E1,1.243995953E1,1.785351562E1,-4.028045654E1,4.578226504E1
2.516129750E1,1.257827377E1,1.795746803E1,-4.024038696E1,4.582545550E1
2.517128550E1,1.266538811E1,1.783741379E1,-4.028872681E1,4.584503129E1
2.518127350E1,1.263811302E1,1.782131958E1,-4.011904907E1,4.568215659E1
2.519126250E1,1.248978519E1,1.792515564E1,-4.031776428E1,4.585660318E1
2.520125050E1,1.259255600E1,1.789540100E1,-4.021659851E1,4.578419639E1
2.521123850E1,1.264911747E1,1.786096573E1,-4.043775940E1,4.598072047E1
2.522122650E1,1.260208797E1,1.796388245E1,-4.027485657E1,4.586477696E1
2.523121450E1,1.266840076E1,1.793776321E1,-4.040965271E1,4.599121393E1
2.524120250E1,1.272255421E1,1.784759903E1,-4.003446960E1,4.564163596E1
2.525119050E1,1.273253059E1,1.785849380E1,-4.022334290E1,4.581441313E1
2.526117850E1,1.250891781E1,1.790155792E1,-4.032043457E1,4.585494788E1
2.527116650E1,1.252679634E1,1.798397064E1,-4.024349976E1,4.582448144E1
2.528115450E1,1.242446041E1,1.801057053E1,-4.039860535E1,4.594339105E1
2.529114350E1,1.251609802E1,1.796385574E1,-4.034074402E1,4.589911166E1
2.530113150E1,1.254186249E1,1.794709015E1,-4.026780701E1,4.583549542E1
2.531111950E1,1.235923481E1,1.806288528E1,-4.027752686E1,4.583991361E1
2.532110750E1,1.248743725E1,1.808045006E1,-4.000756836E1,4.564476190E1
2.533109550E1,1.223815536E1,1.817903137E1,-4.014254761E1,4.573481996E1
2.534108350E1,1.218036079E1,1.832487297E1,-4.026470947E1,4.588473589E1
2.535107150E1,1.228127003E1,1.823878288E1,-4.013064575E1,4.575971507E1
2.536105950E1,1.224867439E1,1.817498398E1,-4.009170532E1,4.569140951E1
2.537104750E1,1.244088459E1,1.815965271E1,-4.007176208E1,4.571974095E1
2.538103550E1,1.230040073E1,1.815615273E1,-4.010208130E1,4.570692141E1
2.539102450E1,1.242034817E1,1.800004005E1,-4.017268372E1,4.573959999E1
2.540101250E1,1.243384361E1,1.783658028E1,-3.989613342E1,4.543616979E1
2.541100050E1,1.246051025E1,1.786125183E1,-4.005670166E1,4.559416608E1
2.542098850E1,1.248076248E1,1.787433243E1,-3.993496704E1,4.549794264E1
2.543097650E1,1.252666378E1,1.800926590E1,-4.013423157E1,4.573846857E1
2.544096450E1,1.252666378E1,1.800926590E1,-4.013423157E1,4.573846857E1
2.545095250E1,1.243349361E1,1.794194794E1,-4.003456116E1,4.559902791E1
2.546094050E1,1.246509361E1,1.793076706E1,-4.015023804E1,4.570484198E1
2.547092850E1,1.252009773E1,1.788652039E1,-4.024066162E1,4.578199762E1
2.548091650E1,1.253949642E1,1.789665413E1,-4.036009216E1,4.589625517E1
2.549090550E1,1.250907135E1,1.796448898E1,-4.041323853E1,4.596117469E1
2.550089350E1,1.233788395E1,1.801772118E1,-4.048789978E1,4.600143134E1
2.551088150E1,1.254312325E1,1.808704758E1,-4.014845276E1,4.578612770E1
2.552086950E1,1.243412876E1,1.822658157E1,-4.013366699E1,4.579876702E1
2.553085750E1,1.253198147E1,1.806462097E1,-4.005221558E1,4.568983544E1
2.554084550E1,1.259446812E1,1.801454163E1,-4.035415649E1,4.595217387E1
2.555083350E1,1.231716061E1,1.809620667E1,-4.016902161E1,4.574642541E1
2.556082150E1,1.257464504E1,1.802896881E1,-4.003512573E1,4.567249398E1
2.557080950E1,1.246128750E1,1.803116989E1,-4.001779175E1,4.562708001E1
2.558079750E1,1.239616871E1,1.797695541E1,-4.019067383E1,4.573976593E1
2.559078550E1,1.249926186E1,1.801010132E1,-4.013420105E1,4.573127366E1
2.560077450E1,1.241853714E1,1.817959595E1,-4.026872253E1,4.589431106E1
2.561076250E1,1.260305309E1,1.796762085E1,-4.003715515E1,4.565792526E1
2.562075050E1,1.250538540E1,1.797694588E1,-4.031704712E1,4.588049188E1
2.563073850E1,1.254230976E1,1.778159523E1,-4.011598206E1,4.563755777E1
2.564072650E1,1.259902573E1,1.786704254E1,-4.003898621E1,4.561893329E1
2.565071450E1,1.259002781E1,1.782629013E1,-3.993309021E1,4.550755007E1
2.566070250E1,1.258470535E1,1.795396805E1,-4.002484131E1,4.563669247E1
2.567069050E1,1.247918320E1,1.798579979E1,-4.000338745E1,4.560142558E1
2.568067850E1,1.256592941E1,1.794755936E1,-4.023692322E1,4.581514443E1
2.569066650E1,1.258624172E1,1.787068939E1,-4.003776550E1,4.561576138E1
2.570065550E1,1.262711716E1,1.796294785E1,-4.010043335E1,4.571822763E1
2.571064350E1,1.274711418E1,1.794939613E1,-3.999484253E1,4.565366547E1
2.572063150E1,1.264885521E1,1.801971245E1,-4.024942017E1,4.587722091E1
2.573061950E1,1.248440742E1,1.804615402E1,-4.031204224E1,4.589754735E1
2.574060750E1,1.254902363E1,1.797646141E1,-4.035264587E1,4.592349277E1
2.575059550E1,1.262949276E1,1.782982635E1,-4.026937866E1,4.581516837E1
2.576058350E1,1.257468414E1,1.792108154E1,-4.029156494E1,4.585518564E1
2.577057150E1,1.265504742E1,1.795602608E1,-4.035639954E1,4.594788440E1
2.578055950E1,1.258109474E1,1.796200943E1,-4.004914856E1,4.566017989E1
2.579054750E1,1.263978863E1,1.796055794E1,-3.998204041E1,4.561698645E1
2.580053650E1,1.260231781E1,1.796250153E1,-4.023408508E1,4.582850071E1
2.581052450E1,1.268987465E1,1.804639816E1,-4.007954407E1,4.575013943E1
2.582051250E1,1.257359600E1,1.800111389E1,-4.013923645E1,4.575252693E1
2.583050050E1,1.244578362E1,1.820824814E1,-4.024400330E1,4.589136772E1
2.584048850E1,1.264616394E1,1.802764893E1,-4.006306458E1,4.571619769E1
2.585047650E1,1.254337311E1,1.800514221E1,-4.018919373E1,4.578965655E1
2.586046450E1,1.254166985E1,1.797472191E1,-4.017182922E1,4.576199267E1
2.587045250E1,1.259673691E1,1.791625404E1,-4.022624207E1,4.580197038E1
2.588044050E1,1.243213177E1,1.816451263E1,-4.033825684E1,4.595304543E1
2.589042850E1,1.274555492E1,1.809517097E1,-4.001995850E1,4.573271762E1
2.590041650E1,1.261510658E1,1.826377106E1,-3.998707581E1,4.573480599E1
2.591040550E1,1.261555290E1,1.815741348E1,-4.025086975E1,4.592359258E1
2.592039350E1,1.259729767E1,1.796518326E1,-4.025724792E1,4.584850847E1
2.593038150E1,1.247864056E1,1.809552002E1,-4.046145630E1,4.604664766E1
2.594036950E1,1.265138912E1,1.818581009E1,-4.032481384E1,4.600947671E1
2.595035750E1,1.239450359E1,1.817355156E1,-4.026585388E1,4.588290187E1
2.596034550E1,1.253279114E1,1.815268326E1,-4.027302551E1,4.591848590E1
2.597033350E1,1.254074383E1,1.807502747E1,-4.044454956E1,4.604061753E1
2.598032150E1,1.253531075E1,1.815176582E1,-4.038671112E1,4.601855118E1
2.599030950E1,1.263809395E1,1.802411079E1,-4.036104584E1,4.597394925E1
2.600029750E1,1.245825195E1,1.818341446E1,-4.036115265E1,4.598768581E1
2.601028650E1,1.248093510E1,1.815529060E1,-4.038459015E1,4.600329813E1
2.602027450E1,1.255904388E1,1.806093979E1,-4.042124176E1,4.601960359E1
2.603026250E1,1.259310722E1,1.797088432E1,-4.035744476E1,4.593759224E1
2.604025050E1,1.252422905E1,1.814431763E1,-4.032036591E1,4.595437392E1
2.605023850E1,1.251372910E1,1.802176094E1,-4.056232452E1,4.611593493E1
2.606022650E1,1.242633820E1,1.821908569E1,-4.036325836E1,4.599501701E1
2.607021450E1,1.263347435E1,1.806186104E1,-4.054039764E1,4.614498174E1
2.608020250E1,1.255163288E1,1.802658844E1,-4.045188141E1,4.603103397E1
2.609019050E1,1.254715919E1,1.805187225E1,-4.049732208E1,4.607965269E1
2.610017850E1,1.254373550E1,1.813524246E1,-4.039244843E1,4.601936776E1
2.611016750E1,1.247156715E1,1.802344704E1,-4.029074860E1,4.586642620E1
2.612015550E1,1.269298077E1,1.807467651E1,-3.992548370E1,4.562729381E1
2.613014250E1,1.253184795E1,1.800973511E1,-4.014293671E1,4.574771185E1
2.614013050E1,1.263693428E1,1.800683975E1,-4.008287811E1,4.572281163E1
2.615011850E1,1.257588005E1,1.801329803E1,-4.020320892E1,4.581407723E1
2.616010650E1,1.241279602E1,1.809487534E1,-4.032135773E1,4.590548886E1
2.617009450E1,1.264550304E1,1.798072815E1,-4.020929718E1,4.582578872E1
2.618008250E1,1.262709141E1,1.787320328E1,-4.020687103E1,4.577649300E1
2.619007050E1,1.253875828E1,1.801484489E1,-4.030280304E1,4.589194950E1
2.620005850E1,1.248821640E1,1.807559204E1,-3.999452972E1,4.563162264E1
2.621004750E1,1.264039898E1,1.797561073E1,-4.026984406E1,4.587551207E1
2.622003550E1,1.272150230E1,1.805701256E1,-4.006710052E1,4.575221162E1
2.623002350E1,1.251463985E1,1.810700226E1,-4.030829620E1,4.592644646E1
2.624001150E1,1.254113865E1,1.803618240E1,-4.006925201E1,4.569605006E1
2.624999950E1,1.260651398E1,1.799398804E1,-4.024556732E1,4.585208271E1
2.625998750E1,1.250455284E1,1.802640533E1,-3.997064972E1,4.559570122E1
2.626997550E1,1.264762497E1,1.811541748E1,-3.995423126E1,4.565601125E1
2.627996350E1,1.264762497E1,1.811541748E1,-3.995423126E1,4.565601125E1
2.628995150E1,1.254291058E1,1.813520622E1,-3.978479767E1,4.548670615E1
2.629993950E1,1.256362724E1,1.792387199E1,-4.016405487E1,4.574124201E1
2.630992750E1,1.254255009E1,1.793164444E1,-4.002368927E1,4.561529500E1
2.631991650E1,1.246931934E1,1.803491592E1,-4.027530670E1,4.585676010E1
2.632990450E1,1.234868336E1,1.816631699E1,-4.014856720E1,4.576475174E1
2.633989250E1,1.260296822E1,1.795109940E1,-4.021790314E1,4.581000448E1
2.634988050E1,1.240490723E1,1.805285263E1,-4.035308075E1,4.591468542E1
2.635986850E1,1.253859520E1,1.800540161E1,-4.036963654E1,4.594690861E1
2.636985650E1,1.241780567E1,1.803981781E1,-4.026245880E1,4.583342135E1
2.637984450E1,1.249806118E1,1.781622887E1,-4.037289429E1,4.586491183E1
2.638983250E1,1.253240776E1,1.785238266E1,-4.032034302E1,4.584210807E1
2.639982050E1,1.258904552E1,1.784793472E1,-4.044491577E1,4.596546587E1
2.640980850E1,1.251051235E1,1.788550949E1,-4.039292908E1,4.591288587E1
2.641979750E1,1.260068321E1,1.802032852E1,-4.040908813E1,4.600438959E1
2.642978550E1,1.266715050E1,1.807613182E1,-4.023526001E1,4.589204061E1
2.643977350E1,1.275186920E1,1.797532272E1,-4.032913208E1,4.595825594E1
2.644976150E1,1.260205650E1,1.787504387E1,-4.021899414E1,4.578096232E1
2.645974950E1,1.260478592E1,1.807754135E1,-4.018955994E1,4.583534507E1
2.646973750E1,1.252417278E1,1.806561661E1,-4.030796814E1,4.591245695E1
2.647972550E1,1.250968933E1,1.802701950E1,-4.037426758E1,4.595157496E1
2.648971350E1,1.257726383E1,1.799064255E1,-4.046150208E1,4.603242265E1
2.649970150E1,1.256511211E1,1.802477264E1,-4.046229553E1,4.604315184E1
2.650968950E1,1.255290985E1,1.799438095E1,-4.027810669E1,4.586610044E1
2.651967750E1,1.253682899E1,1.798659325E1,-4.020767212E1,4.579679590E1
2.652966650E1,1.241208935E1,1.799993324E1,-4.011940002E1,4.569052218E1
2.653965450E1,1.255349159E1,1.785432243E1,-4.017990112E1,4.572517288E1
2.654964250E1,1.256433964E1,1.784306335E1,-4.010939026E1,4.566180819E1
2.655963050E1,1.252570629E1,1.796507454E1,-4.026222229E1,4.583321683E1
2.656961850E1,1.242876911E1,1.792222214E1,-4.021360779E1,4.574729062E1
2.657960650E1,1.249178219E1,1.802416229E1,-4.038768005E1,4.595736882E1
2.658959450E1,1.257257080E1,1.796676445E1,-4.045588684E1,4.601687670E1
2.659958250E1,1.261112976E1,1.793336678E1,-4.047209167E1,4.602864806E1
2.660957050E1,1.264202595E1,1.791087151E1,-4.038984680E1,4.595606448E1
2.661955850E1,1.257054329E1,1.800200272E1,-4.033477783E1,4.592368630E1
2.662954750E1,1.248911285E1,1.796145248E1,-4.019631958E1,4.576391398E1
2.663953550E1,1.261682892E1,1.789446640E1,-4.021199036E1,4.578646599E1
2.664952350E1,1.257195187E1,1.794720840E1,-4.017279053E1,4.576034705E1
2.665951150E1,1.261520004E1,1.787679100E1,-4.031550598E1,4.587006596E1
2.666949950E1,1.257260132E1,1.787606049E1,-4.037278748E1,4.590845032E1
2.667948750E1,1.265914726E1,1.777627563E1,-4.035684204E1,4.587945820E1
2.668947550E1,1.260923386E1,1.787651062E1,-4.034671021E1,4.589574528E1
2.669946350E1,1.263971806E1,1.776462555E1,-4.024497986E1,4.577120052E1
2.670945150E1,1.275298023E1,1.781599426E1,-4.034506226E1,4.591048034E1
2.671943950E1,1.260408688E1,1.810485840E1,-4.016589355E1,4.582518858E1
2.672942750E1,1.258546352E1,1.791262054E1,-4.025239563E1,4.582042362E1
2.673941650E1,1.267789364E1,1.790125656E1,-4.024804688E1,4.583764011E1
2.674940450E1,1.273727608E1,1.780347824E1,-4.028057861E1,4.584459677E1
2.675939250E1,1.267119312E1,1.780900955E1,-4.013673401E1,4.570204999E1
2.676938050E1,1.265995026E1,1.776028061E1,-4.017993164E1,4.571792662E1
2.677936850E1,1.271096992E1,1.786393547E1,-4.011059570E1,4.571158316E1
2.678935650E1,1.273283577E1,1.782969666E1,-4.011018372E1,4.570393886E1
2.679934450E1,1.262247372E1,1.781944084E1,-4.014309692E1,4.569822256E1
2.680933250E1,1.276918030E1,1.784166145E1,-4.006906128E1,4.568267200E1
2.681932050E1,1.262910652E1,1.775960922E1,-4.013426208E1,4.566899434E1
2.682930850E1,1.270193672E1,1.775021744E1,-4.000976562E1,4.557620828E1
2.683929650E1,1.268253803E1,1.784915161E1,-4.018244934E1,4.576099015E1
2.684928550E1,1.261587620E1,1.772301102E1,-4.020121765E1,4.570999182E1
2.685927350E1,1.277354622E1,1.769408607E1,-4.010273743E1,4.565603700E1
2.686926150E1,1.264083958E1,1.777149963E1,-4.039772034E1,4.590852680E1
2.687924950E1,1.258796215E1,1.792372894E1,-4.017070007E1,4.575371017E1
2.688923750E1,1.260889149E1,1.784403038E1,-4.021684265E1,4.576885401E1
2.689922550E1,1.269713306E1,1.782087708E1,-4.024824524E1,4.581181172E1
2.690921350E1,1.280893135E1,1.777367020E1,-4.020629883E1,4.578775535E1
2.691920150E1,1.274215698E1,1.789981842E1,-4.020478821E1,4.581692983E1
2.692918950E1,1.275960064E1,1.785899162E1,-4.037420654E1,4.595462484E1
2.693917750E1,1.287591934E1,1.774987030E1,-4.043035889E1,4.599414217E1
2.694916650E1,1.268458080E1,1.784154129E1,-4.049540710E1,4.603365272E1
2.695915450E1,1.276238251E1,1.794813919E1,-4.028153992E1,4.590878528E1
2.696914250E1,1.275868702E1,1.787264633E1,-4.035461426E1,4.594246917E1
2.697913050E1,1.278987026E1,1.781587982E1,-4.032246399E1,4.590084375E1
2.698911850E1,1.284186363E1,1.788320923E1,-4.039854431E1,4.600831464E1
2.699910650E1,1.271443748E1,1.787516785E1,-4.046742249E1,4.603032510E1
2.700909450E1,1.264641571E1,1.791876030E1,-4.047903442E1,4.603874487E1
2.701908250E1,1.268251991E1,1.791681290E1,-4.033016968E1,4.591711099E1
2.702907050E1,1.274172115E1,1.779032135E1,-4.050917053E1,4.604171900E1
2.703905850E1,1.276336288E1,1.783002090E1,-4.033033752E1,4.590587329E1
2.704904650E1,1.278255558E1,1.783069992E1,-4.037542725E1,4.595109043E1
2.705903550E1,1.278080273E1,1.774130630E1,-4.041494751E1,4.595074374E1
2.706902350E1,1.284591961E1,1.773335075E1,-4.034007263E1,4.590000914E1
2.707901150E1,1.261306858E1,1.802845955E1,-4.040214539E1,4.600487153E1
2.708899950E1,1.270450020E1,1.800186157E1,-4.030361938E1,4.593313707E1
2.709898750E1,1.275621891E1,1.796120453E1,-4.033351135E1,4.595778636E1
2.710897550E1,1.264125633E1,1.793458939E1,-4.047724915E1,4.604192173E1
2.711896350E1,1.264125633E1,1.793458939E1,-4.047724915E1,4.604192173E1
2.712895250E1,1.279453468E1,1.788356018E1,-4.040986633E1,4.600520774E1
2.713894050E1,1.267100239E1,1.786354446E1,-4.038377380E1,4.594028416E1
2.714892850E1,1.256499958E1,1.776664543E1,-4.042506409E1,4.590989774E1
2.715891650E1,1.260254192E1,1.796557426E1,-4.051579285E1,4.607727630E1
2.716890550E1,1.266705322E1,1.792593384E1,-4.035302734E1,4.593647959E1
2.717889350E1,1.277448845E1,1.779235840E1,-4.036753845E1,4.592704795E1
2.718888150E1,1.247419071E1,1.782793427E1,-4.029340363E1,4.579300219E1
2.719886950E1,1.259086323E1,1.791559219E1,-4.033905792E1,4.589921431E1
2.720885750E1,1.259282780E1,1.795589828E1,-4.020822906E1,4.580060349E1
2.721884550E1,1.254709148E1,1.796231651E1,-4.032822418E1,4.589596916E1
2.722883350E1,1.272386074E1,1.797521210E1,-4.042128754E1,4.603135201E1
2.723882150E1,1.263949966E1,1.791553688E1,-4.037612152E1,4.594512599E1
2.724880950E1,1.262773800E1,1.786623001E1,-4.028585052E1,4.584333860E1
2.725879750E1,1.272562504E1,1.794064903E1,-4.031137848E1,4.592184290E1
2.726878550E1,1.268474674E1,1.789454269E1,-4.042511749E1,4.599247311E1
2.727877450E1,1.272605515E1,1.795091248E1,-4.049160004E1,4.608424255E1
2.728876250E1,1.267500114E1,1.781858444E1,-4.058609772E1,4.610194067E1
2.729875050E1,1.258099079E1,1.780907631E1,-4.065906525E1,4.613679784E1
2.730873850E1,1.259807396E1,1.780739594E1,-4.056668854E1,4.605942940E1
2.731872650E1,1.268075562E1,1.783700180E1,-4.051508331E1,4.604815058E1
2.732871450E1,1.261109829E1,1.792847824E1,-4.049460602E1,4.604653351E1
2.733870250E1,1.252801418E1,1.800275040E1,-4.063416290E1,4.617559264E1
2.734869050E1,1.274990177E1,1.786134911E1,-4.057450104E1,4.612892717E1
2.735867850E1,1.274976158E1,1.776405716E1,-4.053066254E1,4.605271711E1
2.736866650E1,1.269993401E1,1.785707855E1,-4.045366669E1,4.600720299E1
2.737865550E1,1.269350338E1,1.776842117E1,-4.060497284E1,4.610429089E1
2.738864350E1,1.259696579E1,1.785739136E1,-4.049619293E1,4.601642767E1
2.739863150E1,1.250566483E1,1.786787796E1,-4.066294098E1,4.614246942E1
2.740861950E1,1.267720413E1,1.778348160E1,-4.045269012E1,4.597155491E1
2.741860750E1,1.272470474E1,1.774937439E1,-4.048937225E1,4.600377884E1
2.742859550E1,1.270059681E1,1.775412941E1,-4.039739227E1,4.591800924E1
2.743858350E1,1.268884468E1,1.769264030E1,-4.055684662E1,4.603144695E1
2.744857150E1,1.262499332E1,1.784880257E1,-4.042230988E1,4.595577597E1
2.745855950E1,1.260589218E1,1.786798859E1,-4.044487762E1,4.597783879E1
2.746854750E1,1.254033089E1,1.784939003E1,-4.048297882E1,4.598621747E1
2.747853550E1,1.252768612E1,1.791074944E1,-4.048676300E1,4.600995374E1
2.748852450E1,1.252378178E1,1.794306946E1,-4.038368988E1,4.593083126E1
2.749851250E1,1.263815022E1,1.782112312E1,-4.064681244E1,4.614627430E1
2.750850050E1,1.276132584E1,1.772167397E1,-4.048014069E1,4.599511882E1
2.751848850E1,1.271616077E1,1.775111389E1,-4.041127777E1,4.593336652E1
2.752847650E1,1.271728992E1,1.785989952E1,-4.034391022E1,4.591662624E1
2.753846450E1,1.264488888E1,1.783518982E1,-4.044568634E1,4.597652395E1
2.754845250E1,1.265963936E1,1.790398979E1,-4.043173981E1,4.599505303E1
2.755844050E1,1.271343994E1,1.791527557E1,-4.031198883E1,4.590909602E1
2.756842850E1,1.258044815E1,1.790921974E1,-4.028842926E1,4.584937687E1
2.757841650E1,1.256617546E1,1.779893494E1,-4.056694794E1,4.604767221E1
2.758840450E1,1.272551441E1,1.770965004E1,-4.033124542E1,4.584953412E1
2.759839350E1,1.245820522E1,1.780108833E1,-4.034554291E1,4.582410344E1
2.760838150E1,1.269126415E1,1.780535126E1,-4.047397614E1,4.600262453E1
2.761836950E1,1.271813297E1,1.770179367E1,-4.044077301E1,4.594083725E1
2.762835750E1,1.262736130E1,1.789213371E1,-4.037841034E1,4.593467888E1
2.763834550E1,1.262644863E1,1.799240494E1,-4.025743866E1,4.586736539E1
2.764833350E1,1.245747089E1,1.803636742E1,-4.041345978E1,4.597550285E1
2.765832150E1,1.238635635E1,1.802103424E1,-4.037071991E1,4.591268370E1
2.766830950E1,1.256002808E1,1.810935593E1,-4.034375763E1,4.597088053E1
2.767829750E1,1.272643280E1,1.806656456E1,-4.026024628E1,4.592657485E1
2.768828550E1,1.253185081E1,1.811812401E1,-4.032428741E1,4.594955776E1
2.769827350E1,1.257345963E1,1.796781349E1,-4.032585907E1,4.590325825E1
2.770826250E1,1.259321594E1,1.786561775E1,-4.043982697E1,4.596900032E1
2.771825050E1,1.252897644E1,1.796713066E1,-4.035611725E1,4.591741755E1
2.772823850E1,1.264046288E1,1.784847069E1,-4.055562592E1,4.607719611E1
2.773822650E1,1.278198624E1,1.787609100E1,-4.045906830E1,4.604204610E1
2.774821450E1,1.252835178E1,1.798773003E1,-4.048563385E1,4.603916353E1
2.775820250E1,1.252756691E1,1.810619926E1,-4.032363129E1,4.594311292E1
2.776819050E1,1.262096977E1,1.794397354E1,-4.020703888E1,4.580263136E1
2.777817850E1,1.257937145E1,1.798050308E1,-4.039591217E1,4.597139107E1
2.778816650E1,1.267770767E1,1.790840721E1,-4.025263214E1,4.584440767E1
2.779815450E1,1.274887848E1,1.792849541E1,-4.057057953E1,4.615123805E1
2.780814250E1,1.262353706E1,1.796526909E1,-4.043337250E1,4.601045743E1
2.781813150E1,1.257023430E1,1.807667542E1,-4.042252350E1,4.602996188E1
2.782811950E1,1.257311916E1,1.807130051E1,-4.037950897E1,4.599086836E1
2.783810750E1,1.270249748E1,1.816172791E1,-4.029946136E1,4.599182959E1
2.784809550E1,1.273196220E1,1.815278244E1,-4.016167450E1,4.587577215E1
2.785808350E1,1.275422287E1,1.803671265E1,-4.026897430E1,4.593020243E1
2.786807150E1,1.272194862E1,1.821078491E1,-4.015290070E1,4.588830023E1
2.787805950E1,1.267515755E1,1.825603867E1,-4.007479095E1,4.582500886E1
2.788804750E1,1.280799389E1,1.811843109E1,-4.028551483E1,4.599179229E1
2.789803550E1,1.256534672E1,1.810346603E1,-4.031967926E1,4.594888417E1
2.790802350E1,1.242865181E1,1.805990982E1,-4.034302521E1,4.591504559E1
2.791801150E1,1.254782200E1,1.812580299E1,-4.012136078E1,4.577899258E1
2.792800050E1,1.249824238E1,1.811871910E1,-4.032134247E1,4.593805288E1
2.793798850E1,1.258257198E1,1.817287636E1,-4.016313934E1,4.584378164E1
2.794797650E1,1.253452682E1,1.818635750E1,-4.014923859E1,4.582378554E1
2.795796450E1,1.260812664E1,1.811164284E1,-4.030142975E1,4.594781500E1
2.796795250E1,1.260812664E1,1.811164284E1,-4.030142975E1,4.594781500E1
2.797794050E1,1.271160984E1,1.818653679E1,-4.048661041E1,4.616817917E1
2.798792850E1,1.267158127E1,1.799794960E1,-4.044129181E1,4.604338438E1
2.799791650E1,1.266611099E1,1.796444511E1,-4.048291016E1,4.606536303E1
2.800790450E1,1.280151749E1,1.798639870E1,-4.045994568E1,4.609117695E1
2.801789250E1,1.272524071E1,1.798835754E1,-4.034390259E1,4.596893771E1
2.802788050E1,1.264847088E1,1.812887955E1,-4.019126892E1,4.586914199E1
2.803786950E1,1.262829208E1,1.806813049E1,-4.030467224E1,4.593906513E1
2.804785750E1,1.274418545E1,1.813237190E1,-4.024731445E1,4.594609335E1
2.805784550E1,1.261511135E1,1.832549667E1,-4.019329834E1,4.593980947E1
2.806783350E1,1.260955143E1,1.815365028E1,-4.029803467E1,4.596180375E1
2.807782150E1,1.277690506E1,1.808849716E1,-4.009776306E1,4.580691689E1
2.808780950E1,1.269470119E1,1.811428452E1,-4.014244080E1,4.583337534E1
2.809779750E1,1.266934013E1,1.805926132E1,-4.031781006E1,4.595840409E1
2.810778550E1,1.268015480E1,1.812405014E1,-4.019429016E1,4.587862771E1
2.811777350E1,1.257644176E1,1.829519463E1,-4.043467712E1,4.612856109E1
2.812776150E1,1.268885422E1,1.822712517E1,-4.055593872E1,4.623872056E1
2.813774950E1,1.281246567E1,1.820877838E1,-4.057267761E1,4.628024476E1
2.814773750E1,1.273108578E1,1.802374649E1,-4.047138977E1,4.609630541E1
2.815772650E1,1.265036392E1,1.801966095E1,-4.051570129E1,4.611140791E1
2.816771450E1,1.260032940E1,1.821962738E1,-4.063217163E1,4.627846685E1
2.817770250E1,1.273501587E1,1.827187729E1,-4.046397400E1,4.618847606E1
2.818769050E1,1.263527203E1,1.819185638E1,-4.047114563E1,4.613574933E1
2.819767850E1,1.272382736E1,1.815613365E1,-4.061076355E1,4.626851076E1
2.820766650E1,1.264841843E1,1.840600777E1,-4.044186401E1,4.619857114E1
2.821765450E1,1.255363369E1,1.842991257E1,-4.066670227E1,4.637926336E1
2.822764250E1,1.251519489E1,1.825797844E1,-4.051553345E1,4.616808779E1
2.823763050E1,1.262798786E1,1.815501022E1,-4.053202820E1,4.617267356E1
2.824761850E1,1.260708141E1,1.828109360E1,-4.029930115E1,4.601272170E1
2.825760650E1,1.261664295E1,1.827638054E1,-4.046697998E1,4.616039681E1
2.826759550E1,1.257419395E1,1.830685043E1,-4.035174561E1,4.605990121E1
2.827758350E1,1.268481922E1,1.824618149E1,-4.025308228E1,4.597976088E1
2.828757150E1,1.272143459E1,1.809044647E1,-4.022317505E1,4.590210194E1
2.829755950E1,1.269450188E1,1.810452271E1,-4.015443420E1,4.583996844E1
2.830754750E1,1.262121964E1,1.805732346E1,-4.008897400E1,4.574372035E1
2.831753550E1,1.266581535E1,1.802152252E1,-4.033801270E1,4.596034618E1
2.832752350E1,1.260790348E1,1.815815353E1,-4.004643250E1,4.574269915E1
2.833751150E1,1.264859867E1,1.806838417E1,-4.006210327E1,4.573210769E1
2.834749950E1,1.257592106E1,1.807314873E1,-4.028315735E1,4.590779086E1
2.835748750E1,1.257057285E1,1.829908943E1,-4.021009827E1,4.593177526E1
2.836747550E1,1.251857567E1,1.806998444E1,-4.024067688E1,4.585358383E1
2.837746450E1,1.241406822E1,1.837229729E1,-4.019209290E1,4.590266581E1
2.838745250E1,1.249610424E1,1.836885071E1,-4.027104187E1,4.599265279E1
2.839744050E1,1.245114040E1,1.821780777E1,-4.052229309E1,4.614082417E1
2.840742850E1,1.248639679E1,1.819413757E1,-4.059033203E1,4.620077706E1
2.841741650E1,1.243239307E1,1.825930595E1,-4.038999939E1,4.603605872E1
2.842740450E1,1.244572067E1,1.832503128E1,-4.024356079E1,4.593742396E1
2.843739250E1,1.261283875E1,1.819441795E1,-4.036277771E1,4.603557722E1
2.844738050E1,1.260990524E1,1.806565857E1,-4.028889465E1,4.591919819E1
2.845736850E1,1.273369789E1,1.813669968E1,-4.008496094E1,4.580274043E1
2.846735650E1,1.262049484E1,1.799815559E1,-4.028680420E1,4.589375870E1
2.847734450E1,1.260473728E1,1.804701424E1,-4.037988281E1,4.599031486E1
2.848733250E1,1.268544102E1,1.814889145E1,-4.023304749E1,4.592385856E1
2.849732150E1,1.250005722E1,1.809898567E1,-4.033082581E1,4.593909254E1
2.850730950E1,1.255028725E1,1.813836861E1,-4.036660767E1,4.599970804E1
2.851729750E1,1.260765743E1,1.800116348E1,-4.035427856E1,4.595065518E1
2.852728550E1,1.248030949E1,1.803129959E1,-4.032557678E1,4.590248395E1
2.853727350E1,1.249877548E1,1.803461456E1,-4.043601990E1,4.600585198E1
2.854726150E1,1.235565090E1,1.820302010E1,-4.036064148E1,4.596730828E1
2.855724950E1,1.254899788E1,1.805428696E1,-4.035446167E1,4.595560033E1
2.856723750E1,1.252392483E1,1.809880447E1,-4.003857422E1,4.568919831E1
2.857722550E1,1.251514053E1,1.807433891E1,-4.030270386E1,4.590880534E1
2.858721350E1,1.262650585E1,1.807507133E1,-4.012030029E1,4.577963903E1
2.859720150E1,1.259139538E1,1.797773361E1,-4.028416443E1,4.587544057E1
2.860719050E1,1.253425598E1,1.813284111E1,-4.032162476E1,4.595368236E1
2.861717850E1,1.255713844E1,1.818043518E1,-4.028747559E1,4.594878277E1
2.862716650E1,1.256194878E1,1.812207794E1,-4.030291748E1,4.594058580E1
2.863715450E1,1.260101032E1,1.808813477E1,-4.016264343E1,4.581488850E1
2.864714250E1,1.256273270E1,1.802246284E1,-4.021368408E1,4.582326709E1
2.865713050E1,1.254794121E1,1.802822495E1,-4.023097229E1,4.583665405E1
2.866711850E1,1.267451668E1,1.818941307E1,-4.009364319E1,4.581482669E1
2.867710650E1,1.257101250E1,1.814793777E1,-4.020288086E1,4.586556039E1
2.868709450E1,1.258498859E1,1.809005737E1,-4.009997559E1,4.575631274E1
2.869708250E1,1.255875111E1,1.817850876E1,-4.013140869E1,4.581168381E1
2.870707050E1,1.256028938E1,1.806414413E1,-4.002990723E1,4.567786822E1
2.871705850E1,1.254794502E1,1.830199432E1,-3.999452209E1,4.573812106E1
2.872704750E1,1.246662235E1,1.832502174E1,-3.990602112E1,4.564771206E1
2.873703550E1,1.249433422E1,1.816138458E1,-4.025598145E1,4.589649572E1
2.874702350E1,1.261257172E1,1.811799812E1,-4.019461060E1,4.585788419E1
2.875701150E1,1.258135986E1,1.815691185E1,-4.005880737E1,4.574573327E1
2.876699950E1,1.248845673E1,1.832711983E1,-4.009353638E1,4.581851735E1
2.877698750E1,1.259985161E1,1.834503174E1,-3.999552917E1,4.577050146E1
2.878697550E1,1.277783012E1,1.823058701E1,-4.011557007E1,4.587903886E1
2.879696350E1,1.277783012E1,1.823058701E1,-4.011557007E1,4.587903886E1
2.880695150E1,1.258818817E1,1.819929504E1,-4.007260895E1,4.577653121E1
2.881693950E1,1.251245308E1,1.831544685E1,-4.024065399E1,4.594918181E1
2.882692750E1,1.259298420E1,1.825175667E1,-4.016336823E1,4.587816496E1
2.883691650E1,1.271123409E1,1.820853424E1,-4.027658844E1,4.599271429E1
2.884690450E1,1.261998844E1,1.834748459E1,-4.013919830E1,4.590260929E1
2.885689250E1,1.248048115E1,1.828695297E1,-4.039446259E1,4.606395192E1
2.886688050E1,1.248239899E1,1.816716957E1,-4.059732819E1,4.619523125E1
2.887686850E1,1.259625244E1,1.811317825E1,-4.041007233E1,4.604049030E1
2.888685650E1,1.249092960E1,1.814118195E1,-4.040250397E1,4.601617250E1
2.889684450E1,1.258602905E1,1.806828499E1,-4.039464569E1,4.600650443E1
2.890683250E1,1.256289291E1,1.815598869E1,-4.040195465E1,4.604111362E1
2.891682050E1,1.261685848E1,1.807497787E1,-4.046016693E1,4.607510229E1
2.892680850E1,1.260964394E1,1.820146942E1,-4.040752411E1,4.607672529E1
2.893679650E1,1.258093357E1,1.808673286E1,-4.042671967E1,4.604051974E1
2.894678450E1,1.252837753E1,1.815748405E1,-4.036563873E1,4.600042675E1
2.895677350E1,1.268539047E1,1.817969513E1,-4.036815643E1,4.605440804E1
2.896676150E1,1.254332733E1,1.822925377E1,-4.028575897E1,4.596284510E1
2.897674950E1,1.271193600E1,1.828293037E1,-4.028957367E1,4.603377680E1
2.898673750E1,1.245960236E1,1.829417801E1,-4.047080231E1,4.612813111E1
2.899672550E1,1.251521969E1,1.829080963E1,-4.049196625E1,4.616041347E1
2.900671350E1,1.241496754E1,1.827730751E1,-4.017449188E1,4.584954947E1
2.901670150E1,1.233302307E1,1.819243431E1,-4.024602509E1,4.585641350E1
2.902668950E1,1.248842812E1,1.821899414E1,-3.989548492E1,4.560199888E1
2.903667750E1,1.247391987E1,1.813181496E1,-4.015636444E1,4.579186604E1
2.904666550E1,1.239253807E1,1.815674591E1,-4.029460907E1,4.590095796E1
2.905665350E1,1.246973705E1,1.800489426E1,-4.022620392E1,4.580194364E1
2.906664250E1,1.259824944E1,1.801943207E1,-4.025412750E1,4.586731518E1
2.907663050E1,1.283845139E1,1.799618149E1,-4.023633575E1,4.590916136E1
2.908661850E1,1.254221058E1,1.804755020E1,-4.032619476E1,4.592627895E1
2.909660650E1,1.272053623E1,1.795518303E1,-4.032114410E1,4.593468517E1
2.910659450E1,1.280402660E1,1.800606918E1,-3.993321991E1,4.563796311E1
2.911658250E1,1.263642025E1,1.798365784E1,-4.013187408E1,4.575651192E1
2.912657050E1,1.264040565E1,1.810414314E1,-4.019484711E1,4.586028334E1
2.913655875E1,1.277950668E1,1.805523300E1,-4.019455719E1,4.587929443E1
2.914654675E1,1.268111801E1,1.795986938E1,-4.018360138E1,4.580490675E1
2.915653475E1,1.279713058E1,1.800176048E1,-4.026865387E1,4.592814405E1
2.916652275E1,1.255619049E1,1.805156136E1,-4.028780365E1,4.589797283E1
2.917651075E1,1.259462547E1,1.791641617E1,-4.016739655E1,4.574977928E1
2.918649975E1,1.261890411E1,1.799370384E1,-4.020658112E1,4.582116633E1
2.919648775E1,1.271732235E1,1.804146385E1,-4.026531219E1,4.591862445E1
2.920647575E1,1.278405285E1,1.805604935E1,-4.038993073E1,4.605213816E1
2.921646375E1,1.261233139E1,1.810907555E1,-4.053561401E1,4.615349958E1
2.922645175E1,1.273542309E1,1.800643349E1,-4.040545654E1,4.603285312E1
2.923643975E1,1.282218647E1,1.799082184E1,-4.029412842E1,4.595318184E1
2.924642775E1,1.280751705E1,1.792392731E1,-4.040901184E1,4.602377539E1
2.925641575E1,1.289564800E1,1.793963432E1,-4.052178955E1,4.615347923E1
2.926640375E1,1.270903683E1,1.810570526E1,-4.053201294E1,4.617553739E1
2.927639175E1,1.279559612E1,1.806571960E1,-4.028974915E1,4.597131052E1
2.928637975E1,1.266079235E1,1.807396698E1,-4.010856628E1,4.577839048E1
2.929636775E1,1.256451702E1,1.807042885E1,-4.034048462E1,4.595391372E1
2.930635675E1,1.267944908E1,1.811030197E1,-4.047799683E1,4.612179196E1
2.931634475E1,1.265010262E1,1.793421364E1,-4.051690674E1,4.607907168E1
2.932633275E1,1.258089352E1,1.811076736E1,-4.041992188E1,4.604398832E1
2.933632075E1,1.252550125E1,1.809720039E1,-4.039137268E1,4.599847640E1
2.934630875E1,1.250481224E1,1.805941391E1,-4.052659607E1,4.609683014E1
2.935629675E1,1.260169888E1,1.806347084E1,-4.046885681E1,4.607407259E1
2.936628475E1,1.256814384E1,1.808948135E1,-4.027824402E1,4.590778275E1
2.937627275E1,1.254279804E1,1.808383942E1,-4.035118103E1,4.596264615E1
2.938626075E1,1.257079983E1,1.808195114E1,-4.024354553E1,4.587510133E1
2.939624875E1,1.258360481E1,1.804221344E1,-4.036911011E1,4.597318378E1
2.940623675E1,1.264047623E1,1.803899193E1,-4.040376282E1,4.601794127E1
2.941622575E1,1.253840923E1,1.830036545E1,-4.054521179E1,4.621719681E1
2.942621375E1,1.262039757E1,1.823433113E1,-4.028852844E1,4.598837669E1
2.943620175E1,1.255296516E1,1.818830109E1,-4.052066040E1,4.615533718E1
2.944618975E1,1.251799965E1,1.802254105E1,-4.027816772E1,4.586766940E1
2.945617775E1,1.254619980E1,1.800349426E1,-4.025709534E1,4.584939105E1
2.946616575E1,1.253785133E1,1.795979118E1,-4.045808411E1,4.600661240E1
2.947615375E1,1.257041740E1,1.813211823E1,-4.051147461E1,4.612991090E1
2.948614175E1,1.268491650E1,1.800711823E1,-4.034915161E1,4.596974493E1
2.949612975E1,1.268822765E1,1.804557419E1,-4.019633484E1,4.585170884E1
2.950611775E1,1.284532356E1,1.807794762E1,-4.017907715E1,4.589305795E1
2.951610575E1,1.269267273E1,1.807670403E1,-4.042518616E1,4.606589677E1
2.952609375E1,1.262690353E1,1.806550980E1,-4.037738037E1,4.600145848E1
2.953608275E1,1.271794605E1,1.811001587E1,-4.033766174E1,4.600919236E1
2.954607075E1,1.251950073E1,1.814186287E1,-4.053150940E1,4.613749388E1
2.955605875E1,1.246805382E1,1.825513077E1,-4.041723633E1,4.606794067E1
2.956604675E1,1.240743351E1,1.825717354E1,-4.040371704E1,4.604051632E1
2.957603475E1,1.251789761E1,1.820349121E1,-4.045860291E1,4.609732532E1
2.958602275E1,1.264826775E1,1.812685394E1,-4.053195190E1,4.616709473E1
2.959601075E1,1.257134438E1,1.802831459E1,-4.062367249E1,4.618811094E1
2.960599875E1,1.252320862E1,1.809637451E1,-4.061610413E1,4.619499366E1
2.961598675E1,1.267184353E1,1.812595367E1,-4.065674591E1,4.628279165E1
2.962597475E1,1.239268684E1,1.819401932E1,-4.050310516E1,4.609883463E1
2.963596275E1,1.239268684E1,1.819401932E1,-4.050310516E1,4.609883463E1
2.964595075E1,1.249098110E1,1.806743240E1,-4.045934296E1,4.603710628E1
2.965593975E1,1.240753746E1,1.819562531E1,-4.050745392E1,4.610728347E1
2.966592775E1,1.242582607E1,1.817303276E1,-4.032033539E1,4.593897821E1
2.967591575E1,1.258282852E1,1.815931129E1,-4.056623077E1,4.619206901E1
2.968590375E1,1.241828632E1,1.825204468E1,-4.052820587E1,4.615069275E1
2.969589175E1,1.259257030E1,1.816758728E1,-4.042940521E1,4.607787821E1
2.970587975E1,1.274943352E1,1.805450630E1,-4.027202606E1,4.593853868E1
2.971586775E1,1.261446667E1,1.813654900E1,-4.042612457E1,4.606876086E1
2.972585575E1,1.263348293E1,1.808100891E1,-4.050078583E1,4.611769104E1
2.973584375E1,1.262426758E1,1.807992554E1,-4.043982697E1,4.606121410E1
2.974583175E1,1.269333076E1,1.817751312E1,-4.037349701E1,4.606041565E1
2.975581975E1,1.270998478E1,1.812421417E1,-4.030191803E1,4.598125106E1
2.976580775E1,1.247294617E1,1.821273613E1,-4.037178802E1,4.601260058E1
2.977579675E1,1.246960354E1,1.812070274E1,-4.043412018E1,4.603008750E1
2.978578475E1,1.259215546E1,1.817313766E1,-4.027455902E1,4.594415541E1
2.979577275E1,1.262875938E1,1.821874619E1,-4.046097565E1,4.613565678E1
2.980576075E1,1.241470051E1,1.822245789E1,-4.038867950E1,4.601552121E1
2.981574875E1,1.252381611E1,1.817926216E1,-4.042945099E1,4.606378241E1
2.982573675E1,1.256083202E1,1.812176514E1,-4.028713226E1,4.592630944E1
2.983572475E1,1.272743225E1,1.811135101E1,-4.032114410E1,4.599786114E1
2.984571275E1,1.257007504E1,1.807698059E1,-4.041347504E1,4.602209228E1
2.985570075E1,1.263524723E1,1.800543594E1,-4.052079010E1,4.610617775E1
2.986568875E1,1.260916042E1,1.804539490E1,-4.051590729E1,4.611036702E1
2.987567675E1,1.264366341E1,1.809589005E1,-4.039157867E1,4.603045827E1
2.988566475E1,1.256530476E1,1.810421562E1,-4.032382965E1,4.595280998E1
2.989565375E1,1.250020123E1,1.818717766E1,-4.044960785E1,4.607818613E1
2.990564175E1,1.258100796E1,1.806114197E1,-4.031458282E1,4.593203891E1
2.991562975E1,1.256656361E1,1.806560516E1,-4.037171173E1,4.597999259E1
2.992561775E1,1.265360165E1,1.810671997E1,-4.000368500E1,4.569750273E1
2.993560575E1,1.264137936E1,1.794536972E1,-4.020732880E1,4.580906084E1
2.994559375E1,1.255904388E1,1.788671875E1,-4.035272980E1,4.589125290E1
2.995558175E1,1.255039024E1,1.809146881E1,-4.036988068E1,4.598413645E1
2.996556975E1,1.252154350E1,1.813324738E1,-4.017069244E1,4.581799039E1
2.997555775E1,1.267912579E1,1.801945305E1,-4.012397003E1,4.577547258E1
2.998554575E1,1.245420837E1,1.814616585E1,-4.015781403E1,4.579345661E1
2.999553375E1,1.251498604E1,1.807894135E1,-4.037546539E1,4.597446249E1
3.000552175E1,1.253010082E1,1.813737869E1,-4.039374542E1,4.601763360E1
3.001551075E1,1.256354809E1,1.819560051E1,-4.030405426E1,4.597107143E1
3.002549875E1,1.258096504E1,1.814728165E1,-4.015516663E1,4.582621432E1
3.003548675E1,1.255370903E1,1.815176964E1,-4.021461487E1,4.587262365E1
3.004547475E1,1.259520435E1,1.825360489E1,-4.015611267E1,4.587315826E1
3.005546275E1,1.252287388E1,1.803345299E1,-4.049894714E1,4.606726079E1
3.006545075E1,1.237977791E1,1.812193680E1,-4.046130371E1,4.603021391E1
3.007543875E1,1.261534595E1,1.816150856E1,-4.040693665E1,4.606200035E1
3.008542675E1,1.253370476E1,1.817440796E1,-4.038623047E1,4.602662785E1
3.009541475E1,1.257602978E1,1.808837128E1,-4.055276489E1,4.615054107E1
3.010540275E1,1.249495220E1,1.810951424E1,-4.042344666E1,4.602318303E1
3.011539075E1,1.255889893E1,1.824450302E1,-4.031781006E1,4.600123521E1
3.012537875E1,1.257456589E1,1.810953331E1,-4.029199219E1,4.592950619E1
3.013536637E1,1.255106926E1,1.814892960E1,-4.035174561E1,4.599104650E1
3.014535437E1,1.258347225E1,1.801866913E1,-4.021595764E1,4.582946061E1
3.015534237E1,1.256534958E1,1.811454391E1,-4.029376221E1,4.593051256E1
3.016533037E1,1.251110268E1,1.811020660E1,-4.005119324E1,4.570126205E1
3.017531837E1,1.244469643E1,1.822535706E1,-4.041192627E1,4.604517232E1
3.018530637E1,1.247074890E1,1.820486069E1,-4.047257996E1,4.609735631E1
3.019529438E1,1.250694942E1,1.836034393E1,-4.043040466E1,4.613180719E1
3.020528237E1,1.251153183E1,1.808899307E1,-4.027993774E1,4.589361049E1
3.021527037E1,1.258290577E1,1.803240585E1,-4.047743225E1,4.606429963E1
3.022525837E1,1.257288456E1,1.813616943E1,-4.029512024E1,4.594229841E1
3.023524637E1,1.261130524E1,1.816213226E1,-4.016159058E1,4.584606227E1
3.024523438E1,1.274640942E1,1.809094810E1,-4.000581360E1,4.571890723E1
3.025522337E1,1.265693760E1,1.815024376E1,-4.024342346E1,4.592561975E1
3.026521137E1,1.261515331E1,1.814418602E1,-4.006478882E1,4.575522793E1
3.027519937E1,1.269308853E1,1.806789398E1,-4.020982361E1,4.587366569E1
3.028518737E1,1.269443130E1,1.819260788E1,-4.030162048E1,4.600369747E1
3.029517537E1,1.264267826E1,1.807194901E1,-4.027134705E1,4.591529209E1
3.030516337E1,1.275249004E1,1.805047989E1,-4.003442383E1,4.572965031E1
3.031515137E1,1.265524006E1,1.817052460E1,-4.031948853E1,4.599982848E1
3.032513937E1,1.261541271E1,1.805815506E1,-4.030444336E1,4.593140273E1
3.033512737E1,1.267720318E1,1.809486771E1,-4.052700806E1,4.615814229E1
3.034511538E1,1.265722752E1,1.816029930E1,-4.026882935E1,4.595193680E1
3.035510337E1,1.268904972E1,1.811371994E1,-4.043836975E1,4.609100325E1
3.036509137E1,1.264263153E1,1.798108673E1,-4.024485779E1,4.585634297E1
3.037508038E1,1.255131626E1,1.802816582E1,-4.056909180E1,4.613460211E1
3.038506837E1,1.264491177E1,1.798808670E1,-4.051524353E1,4.609718012E1
3.039505637E1,1.263588810E1,1.817648697E1,-4.054345703E1,4.619331396E1
3.040504437E1,1.268321609E1,1.818434906E1,-4.031251526E1,4.600688435E1
3.041503237E1,1.252892971E1,1.816500473E1,-4.048210144E1,4.610576985E1
3.042502037E1,1.262809563E1,1.796038055E1,-4.045141602E1,4.602565726E1
3.043500837E1,1.256736565E1,1.804132843E1,-4.046925354E1,4.605636430E1
3.044499637E1,1.247013283E1,1.806686592E1,-4.031074524E1,4.590067580E1
3.045498437E1,1.265610695E1,1.813504410E1,-4.014128113E1,4.582989546E1
3.046497237E1,1.256068897E1,1.807164001E1,-4.007540894E1,4.572082110E1
3.047496037E1,1.256068897E1,1.807164001E1,-4.007540894E1,4.572082110E1
3.048494837E1,1.261736679E1,1.802191734E1,-4.032319641E1,4.593416613E1
3.049493737E1,1.268653870E1,1.812245941E1,-4.022010803E1,4.590238435E1
3.050492537E1,1.269845390E1,1.809009933E1,-4.026200867E1,4.592963931E1
3.051491337E1,1.269125652E1,1.818212318E1,-4.012063599E1,4.584019009E1
3.052490137E1,1.275293541E1,1.806540108E1,-4.016337585E1,4.584858599E1
3.053488937E1,1.268891430E1,1.794918823E1,-4.031698608E1,4.591994415E1
3.054487737E1,1.275854492E1,1.819070435E1,-4.027040100E1,4.599334071E1
3.055486537E1,1.258984375E1,1.806973267E1,-4.042184448E1,4.603199882E1
3.056485337E1,1.260198784E1,1.806403351E1,-4.059062195E1,4.618135981E1
3.057484137E1,1.253848553E1,1.815643120E1,-4.063218689E1,4.623682758E1
3.058482937E1,1.268931484E1,1.805974960E1,-4.033024597E1,4.597501503E1
3.059481738E1,1.270305347E1,1.810949516E1,-4.029719543E1,4.596939572E1
3.060480537E1,1.263135910E1,1.807934570E1,-4.037559509E1,4.600655011E1
3.061479437E1,1.261843204E1,1.808514214E1,-4.039746094E1,4.602447222E1
3.062478238E1,1.276042652E1,1.808080864E1,-4.035754395E1,4.602689952E1
3.063477037E1,1.263368320E1,1.802053070E1,-4.043095398E1,4.603272225E1
3.064475837E1,1.269431496E1,1.811635590E1,-4.044148254E1,4.609621995E1
3.065474637E1,1.251712513E1,1.810077286E1,-4.031529236E1,4.593080881E1
3.066473437E1,1.253252983E1,1.808895874E1,-4.013647461E1,4.577347842E1
3.067472237E1,1.261503983E1,1.812621307E1,-4.021553040E1,4.588014511E1
3.068471037E1,1.269685745E1,1.812960243E1,-4.020094299E1,4.589126814E1
3.069469837E1,1.276373196E1,1.803433037E1,-4.007710266E1,4.576378572E1
3.070468637E1,1.263413239E1,1.814611053E1,-3.988989258E1,4.560818083E1
3.071467437E1,1.279411697E1,1.795110130E1,-4.015226746E1,4.580541506E1
3.072466237E1,1.281198883E1,1.790663528E1,-4.025805664E1,4.588579050E1
3.073465037E1,1.269899750E1,1.786198616E1,-4.010496521E1,4.570255268E1
3.074463937E1,1.287285614E1,1.791911888E1,-3.994961548E1,4.563745198E1
3.075462737E1,1.276497364E1,1.806301880E1,-4.008666992E1,4.578382144E1
3.076461537E1,1.272361469E1,1.810853767E1,-4.017601013E1,4.586852186E1
3.077460338E1,1.257756615E1,1.799302292E1,-4.025669861E1,4.585352578E1
3.078459137E1,1.254973221E1,1.798256683E1,-4.034906006E1,4.592292604E1
3.079457937E1,1.270711040E1,1.800477600E1,-4.023809814E1,4.587752343E1
3.080456737E1,1.259313965E1,1.799084663E1,-4.022311401E1,4.582746589E1
3.081455537E1,1.254687214E1,1.800266647E1,-4.027189636E1,4.586224632E1
3.082454337E1,1.260090446E1,1.807957458E1,-4.003942871E1,4.570349726E1
3.083453137E1,1.254314232E1,1.802813148E1,-4.014489746E1,4.575977203E1
3.084451937E1,1.262521935E1,1.795780754E1,-4.002508545E1,4.564960548E1
3.085450737E1,1.264247799E1,1.804176712E1,-4.021998596E1,4.585831311E1
3.086449637E1,1.256044388E1,1.805443001E1,-4.017727661E1,4.580328317E1
3.087448438E1,1.266264057E1,1.811252594E1,-4.015458679E1,4.583445105E1
3.088447237E1,1.244391251E1,1.828939629E1,-4.004499817E1,4.574882352E1
3.089446037E1,1.240040302E1,1.809846878E1,-4.010043335E1,4.570961958E1
3.090444837E1,1.252712154E1,1.817099571E1,-4.006565857E1,4.574244042E1
3.091443637E1,1.256347084E1,1.795232582E1,-4.017481995E1,4.576180678E1
3.092442437E1,1.266143894E1,1.805225754E1,-3.980767822E1,4.550656308E1
3.093441237E1,1.257207298E1,1.812467003E1,-3.996875000E1,4.565152417E1
3.094440037E1,1.244859123E1,1.830614853E1,-4.019348145E1,4.588680037E1
3.095438837E1,1.257306099E1,1.813111687E1,-4.042164612E1,4.605137062E1
3.096437637E1,1.255864334E1,1.800742149E1,-4.049523926E1,4.606355559E1
3.097436437E1,1.267196369E1,1.805631256E1,-4.032673645E1,4.596579989E1
3.098435337E1,1.258508968E1,1.797652626E1,-4.030447388E1,4.589107313E1
3.099434137E1,1.262980080E1,1.797948074E1,-4.027734375E1,4.588069328E1
3.100432937E1,1.262566090E1,1.805879593E1,-4.024874878E1,4.588560996E1
3.101431737E1,1.258052349E1,1.801540565E1,-4.041590881E1,4.600293575E1
3.102430538E1,1.255828953E1,1.813632965E1,-4.028932190E1,4.593328366E1
3.103429337E1,1.266552067E1,1.786518478E1,-4.059556580E1,4.612570003E1
3.104428137E1,1.259361458E1,1.807960320E1,-4.056248474E1,4.616044138E1
3.105426937E1,1.267518139E1,1.796400833E1,-4.061462402E1,4.618347652E1
3.106425737E1,1.263714695E1,1.800123215E1,-4.045803833E1,4.604991539E1
3.107424537E1,1.266477871E1,1.804459763E1,-4.023326111E1,4.587722117E1
3.108423337E1,1.250871754E1,1.811450958E1,-4.020075989E1,4.583344377E1
3.109422137E1,1.246440983E1,1.812840271E1,-4.037445068E1,4.597930801E1
3.110420937E1,1.265266514E1,1.804209328E1,-4.031924438E1,4.594832459E1
3.111419837E1,1.269632149E1,1.814480972E1,-4.022535706E1,4.591851532E1
3.112418638E1,1.260304737E1,1.815099907E1,-4.007279968E1,4.576160885E1
3.113417529E1,1.249291706E1,1.811803818E1,-4.039587402E1,4.600177086E1
3.114416329E1,1.241885853E1,1.826154518E1,-4.017857361E1,4.584789915E1
3.115415129E1,1.242722130E1,1.828168106E1,-4.036587524E1,4.602238125E1
3.116413929E1,1.236614609E1,1.820496368E1,-4.026641846E1,4.588819812E1
3.117412729E1,1.254876614E1,1.809476471E1,-4.020574951E1,4.584096787E1
3.118411529E1,1.252443886E1,1.810731506E1,-4.000955200E1,4.566728237E1
3.119410329E1,1.261379433E1,1.811890030E1,-3.999275208E1,4.568175318E1
3.120409129E1,1.271701336E1,1.816398430E1,-4.013667297E1,4.585417398E1
3.121407929E1,1.266452026E1,1.807658386E1,-4.021351624E1,4.587243013E1
3.122406729E1,1.251708221E1,1.806609726E1,-4.012228394E1,4.574777465E1
3.123405529E1,1.251971722E1,1.807041168E1,-4.035646057E1,4.595570702E1
3.124404429E1,1.244831371E1,1.807214165E1,-4.022000122E1,4.581715090E1
3.125403229E1,1.252992535E1,1.816763496E1,-4.028865051E1,4.593731979E1
3.126402029E1,1.251442242E1,1.819400597E1,-4.011648560E1,4.579263083E1
3.127400829E1,1.246796227E1,1.813245773E1,-4.020368958E1,4.583200587E1
3.128399629E1,1.234282780E1,1.829494476E1,-4.024014282E1,4.589465651E1
3.129398429E1,1.244646931E1,1.826582527E1,-4.037263489E1,4.602721607E1
3.130397229E1,1.233481121E1,1.821425629E1,-4.023246765E1,4.585366019E1
3.131396029E1,1.233481121E1,1.821425629E1,-4.023246765E1,4.585366019E1
3.132394829E1,1.243622971E1,1.812333107E1,-4.039096069E1,4.598417819E1
3.133393629E1,1.237031078E1,1.825248146E1,-4.025364685E1,4.589699068E1
3.134392429E1,1.255001354E1,1.827846527E1,-4.029434204E1,4.599172896E1
3.135391329E1,1.257881355E1,1.821975327E1,-4.020840454E1,4.590099950E1
3.136390129E1,1.238357925E1,1.832048798E1,-4.011239624E1,4.580390428E1
3.137388929E1,1.242101860E1,1.819556999E1,-4.021282959E1,4.585228603E1
3.138387729E1,1.243950081E1,1.831078911E1,-4.021987915E1,4.590931122E1
3.139386529E1,1.267543793E1,1.810126877E1,-4.019497681E1,4.586893086E1
3.140385329E1,1.249937916E1,1.829469109E1,-4.006655884E1,4.578492479E1
3.141384129E1,1.256893253E1,1.820274734E1,-4.002362061E1,4.572973084E1
3.142382929E1,1.262139988E1,1.809663963E1,-4.026803589E1,4.591625872E1
3.143381729E1,1.259237385E1,1.808614540E1,-4.036907959E1,4.599281598E1
3.144380529E1,1.259753895E1,1.811392975E1,-4.042803955E1,4.605690850E1
3.145379329E1,1.261997890E1,1.797076035E1,-4.049475098E1,4.606557230E1
3.146378129E1,1.255328274E1,1.812021255E1,-4.054135132E1,4.614681113E1
3.147376929E1,1.250523090E1,1.804325104E1,-4.049966431E1,4.606693518E1
3.148375829E1,1.251514435E1,1.808062172E1,-4.035684204E1,4.595881221E1
3.149374629E1,1.260505390E1,1.817131424E1,-4.035391235E1,4.601654363E1
3.150373429E1,1.252583885E1,1.806710815E1,-4.039897156E1,4.599341191E1
3.151372229E1,1.255174923E1,1.799439621E1,-4.030508423E1,4.588948157E1
3.152371029E1,1.262406254E1,1.800948334E1,-4.012165833E1,4.575429938E1
3.153369829E1,1.244201088E1,1.814621162E1,-4.016448975E1,4.579601366E1
3.154368629E1,1.272429180E1,1.790930939E1,-4.027482605E1,4.587714658E1
3.155367429E1,1.269029713E1,1.787789917E1,-4.057289124E1,4.611748500E1
3.156366229E1,1.273126125E1,1.789640045E1,-4.038992310E1,4.597512425E1
3.157365029E1,1.282659149E1,1.802198410E1,-4.031559753E1,4.598544079E1
3.158363829E1,1.267542171E1,1.820868301E1,-4.040457153E1,4.609503068E1
3.159362629E1,1.267094135E1,1.817786407E1,-4.024707031E1,4.594359766E1
3.160361429E1,1.263034725E1,1.816951752E1,-4.025311279E1,4.593441115E1
3.161360329E1,1.262422943E1,1.820919037E1,-4.019259644E1,4.589543105E1
3.162359129E1,1.260997868E1,1.807524490E1,-4.027388000E1,4.590981868E1
3.163357929E1,1.241330051E1,1.808703613E1,-4.014670563E1,4.574919539E1
3.164356729E1,1.257030869E1,1.821615410E1,-4.013697052E1,4.583467392E1
3.165355529E1,1.246950626E1,1.828890228E1,-4.025228119E1,4.593711652E1
3.166354329E1,1.254206276E1,1.808462906E1,-4.023987579E1,4.586507114E1
3.167353129E1,1.256729794E1,1.814884949E1,-4.019091034E1,4.585441079E1
3.168351929E1,1.256564903E1,1.815353584E1,-4.026947784E1,4.592469102E1
3.169350729E1,1.264751911E1,1.811505890E1,-4.008493805E1,4.577026717E1
3.170349529E1,1.265009022E1,1.823245811E1,-3.998944855E1,4.573404975E1
3.171348329E1,1.262213516E1,1.810835266E1,-4.026050568E1,4.591447538E1
3.172347129E1,1.253470993E1,1.798654556E1,-4.040335846E1,4.596809926E1
3.173345929E1,1.258932972E1,1.805393028E1,-4.034680939E1,4.595977207E1
3.174344829E1,1.265748978E1,1.805035019E1,-3.995542145E1,4.563401026E1
3.175343629E1,1.265145493E1,1.822388840E1,-4.005774689E1,4.579074694E1
3.176342429E1,1.261609364E1,1.807168198E1,-4.019388580E1,4.583993853E1
3.177341229E1,1.279578209E1,1.799287415E1,-4.010388947E1,4.577988106E1
3.178340029E1,1.261491489E1,1.801931572E1,-4.017623138E1,4.580350844E1
3.179338829E1,1.254750156E1,1.831365967E1,-3.998131561E1,4.573112205E1
3.180337629E1,1.252648067E1,1.819967842E1,-4.000133514E1,4.569735032E1
3.181336429E1,1.261599159E1,1.819928741E1,-4.004061127E1,4.575617835E1
3.182335229E1,1.270886230E1,1.808825874E1,-4.011727142E1,4.580497519E1
3.183334029E1,1.278587914E1,1.797747421E1,-4.023973846E1,4.589013877E1
3.184332829E1,1.264167881E1,1.800145149E1,-4.036882782E1,4.597288939E1
3.185331629E1,1.265830708E1,1.797667503E1,-4.036052704E1,4.596048005E1
3.186330529E1,1.269787312E1,1.799137878E1,-4.036266327E1,4.597901998E1
3.187329329E1,1.285726357E1,1.803916168E1,-4.018842316E1,4.588932268E1
3.188328129E1,1.283977318E1,1.809070587E1,-4.003784943E1,4.577294835E1
3.189326929E1,1.276846981E1,1.789390945E1,-4.028697968E1,4.589407966E1
3.190325729E1,1.272888756E1,1.803791428E1,-4.011460114E1,4.578834081E1
3.191324529E1,1.270025444E1,1.809743500E1,-4.023136139E1,4.590616577E1
3.192323329E1,1.273163223E1,1.803244019E1,-4.007419586E1,4.575155224E1
3.193322129E1,1.281130981E1,1.788517570E1,-4.008893585E1,4.572889619E1
3.194320929E1,1.284807873E1,1.802474213E1,-4.006139374E1,4.576985606E1
3.195319729E1,1.291704273E1,1.790828705E1,-4.027162933E1,4.592777882E1
3.196318529E1,1.298392582E1,1.795186234E1,-4.027988434E1,4.597086875E1
3.197317329E1,1.295712471E1,1.796884918E1,-4.035442352E1,4.603527039E1
3.198316129E1,1.290176105E1,1.792343521E1,-4.034398651E1,4.599284961E1
3.199315029E1,1.291806507E1,1.804341316E1,-4.012575531E1,4.585321584E1
3.200313829E1,1.280818558E1,1.802960587E1,-4.019168854E1,4.587470036E1
3.201312629E1,1.265550518E1,1.805529213E1,-4.024921417E1,4.589286030E1
3.202311429E1,1.287854290E1,1.789401627E1,-4.016255951E1,4.581576008E1
3.203310229E1,1.287671089E1,1.791265106E1,-4.016762543E1,4.582696678E1
3.204309029E1,1.269421291E1,1.790947723E1,-4.046828461E1,4.603883660E1
3.205307829E1,1.266768360E1,1.801908493E1,-4.037621307E1,4.599343662E1
3.206306629E1,1.267724895E1,1.772817230E1,-4.042823029E1,4.592866793E1
3.207305429E1,1.262472630E1,1.790359497E1,-4.044866180E1,4.600018118E1
3.208304229E1,1.272023678E1,1.807064819E1,-4.005858612E1,4.574978767E1
3.209303029E1,1.280880070E1,1.806334114E1,-4.028070831E1,4.596613026E1
3.210301829E1,1.283227062E1,1.809779739E1,-4.016938019E1,4.588874093E1
3.211300629E1,1.285580444E1,1.806298065E1,-4.020485687E1,4.591267248E1
3.212299529E1,1.286737156E1,1.790353203E1,-4.016252899E1,4.581631200E1
3.213298292E1,1.295888615E1,1.795962715E1,-4.043585968E1,4.610357563E1
3.214297092E1,1.285225964E1,1.775690079E1,-4.040261078E1,4.596584668E1
3.215295892E1,1.285225964E1,1.775690079E1,-4.040261078E1,4.596584668E1
3.216294692E1,1.287498569E1,1.777824593E1,-4.037381744E1,4.595515662E1
3.217293492E1,1.271372986E1,1.776648331E1,-4.024597931E1,4.579329325E1
3.218292292E1,1.284515476E1,1.779478073E1,-4.042107391E1,4.599473273E1
3.219291092E1,1.284559727E1,1.776264191E1,-4.031049347E1,4.588525581E1
3.220289892E1,1.282150078E1,1.785036469E1,-4.056349945E1,4.613484463E1
3.221288692E1,1.276788998E1,1.791822052E1,-4.034066010E1,4.595052228E1
3.222287492E1,1.279450512E1,1.787991714E1,-4.044884491E1,4.603802616E1
3.223286292E1,1.276968193E1,1.800700569E1,-4.029759979E1,4.594794424E1
3.224285192E1,1.271307945E1,1.803277206E1,-4.043292999E1,4.606110165E1
3.225283992E1,1.281438255E1,1.805808449E1,-4.043033600E1,4.609679907E1
3.226282792E1,1.285355186E1,1.793340302E1,-4.034940338E1,4.598798857E1
3.227281592E1,1.290669346E1,1.800383377E1,-4.017217255E1,4.587509361E1
3.228280392E1,1.287337303E1,1.785115623E1,-4.034677887E1,4.595922190E1
3.229279192E1,1.290233612E1,1.790447235E1,-4.035669708E1,4.599677605E1
3.230277992E1,1.270458317E1,1.813008499E1,-4.019780731E1,4.589085016E1
3.231276792E1,1.279659462E1,1.806006241E1,-4.020265961E1,4.589305533E1
3.232275592E1,1.270412540E1,1.802780914E1,-4.023830414E1,4.588592186E1
3.233274392E1,1.281215096E1,1.795221710E1,-4.026279449E1,4.590779816E1
3.234273192E1,1.276419163E1,1.807253456E1,-4.009491730E1,4.579457923E1
3.235271992E1,1.280249119E1,1.804993820E1,-4.011801910E1,4.581658550E1
3.236270792E1,1.272849751E1,1.804933548E1,-4.034983063E1,4.599893468E1
3.237269692E1,1.267978859E1,1.807011414E1,-4.030542755E1,4.595469022E1
3.238268492E1,1.263263130E1,1.804217529E1,-4.028273773E1,4.591080943E1
3.239267292E1,1.272698402E1,1.803052330E1,-4.015595245E1,4.582113497E1
3.240266092E1,1.263337898E1,1.803436852E1,-4.045894623E1,4.606264259E1
3.241264892E1,1.263876629E1,1.800328255E1,-4.030988312E1,4.592105479E1
3.242263692E1,1.273118591E1,1.797455597E1,-4.038401031E1,4.600039180E1
3.243262492E1,1.276873302E1,1.788848495E1,-4.013024139E1,4.575450482E1
3.244261292E1,1.275459766E1,1.788455963E1,-4.027038574E1,4.587200892E1
3.245260092E1,1.281996918E1,1.785349464E1,-4.023373413E1,4.584596212E1
3.246258892E1,1.272750378E1,1.780432892E1,-4.028187561E1,4.584335266E1
3.247257692E1,1.272830296E1,1.799949837E1,-4.017324829E1,4.582446416E1
3.248256492E1,1.267420101E1,1.794405174E1,-4.042565918E1,4.600932823E1
3.249255292E1,1.269205379E1,1.808781815E1,-4.027758789E1,4.594062996E1
3.250254192E1,1.272085476E1,1.816224861E1,-4.029414368E1,4.599244976E1
3.251252992E1,1.261838531E1,1.806073570E1,-4.027705383E1,4.590920265E1
3.252251792E1,1.279701900E1,1.807547569E1,-4.015322876E1,4.585595160E1
3.253250592E1,1.275736618E1,1.820226860E1,-4.017460632E1,4.591374486E1
3.254249392E1,1.275504208E1,1.811529922E1,-4.008795166E1,4.580282778E1
3.255248192E1,1.272747326E1,1.813042259E1,-4.014396667E1,4.585017840E1
3.256246992E1,1.277029896E1,1.815711594E1,-4.031550598E1,4.602283582E1
3.257245792E1,1.274812412E1,1.816328239E1,-4.034207153E1,4.604239602E1
3.258244592E1,1.279515934E1,1.813379669E1,-4.034162903E1,4.604343295E1
3.259243392E1,1.274413013E1,1.811839676E1,-4.029309082E1,4.598067335E1
3.260242192E1,1.277144814E1,1.806026268E1,-4.039985657E1,4.605899897E1
3.261240992E1,1.273953247E1,1.799174690E1,-4.038403320E1,4.600944231E1
3.262239792E1,1.278199387E1,1.796565247E1,-4.053359985E1,4.614235313E1
3.263238692E1,1.272503567E1,1.807254982E1,-4.038392639E1,4.603699708E1
3.264237492E1,1.283067989E1,1.812969589E1,-4.020640564E1,4.593329157E1
3.265236292E1,1.276804829E1,1.803614426E1,-4.010649109E1,4.579144226E1
3.266235092E1,1.271641636E1,1.799169350E1,-4.049249268E1,4.609826725E1
3.267233892E1,1.272366238E1,1.810429382E1,-4.060232544E1,4.624073821E1
3.268232692E1,1.269324970E1,1.809756470E1,-4.053680420E1,4.617220951E1
3.269231492E1,1.278617859E1,1.800757027E1,-4.045324707E1,4.608930623E1
3.270230292E1,1.281216812E1,1.814083862E1,-4.015895081E1,4.589099049E1
3.271229092E1,1.274765015E1,1.806766510E1,-4.029591370E1,4.596415742E1
3.272227892E1,1.284618759E1,1.808538437E1,-4.014624023E1,4.586748596E1
3.273226692E1,1.282100582E1,1.786781693E1,-4.033941650E1,4.594459267E1
3.274225492E1,1.279886246E1,1.793174553E1,-4.039927673E1,4.601586616E1
3.275224392E1,1.285647297E1,1.801951981E1,-4.015068054E1,4.584832755E1
3.276223192E1,1.280250454E1,1.799359894E1,-4.037753296E1,4.602193926E1
3.277221992E1,1.298003101E1,1.806047249E1,-4.029309082E1,4.602385294E1
3.278220792E1,1.273658848E1,1.805810928E1,-4.029072571E1,4.595278637E1
3.279219592E1,1.267335033E1,1.801225662E1,-4.024104309E1,4.587370430E1
3.280218392E1,1.263679504E1,1.802353668E1,-4.013439941E1,4.577451780E1
3.281217192E1,1.258545589E1,1.804419136E1,-4.048704529E1,4.607805745E1
3.282215992E1,1.268072414E1,1.800398254E1,-4.040824890E1,4.601924306E1
3.283214792E1,1.266320324E1,1.792763329E1,-4.045335388E1,4.602423918E1
3.284213592E1,1.266355419E1,1.803143692E1,-4.035296631E1,4.597673555E1
3.285212392E1,1.290825081E1,1.797637939E1,-4.035759735E1,4.602726169E1
3.286211192E1,1.280225754E1,1.790629578E1,-4.032834625E1,4.594462687E1
3.287209992E1,1.266426277E1,1.803296280E1,-4.058632660E1,4.618247726E1
3.288208892E1,1.266711330E1,1.798290634E1,-4.040589142E1,4.600518168E1
3.289207692E1,1.271614075E1,1.796322441E1,-4.053438568E1,4.612389933E1
3.290206492E1,1.268346119E1,1.806760216E1,-4.060718536E1,4.621960557E1
3.291205292E1,1.262718868E1,1.804804420E1,-4.047760773E1,4.608269221E1
3.292204092E1,1.261345387E1,1.794707298E1,-4.042711639E1,4.599509090E1
3.293202892E1,1.258953667E1,1.789939499E1,-4.048685455E1,4.602249630E1
3.294201692E1,1.262506104E1,1.797279358E1,-4.028299713E1,4.588173202E1
3.295200492E1,1.269708729E1,1.794764137E1,-4.037961578E1,4.597659434E1
3.296199292E1,1.272069836E1,1.798532486E1,-4.054639435E1,4.614431895E1
3.297198092E1,1.280139542E1,1.803326225E1,-4.037773895E1,4.603733349E1
3.298196892E1,1.292171192E1,1.798878860E1,-4.030529022E1,4.599003777E1
3.299195692E1,1.292171192E1,1.798878860E1,-4.030529022E1,4.599003777E1
3.300194592E1,1.282018185E1,1.783865547E1,-4.043537140E1,4.601732230E1
3.301193392E1,1.280760479E1,1.805734253E1,-4.023792267E1,4.592594888E1
3.302192192E1,1.282723236E1,1.794136810E1,-4.061310577E1,4.621531067E1
3.303190992E1,1.260322285E1,1.800041580E1,-4.053279877E1,4.610600797E1
3.304189792E1,1.278197670E1,1.802317047E1,-4.043965912E1,4.608231366E1
3.305188592E1,1.258478642E1,1.801371002E1,-4.044776154E1,4.603142417E1
3.306187392E1,1.283539200E1,1.804282570E1,-4.046060944E1,4.612322368E1
3.307186192E1,1.260211754E1,1.810875893E1,-4.050981903E1,4.612793030E1
3.308184992E1,1.272193050E1,1.794439888E1,-4.063506317E1,4.620668053E1
3.309183792E1,1.273710155E1,1.799464035E1,-4.050821686E1,4.611893830E1
3.310182592E1,1.276128674E1,1.793497467E1,-4.049802399E1,4.609342364E1
3.311181392E1,1.285378361E1,1.799092102E1,-4.062395477E1,4.625147234E1
3.312180292E1,1.273416233E1,1.797489357E1,-4.061725616E1,4.620624620E1
3.313179092E1,1.276042843E1,1.798220825E1,-4.058385468E1,4.618698526E1
3.314177837E1,1.280302048E1,1.799238968E1,-4.063437653E1,4.624711856E1
3.315176637E1,1.287428570E1,1.787175179E1,-4.063312531E1,4.621901791E1
3.316175437E1,1.276137161E1,1.799219513E1,-4.077349091E1,4.635783916E1
3.317174237E1,1.282161713E1,1.783652496E1,-4.060985565E1,4.617029201E1
3.318173037E1,1.273057461E1,1.779726219E1,-4.059178925E1,4.611402634E1
3.319171837E1,1.271688938E1,1.796379089E1,-4.067575836E1,4.624861487E1
3.320170637E1,1.260383415E1,1.799836922E1,-4.068920135E1,4.624293499E1
3.321169437E1,1.252999115E1,1.803627586E1,-4.055823517E1,4.612242801E1
3.322168238E1,1.261347389E1,1.794124603E1,-4.059130096E1,4.613720567E1
3.323167037E1,1.266504765E1,1.790148163E1,-4.038718414E1,4.595640455E1
3.324165937E1,1.258281422E1,1.806186295E1,-4.055207062E1,4.614139723E1
3.325164738E1,1.265982628E1,1.802037239E1,-4.051799774E1,4.611630041E1
3.326163537E1,1.258726501E1,1.807478714E1,-4.052059174E1,4.612001220E1
3.327162337E1,1.266442108E1,1.810003471E1,-4.051355743E1,4.614484970E1
3.328161137E1,1.269738293E1,1.801186752E1,-4.055480194E1,4.615563742E1
3.329159937E1,1.275465298E1,1.813773346E1,-4.049434662E1,4.616763645E1
3.330158737E1,1.263341141E1,1.816942787E1,-4.051094818E1,4.616132706E1
3.331157537E1,1.268213940E1,1.815315628E1,-4.040276337E1,4.607338744E1
3.332156337E1,1.269064808E1,1.800026512E1,-4.052887726E1,4.612647813E1
3.333155137E1,1.271475983E1,1.801225853E1,-4.032617950E1,4.595984474E1
3.334153937E1,1.279321957E1,1.800434113E1,-4.028302765E1,4.594066916E1
3.335152737E1,1.269892406E1,1.806756210E1,-4.042168427E1,4.606095995E1
3.336151637E1,1.254813576E1,1.803152084E1,-4.044263458E1,4.602388670E1
3.337150437E1,1.272363758E1,1.800731277E1,-4.031731415E1,4.595258520E1
3.338149237E1,1.256313801E1,1.803604126E1,-4.048984528E1,4.607123605E1
3.339148037E1,1.280354404E1,1.806562424E1,-4.033951569E1,4.601710600E1
3.340146837E1,1.274382305E1,1.802262878E1,-4.050514984E1,4.612902923E1
3.341145637E1,1.272574520E1,1.809950066E1,-4.048342133E1,4.613506169E1
3.342144437E1,1.272204113E1,1.816160393E1,-4.054294586E1,4.621065512E1
3.343143237E1,1.264411640E1,1.818492126E1,-4.045461273E1,4.612093594E1
3.344142037E1,1.261364269E1,1.813706589E1,-4.053989410E1,4.616860573E1
3.345140837E1,1.253575134E1,1.803848648E1,-4.071681976E1,4.626436499E1
3.346139637E1,1.234998417E1,1.813918495E1,-4.073038483E1,4.626571504E1
3.347138438E1,1.241948128E1,1.815722275E1,-4.053110504E1,4.611614391E1
3.348137237E1,1.248724747E1,1.800315857E1,-4.056264496E1,4.610177040E1
3.349136137E1,1.249186325E1,1.797209167E1,-4.060160065E1,4.612518511E1
3.350134938E1,1.249918079E1,1.801030922E1,-4.063698578E1,4.617321054E1
3.351133737E1,1.233915043E1,1.811862183E1,-4.072896576E1,4.625351600E1
3.352132537E1,1.229909515E1,1.832640839E1,-4.050965118E1,4.613195015E1
3.353131337E1,1.254024696E1,1.803444481E1,-4.054726410E1,4.611485248E1
3.354130137E1,1.273867226E1,1.808391190E1,-4.046092987E1,4.611278008E1
3.355128937E1,1.274831676E1,1.799412537E1,-4.073470306E1,4.632088257E1
3.356127737E1,1.255300140E1,1.806935883E1,-4.070121002E1,4.626735426E1
3.357126537E1,1.268564796E1,1.794175720E1,-4.066263580E1,4.621993365E1
3.358125337E1,1.261511421E1,1.798435211E1,-4.062131500E1,4.618083217E1
3.359124137E1,1.272022438E1,1.798802567E1,-4.055959320E1,4.615683889E1
3.360122937E1,1.261494541E1,1.807493591E1,-4.055207062E1,4.615528775E1
3.361121837E1,1.262389755E1,1.802822685E1,-4.054438019E1,4.613270551E1
3.362120637E1,1.265807915E1,1.805330276E1,-4.037966156E1,4.600723613E1
3.363119437E1,1.263344479E1,1.791402435E1,-4.061302948E1,4.615121189E1
3.364118237E1,1.273472023E1,1.802853966E1,-4.048255157E1,4.610898311E1
3.365117038E1,1.274679852E1,1.786480713E1,-4.054152679E1,4.610040782E1
3.366115837E1,1.267576504E1,1.790897751E1,-4.035832214E1,4.593692046E1
3.367114637E1,1.273121929E1,1.787678909E1,-4.034327698E1,4.592650139E1
3.368113437E1,1.266006660E1,1.792558289E1,-4.051368713E1,4.607561886E1
3.369112237E1,1.258872890E1,1.794063759E1,-4.034320068E1,4.591205086E1
3.370111037E1,1.249189377E1,1.821900177E1,-4.025694275E1,4.591950430E1
3.371109837E1,1.238243103E1,1.821761131E1,-4.030723572E1,4.593342151E1
3.372108637E1,1.266262245E1,1.814191628E1,-4.019998169E1,4.588583290E1
3.373107537E1,1.267993927E1,1.813771820E1,-4.030183411E1,4.597820694E1
3.374106337E1,1.259537888E1,1.815711212E1,-4.042868042E1,4.607388078E1
3.375105138E1,1.260193157E1,1.801826859E1,-4.029887390E1,4.590714454E1
3.376103937E1,1.253991604E1,1.800209999E1,-4.024699402E1,4.583825505E1
3.377102737E1,1.257088566E1,1.795411873E1,-4.033767700E1,4.590757815E1
3.378101537E1,1.253224754E1,1.788451767E1,-4.050711060E1,4.601890057E1
3.379100337E1,1.271797943E1,1.788882256E1,-4.048300171E1,4.605030294E1
3.380099137E1,1.264062309E1,1.789789581E1,-4.050672913E1,4.605339435E1
3.381097937E1,1.268899345E1,1.789313316E1,-4.033078003E1,4.591020134E1
3.382096737E1,1.263234043E1,1.793560410E1,-4.040643311E1,4.597762233E1
3.383095537E1,1.260603237E1,1.793743134E1,-4.033795166E1,4.591093377E1
3.384094337E1,1.260603237E1,1.793743134E1,-4.033795166E1,4.591093377E1
3.385093238E1,1.254860401E1,1.808712959E1,-4.053338623E1,4.612555820E1
3.386092037E1,1.270498276E1,1.790049934E1,-4.056820679E1,4.612617332E1
3.387090837E1,1.268899345E1,1.793415260E1,-4.052250671E1,4.609466276E1
3.388089637E1,1.268263054E1,1.800380325E1,-4.057748413E1,4.616836869E1
3.389088437E1,1.262354374E1,1.801650810E1,-4.050074768E1,4.608968413E1
3.390087238E1,1.263154984E1,1.791983795E1,-4.054905701E1,4.609666656E1
3.391086037E1,1.267643356E1,1.788526344E1,-4.061866760E1,4.615680637E1
3.392084837E1,1.263890743E1,1.802620506E1,-4.059219360E1,4.617804924E1
3.393083637E1,1.261359978E1,1.816535950E1,-4.034754944E1,4.601095446E1
3.394082437E1,1.273734474E1,1.813757896E1,-4.058621216E1,4.624340320E1
3.395081237E1,1.259521198E1,1.820236206E1,-4.031507874E1,4.599207457E1
3.396080037E1,1.273350906E1,1.813250160E1,-4.031942749E1,4.600637022E1
3.397078837E1,1.260715389E1,1.805407524E1,-4.038809204E1,4.600095587E1
3.398077737E1,1.248663616E1,1.808977318E1,-4.059210205E1,4.616139865E1
3.399076537E1,1.250857544E1,1.818704224E1,-4.052146912E1,4.614349818E1
3.400075338E1,1.240744972E1,1.808787155E1,-4.042590332E1,4.599314694E1
3.401074137E1,1.249764156E1,1.806906700E1,-4.043836975E1,4.602112531E1
3.402072937E1,1.246400452E1,1.816819191E1,-4.066030884E1,4.624603032E1
3.403071737E1,1.261330223E1,1.800791740E1,-4.068257141E1,4.624340060E1
3.404070537E1,1.265090370E1,1.792858315E1,-4.058580017E1,4.613769211E1
3.405069338E1,1.254340744E1,1.793839073E1,-4.066111755E1,4.617845183E1
3.406068137E1,1.267796421E1,1.793917656E1,-4.031250000E1,4.590906761E1
3.407066937E1,1.253233910E1,1.807304573E1,-4.038684082E1,4.598686135E1
3.408065737E1,1.248528194E1,1.810577583E1,-4.065621948E1,4.622369053E1
3.409064537E1,1.263140392E1,1.808142471E1,-4.024270630E1,4.589080186E1
3.410063438E1,1.248292255E1,1.811861801E1,-4.044218445E1,4.603996044E1
3.411062237E1,1.245424271E1,1.825795746E1,-4.031166077E1,4.597272197E1
3.412061037E1,1.252733898E1,1.809803772E1,-4.049745178E1,4.609248086E1
3.413059837E1,1.247101021E1,1.819837189E1,-4.054374695E1,4.615736400E1
3.414058679E1,1.272141647E1,1.805091858E1,-4.074313354E1,4.634299332E1
3.415057479E1,1.268715954E1,1.817567062E1,-4.063279724E1,4.628545378E1
3.416056279E1,1.272907448E1,1.817247009E1,-4.047772217E1,4.615965769E1
3.417055079E1,1.271886635E1,1.803994370E1,-4.040153503E1,4.603795350E1
3.418053879E1,1.275231171E1,1.805336761E1,-4.067173767E1,4.628969412E1
3.419052679E1,1.277539921E1,1.807740402E1,-4.056787109E1,4.621423510E1
3.420051479E1,1.271396351E1,1.805941010E1,-4.055888367E1,4.618235816E1
3.421050279E1,1.268274593E1,1.808809662E1,-4.039686584E1,4.604278503E1
3.422049179E1,1.261476135E1,1.807704926E1,-4.064289856E1,4.623588560E1
3.423047979E1,1.257390785E1,1.808318329E1,-4.053594971E1,4.613315397E1
3.424046779E1,1.267722607E1,1.808237457E1,-4.064869690E1,4.626014365E1
3.425045579E1,1.269649029E1,1.793393898E1,-4.065475464E1,4.621294308E1
3.426044379E1,1.269344807E1,1.797605133E1,-4.064268494E1,4.621785244E1
3.427043179E1,1.268865299E1,1.804919815E1,-4.069656372E1,4.629239427E1
3.428041979E1,1.267654610E1,1.808241653E1,-4.069145203E1,4.629754720E1
3.429040779E1,1.265276432E1,1.807817268E1,-4.051724243E1,4.613631657E1
3.430039579E1,1.255398464E1,1.817251205E1,-4.058192444E1,4.620319595E1
3.431038379E1,1.263713837E1,1.794499779E1,-4.044757080E1,4.601875917E1
3.432037179E1,1.265119839E1,1.806493187E1,-4.067195129E1,4.626664248E1
3.433035979E1,1.263354206E1,1.816301346E1,-4.066046143E1,4.629011305E1
3.434034779E1,1.268780231E1,1.814352989E1,-4.058953857E1,4.623503700E1
3.435033679E1,1.261054611E1,1.800841141E1,-4.037861633E1,4.597566108E1
3.436032479E1,1.247184467E1,1.812644768E1,-4.059375000E1,4.617323417E1
3.437031279E1,1.239993763E1,1.826875496E1,-4.048553467E1,4.611490408E1
3.438030079E1,1.254218578E1,1.820103455E1,-4.052563477E1,4.616179325E1
3.439028879E1,1.251238346E1,1.831145477E1,-4.053558350E1,4.620608883E1
3.440027679E1,1.270784473E1,1.824643898E1,-4.061543274E1,4.630372803E1
3.441026479E1,1.252772236E1,1.811808586E1,-4.053997803E1,4.613782268E1
3.442025279E1,1.263344002E1,1.813311195E1,-4.056240845E1,4.619223457E1
3.443024079E1,1.256894112E1,1.817077065E1,-4.046865845E1,4.610713072E1
3.444022879E1,1.259040642E1,1.819326591E1,-4.050082397E1,4.615008127E1
3.445021679E1,1.241658688E1,1.813039589E1,-4.050027466E1,4.607770754E1
3.446020479E1,1.242061520E1,1.811690140E1,-4.074671936E1,4.629026827E1
3.447019279E1,1.243658447E1,1.809431076E1,-4.054566193E1,4.610882146E1
3.448018179E1,1.248088264E1,1.822343445E1,-4.046073151E1,4.609703666E1
3.449016979E1,1.255795002E1,1.812944412E1,-4.042224884E1,4.604711776E1
3.450015779E1,1.242321777E1,1.818715096E1,-4.049916840E1,4.610088329E1
3.451014579E1,1.252686691E1,1.802791405E1,-4.043344879E1,4.600860638E1
3.452013379E1,1.255971718E1,1.815060234E1,-4.037961578E1,4.601852053E1
3.453012179E1,1.255511570E1,1.811293983E1,-4.014713287E1,4.579849122E1
3.454010979E1,1.263824177E1,1.816973686E1,-4.047283173E1,4.612932474E1
3.455009779E1,1.248128414E1,1.815648270E1,-4.060567474E1,4.619806424E1
3.456008579E1,1.256148052E1,1.805368042E1,-4.049486542E1,4.608210385E1
3.457007379E1,1.262856960E1,1.817714691E1,-4.022763824E1,4.591461988E1
3.458006179E1,1.251121426E1,1.824098587E1,-4.039705658E1,4.605633754E1
3.459004979E1,1.244339561E1,1.828260231E1,-4.029383087E1,4.596394726E1
3.460003879E1,1.248071480E1,1.829486084E1,-4.045168304E1,4.611733770E1
3.461002679E1,1.237310505E1,1.830613327E1,-4.017086029E1,4.584655124E1
3.462001479E1,1.252982903E1,1.823153305E1,-4.040822601E1,4.606745209E1
3.463000279E1,1.256271076E1,1.832843399E1,-4.051360321E1,4.620719900E1
3.463999079E1,1.258034325E1,1.824568558E1,-4.051918793E1,4.618413871E1
3.464997879E1,1.265153503E1,1.820993042E1,-4.053417206E1,4.620261907E1
3.465996679E1,1.256538773E1,1.813650513E1,-4.053545380E1,4.615132502E1
3.466995479E1,1.280513382E1,1.803303909E1,-4.037828827E1,4.603876752E1
3.467994279E1,1.280513382E1,1.803303909E1,-4.037828827E1,4.603876752E1
3.468993079E1,1.272744370E1,1.817016029E1,-4.045548248E1,4.613879724E1
3.469991879E1,1.281618404E1,1.796167564E1,-4.061905670E1,4.622536244E1
3.470990679E1,1.281179237E1,1.801040840E1,-4.045417023E1,4.609833753E1
3.471989479E1,1.268839264E1,1.810292816E1,-4.041588593E1,4.606685523E1
3.472988379E1,1.278114128E1,1.822859573E1,-4.036228180E1,4.609504384E1
3.473987179E1,1.276284885E1,1.807311249E1,-4.060334015E1,4.624023072E1
3.474985979E1,1.260754776E1,1.814039993E1,-4.039881134E1,4.604441690E1
3.475984779E1,1.260057068E1,1.825130081E1,-4.046691132E1,4.614602122E1
3.476983579E1,1.251310253E1,1.820736885E1,-4.054199982E1,4.617076742E1
3.477982379E1,1.260610104E1,1.833701324E1,-4.046933746E1,4.618362386E1
3.478981179E1,1.253011131E1,1.823373795E1,-4.076372528E1,4.638053673E1
3.479979979E1,1.262530708E1,1.814570618E1,-4.063138580E1,4.625553528E1
3.480978779E1,1.279160118E1,1.802210045E1,-4.062346649E1,4.624594247E1
3.481977579E1,1.271311283E1,1.808015442E1,-4.053220367E1,4.616681445E1
3.482976379E1,1.272521400E1,1.818157196E1,-4.030651093E1,4.601212290E1
3.483975179E1,1.272958565E1,1.811800003E1,-4.033608246E1,4.601416982E1
3.484973979E1,1.263486767E1,1.814598274E1,-4.020999908E1,4.588856717E1
3.485972879E1,1.267463970E1,1.800892639E1,-4.066597748E1,4.624596897E1
3.486971679E1,1.269971371E1,1.807658195E1,-4.066079712E1,4.627467953E1
3.487970479E1,1.270761108E1,1.810167503E1,-4.066601562E1,4.629123940E1
3.488969279E1,1.263922119E1,1.799105453E1,-4.068069458E1,4.624226278E1
3.489968079E1,1.250272655E1,1.794987869E1,-4.066783142E1,4.617779584E1
3.490966879E1,1.271979332E1,1.794614983E1,-4.033700562E1,4.594487412E1
3.491965679E1,1.274593163E1,1.779274368E1,-4.047648621E1,4.601506749E1
3.492964479E1,1.271744633E1,1.791546631E1,-4.052563477E1,4.609798745E1
3.493963279E1,1.261701202E1,1.799870682E1,-4.061268616E1,4.617935379E1
3.494962079E1,1.261567307E1,1.812253189E1,-4.051675415E1,4.614313314E1
3.495960879E1,1.281068897E1,1.809222221E1,-4.042860413E1,4.610763807E1
3.496959679E1,1.273560429E1,1.799246979E1,-4.060409546E1,4.620191721E1
3.497958479E1,1.277303886E1,1.786112976E1,-4.069375610E1,4.624015856E1
3.498957379E1,1.271024990E1,1.810986900E1,-4.063851929E1,4.627101747E1
3.499956179E1,1.276175117E1,1.796622849E1,-4.064410400E1,4.623408753E1
3.500954979E1,1.282796478E1,1.796211243E1,-4.038565063E1,4.602385186E1
3.501953779E1,1.272723579E1,1.820959473E1,-4.043023682E1,4.613215712E1
3.502952579E1,1.265272045E1,1.824724007E1,-4.032762146E1,4.603661757E1
3.503951379E1,1.277842045E1,1.814923096E1,-4.058662415E1,4.625966573E1
3.504950179E1,1.272931290E1,1.829652786E1,-4.038183594E1,4.612473320E1
3.505948979E1,1.275964451E1,1.830203247E1,-4.067050171E1,4.638817338E1
3.506947779E1,1.263685894E1,1.821872902E1,-4.057611084E1,4.623886960E1
3.507946579E1,1.268844414E1,1.816405106E1,-4.061271667E1,4.626361552E1
3.508945379E1,1.264184380E1,1.823742104E1,-4.073602295E1,4.638796510E1
3.509944179E1,1.267434025E1,1.828213310E1,-4.073986816E1,4.641779992E1
3.510942979E1,1.270166683E1,1.820911407E1,-4.061259460E1,4.628484651E1
3.511941879E1,1.278380394E1,1.808764267E1,-4.065289307E1,4.629520683E1
3.512940679E1,1.269122028E1,1.812452698E1,-4.061804199E1,4.625354998E1
3.513939479E1,1.273777771E1,1.806432152E1,-4.075416565E1,4.636240622E1
3.514938279E1,1.279557610E1,1.802646637E1,-4.069944763E1,4.631549735E1
3.515937079E1,1.295046329E1,1.807344055E1,-4.061872864E1,4.630599172E1
3.516935879E1,1.291212940E1,1.808670998E1,-4.060437012E1,4.628787137E1
3.517934679E1,1.270472050E1,1.826769638E1,-4.042895508E1,4.614779586E1
3.518933479E1,1.292583847E1,1.827411270E1,-4.040574646E1,4.619139359E1
3.519932279E1,1.267170429E1,1.814533997E1,-4.053862000E1,4.618663403E1
3.520931079E1,1.272007370E1,1.816754913E1,-4.057423401E1,4.623990249E1
3.521929879E1,1.280043888E1,1.814303398E1,-4.051806641E1,4.620318845E1
3.522928679E1,1.265829468E1,1.822058868E1,-4.052192688E1,4.619793106E1
3.523927479E1,1.278020287E1,1.829486275E1,-4.042509460E1,4.617600959E1
3.524926379E1,1.259119797E1,1.833683968E1,-4.038157654E1,4.610259948E1
3.525925179E1,1.266392136E1,1.833011055E1,-4.053703308E1,4.625601483E1
3.526923979E1,1.267096329E1,1.823758125E1,-4.039843750E1,4.609985285E1
3.527922779E1,1.267423630E1,1.813873863E1,-4.037572479E1,4.604182074E1
3.528921579E1,1.278358078E1,1.801258850E1,-4.026184845E1,4.592264934E1
3.529920379E1,1.281292152E1,1.809755898E1,-4.039083099E1,4.607723763E1
3.530919179E1,1.257268238E1,1.809722519E1,-4.028163910E1,4.591505581E1
3.531917979E1,1.267695522E1,1.809047127E1,-4.055538177E1,4.618126606E1
3.532916779E1,1.266169167E1,1.799896049E1,-4.051238251E1,4.610351561E1
3.533915579E1,1.279745388E1,1.805398941E1,-4.061513519E1,4.625268172E1
3.534914379E1,1.259880161E1,1.806072235E1,-4.049817657E1,4.609795874E1
3.535913179E1,1.259457207E1,1.806429672E1,-4.056232452E1,4.615456892E1
3.536911979E1,1.262946796E1,1.810019112E1,-4.049141693E1,4.611588907E1
3.537910779E1,1.265419102E1,1.801203156E1,-4.063236237E1,4.621201903E1
3.538909679E1,1.267994785E1,1.821112251E1,-4.036896515E1,4.606603313E1
3.539908479E1,1.248248386E1,1.822295380E1,-4.046701813E1,4.610279823E1
3.540907279E1,1.247972870E1,1.829875946E1,-4.052515411E1,4.618307420E1
3.541906079E1,1.262150669E1,1.831636047E1,-4.056345367E1,4.626213642E1
3.542904879E1,1.254031944E1,1.815092850E1,-4.035945892E1,4.599567090E1
3.543903679E1,1.265085793E1,1.818801880E1,-4.023424530E1,4.593084725E1
3.544902479E1,1.265289879E1,1.832676125E1,-4.039545441E1,4.612763556E1
3.545901279E1,1.267133904E1,1.833875084E1,-4.025122833E1,4.601123773E1
3.546900079E1,1.270120239E1,1.818482018E1,-4.034374237E1,4.603939373E1
3.547898879E1,1.265499115E1,1.824345779E1,-4.028243256E1,4.599616208E1
3.548897679E1,1.256293774E1,1.833594513E1,-4.021382904E1,4.594764776E1
3.549896479E1,1.253953362E1,1.821917152E1,-4.034935760E1,4.601357162E1
3.550895279E1,1.257620907E1,1.831891441E1,-4.029016876E1,4.601131772E1
3.551894179E1,1.263455677E1,1.817219925E1,-4.042668915E1,4.608880608E1
3.552892979E1,1.263455677E1,1.817219925E1,-4.042668915E1,4.608880608E1
3.553891779E1,1.253496265E1,1.829341888E1,-4.030176544E1,4.600007349E1
3.554890579E1,1.246225452E1,1.835947800E1,-4.018782806E1,4.590685945E1
3.555889379E1,1.252016735E1,1.831566429E1,-4.026705170E1,4.597448859E1
3.556888179E1,1.242062378E1,1.826826286E1,-4.054199982E1,4.616985025E1
3.557886979E1,1.267539883E1,1.818857765E1,-4.033829498E1,4.602899233E1
3.558885779E1,1.240282345E1,1.830870056E1,-4.046218109E1,4.611102519E1
3.559884579E1,1.251607895E1,1.821361160E1,-4.038835907E1,4.603919448E1
3.560883379E1,1.265141392E1,1.837098503E1,-4.047827911E1,4.621733923E1
3.561882179E1,1.248583508E1,1.829903793E1,-4.042595673E1,4.609781821E1
3.562880979E1,1.252182484E1,1.850557137E1,-4.032534027E1,4.610190166E1
3.563879779E1,1.246533775E1,1.842201996E1,-4.033362579E1,4.606036077E1
3.564878679E1,1.247591782E1,1.836033821E1,-4.045273590E1,4.614297765E1
3.565877479E1,1.260351372E1,1.835784912E1,-4.051604462E1,4.623212145E1
3.566876279E1,1.246259689E1,1.829583549E1,-4.026540375E1,4.594950116E1
3.567875079E1,1.253244019E1,1.837045860E1,-4.008391571E1,4.583946013E1
3.568873879E1,1.248033524E1,1.835915756E1,-4.016670990E1,4.589315873E1
3.569872679E1,1.243160057E1,1.842347717E1,-4.026711273E1,4.599358185E1
3.570871479E1,1.234602356E1,1.857920456E1,-4.024755096E1,4.601604610E1
3.571870279E1,1.236346436E1,1.836590958E1,-4.021811676E1,4.590924527E1
3.572869079E1,1.237029457E1,1.833601952E1,-4.039987946E1,4.605848521E1
3.573867879E1,1.241433144E1,1.831193542E1,-4.031578827E1,4.598701325E1
3.574866679E1,1.238967323E1,1.853753662E1,-4.034061432E1,4.609240101E1
3.575865479E1,1.240551376E1,1.845380020E1,-4.055062103E1,4.624707969E1
3.576864379E1,1.240896320E1,1.847623062E1,-4.033269501E1,4.606603686E1
3.577863179E1,1.259621525E1,1.855195236E1,-4.035373688E1,4.616561117E1
3.578861979E1,1.242851448E1,1.866112709E1,-4.025095367E1,4.607434110E1
3.579860779E1,1.248903942E1,1.845658875E1,-4.042797089E1,4.616321700E1
3.580859579E1,1.264572811E1,1.827900696E1,-4.039453888E1,4.610591400E1
3.581858379E1,1.269458103E1,1.822172165E1,-4.055184174E1,4.623456927E1
3.582857179E1,1.266425323E1,1.828226471E1,-4.057878876E1,4.627377886E1
3.583855979E1,1.265555573E1,1.842142868E1,-4.052704620E1,4.628124457E1
3.584854779E1,1.240310478E1,1.840653229E1,-4.040045929E1,4.609592769E1
3.585853579E1,1.246216965E1,1.848410797E1,-4.042995453E1,4.616870307E1
3.586852379E1,1.247775745E1,1.846069908E1,-4.040174103E1,4.613883960E1
3.587851179E1,1.252026939E1,1.839769936E1,-4.042481232E1,4.614539997E1
3.588849979E1,1.260028744E1,1.840275764E1,-4.024448395E1,4.601138143E1
3.589848879E1,1.245283794E1,1.853522301E1,-4.029615021E1,4.606959286E1
3.590847679E1,1.253843594E1,1.865413857E1,-4.027629852E1,4.612341579E1
3.591846479E1,1.247539425E1,1.845374680E1,-4.033042145E1,4.607297610E1
3.592845279E1,1.242751980E1,1.835358429E1,-4.028395844E1,4.597928459E1
3.593844079E1,1.251967049E1,1.839031219E1,-4.035678864E1,4.608270956E1
3.594842879E1,1.251170826E1,1.836538696E1,-4.012879181E1,4.587101715E1
3.595841679E1,1.259906292E1,1.840315628E1,-4.025887299E1,4.602379169E1
3.596840479E1,1.246114540E1,1.845214462E1,-4.028186798E1,4.602597825E1
3.597839279E1,1.242227459E1,1.846700478E1,-4.020978546E1,4.595835091E1
3.598838079E1,1.242953968E1,1.841574860E1,-4.004845428E1,4.579860198E1
3.599836879E1,1.228957939E1,1.848536682E1,-4.039211273E1,4.608975286E1
3.600835679E1,1.263096428E1,1.841277695E1,-4.022035980E1,4.600270597E1
3.601834479E1,1.244044590E1,1.830474472E1,-4.035752106E1,4.602779464E1
3.602833379E1,1.240142918E1,1.836734009E1,-4.044705963E1,4.612070316E1
3.603832179E1,1.243034267E1,1.848838806E1,-4.044300079E1,4.617326310E1
3.604830979E1,1.248332691E1,1.841599464E1,-4.048252106E1,4.619325514E1
3.605829779E1,1.245325851E1,1.845161819E1,-4.025797272E1,4.600271980E1
3.606828579E1,1.239753246E1,1.847354698E1,-4.021288300E1,4.595700935E1
3.607827379E1,1.243264961E1,1.835778046E1,-4.050638580E1,4.617733395E1
3.608826179E1,1.258996391E1,1.840325546E1,-4.026714325E1,4.602857622E1
3.609824979E1,1.263567448E1,1.830608749E1,-4.030635834E1,4.603667702E1
3.610823779E1,1.261730099E1,1.822234535E1,-4.045279694E1,4.612677026E1
3.611822579E1,1.250170040E1,1.834631538E1,-4.025211334E1,4.596860265E1
3.612821379E1,1.240066147E1,1.834616470E1,-4.017671967E1,4.587512362E1
3.613820154E1,1.251188087E1,1.837415314E1,-4.006501007E1,4.581879198E1
3.614818954E1,1.247449112E1,1.823778915E1,-4.005271149E1,4.574330092E1
3.615817854E1,1.259135914E1,1.835479355E1,-4.005158234E1,4.582106523E1
3.616816654E1,1.259544277E1,1.831851578E1,-3.997129059E1,4.573748211E1
3.617815454E1,1.252265930E1,1.825163460E1,-4.002503204E1,4.573775630E1
3.618814254E1,1.252387524E1,1.834254456E1,-3.981650543E1,4.559221969E1
3.619813054E1,1.257764435E1,1.815050316E1,-4.004550934E1,4.573052285E1
3.620811854E1,1.252598858E1,1.822248268E1,-4.009323883E1,4.578675644E1
3.621810654E1,1.253834724E1,1.820104027E1,-4.013556671E1,4.581868324E1
3.622809454E1,1.253340530E1,1.829994965E1,-4.008660126E1,4.581386260E1
3.623808254E1,1.261105251E1,1.840555954E1,-4.016741180E1,4.594806023E1
3.624807054E1,1.255884647E1,1.825865936E1,-4.028998566E1,4.598245547E1
3.625805854E1,1.270045757E1,1.809259224E1,-4.025095367E1,4.592148504E1
3.626804654E1,1.251522636E1,1.837095261E1,-4.035399628E1,4.607133389E1
3.627803554E1,1.241278553E1,1.845601654E1,-4.016696930E1,4.591391090E1
3.628802354E1,1.248682976E1,1.839906502E1,-4.015943146E1,4.590453622E1
3.629801154E1,1.250641823E1,1.839096832E1,-4.035103607E1,4.607433477E1
3.630799954E1,1.243697929E1,1.845361328E1,-4.026441193E1,4.600475155E1
3.631798754E1,1.256024837E1,1.846011162E1,-4.028231049E1,4.605648812E1
3.632797554E1,1.246169853E1,1.844083786E1,-4.043843842E1,4.615870159E1
3.633796354E1,1.250703812E1,1.840512657E1,-4.040918732E1,4.613108612E1
3.634795154E1,1.238735676E1,1.833636665E1,-4.036467743E1,4.603233791E1
3.635793954E1,1.242864704E1,1.835055923E1,-4.031415558E1,4.600484139E1
3.636792754E1,1.253496361E1,1.836560249E1,-4.010774994E1,4.585904788E1
3.637791554E1,1.253496361E1,1.836560249E1,-4.010774994E1,4.585904788E1
3.638790354E1,1.236769772E1,1.835047531E1,-4.027277374E1,4.595210763E1
3.639789154E1,1.244827843E1,1.832667351E1,-4.053833771E1,4.619722310E1
3.640787954E1,1.245358372E1,1.844870758E1,-4.054650116E1,4.625435455E1
3.641786854E1,1.235657692E1,1.841973495E1,-4.054686737E1,4.621709730E1
3.642785654E1,1.232334614E1,1.844849396E1,-4.043453217E1,4.612117931E1
3.643784454E1,1.239647865E1,1.836002922E1,-4.030379486E1,4.599086035E1
3.644783254E1,1.238787365E1,1.853964615E1,-4.036237335E1,4.611181059E1
3.645782054E1,1.233399963E1,1.848148727E1,-4.055455780E1,4.624245968E1
3.646780854E1,1.239182568E1,1.859208298E1,-4.050322723E1,4.625726223E1
3.647779654E1,1.233445835E1,1.854269409E1,-4.029676056E1,4.604127799E1
3.648778454E1,1.240578461E1,1.856034088E1,-4.029014587E1,4.606175854E1
3.649777254E1,1.243306637E1,1.839669228E1,-4.027374268E1,4.598906147E1
3.650776054E1,1.260027027E1,1.853178024E1,-4.035620117E1,4.616076974E1
3.651774854E1,1.257160950E1,1.844113541E1,-4.030038452E1,4.606779605E1
3.652773654E1,1.268479443E1,1.837862587E1,-4.014840698E1,4.594096736E1
3.653772554E1,1.255022240E1,1.853601456E1,-4.019514465E1,4.600805985E1
3.654771354E1,1.262285042E1,1.833646584E1,-4.023770142E1,4.598516008E1
3.655770154E1,1.257197762E1,1.840921402E1,-4.019226074E1,4.596054401E1
3.656768954E1,1.248325920E1,1.848570824E1,-4.038478088E1,4.613549280E1
3.657767754E1,1.268889332E1,1.842419052E1,-4.047598267E1,4.624677267E1
3.658766554E1,1.258271790E1,1.830229378E1,-4.030865479E1,4.602267265E1
3.659765354E1,1.244195366E1,1.831161308E1,-4.041983032E1,4.608557332E1
3.660764154E1,1.258860874E1,1.842756271E1,-4.049978638E1,4.624154879E1
3.661762954E1,1.247805882E1,1.835854340E1,-4.038343811E1,4.608210218E1
3.662761754E1,1.245047092E1,1.849411392E1,-4.046971130E1,4.620437218E1
3.663760554E1,1.238606358E1,1.841869164E1,-4.051318359E1,4.619503022E1
3.664759354E1,1.242833805E1,1.849374390E1,-4.034098816E1,4.608554519E1
3.665758154E1,1.245696163E1,1.852487564E1,-4.023156738E1,4.601006330E1
3.666757054E1,1.224091530E1,1.844141769E1,-4.037110901E1,4.604076820E1
3.667755854E1,1.237995338E1,1.835841370E1,-4.032980347E1,4.600856058E1
3.668754654E1,1.245347404E1,1.824308395E1,-4.033155823E1,4.598405938E1
3.669753454E1,1.235270691E1,1.834923172E1,-4.052293396E1,4.616699957E1
3.670752254E1,1.230364799E1,1.840421104E1,-4.048750305E1,4.614469245E1
3.671751054E1,1.240500164E1,1.829841995E1,-4.044610596E1,4.609342389E1
3.672749854E1,1.242365265E1,1.836511230E1,-4.026409912E1,4.596544543E1
3.673748654E1,1.240471649E1,1.847430420E1,-4.021525574E1,4.596132832E1
3.674747454E1,1.228528690E1,1.837723732E1,-4.039666748E1,4.604934168E1
3.675746254E1,1.252084541E1,1.826680374E1,-4.036741638E1,4.604319705E1
3.676745054E1,1.247944832E1,1.828668785E1,-4.043724060E1,4.610108470E1
3.677743854E1,1.246036339E1,1.822704887E1,-4.048928833E1,4.611798387E1
3.678742654E1,1.245856667E1,1.824376106E1,-4.042817688E1,4.607046979E1
3.679741554E1,1.252612686E1,1.818500900E1,-4.054397583E1,4.616722195E1
3.680740354E1,1.269964218E1,1.821870804E1,-4.023455811E1,4.595673944E1
3.681739154E1,1.254836845E1,1.832341003E1,-4.040913391E1,4.610972793E1
3.682737954E1,1.264038849E1,1.821305847E1,-4.035496521E1,4.604365469E1
3.683736754E1,1.265969086E1,1.822099304E1,-4.050950623E1,4.618757901E1
3.684735554E1,1.263407421E1,1.801473427E1,-4.037088013E1,4.597780382E1
3.685734354E1,1.260700321E1,1.831382370E1,-4.025411987E1,4.598615917E1
3.686733154E1,1.255634403E1,1.820372581E1,-4.031791687E1,4.598447379E1
3.687731954E1,1.262072849E1,1.809366608E1,-4.032766724E1,4.596720880E1
3.688730754E1,1.250826836E1,1.817976379E1,-4.041857910E1,4.605021309E1
3.689729554E1,1.253139400E1,1.806499481E1,-4.042095947E1,4.601340933E1
3.690728354E1,1.254335880E1,1.820936394E1,-4.025614929E1,4.592901415E1
3.691727154E1,1.253529167E1,1.803286362E1,-4.045602417E1,4.603267969E1
3.692726054E1,1.243531895E1,1.818142128E1,-4.022503662E1,4.586125607E1
3.693724854E1,1.250910473E1,1.811053658E1,-4.040217590E1,4.600874975E1
3.694723654E1,1.255673981E1,1.829750443E1,-4.021530151E1,4.593191547E1
3.695722454E1,1.264703655E1,1.827449036E1,-4.042439270E1,4.613064119E1
3.696721254E1,1.250934601E1,1.832567406E1,-4.028909302E1,4.599483757E1
3.697720054E1,1.255177689E1,1.810021019E1,-4.050541687E1,4.610697895E1
3.698718854E1,1.259659004E1,1.814479828E1,-4.048034668E1,4.611470755E1
3.699717654E1,1.241866302E1,1.824084091E1,-4.051383972E1,4.613374771E1
3.700716454E1,1.254921818E1,1.813928032E1,-4.045878601E1,4.608068720E1
3.701715254E1,1.251768112E1,1.816813278E1,-4.057257080E1,4.618340493E1
3.702714054E1,1.254251194E1,1.815365982E1,-4.043110657E1,4.606022524E1
3.703712854E1,1.253919792E1,1.804313278E1,-4.047911072E1,4.605805608E1
3.704711654E1,1.260422039E1,1.815549278E1,-4.048394775E1,4.612416195E1
3.705710554E1,1.259972668E1,1.818312836E1,-4.048915100E1,4.613838552E1
3.706709354E1,1.253193665E1,1.817412758E1,-4.052226257E1,4.614544521E1
3.707708154E1,1.252380943E1,1.800465012E1,-4.060217285E1,4.614704399E1
3.708706954E1,1.258134937E1,1.805585861E1,-4.058326721E1,4.616606936E1
3.709705754E1,1.250088978E1,1.808043289E1,-4.067190552E1,4.623178774E1
3.710704554E1,1.263852024E1,1.799875641E1,-4.042897034E1,4.602378807E1
3.711703354E1,1.263311100E1,1.811063957E1,-4.047885132E1,4.610995731E1
3.712702154E1,1.245319271E1,1.822234344E1,-4.041070557E1,4.604520533E1
3.713700954E1,1.253911304E1,1.808424950E1,-4.046197510E1,4.605910186E1
3.714699775E1,1.258956909E1,1.801771164E1,-4.053759766E1,4.611325196E1
3.715698575E1,1.266046333E1,1.807106018E1,-4.064778137E1,4.625032625E1
3.716697375E1,1.262056923E1,1.799477768E1,-4.065692139E1,4.621770276E1
3.717696175E1,1.246477509E1,1.808886528E1,-4.061547852E1,4.617569447E1
3.718694975E1,1.261501217E1,1.808679199E1,-4.041833496E1,4.604250620E1
3.719693875E1,1.246287632E1,1.820767593E1,-4.068096924E1,4.627941235E1
3.720692675E1,1.235273838E1,1.824600983E1,-4.059426880E1,4.618876140E1
3.721691475E1,1.235273838E1,1.824600983E1,-4.059426880E1,4.618876140E1
3.722690275E1,1.241802120E1,1.814779282E1,-4.059379578E1,4.616715164E1
3.723689075E1,1.247688103E1,1.809632492E1,-4.057435608E1,4.614572469E1
3.724687875E1,1.260464859E1,1.800881386E1,-4.076518250E1,4.631408691E1
3.725686675E1,1.251730156E1,1.808769608E1,-4.063012695E1,4.620232466E1
3.726685475E1,1.252741623E1,1.822353172E1,-4.052331543E1,4.616462238E1
3.727684275E1,1.248332405E1,1.828444862E1,-4.056994629E1,4.621769123E1
3.728683075E1,1.251167679E1,1.821624947E1,-4.065710449E1,4.627498186E1
3.729681875E1,1.275097656E1,1.813031769E1,-4.054641724E1,4.620939053E1
3.730680675E1,1.265347481E1,1.820741653E1,-4.082057190E1,4.645362776E1
3.731679475E1,1.254862499E1,1.821285439E1,-4.050723267E1,4.615205253E1
3.732678375E1,1.261134052E1,1.816129494E1,-4.047650146E1,4.612185723E1
3.733677175E1,1.269996929E1,1.808888626E1,-4.041883850E1,4.606711986E1
3.734675975E1,1.270031643E1,1.817194748E1,-4.037896729E1,4.606494016E1
3.735674775E1,1.267545033E1,1.804918289E1,-4.049736023E1,4.611373146E1
3.736673575E1,1.273131466E1,1.814554977E1,-4.062161255E1,4.627594143E1
3.737672375E1,1.274200726E1,1.802885437E1,-4.045780945E1,4.608939883E1
3.738671175E1,1.282562160E1,1.807170296E1,-4.043017578E1,4.610512044E1
3.739669975E1,1.271709538E1,1.804205704E1,-4.010371399E1,4.577715820E1
3.740668775E1,1.267207146E1,1.802986526E1,-4.033247375E1,4.596048167E1
3.741667575E1,1.267986679E1,1.799362564E1,-4.046400452E1,4.606392566E1
3.742666375E1,1.272350121E1,1.795709229E1,-4.053942871E1,4.612797336E1
3.743665175E1,1.283450222E1,1.796898270E1,-4.045974731E1,4.609338281E1
3.744663975E1,1.261389065E1,1.807590675E1,-4.028620911E1,4.592196954E1
3.745662875E1,1.271383858E1,1.814758873E1,-4.027035522E1,4.596387906E1
3.746661675E1,1.275356007E1,1.811726379E1,-4.044506836E1,4.611607200E1
3.747660475E1,1.284809971E1,1.795874596E1,-4.036384583E1,4.600902381E1
3.748659275E1,1.256152153E1,1.800764847E1,-4.039572144E1,4.597696746E1
3.749658075E1,1.257115078E1,1.792217827E1,-4.057847595E1,4.610695193E1
3.750656875E1,1.258359528E1,1.815283966E1,-4.047647095E1,4.611092233E1
3.751655675E1,1.261783314E1,1.816150475E1,-4.034840393E1,4.601134281E1
3.752654475E1,1.263275146E1,1.811973953E1,-4.049093628E1,4.612404244E1
3.753653275E1,1.259620476E1,1.806123161E1,-4.057957458E1,4.616897589E1
3.754652075E1,1.262250233E1,1.817279816E1,-4.044813538E1,4.610455306E1
3.755650875E1,1.262177849E1,1.822150421E1,-4.064506531E1,4.629636964E1
3.756649675E1,1.260494709E1,1.820312119E1,-4.040594482E1,4.607470769E1
3.757648475E1,1.261321259E1,1.824560165E1,-4.049708557E1,4.617368354E1
3.758647275E1,1.261558723E1,1.819532967E1,-4.052020264E1,4.617477542E1
3.759646175E1,1.279595089E1,1.803561020E1,-4.042459106E1,4.607783803E1
3.760644975E1,1.269571590E1,1.831477165E1,-4.025172424E1,4.600884010E1
3.761643775E1,1.261541271E1,1.803455353E1,-4.039520264E1,4.600180600E1
3.762642575E1,1.273193359E1,1.818984222E1,-4.033059692E1,4.603834860E1
3.763641375E1,1.261103916E1,1.817792130E1,-4.034954834E1,4.601696625E1
3.764640175E1,1.246336651E1,1.835965157E1,-4.025732422E1,4.596808092E1
3.765638975E1,1.255163097E1,1.831190872E1,-4.035737610E1,4.606069091E1
3.766637775E1,1.244697189E1,1.835398102E1,-4.018710327E1,4.589988015E1
3.767636575E1,1.258441830E1,1.823591232E1,-4.030198669E1,4.599093621E1
3.768635375E1,1.260974979E1,1.830859756E1,-4.018580627E1,4.592504285E1
3.769634175E1,1.255608082E1,1.833022308E1,-4.029202271E1,4.601194777E1
3.770632975E1,1.266135502E1,1.825640488E1,-4.031896210E1,4.603504029E1
3.771631775E1,1.258899879E1,1.834545517E1,-4.038608551E1,4.610937561E1
3.772630675E1,1.261852074E1,1.828389740E1,-4.028678131E1,4.600600741E1
3.773629475E1,1.261534119E1,1.824813652E1,-4.026416779E1,4.597112710E1
3.774628275E1,1.252515507E1,1.821608353E1,-4.048242950E1,4.612518084E1
3.775627075E1,1.262616730E1,1.820548630E1,-4.053173065E1,4.619178522E1
3.776625875E1,1.238985348E1,1.830364037E1,-4.040859222E1,4.605850676E1
3.777624675E1,1.254762936E1,1.814900589E1,-4.030010223E1,4.594483276E1
3.778623475E1,1.270719624E1,1.819687462E1,-4.028174591E1,4.599150069E1
3.779622275E1,1.247197056E1,1.822470093E1,-4.040383148E1,4.604518837E1
3.780621075E1,1.273252487E1,1.824948502E1,-4.032088470E1,4.605360612E1
3.781619875E1,1.253943634E1,1.827102470E1,-4.027730560E1,4.597095990E1
3.782618675E1,1.247730923E1,1.823985672E1,-4.020410919E1,4.587751099E1
3.783617475E1,1.263106346E1,1.830147934E1,-4.023845673E1,4.597413740E1
3.784616275E1,1.251330948E1,1.830339813E1,-4.024434662E1,4.594784796E1
3.785615075E1,1.266444016E1,1.830410767E1,-4.031577301E1,4.605203530E1
3.786613875E1,1.244007683E1,1.838730431E1,-4.039125824E1,4.609015311E1
3.787612775E1,1.238684273E1,1.828723907E1,-4.059279633E1,4.621289971E1
3.788611575E1,1.248526096E1,1.838879013E1,-4.021027374E1,4.594448235E1
3.789610375E1,1.236953068E1,1.832340050E1,-4.037125397E1,4.602814836E1
3.790609175E1,1.246452808E1,1.835084534E1,-4.026757050E1,4.597385364E1
3.791607975E1,1.236995029E1,1.833455276E1,-4.046459198E1,4.611458229E1
3.792606775E1,1.244736671E1,1.837694168E1,-4.057318878E1,4.624751422E1
3.793605575E1,1.252770329E1,1.840736771E1,-4.028615570E1,4.602986940E1
3.794604375E1,1.254477119E1,1.842774010E1,-4.024901581E1,4.601017456E1
3.795603175E1,1.254390907E1,1.840588760E1,-4.033036041E1,4.607238136E1
3.796601975E1,1.261137581E1,1.831310463E1,-4.033911896E1,4.606149280E1
3.797600775E1,1.254200459E1,1.829949188E1,-4.046712494E1,4.614933892E1
3.798599575E1,1.242860222E1,1.835256577E1,-4.052027130E1,4.618635307E1
3.799598375E1,1.251375008E1,1.835796738E1,-4.042525482E1,4.612819241E1
3.800597175E1,1.263965511E1,1.817012215E1,-4.045726776E1,4.611620903E1
3.801596075E1,1.245551014E1,1.830037689E1,-4.060710907E1,4.624911712E1
3.802594875E1,1.246307278E1,1.837322998E1,-4.044773102E1,4.614025041E1
3.803593675E1,1.246486473E1,1.843795586E1,-4.040076447E1,4.612540339E1
3.804592475E1,1.239959526E1,1.842817116E1,-4.049846649E1,4.618953608E1
3.805591275E1,1.238704491E1,1.841347694E1,-4.075595856E1,4.640628376E1
3.806590075E1,1.248677063E1,1.839571571E1,-4.046668243E1,4.617222308E1
3.807588875E1,1.248677063E1,1.839571571E1,-4.046668243E1,4.617222308E1
3.808587675E1,1.245569420E1,1.835736656E1,-4.061774445E1,4.628108025E1
3.809586475E1,1.250341606E1,1.840768051E1,-4.038990021E1,4.611422941E1
3.810585275E1,1.249045467E1,1.831073380E1,-4.063460541E1,4.628677551E1
3.811584075E1,1.258936787E1,1.827750587E1,-4.055655670E1,4.623195535E1
3.812582875E1,1.254924011E1,1.826525497E1,-4.045117950E1,4.612375624E1
3.813581675E1,1.258747578E1,1.840390396E1,-4.048891449E1,4.622229358E1
3.814580500E1,1.262120533E1,1.830782127E1,-4.043569183E1,4.614668263E1
3.815579400E1,1.262655926E1,1.825860023E1,-4.046787262E1,4.615685426E1
3.816578200E1,1.267289257E1,1.841292572E1,-4.048833466E1,4.624871115E1
3.817577000E1,1.261932850E1,1.818666840E1,-4.057346344E1,4.621913343E1
3.818575800E1,1.261388588E1,1.818788910E1,-4.063478851E1,4.627197277E1
3.819574600E1,1.266155720E1,1.816857529E1,-4.041101837E1,4.608104344E1
3.820573400E1,1.262967110E1,1.837171555E1,-4.048198700E1,4.621493044E1
3.821572200E1,1.268255520E1,1.828078079E1,-4.033773041E1,4.606698001E1
3.822571000E1,1.269714737E1,1.829932785E1,-4.061412811E1,4.632051763E1
3.823569800E1,1.269644356E1,1.820500755E1,-4.059470367E1,4.626609931E1
3.824568600E1,1.277274227E1,1.831824875E1,-4.066686249E1,4.639498774E1
3.825567400E1,1.269898605E1,1.819703293E1,-4.043761444E1,4.612588119E1
3.826566200E1,1.274648190E1,1.819418907E1,-4.056024933E1,4.624537969E1
3.827565000E1,1.283739376E1,1.811215401E1,-4.058365631E1,4.625885819E1
3.828563800E1,1.279472637E1,1.818521500E1,-4.045594025E1,4.616373218E1
3.829562600E1,1.285808849E1,1.831044388E1,-4.022097015E1,4.602531081E1
3.830561500E1,1.283047199E1,1.821481895E1,-4.062865448E1,4.633668316E1
3.831560300E1,1.278485298E1,1.817260551E1,-4.067694855E1,4.634986731E1
3.832559100E1,1.287027740E1,1.824361801E1,-4.045285797E1,4.620505770E1
3.833557900E1,1.278393459E1,1.810216331E1,-4.075121307E1,4.638726838E1
3.834556700E1,1.279016590E1,1.822485733E1,-4.076268768E1,4.644707177E1
3.835555500E1,1.278827095E1,1.822105789E1,-4.045763397E1,4.617755917E1
3.836554300E1,1.269643021E1,1.829140091E1,-4.056282806E1,4.627221313E1
3.837553100E1,1.271310425E1,1.826221085E1,-4.048813629E1,4.619978945E1
3.838551900E1,1.280008030E1,1.824440765E1,-4.038129425E1,4.612319798E1
3.839550700E1,1.264342117E1,1.835807419E1,-4.025412750E1,4.601379975E1
3.840549500E1,1.271273232E1,1.831546402E1,-4.034409332E1,4.609463799E1
3.841548300E1,1.263203144E1,1.843627167E1,-4.038437653E1,4.615584685E1
3.842547100E1,1.263255501E1,1.857804489E1,-4.042125702E1,4.624503451E1
3.843545900E1,1.261683178E1,1.852449608E1,-4.041912079E1,4.621738552E1
3.844544700E1,1.262486649E1,1.848645210E1,-4.032718658E1,4.612394327E1
3.845543600E1,1.259545326E1,1.847765541E1,-4.058988190E1,4.634228851E1
3.846542400E1,1.250543022E1,1.843709946E1,-4.041870880E1,4.615175449E1
3.847541200E1,1.268044472E1,1.833975601E1,-4.043224335E1,4.617257445E1
3.848540000E1,1.260943794E1,1.824997139E1,-4.042043304E1,4.610716635E1
3.849538800E1,1.255717945E1,1.835934067E1,-4.051387787E1,4.621820470E1
3.850537600E1,1.260130692E1,1.829860878E1,-4.047347260E1,4.617070503E1
3.851536400E1,1.244429684E1,1.835453033E1,-4.037145996E1,4.606087371E1
3.852535200E1,1.256941795E1,1.845361900E1,-4.030717468E1,4.607813639E1
3.853534000E1,1.242650890E1,1.846812057E1,-4.018249512E1,4.593606987E1
3.854532800E1,1.261016941E1,1.829687119E1,-4.023841858E1,4.596653345E1
3.855531600E1,1.289491940E1,1.825703049E1,-4.037692261E1,4.615077451E1
3.856530400E1,1.268984222E1,1.840224648E1,-4.043167114E1,4.619951085E1
3.857529200E1,1.266659260E1,1.818824196E1,-4.039654541E1,4.607749553E1
3.858528000E1,1.275637436E1,1.831283951E1,-4.047937012E1,4.622406930E1
3.859526900E1,1.266486454E1,1.820632744E1,-4.043721008E1,4.611981257E1
3.860525700E1,1.275332832E1,1.820473480E1,-4.033618164E1,4.605504643E1
3.861524500E1,1.262026787E1,1.821789169E1,-4.042276001E1,4.609948227E1
3.862523300E1,1.276121235E1,1.816540909E1,-4.034948730E1,4.605335768E1
3.863522100E1,1.274085236E1,1.806280518E1,-4.051608276E1,4.615351787E1
3.864520900E1,1.269114208E1,1.798472214E1,-4.050517273E1,4.609972164E1
3.865519700E1,1.292701435E1,1.798698235E1,-4.046031189E1,4.612673923E1
3.866518500E1,1.262948608E1,1.812374878E1,-4.040863037E1,4.605248741E1
3.867517300E1,1.267133427E1,1.810336685E1,-4.051641846E1,4.615056628E1
3.868516100E1,1.275712395E1,1.814306450E1,-4.018531799E1,4.589961637E1
3.869514900E1,1.281221390E1,1.820741463E1,-4.039981079E1,4.612816368E1
3.870513700E1,1.283733559E1,1.819220543E1,-4.029203796E1,4.603478953E1
3.871512500E1,1.269446754E1,1.825864601E1,-4.050320435E1,4.620646300E1
3.872511300E1,1.268497086E1,1.827100563E1,-4.040644836E1,4.612395475E1
3.873510100E1,1.263118076E1,1.840203285E1,-4.048063660E1,4.622622070E1
3.874508900E1,1.271282768E1,1.834492302E1,-4.037753296E1,4.613564084E1
3.875507800E1,1.271953869E1,1.826760483E1,-4.043542480E1,4.615750892E1
3.876506600E1,1.266652966E1,1.844238281E1,-4.042687988E1,4.620492478E1
3.877505400E1,1.250727558E1,1.835402679E1,-4.056044006E1,4.624339456E1
3.878504200E1,1.258860874E1,1.834492683E1,-4.056292725E1,4.626403006E1
3.879503000E1,1.267738342E1,1.813951874E1,-4.048089600E1,4.613524825E1
3.880501800E1,1.274640083E1,1.821340179E1,-4.027468872E1,4.600270960E1
3.881500600E1,1.254464626E1,1.828755760E1,-4.039309692E1,4.608042092E1
3.882499400E1,1.253807163E1,1.836644173E1,-4.053088379E1,4.623074694E1
3.883498200E1,1.269176388E1,1.825719070E1,-4.061076355E1,4.629946003E1
3.884497000E1,1.274834347E1,1.807911491E1,-4.026721191E1,4.594369394E1
3.885495800E1,1.299192524E1,1.812311745E1,-4.025215149E1,4.601601033E1
3.886494600E1,1.281483269E1,1.823164749E1,-4.022817993E1,4.598825250E1
3.887493400E1,1.274640846E1,1.813350868E1,-4.030818176E1,4.600048459E1
3.888492200E1,1.282911873E1,1.834513855E1,-4.010334778E1,4.592830172E1
3.889491100E1,1.280874443E1,1.829128838E1,-4.021510315E1,4.599880092E1
3.890489900E1,1.266163826E1,1.831052208E1,-4.028491211E1,4.602680139E1
3.891488700E1,1.266139030E1,1.831051254E1,-4.028493500E1,4.602674942E1
3.892487500E1,1.255692959E1,1.820092201E1,-4.052037811E1,4.616114259E1
3.893486300E1,1.266202259E1,1.814491844E1,-4.036347198E1,4.603015047E1
3.894485100E1,1.282869911E1,1.797068787E1,-4.037380219E1,4.601700823E1
3.895483900E1,1.283157825E1,1.797196770E1,-4.041228485E1,4.605207694E1
3.896482700E1,1.281203938E1,1.802795982E1,-4.050443268E1,4.614937437E1
3.897481500E1,1.274773979E1,1.809431648E1,-4.054825592E1,4.619599785E1
3.898480300E1,1.274485207E1,1.808608627E1,-4.041277313E1,4.607309413E1
3.899479100E1,1.268998528E1,1.808301353E1,-4.046073151E1,4.609882752E1
3.900477900E1,1.262388325E1,1.800283432E1,-4.053787994E1,4.611707040E1
3.901476700E1,1.263469601E1,1.796327972E1,-4.046648407E1,4.604184287E1
3.902475500E1,1.277100372E1,1.805788612E1,-4.046913910E1,4.611872729E1
3.903474300E1,1.266665649E1,1.815892029E1,-4.061107635E1,4.625419003E1
3.904473200E1,1.275215435E1,1.820017433E1,-4.053960419E1,4.623119395E1
3.905472000E1,1.272831631E1,1.818516159E1,-4.027083588E1,4.598315300E1
3.906470800E1,1.264128780E1,1.826378441E1,-4.058577728E1,4.626633005E1
3.907469600E1,1.272239304E1,1.818392181E1,-4.040674591E1,4.610010208E1
3.908468400E1,1.263879395E1,1.817605972E1,-4.045127106E1,4.611305227E1
3.909467200E1,1.266409016E1,1.820224762E1,-4.027172089E1,4.597295402E1
3.910466000E1,1.268853760E1,1.806810951E1,-4.032265472E1,4.597142647E1
3.911464800E1,1.269403267E1,1.805194855E1,-4.043526459E1,4.606540930E1
3.912463600E1,1.290208340E1,1.798568535E1,-4.039340973E1,4.606057081E1
3.913462400E1,1.273528099E1,1.808157539E1,-4.033637238E1,4.600167048E1
3.914461200E1,1.298865223E1,1.818774605E1,-4.052127838E1,4.627605423E1
3.915460000E1,1.288687229E1,1.809077072E1,-4.032741547E1,4.603963402E1
3.916458800E1,1.297041607E1,1.807122421E1,-4.048363495E1,4.619226706E1
3.917457600E1,1.280535698E1,1.807224464E1,-4.021715546E1,4.591299148E1
3.918456400E1,1.273434258E1,1.806271172E1,-4.026442719E1,4.593091695E1
3.919455200E1,1.278826237E1,1.810205650E1,-4.026651764E1,4.596320862E1
3.920454000E1,1.264907074E1,1.805511665E1,-4.048430634E1,4.609734577E1
3.921452900E1,1.254926491E1,1.806207085E1,-4.044631195E1,4.603940273E1
3.922451700E1,1.276164341E1,1.803116035E1,-4.044406891E1,4.608367386E1
3.923450500E1,1.274150658E1,1.797824097E1,-4.049390411E1,4.610118663E1
3.924449300E1,1.274896240E1,1.808901978E1,-4.062534332E1,4.626194115E1
3.925448100E1,1.270198441E1,1.819350052E1,-4.037053680E1,4.606651833E1
3.926446900E1,1.287502575E1,1.813925934E1,-4.039745331E1,4.611673504E1
3.927445700E1,1.278877544E1,1.817246246E1,-4.029319000E1,4.601447957E1
3.928444500E1,1.274045277E1,1.823643875E1,-4.032938385E1,4.605807244E1
3.929443300E1,1.267702103E1,1.813214684E1,-4.036287689E1,4.602872410E1
3.930442100E1,1.268508911E1,1.810531425E1,-4.059804535E1,4.622677986E1
3.931440900E1,1.269467735E1,1.808891106E1,-4.046736908E1,4.610825844E1
3.932439700E1,1.279683399E1,1.821329689E1,-4.029692841E1,4.603613345E1
3.933438500E1,1.258253860E1,1.821949768E1,-4.046535492E1,4.612716469E1
3.934437300E1,1.256980801E1,1.820718002E1,-4.055268097E1,4.619546960E1
3.935436100E1,1.277218056E1,1.830422211E1,-4.038530731E1,4.614267211E1
3.936435000E1,1.284793091E1,1.833428764E1,-4.037158966E1,4.616362945E1
3.937433800E1,1.280955029E1,1.824554825E1,-4.053282928E1,4.625899760E1
3.938432600E1,1.294025040E1,1.805224228E1,-4.067649078E1,4.634555463E1
3.939431400E1,1.276704407E1,1.810581779E1,-4.045589447E1,4.612480298E1
3.940430200E1,1.272431850E1,1.817791557E1,-4.052143097E1,4.619882319E1
3.941429000E1,1.255567837E1,1.829973602E1,-4.036100006E1,4.606013161E1
3.942427800E1,1.281540298E1,1.823673058E1,-4.030571747E1,4.605826480E1
3.943426600E1,1.262372589E1,1.813140488E1,-4.026993561E1,4.593227636E1
3.944425400E1,1.268379116E1,1.809970474E1,-4.030252838E1,4.596489600E1
3.945424200E1,1.271720600E1,1.810084534E1,-4.056671906E1,4.620634832E1
3.946423000E1,1.270870495E1,1.818356323E1,-4.057634735E1,4.624492532E1
3.947421800E1,1.271953678E1,1.815493774E1,-4.065702057E1,4.630746918E1
3.948420600E1,1.268340969E1,1.812320137E1,-4.065715790E1,4.628524384E1
3.949419400E1,1.262700748E1,1.802459335E1,-4.062223053E1,4.620057247E1
3.950418200E1,1.266865635E1,1.820542717E1,-4.043383026E1,4.611753530E1
3.951417000E1,1.265324211E1,1.811962509E1,-4.049138641E1,4.613000892E1
3.952415900E1,1.280500889E1,1.808223724E1,-4.041893768E1,4.609366637E1
3.953414700E1,1.267492199E1,1.823507309E1,-4.034938812E1,4.605697189E1
3.954413500E1,1.259354687E1,1.821413612E1,-4.043106842E1,4.609797687E1
3.955412300E1,1.265695000E1,1.812822723E1,-4.055605316E1,4.619117290E1
3.956411100E1,1.253751945E1,1.813357925E1,-4.060170746E1,4.620080886E1
3.957409900E1,1.260140133E1,1.807241058E1,-4.060471344E1,4.619686237E1
3.958408700E1,1.264139271E1,1.809092712E1,-4.017363739E1,4.583674939E1
3.959407500E1,1.260751724E1,1.807442856E1,-4.034334564E1,4.596977264E1
3.960406300E1,1.282455730E1,1.815653801E1,-4.036165619E1,4.607811230E1
3.961405100E1,1.287689781E1,1.796697998E1,-4.030930328E1,4.597245695E1
3.962403900E1,1.283605671E1,1.800284576E1,-4.028612518E1,4.595474611E1
3.963402700E1,1.289989567E1,1.794062805E1,-4.042755890E1,4.607234487E1
3.964401500E1,1.276863575E1,1.807141876E1,-4.029985809E1,4.597491487E1
3.965400300E1,1.271905231E1,1.809293747E1,-4.033673859E1,4.600196906E1
3.966399100E1,1.259681702E1,1.806108475E1,-4.040410614E1,4.601493642E1
3.967397900E1,1.266648293E1,1.800097466E1,-4.051172638E1,4.610504151E1
3.968396800E1,1.269240189E1,1.811074448E1,-4.046323395E1,4.611257348E1
3.969395600E1,1.271658897E1,1.799949837E1,-4.040413666E1,4.602377468E1
3.970394400E1,1.272953129E1,1.806498909E1,-4.024925995E1,4.591718332E1
3.971393200E1,1.280894947E1,1.806648064E1,-4.023627472E1,4.592847387E1
3.972392000E1,1.292753601E1,1.802756882E1,-4.007838440E1,4.580820146E1
3.973390800E1,1.280928707E1,1.809549141E1,-4.047276306E1,4.614725555E1
3.974389600E1,1.280853271E1,1.805936813E1,-4.046063232E1,4.612225120E1
3.975388400E1,1.286881447E1,1.817137909E1,-4.019944763E1,4.595433596E1
3.976387200E1,1.286881447E1,1.817137909E1,-4.019944763E1,4.595433596E1
3.977386000E1,1.272938156E1,1.813788414E1,-4.026278687E1,4.595771972E1
3.978384800E1,1.277554131E1,1.800537109E1,-4.057963562E1,4.619647899E1
3.979383600E1,1.286623669E1,1.806964493E1,-4.042707825E1,4.611291327E1
3.980382400E1,1.272671604E1,1.796215248E1,-4.041548157E1,4.602194448E1
3.981381200E1,1.276544952E1,1.800961876E1,-4.042205811E1,4.605698482E1
3.982380000E1,1.268331623E1,1.819275284E1,-4.056005859E1,4.622727679E1
3.983378800E1,1.275456047E1,1.815597343E1,-4.016329956E1,4.588473402E1
3.984377700E1,1.282069492E1,1.814361763E1,-4.003073120E1,4.578231667E1
3.985376500E1,1.277764606E1,1.820152664E1,-3.999742126E1,4.576415102E1
3.986375300E1,1.278770542E1,1.819386101E1,-3.990895081E1,4.568661010E1
3.987374100E1,1.283754063E1,1.816482544E1,-4.012934875E1,4.588167351E1
3.988372900E1,1.282914925E1,1.807989883E1,-4.009301758E1,4.581397026E1
3.989371700E1,1.280893517E1,1.827326202E1,-4.006015015E1,4.585625971E1
3.990370500E1,1.271423912E1,1.826274490E1,-4.030920410E1,4.604358439E1
3.991369300E1,1.267653561E1,1.833211327E1,-4.004187012E1,4.582698216E1
3.992368100E1,1.285805702E1,1.824338341E1,-4.029467773E1,4.606312758E1
3.993366900E1,1.275376320E1,1.822585869E1,-4.011851501E1,4.587303835E1
3.994365700E1,1.281334019E1,1.827161980E1,-4.027394104E1,4.604371948E1
3.995364500E1,1.275241089E1,1.829162979E1,-4.016471863E1,4.593922427E1
3.996363300E1,1.276618004E1,1.824951363E1,-4.033728027E1,4.607728595E1
3.997362100E1,1.282391453E1,1.824904251E1,-4.004396057E1,4.583665689E1
3.998360900E1,1.270851421E1,1.813119125E1,-4.050158691E1,4.615869336E1
3.999359700E1,1.278150082E1,1.827148628E1,-4.003628540E1,4.582704576E1
4.000358500E1,1.282733631E1,1.804224968E1,-4.015635681E1,4.585407640E1
4.001357400E1,1.276633835E1,1.798207092E1,-4.033624268E1,4.597115120E1
4.002356200E1,1.282458210E1,1.799776840E1,-4.026710510E1,4.593287849E1
4.003355000E1,1.278585815E1,1.812837029E1,-4.006620789E1,4.579756535E1
4.004353800E1,1.281140614E1,1.806431580E1,-4.011999512E1,4.582647314E1
4.005352600E1,1.275601864E1,1.792824745E1,-4.008532715E1,4.572714206E1
4.006351400E1,1.282295513E1,1.795608711E1,-4.023568726E1,4.588855818E1
4.007350200E1,1.289702225E1,1.794201469E1,-3.996160889E1,4.566376308E1
4.008349000E1,1.284706116E1,1.795528984E1,-3.993150330E1,4.562854774E1
4.009347800E1,1.285049248E1,1.785961151E1,-4.019631958E1,4.582406560E1
4.010346600E1,1.280819893E1,1.800923157E1,-4.016366577E1,4.584214687E1
4.011345400E1,1.278372765E1,1.803624916E1,-3.997448730E1,4.568029785E1
4.012344200E1,1.285933113E1,1.811841774E1,-4.001453400E1,4.576901124E1
4.013343000E1,1.292570686E1,1.789563751E1,-4.008477020E1,4.576151814E1
4.014341792E1,1.290520287E1,1.784636688E1,-4.025719452E1,4.588767571E1
4.015340592E1,1.282166672E1,1.784463692E1,-4.028720856E1,4.588992675E1
4.016339392E1,1.291053391E1,1.793927765E1,-4.021537018E1,4.588873028E1
4.017338292E1,1.293091393E1,1.800507355E1,-3.999326324E1,4.572583857E1
4.018337092E1,1.292638779E1,1.787089920E1,-4.026651764E1,4.591136006E1
4.019335892E1,1.297201633E1,1.787667084E1,-4.022475433E1,4.588986194E1
4.020334692E1,1.295739651E1,1.780826569E1,-4.014725494E1,4.579116214E1
4.021333492E1,1.278285885E1,1.791504097E1,-3.992734528E1,4.559104160E1
4.022332292E1,1.283615398E1,1.817314911E1,-4.002005768E1,4.578902941E1
4.023331092E1,1.290161228E1,1.806357956E1,-4.006121063E1,4.580005571E1
4.024329892E1,1.288001728E1,1.803113937E1,-4.014173126E1,4.585166759E1
4.025328692E1,1.257182503E1,1.830321312E1,-4.031116486E1,4.602225991E1
4.026327492E1,1.278939819E1,1.813592148E1,-4.020854950E1,4.592611247E1
4.027326292E1,1.268424129E1,1.814639282E1,-3.993312836E1,4.566000756E1
4.028325092E1,1.275654125E1,1.807032013E1,-4.000206757E1,4.571029669E1
4.029323892E1,1.273926163E1,1.800656509E1,-3.995674896E1,4.564062840E1
4.030322692E1,1.287955952E1,1.805182076E1,-3.997332001E1,4.571233530E1
4.031321492E1,1.278243923E1,1.801591682E1,-4.023891449E1,4.590353201E1
4.032320292E1,1.298468876E1,1.801729012E1,-4.006098175E1,4.580509954E1
4.033319092E1,1.292731667E1,1.792922974E1,-4.011594391E1,4.580242080E1
4.034317992E1,1.281230736E1,1.800412369E1,-4.042072296E1,4.606667488E1
4.035316792E1,1.296597576E1,1.797219086E1,-4.005414581E1,4.577609385E1
4.036315592E1,1.294059086E1,1.793390274E1,-4.021161652E1,4.589180605E1
4.037314392E1,1.292560482E1,1.802818108E1,-4.014917755E1,4.586984882E1
4.038313192E1,1.280269432E1,1.791570473E1,-4.030667877E1,4.592940029E1
4.039311992E1,1.280204391E1,1.797710037E1,-4.014859772E1,4.581460864E1
4.040310792E1,1.271216202E1,1.810370064E1,-4.019399261E1,4.587919008E1
4.041309592E1,1.274000359E1,1.811802101E1,-4.017459869E1,4.587557909E1
4.042308392E1,1.285476208E1,1.806861877E1,-4.018654633E1,4.589856641E1
4.043307192E1,1.267495441E1,1.790925598E1,-4.044570160E1,4.601359253E1
4.044305992E1,1.268212509E1,1.801424599E1,-4.033889008E1,4.596276110E1
4.045304792E1,1.276653862E1,1.810854340E1,-4.038410187E1,4.606277820E1
4.046303592E1,1.262580872E1,1.814611053E1,-4.038503265E1,4.603958336E1
4.047302392E1,1.283000088E1,1.813792801E1,-4.050092316E1,4.619435173E1
4.048301192E1,1.271087265E1,1.801493454E1,-4.052016449E1,4.613011901E1
4.049299992E1,1.261600208E1,1.806051254E1,-4.044055939E1,4.605197569E1
4.050298792E1,1.271313763E1,1.814544106E1,-4.045394135E1,4.612377120E1
4.051297692E1,1.279358387E1,1.791349030E1,-4.039627838E1,4.600465444E1
4.052296492E1,1.282574749E1,1.800778770E1,-4.025627899E1,4.592764108E1
4.053295292E1,1.285335350E1,1.799608994E1,-4.027770996E1,4.594955787E1
4.054294092E1,1.279238129E1,1.802541924E1,-4.025300598E1,4.592238287E1
4.055292892E1,1.284756470E1,1.797618484E1,-4.010893250E1,4.579224395E1
4.056291692E1,1.281888580E1,1.802584648E1,-4.022337341E1,4.590397307E1
4.057290492E1,1.288999557E1,1.805100441E1,-4.012680054E1,4.584921883E1
4.058289292E1,1.292150974E1,1.808624077E1,-4.021238708E1,4.594685620E1
4.059288092E1,1.275849819E1,1.802222633E1,-4.004222107E1,4.572700937E1
4.060286892E1,1.287452221E1,1.793102264E1,-4.035903931E1,4.600137986E1
4.061285692E1,1.287452221E1,1.793102264E1,-4.035903931E1,4.600137986E1
4.062284492E1,1.281169033E1,1.797018051E1,-4.012452698E1,4.579349803E1
4.063283292E1,1.278021717E1,1.805351257E1,-4.027243042E1,4.594705561E1
4.064282092E1,1.277053928E1,1.813233185E1,-4.025045776E1,4.595614738E1
4.065280892E1,1.280037975E1,1.816115189E1,-4.028381348E1,4.600503003E1
4.066279692E1,1.300384331E1,1.809462357E1,-4.013758850E1,4.590796612E1
4.067278592E1,1.283422947E1,1.808406067E1,-4.016761780E1,4.588233011E1
4.068277392E1,1.291115093E1,1.802861404E1,-4.024662781E1,4.595127629E1
4.069276192E1,1.285941505E1,1.817799187E1,-4.008586121E1,4.585499114E1
4.070274992E1,1.275718784E1,1.797616386E1,-4.040142822E1,4.602351259E1
4.071273792E1,1.280704880E1,1.815333939E1,-4.015150452E1,4.588798911E1
4.072272592E1,1.280642700E1,1.790250397E1,-4.025028992E1,4.587581127E1
4.073271392E1,1.273256683E1,1.793470764E1,-4.034930420E1,4.595474236E1
4.074270192E1,1.281531239E1,1.809278870E1,-4.015718079E1,4.587134621E1
4.075268992E1,1.274470139E1,1.809021950E1,-4.008474731E1,4.578722990E1
4.076267792E1,1.277249336E1,1.812488937E1,-4.005346680E1,4.578131064E1
4.077266592E1,1.270833588E1,1.817129135E1,-4.016180420E1,4.587666233E1
4.078265392E1,1.259334946E1,1.830548096E1,-4.018804932E1,4.592126296E1
4.079264192E1,1.248114395E1,1.839860153E1,-4.029110718E1,4.601804874E1
4.080262992E1,1.248593044E1,1.806995201E1,-4.038325500E1,4.596986958E1
4.081261792E1,1.259792614E1,1.821057510E1,-4.019842529E1,4.589385781E1
4.082260592E1,1.252725697E1,1.822291374E1,-4.022125244E1,4.589941067E1
4.083259392E1,1.254900646E1,1.832005310E1,-4.012956238E1,4.586375132E1
4.084258192E1,1.259732151E1,1.823856163E1,-4.013966370E1,4.585335583E1
4.085257092E1,1.254833794E1,1.817946434E1,-4.034344482E1,4.599507853E1
4.086255892E1,1.256352043E1,1.812767029E1,-4.034059143E1,4.597627424E1
4.087254692E1,1.273111248E1,1.809571457E1,-4.014599609E1,4.583925297E1
4.088253492E1,1.267981339E1,1.811959839E1,-3.997601318E1,4.568565577E1
4.089252292E1,1.265283489E1,1.812285805E1,-4.011230469E1,4.579879040E1
4.090251092E1,1.255142021E1,1.805818176E1,-4.013395691E1,4.576429367E1
4.091249892E1,1.255437756E1,1.808244324E1,-4.015809631E1,4.579584969E1
4.092248692E1,1.262695885E1,1.803680038E1,-4.027026367E1,4.589619150E1
4.093247492E1,1.263495636E1,1.811419106E1,-4.022398376E1,4.588828728E1
4.094246292E1,1.271241665E1,1.799823380E1,-4.045129395E1,4.606353372E1
4.095245092E1,1.285836983E1,1.807719612E1,-4.030732727E1,4.600873097E1
4.096243892E1,1.280463409E1,1.807434464E1,-4.033212280E1,4.601435339E1
4.097242692E1,1.275102520E1,1.813259888E1,-4.030928040E1,4.600236811E1
4.098241492E1,1.272216702E1,1.818927383E1,-4.035441589E1,4.605629271E1
4.099240292E1,1.275603485E1,1.816603088E1,-4.018057251E1,4.590424284E1
4.100239092E1,1.261635399E1,1.800978851E1,-4.038209534E1,4.598084921E1
4.101237892E1,1.277197361E1,1.795504951E1,-4.025440979E1,4.589035433E1
4.102236792E1,1.270703888E1,1.800416946E1,-4.021891785E1,4.586044383E1
4.103235592E1,1.260495281E1,1.812597656E1,-4.010269165E1,4.577839817E1
4.104234392E1,1.274354553E1,1.814527512E1,-4.012925720E1,4.584764166E1
4.105233192E1,1.272357464E1,1.821194077E1,-4.006419373E1,4.581161159E1
4.106231992E1,1.271592617E1,1.820937729E1,-4.045426941E1,4.615001748E1
4.107230792E1,1.281095600E1,1.806050682E1,-4.032376099E1,4.600334988E1
4.108229592E1,1.261084080E1,1.814764404E1,-4.045367432E1,4.609631282E1
4.109228392E1,1.275300407E1,1.805057907E1,-4.025198364E1,4.592041708E1
4.110227192E1,1.263860035E1,1.804265594E1,-4.041563416E1,4.602928564E1
4.111225992E1,1.266569614E1,1.822621346E1,-4.038987732E1,4.608640695E1
4.112224792E1,1.269875431E1,1.803117561E1,-4.019616699E1,4.584881128E1
4.113223592E1,1.256011009E1,1.809835052E1,-4.036026001E1,4.598105311E1
4.114222379E1,1.264181805E1,1.808847618E1,-4.045112610E1,4.607930269E1
4.115221179E1,1.270430470E1,1.809574127E1,-4.017311096E1,4.585557822E1
4.116219979E1,1.271834469E1,1.807270241E1,-4.019813538E1,4.587231138E1
4.117218779E1,1.276342869E1,1.816552353E1,-4.024476624E1,4.596229505E1
4.118217579E1,1.266332245E1,1.819268417E1,-4.027371216E1,4.597070136E1
4.119216379E1,1.270767403E1,1.814415359E1,-4.023146057E1,4.592674285E1
4.120215279E1,1.274663734E1,1.821529007E1,-4.036140442E1,4.607945879E1
4.121214079E1,1.265214729E1,1.813665771E1,-4.024946594E1,4.592422773E1
4.122212879E1,1.276733685E1,1.807674026E1,-4.035040283E1,4.602095650E1
4.123211679E1,1.264967632E1,1.822485542E1,-4.016793823E1,4.588706711E1
4.124210479E1,1.258503532E1,1.837928200E1,-4.015917969E1,4.592320583E1
4.125209279E1,1.260489845E1,1.832250023E1,-4.024957275E1,4.598505830E1
4.126208079E1,1.266649628E1,1.825348473E1,-4.020974731E1,4.593967361E1
4.127206879E1,1.268183327E1,1.823252106E1,-3.995733643E1,4.571479469E1
4.128205679E1,1.265622330E1,1.825066757E1,-4.012908936E1,4.586513564E1
4.129204479E1,1.263504887E1,1.824347687E1,-3.987916565E1,4.563788734E1
4.130203279E1,1.271582699E1,1.812722588E1,-3.998806763E1,4.570923459E1
4.131202079E1,1.269967175E1,1.811859131E1,-3.993225098E1,4.565248823E1
4.132200879E1,1.267812157E1,1.832076645E1,-4.003048706E1,4.581293643E1
4.133199679E1,1.264563656E1,1.825422478E1,-4.023631287E1,4.595747729E1
4.134198479E1,1.262909794E1,1.822230530E1,-4.002182007E1,4.575251476E1
4.135197279E1,1.271415043E1,1.816732025E1,-4.010713196E1,4.582884659E1
4.136196079E1,1.275182724E1,1.821144485E1,-4.030126953E1,4.602671124E1
4.137194879E1,1.264303207E1,1.807741356E1,-4.005903625E1,4.573145008E1
4.138193779E1,1.266483498E1,1.812040520E1,-3.991624451E1,4.562952668E1
4.139192579E1,1.267204475E1,1.817968941E1,-4.002593994E1,4.575104035E1
4.140191379E1,1.268541718E1,1.823732185E1,-4.026460266E1,4.598649742E1
4.141190179E1,1.255671310E1,1.816734695E1,-4.008079529E1,4.576236107E1
4.142188979E1,1.264716721E1,1.829592133E1,-4.004415894E1,4.580639956E1
4.143187779E1,1.253804398E1,1.834665108E1,-4.018215942E1,4.591740507E1
4.144186579E1,1.257958889E1,1.826118660E1,-4.012617493E1,4.584568580E1
4.145185379E1,1.255564117E1,1.833714676E1,-4.010197449E1,4.584826534E1
4.146184179E1,1.255564117E1,1.833714676E1,-4.010197449E1,4.584826534E1
4.147182979E1,1.254464436E1,1.828259468E1,-4.021356201E1,4.592114916E1
4.148181779E1,1.258327961E1,1.814730835E1,-4.017471313E1,4.584398872E1
4.149180579E1,1.260987473E1,1.824993896E1,-4.002795410E1,4.576359167E1
4.150179379E1,1.258317852E1,1.835758018E1,-4.012823486E1,4.588695201E1
4.151178179E1,1.274322796E1,1.838248444E1,-4.018287659E1,4.598879389E1
4.152176979E1,1.263624001E1,1.817967987E1,-4.021186829E1,4.590391784E1
4.153175779E1,1.263380051E1,1.823807335E1,-4.016056824E1,4.588149383E1
4.154174579E1,1.279526329E1,1.816574860E1,-4.030848694E1,4.602702797E1
4.155173379E1,1.270395947E1,1.795232201E1,-4.029354858E1,4.590475475E1
4.156172279E1,1.272926712E1,1.809360123E1,-4.019238281E1,4.587853837E1
4.157171079E1,1.262558556E1,1.812374687E1,-4.020663452E1,4.587427461E1
4.158169879E1,1.253397560E1,1.819053078E1,-4.019898987E1,4.586888641E1
4.159168679E1,1.265763760E1,1.811702347E1,-4.022549438E1,4.589697950E1
4.160167479E1,1.256275749E1,1.809431458E1,-3.996160889E1,4.563066163E1
4.161166279E1,1.257506275E1,1.809907150E1,-4.012500000E1,4.577908057E1
4.162165079E1,1.270265770E1,1.800599098E1,-4.020767212E1,4.585008311E1
4.163163879E1,1.264700508E1,1.821042824E1,-4.005599976E1,4.578263372E1
4.164162679E1,1.267921829E1,1.812348366E1,-4.018441772E1,4.586949601E1
4.165161479E1,1.270495701E1,1.829446411E1,-4.026161194E1,4.601196307E1
4.166160279E1,1.291278744E1,1.814335251E1,-4.013690186E1,4.590089553E1
4.167159079E1,1.262420845E1,1.819958115E1,-4.024475098E1,4.593729829E1
4.168157879E1,1.271291161E1,1.820013809E1,-4.031419373E1,4.602279179E1
4.169156679E1,1.275998974E1,1.812685394E1,-4.010354614E1,4.582242448E1
4.170155479E1,1.273065186E1,1.805915642E1,-4.005979919E1,4.574920916E1
4.171154279E1,1.269130135E1,1.820684814E1,-4.004949951E1,4.578778069E1
4.172153079E1,1.270877743E1,1.815139389E1,-4.014291382E1,4.585236803E1
4.173151879E1,1.260328197E1,1.833506775E1,-4.018629456E1,4.593425406E1
4.174150679E1,1.260269165E1,1.835118675E1,-4.018762207E1,4.594168978E1
4.175149579E1,1.256418800E1,1.837894058E1,-4.003883362E1,4.581214331E1
4.176148379E1,1.264736938E1,1.829117203E1,-4.002040100E1,4.578378996E1
4.177147179E1,1.258680439E1,1.820825195E1,-3.991084290E1,4.563817990E1
4.178145979E1,1.261745548E1,1.827197838E1,-3.992373657E1,4.568336807E1
4.179144779E1,1.270115089E1,1.822615814E1,-3.986938477E1,4.564077033E1
4.180143579E1,1.279042339E1,1.823220062E1,-4.011814880E1,4.588544359E1
4.181142379E1,1.266534328E1,1.839741898E1,-4.015809631E1,4.595159023E1
4.182141179E1,1.267227268E1,1.831421280E1,-3.996684265E1,4.575309166E1
4.183139979E1,1.258765984E1,1.834838867E1,-3.982539368E1,4.561989181E1
4.184138779E1,1.271362877E1,1.822762299E1,-4.001745605E1,4.577422184E1
4.185137579E1,1.274330235E1,1.829988098E1,-4.002708435E1,4.581969970E1
4.186136379E1,1.278793430E1,1.809995461E1,-4.004241943E1,4.576608979E1
4.187135179E1,1.258821201E1,1.824425697E1,-3.985858154E1,4.560726386E1
4.188133979E1,1.270839405E1,1.813369179E1,-4.002532959E1,4.574233341E1
4.189132779E1,1.263465023E1,1.834656906E1,-4.015213013E1,4.591758418E1
4.190131579E1,1.274584389E1,1.822728157E1,-4.004598999E1,4.580798669E1
4.191130379E1,1.272976589E1,1.828073502E1,-3.993807983E1,4.573054158E1
4.192129179E1,1.280195141E1,1.816033936E1,-3.990550232E1,4.567424877E1
4.193128079E1,1.283121777E1,1.819120979E1,-3.991165161E1,4.570011157E1
4.194126879E1,1.273989487E1,1.817909050E1,-3.977828979E1,4.555322811E1
4.195125679E1,1.262986183E1,1.827891922E1,-3.997305298E1,4.573267171E1
4.196124479E1,1.266603851E1,1.827782440E1,-4.015809631E1,4.590403137E1
4.197123279E1,1.272271729E1,1.826571274E1,-4.000004578E1,4.577671307E1
4.198122079E1,1.265998077E1,1.832076454E1,-4.016371155E1,4.592438624E1
4.199120879E1,1.260982418E1,1.833251381E1,-4.010183716E1,4.586116082E1
4.200119679E1,1.250942230E1,1.840493393E1,-4.011508179E1,4.587425232E1
4.201118479E1,1.242413807E1,1.843410301E1,-4.001634216E1,4.577644592E1
4.202117279E1,1.254471016E1,1.848875427E1,-4.000521851E1,4.582162476E1
4.203116079E1,1.244887447E1,1.850387192E1,-3.999955750E1,4.579664127E1
4.204114879E1,1.247829628E1,1.854396820E1,-4.022662354E1,4.601921203E1
4.205113679E1,1.249576283E1,1.850897598E1,-4.011862183E1,4.591546687E1
4.206112479E1,1.252999973E1,1.826189041E1,-4.022438049E1,4.591838761E1
4.207111279E1,1.248660564E1,1.840450478E1,-3.995188904E1,4.572520699E1
4.208110079E1,1.263381386E1,1.819684219E1,-4.012388611E1,4.583300726E1
4.209108879E1,1.251823711E1,1.836649513E1,-4.017826843E1,4.591652925E1
4.210107679E1,1.251328754E1,1.822619629E1,-4.021017456E1,4.588719576E1
4.211106479E1,1.272319031E1,1.832237625E1,-3.997811890E1,4.578033457E1
4.212105379E1,1.273103619E1,1.820088959E1,-4.008299255E1,4.582573465E1
4.213104179E1,1.263048458E1,1.831359100E1,-3.993080139E1,4.570979825E1
4.214102979E1,1.264106560E1,1.831467628E1,-4.000161743E1,4.577502926E1
4.215101850E1,1.251405716E1,1.833948517E1,-3.985634613E1,4.562309360E1
4.216100650E1,1.264596748E1,1.835199738E1,-4.014574432E1,4.591728529E1
4.217099450E1,1.276630783E1,1.817877388E1,-3.995894623E1,4.571830945E1
4.218098250E1,1.287408829E1,1.805923843E1,-3.988481903E1,4.563635646E1
4.219097050E1,1.280296135E1,1.801127815E1,-4.004312897E1,4.573591737E1
4.220095850E1,1.290789127E1,1.807885361E1,-4.001177216E1,4.576462079E1
4.221094650E1,1.282307243E1,1.807395172E1,-4.009416962E1,4.581093052E1
4.222093450E1,1.268929195E1,1.833629799E1,-4.009212494E1,4.587609875E1
4.223092250E1,1.256038475E1,1.821361351E1,-4.010160065E1,4.579997114E1
4.224091050E1,1.255183792E1,1.819796371E1,-4.029372406E1,4.595975106E1
4.225089850E1,1.273201847E1,1.818512535E1,-4.008985138E1,4.582574890E1
4.226088650E1,1.272803211E1,1.826115799E1,-4.027831268E1,4.601972583E1
4.227087450E1,1.277092171E1,1.822237778E1,-4.009543610E1,4.585624809E1
4.228086250E1,1.267855358E1,1.812136078E1,-4.019341278E1,4.587635413E1
4.229085050E1,1.263732052E1,1.811488914E1,-4.022058868E1,4.588623794E1
4.230083850E1,1.274559593E1,1.808476448E1,-3.996311188E1,4.567887075E1
4.231082750E1,1.274559593E1,1.808476448E1,-3.996311188E1,4.567887075E1
4.232081550E1,1.278124714E1,1.808212852E1,-4.003691864E1,4.575236065E1
4.233080350E1,1.256580448E1,1.823151779E1,-3.999193573E1,4.571260884E1
4.234079150E1,1.266536713E1,1.820719528E1,-3.981441498E1,4.557522490E1
4.235077950E1,1.275868702E1,1.821981430E1,-3.991394806E1,4.569320494E1
4.236076750E1,1.277684116E1,1.817122650E1,-3.993697357E1,4.569904814E1
4.237075550E1,1.270393658E1,1.812633133E1,-3.988437653E1,4.561488116E1
4.238074350E1,1.283119774E1,1.811369514E1,-3.985746002E1,4.562195422E1
4.239073150E1,1.271774769E1,1.813802147E1,-4.004251862E1,4.576168950E1
4.240071950E1,1.257199764E1,1.811798286E1,-3.992980194E1,4.561475102E1
4.241070750E1,1.270437527E1,1.804128265E1,-3.994174957E1,4.563148463E1
4.242069550E1,1.269187069E1,1.822460747E1,-4.007942963E1,4.582118045E1
4.243068350E1,1.267136955E1,1.817742729E1,-3.997455597E1,4.570500623E1
4.244067150E1,1.267251015E1,1.816337585E1,-4.017813873E1,4.587792027E1
4.245065950E1,1.275963879E1,1.816829681E1,-4.010808563E1,4.584270852E1
4.246064750E1,1.286392689E1,1.802414131E1,-4.000470734E1,4.572446713E1
4.247063550E1,1.281672668E1,1.805216980E1,-3.991593170E1,4.564461547E1
4.248062350E1,1.290391636E1,1.796792793E1,-3.998072052E1,4.569261981E1
4.249061150E1,1.276461029E1,1.813276482E1,-3.999152374E1,4.572804836E1
4.250059950E1,1.259556389E1,1.819598770E1,-3.991562653E1,4.563988868E1
4.251058850E1,1.285032654E1,1.803841972E1,-3.992002106E1,4.565220213E1
4.252057650E1,1.287041569E1,1.821131516E1,-4.010195160E1,4.588535847E1
4.253056450E1,1.278145885E1,1.810656548E1,-4.027315521E1,4.596890726E1
4.254055250E1,1.279518795E1,1.812863541E1,-4.018108368E1,4.590080328E1
4.255054050E1,1.280035496E1,1.811944962E1,-4.008979797E1,4.581872372E1
4.256052850E1,1.276359081E1,1.817088890E1,-4.000469971E1,4.575441457E1
4.257051650E1,1.264873791E1,1.825122070E1,-4.006867981E1,4.581044345E1
4.258050450E1,1.259910774E1,1.817296982E1,-4.017358398E1,4.585750972E1
4.259049250E1,1.266701603E1,1.821058273E1,-4.017506409E1,4.589242196E1
4.260048050E1,1.257360268E1,1.820640945E1,-4.019519043E1,4.588270004E1
4.261046850E1,1.266439629E1,1.831805038E1,-4.002995300E1,4.580758715E1
4.262045650E1,1.258086967E1,1.821748924E1,-4.017321777E1,4.586984437E1
4.263044450E1,1.267991352E1,1.819262314E1,-4.004766846E1,4.577736878E1
4.264043250E1,1.281637764E1,1.809042549E1,-4.014524841E1,4.586026603E1
4.265042050E1,1.261072063E1,1.822070122E1,-4.014421082E1,4.585391902E1
4.266040850E1,1.283873367E1,1.815194702E1,-3.990513611E1,4.568091670E1
4.267039650E1,1.263506126E1,1.820055008E1,-3.974989319E1,4.550778840E1
4.268038450E1,1.251428413E1,1.837306976E1,-3.989355469E1,4.566916581E1
4.269037250E1,1.260892582E1,1.828081894E1,-3.993469238E1,4.569412443E1
4.270036050E1,1.254403687E1,1.822456551E1,-4.004554749E1,4.575077619E1
4.271034950E1,1.263710785E1,1.831447411E1,-4.009167480E1,4.585257730E1
4.272033750E1,1.259919262E1,1.812115288E1,-4.026461792E1,4.591683017E1
4.273032550E1,1.271747208E1,1.799081230E1,-4.014749146E1,4.579546368E1
4.274031350E1,1.272635651E1,1.801744270E1,-4.016371155E1,4.582261578E1
4.275030150E1,1.270726013E1,1.808708000E1,-4.009202576E1,4.578195553E1
4.276028950E1,1.292026520E1,1.808346176E1,-4.011117554E1,4.585685603E1
4.277027750E1,1.269646168E1,1.830993271E1,-4.002830505E1,4.581177775E1
4.278026550E1,1.270736504E1,1.815456390E1,-4.032032776E1,4.600863123E1
4.279025350E1,1.277502537E1,1.826585197E1,-4.016717529E1,4.593739863E1
4.280024150E1,1.273404789E1,1.831814575E1,-4.037843323E1,4.613164109E1
4.281022950E1,1.266722679E1,1.832137108E1,-4.023753357E1,4.599119895E1
4.282021750E1,1.258957863E1,1.831571770E1,-4.016847229E1,4.590717995E1
4.283020550E1,1.252606392E1,1.839143753E1,-4.013645935E1,4.589207580E1
4.284019350E1,1.271598053E1,1.830972290E1,-4.026435852E1,4.602347967E1
4.285018150E1,1.269759369E1,1.832354736E1,-4.032666016E1,4.607842003E1
4.286016950E1,1.266341209E1,1.845518875E1,-4.026683044E1,4.606922652E1
4.287015750E1,1.270955086E1,1.836965370E1,-4.019847107E1,4.598797600E1
4.288014550E1,1.263818169E1,1.820819473E1,-4.030944824E1,4.600123487E1
4.289013350E1,1.277890205E1,1.838895416E1,-4.013172913E1,4.595660622E1
4.290012150E1,1.276108742E1,1.827199936E1,-4.026554871E1,4.602201349E1
4.291011050E1,1.275458717E1,1.810317993E1,-4.027665710E1,4.596317793E1
4.292009850E1,1.273517323E1,1.810827255E1,-4.040248108E1,4.607010581E1
4.293008650E1,1.270761967E1,1.812541962E1,-4.032571411E1,4.600193096E1
4.294007450E1,1.279571819E1,1.809404755E1,-4.032394409E1,4.601244862E1
4.295006250E1,1.273460960E1,1.810436249E1,-4.012440491E1,4.582473232E1
4.296005050E1,1.266035080E1,1.814995766E1,-4.045964050E1,4.611602709E1
4.297003850E1,1.266367722E1,1.820808029E1,-4.026968384E1,4.597336560E1
4.298002650E1,1.276041222E1,1.837036133E1,-4.028900146E1,4.608147062E1
4.299001450E1,1.262743473E1,1.831697273E1,-4.016636658E1,4.591623462E1
4.300000250E1,1.259194660E1,1.838812256E1,-4.019577026E1,4.596063661E1
4.300999050E1,1.261399364E1,1.836628151E1,-4.030598450E1,4.605437567E1
4.301997850E1,1.278808022E1,1.823419189E1,-4.049087524E1,4.621181372E1
4.302996650E1,1.271708107E1,1.829339027E1,-4.038670349E1,4.612437639E1
4.303995450E1,1.278814316E1,1.827074432E1,-4.032536316E1,4.608135868E1
4.304994250E1,1.265440845E1,1.833672714E1,-4.047523499E1,4.620188592E1
4.305993050E1,1.255089378E1,1.826618195E1,-4.048745728E1,4.615639213E1
4.306991850E1,1.258609962E1,1.834253502E1,-4.027345276E1,4.600879798E1
4.307990650E1,1.263703251E1,1.827399063E1,-4.004531860E1,4.579586080E1
4.308989450E1,1.270571518E1,1.819862556E1,-3.993643188E1,4.568964612E1
4.309988350E1,1.264009666E1,1.841458702E1,-4.015061951E1,4.594498129E1
4.310987150E1,1.272299385E1,1.824796295E1,-4.016754150E1,4.591616398E1
4.311985950E1,1.283796501E1,1.813377762E1,-4.005610657E1,4.580544629E1
4.312984750E1,1.272291756E1,1.815113258E1,-4.009109497E1,4.581082996E1
4.313983550E1,1.293004131E1,1.802676010E1,-4.015882874E1,4.587898837E1
4.314982300E1,1.299788761E1,1.806158638E1,-4.022839355E1,4.597270530E1
4.315981100E1,1.299788761E1,1.806158638E1,-4.022839355E1,4.597270530E1
4.316979900E1,1.288847637E1,1.810390854E1,-4.046739197E1,4.616789079E1
4.317978700E1,1.280247307E1,1.814121246E1,-4.022831726E1,4.594915033E1
4.318977500E1,1.264345551E1,1.805776596E1,-4.046417236E1,4.607916149E1
4.319976300E1,1.263769150E1,1.830824852E1,-4.046463013E1,4.617672034E1
4.320975100E1,1.271334743E1,1.823984528E1,-4.028234863E1,4.601074625E1
4.321973900E1,1.260422611E1,1.820555496E1,-4.029072571E1,4.597446384E1
4.322972700E1,1.273665810E1,1.815990257E1,-4.016735840E1,4.588486898E1
4.323971500E1,1.270427990E1,1.800494766E1,-4.024702454E1,4.588463634E1
4.324970300E1,1.268436718E1,1.815226746E1,-4.038157654E1,4.605507256E1
4.325969100E1,1.271080399E1,1.812383270E1,-4.019113159E1,4.588425556E1
4.326967900E1,1.265773296E1,1.821365738E1,-4.027671814E1,4.598009942E1
4.327966700E1,1.273140812E1,1.814048576E1,-4.010537720E1,4.582147157E1
4.328965500E1,1.257892227E1,1.816287613E1,-4.012509155E1,4.580548359E1
4.329964400E1,1.258955765E1,1.811117744E1,-4.026681519E1,4.591217829E1
4.330963200E1,1.271374035E1,1.807532883E1,-4.023347473E1,4.590304124E1
4.331962000E1,1.292440605E1,1.800152969E1,-4.010792542E1,4.582293120E1
4.332960800E1,1.277913189E1,1.805989647E1,-4.017871094E1,4.586714385E1
4.333959600E1,1.263486958E1,1.810031509E1,-4.018685913E1,4.585024517E1
4.334958400E1,1.288304138E1,1.792761230E1,-4.009147644E1,4.576787652E1
4.335957200E1,1.285266399E1,1.807420349E1,-3.992387390E1,4.567037892E1
4.336956000E1,1.288036823E1,1.808135223E1,-4.025759888E1,4.597296436E1
4.337954800E1,1.285943508E1,1.811908150E1,-4.022300720E1,4.595167563E1
4.338953600E1,1.283246326E1,1.797491074E1,-4.040042114E1,4.604306200E1
4.339952400E1,1.272025585E1,1.797442055E1,-4.035682678E1,4.597345072E1
4.340951200E1,1.283824062E1,1.800217056E1,-4.041169739E1,4.606521305E1
4.341950000E1,1.281160736E1,1.797753906E1,-4.035900879E1,4.600194327E1
4.342948800E1,1.275045204E1,1.811185837E1,-4.019499207E1,4.589390840E1
4.343947600E1,1.278589058E1,1.817244339E1,-4.012924194E1,4.587017283E1
4.344946400E1,1.281390095E1,1.824198532E1,-4.009439087E1,4.587511597E1
4.345945200E1,1.296010208E1,1.810006714E1,-4.020716858E1,4.595860182E1
4.346944000E1,1.277385235E1,1.816234016E1,-4.024293518E1,4.596232953E1
4.347942800E1,1.263616848E1,1.811307335E1,-4.019853210E1,4.586587144E1
4.348941700E1,1.283498383E1,1.827623940E1,-4.024147034E1,4.602318623E1
4.349940500E1,1.266353321E1,1.814789200E1,-4.031370544E1,4.598810611E1
4.350939300E1,1.286415577E1,1.822661209E1,-4.015640259E1,4.593726767E1
4.351938100E1,1.287085629E1,1.825116920E1,-4.008213806E1,4.588400495E1
4.352936900E1,1.278574085E1,1.805779457E1,-4.023188782E1,4.591474612E1
4.353935700E1,1.274215126E1,1.807545853E1,-4.021717834E1,4.589668892E1
4.354934500E1,1.269274044E1,1.817047691E1,-4.033567810E1,4.602432856E1
4.355933300E1,1.275252438E1,1.815208817E1,-4.028288269E1,4.598734413E1
4.356932100E1,1.253012943E1,1.827900314E1,-4.027572632E1,4.597021025E1
4.357930900E1,1.248976803E1,1.826497650E1,-4.045722961E1,4.611280842E1
4.358929700E1,1.264798069E1,1.828274155E1,-4.038131714E1,4.609642966E1
4.359928500E1,1.260392475E1,1.812116241E1,-4.047979736E1,4.610693485E1
4.360927300E1,1.276721001E1,1.812858963E1,-4.027612305E1,4.597622756E1
4.361926100E1,1.276223469E1,1.796043396E1,-4.047506714E1,4.608343392E1
4.362924900E1,1.273426056E1,1.812604904E1,-4.041120911E1,4.608449704E1
4.363923700E1,1.280640030E1,1.811223030E1,-4.036994934E1,4.606288728E1
4.364922500E1,1.264498425E1,1.806805038E1,-4.034806824E1,4.598169942E1
4.365921300E1,1.270917511E1,1.807888985E1,-4.018891907E1,4.586413202E1
4.366920100E1,1.259468365E1,1.823674393E1,-4.023150635E1,4.593233053E1
4.367918900E1,1.265823555E1,1.813564682E1,-4.016114807E1,4.584812349E1
4.368917800E1,1.267095280E1,1.810271454E1,-4.013804626E1,4.581838142E1
4.369916600E1,1.261568069E1,1.807122421E1,-4.013331604E1,4.578654388E1
4.370915400E1,1.272828865E1,1.813005066E1,-4.008453369E1,4.579823043E1
4.371914200E1,1.283343124E1,1.814238358E1,-4.014637756E1,4.588654128E1
4.372913000E1,1.276519966E1,1.805150223E1,-4.027098083E1,4.594082011E1
4.373911800E1,1.282965851E1,1.813069344E1,-4.009579468E1,4.583661127E1
4.374910600E1,1.281384850E1,1.800965309E1,-4.018812561E1,4.586532195E1
4.375909400E1,1.285051250E1,1.805718231E1,-4.053923035E1,4.620202054E1
4.376908200E1,1.283642578E1,1.817231560E1,-4.030951691E1,4.604198122E1
4.377907000E1,1.269875431E1,1.810074615E1,-4.045471954E1,4.610292513E1
4.378905800E1,1.282663059E1,1.813715172E1,-4.028551483E1,4.600436316E1
4.379904600E1,1.284146595E1,1.805194283E1,-4.027480316E1,4.596559210E1
4.380903400E1,1.280366135E1,1.819730568E1,-4.014096832E1,4.589523958E1
4.381902200E1,1.280082703E1,1.813682938E1,-4.030062103E1,4.601027937E1
4.382901000E1,1.274530983E1,1.817087936E1,-4.021492767E1,4.593325797E1
4.383899800E1,1.269538593E1,1.813595772E1,-4.015972137E1,4.585726777E1
4.384898600E1,1.275716305E1,1.814586258E1,-4.024349213E1,4.595167240E1
4.385897400E1,1.259362698E1,1.816022110E1,-4.023979950E1,4.590898098E1
4.386896300E1,1.269962311E1,1.814238739E1,-4.015276337E1,4.585489127E1
4.387895100E1,1.261272812E1,1.802647018E1,-4.022206879E1,4.584593063E1
4.388893900E1,1.268738651E1,1.808505440E1,-4.012656403E1,4.580589601E1
4.389892700E1,1.264707947E1,1.812883186E1,-4.019124603E1,4.586871942E1
4.390891500E1,1.268141174E1,1.804873466E1,-3.998801422E1,4.566854835E1
4.391890300E1,1.280566978E1,1.817919922E1,-4.015778351E1,4.590333364E1
4.392889100E1,1.270716095E1,1.812638283E1,-4.036284637E1,4.603473755E1
4.393887900E1,1.278582859E1,1.809819794E1,-4.038448334E1,4.606439705E1
4.394886700E1,1.261743927E1,1.818574524E1,-4.028650665E1,4.596655003E1
4.395885500E1,1.260683537E1,1.816865730E1,-4.036672211E1,4.602721651E1
4.396884300E1,1.274283314E1,1.805575752E1,-4.034619904E1,4.600223856E1
4.397883100E1,1.267016315E1,1.808972168E1,-4.051927948E1,4.614740593E1
4.398881900E1,1.261234474E1,1.817648888E1,-4.046721649E1,4.611996963E1
4.399880700E1,1.264138699E1,1.816053200E1,-4.037935638E1,4.604456547E1
4.400879500E1,1.264138699E1,1.816053200E1,-4.037935638E1,4.604456547E1
4.401878300E1,1.273156643E1,1.816828156E1,-4.030107880E1,4.600387147E1
4.402877100E1,1.265872574E1,1.815566254E1,-4.024356842E1,4.592838141E1
4.403875900E1,1.267048073E1,1.811631203E1,-4.022403717E1,4.589896523E1
4.404874700E1,1.293846321E1,1.812757683E1,-4.031511688E1,4.605780630E1
4.405873600E1,1.275284767E1,1.812299919E1,-4.031855011E1,4.600721363E1
4.406872400E1,1.273060608E1,1.817430115E1,-4.025926971E1,4.596936318E1
4.407871200E1,1.267528534E1,1.822475052E1,-4.015711212E1,4.588461664E1
4.408870000E1,1.260904312E1,1.842291260E1,-4.030356598E1,4.607351851E1
4.409868800E1,1.259488392E1,1.835075378E1,-4.022953033E1,4.597604133E1
4.410867600E1,1.274948502E1,1.828077698E1,-4.025536346E1,4.601337265E1
4.411866400E1,1.264549828E1,1.829381752E1,-4.021544647E1,4.595491836E1
4.412865200E1,1.269719410E1,1.819813919E1,-4.031740570E1,4.602047599E1
4.413864000E1,1.235100269E1,1.843613243E1,-4.027538300E1,4.598417904E1
4.414862825E1,1.254679012E1,1.843714905E1,-4.043035126E1,4.617319255E1
4.415861625E1,1.270628071E1,1.825704193E1,-4.020658112E1,4.594930157E1
4.416860425E1,1.263061619E1,1.825130653E1,-4.041603851E1,4.610963917E1
4.417859225E1,1.273867989E1,1.830958366E1,-4.016454315E1,4.594241336E1
4.418858025E1,1.257301331E1,1.827384949E1,-4.024486542E1,4.595283921E1
4.419856825E1,1.257975483E1,1.809047699E1,-4.028580475E1,4.591798834E1
4.420855625E1,1.267857552E1,1.815158272E1,-4.029433441E1,4.597672909E1
4.421854425E1,1.265116024E1,1.822000694E1,-4.006433868E1,4.579488773E1
4.422853225E1,1.269824314E1,1.822387123E1,-4.034757233E1,4.605737133E1
4.423852025E1,1.264082050E1,1.811471939E1,-4.029244232E1,4.595012851E1
4.424850825E1,1.259773350E1,1.813697815E1,-4.045044708E1,4.608569773E1
4.425849725E1,1.257531834E1,1.811322975E1,-4.044513702E1,4.606557101E1
4.426848525E1,1.258776855E1,1.821744156E1,-4.042844391E1,4.609540293E1
4.427847325E1,1.264929771E1,1.814586639E1,-4.027111053E1,4.594605036E1
4.428846125E1,1.262416077E1,1.805885315E1,-4.057996368E1,4.617602262E1
4.429844925E1,1.256686974E1,1.798595047E1,-4.030828094E1,4.589311650E1
4.430843725E1,1.257886887E1,1.813573074E1,-4.041670990E1,4.605044094E1
4.431842525E1,1.255809402E1,1.808433914E1,-4.045090485E1,4.605458447E1
4.432841325E1,1.264119053E1,1.797268105E1,-4.023941803E1,4.584787591E1
4.433840125E1,1.256487179E1,1.814195251E1,-4.031247711E1,4.595761368E1
4.434838925E1,1.253580475E1,1.823696899E1,-4.017217255E1,4.586433130E1
4.435837725E1,1.263968277E1,1.812397003E1,-4.017115021E1,4.584715018E1
4.436836525E1,1.260746288E1,1.805342865E1,-4.043404388E1,4.604113716E1
4.437835325E1,1.264028645E1,1.806976891E1,-4.026117706E1,4.590485561E1
4.438834125E1,1.276060009E1,1.800817108E1,-4.028022003E1,4.593063538E1
4.439832925E1,1.271917343E1,1.799080276E1,-4.025212860E1,4.588769131E1
4.440831725E1,1.276469135E1,1.803622437E1,-4.027773285E1,4.594059749E1
4.441830525E1,1.267764473E1,1.812041283E1,-4.022985077E1,4.590765655E1
4.442829325E1,1.280390453E1,1.809052467E1,-4.032506561E1,4.601432354E1
4.443828225E1,1.290593529E1,1.807711792E1,-4.013112640E1,4.586777370E1
4.444827025E1,1.272514725E1,1.816609764E1,-4.014688873E1,4.586620925E1
4.445825825E1,1.273443031E1,1.829282188E1,-4.022547150E1,4.598784193E1
4.446824625E1,1.270947647E1,1.820438004E1,-4.021552277E1,4.593711480E1
4.447823425E1,1.264897346E1,1.806841278E1,-4.042932892E1,4.605425829E1
4.448822225E1,1.263236523E1,1.838326073E1,-4.019474030E1,4.596888158E1
4.449821025E1,1.269158363E1,1.821773148E1,-4.013747406E1,4.586914932E1
4.450819825E1,1.285100079E1,1.817252922E1,-4.029601288E1,4.603430996E1
4.451818625E1,1.280661011E1,1.824832535E1,-4.030121613E1,4.605647253E1
4.452817425E1,1.272529316E1,1.816396713E1,-4.045490265E1,4.613525698E1
4.453816225E1,1.282787991E1,1.831317329E1,-4.051996613E1,4.627952543E1
4.454815025E1,1.273128128E1,1.817709732E1,-4.026921844E1,4.597936868E1
4.455813825E1,1.278958797E1,1.813783455E1,-4.044991302E1,4.613837954E1
4.456812625E1,1.270588589E1,1.817300797E1,-4.032198334E1,4.601695443E1
4.457811425E1,1.278537369E1,1.817133331E1,-4.029843140E1,4.601767821E1
4.458810225E1,1.275434875E1,1.829138374E1,-4.010000610E1,4.588309733E1
4.459809025E1,1.272700596E1,1.821071434E1,-4.025839233E1,4.598200682E1
4.460807825E1,1.266246033E1,1.836046791E1,-4.037640381E1,4.612698416E1
4.461806625E1,1.259375668E1,1.841158295E1,-4.042379761E1,4.617003906E1
4.462805425E1,1.272016048E1,1.832891083E1,-4.049967957E1,4.623824715E1
4.463804325E1,1.271922874E1,1.825053024E1,-4.053944397E1,4.624183335E1
4.464803125E1,1.280305004E1,1.814805603E1,-4.041862488E1,4.611870841E1
4.465801925E1,1.285833359E1,1.819291115E1,-4.036126709E1,4.610152535E1
4.466800725E1,1.283332920E1,1.814511490E1,-4.041496277E1,4.612275738E1
4.467799525E1,1.273338318E1,1.817349625E1,-4.044187927E1,4.612982346E1
4.468798325E1,1.295657253E1,1.805062485E1,-4.049110413E1,4.618687414E1
4.469797125E1,1.284365940E1,1.797493744E1,-4.040371704E1,4.604908591E1
4.470795925E1,1.286385441E1,1.802491760E1,-4.053520203E1,4.618959848E1
4.471794725E1,1.280001259E1,1.814798546E1,-4.044200134E1,4.613832649E1
4.472793525E1,1.274435711E1,1.804725075E1,-4.061921692E1,4.623897361E1
4.473792325E1,1.273905087E1,1.808036423E1,-4.027037048E1,4.594437644E1
4.474791125E1,1.268772030E1,1.798317337E1,-4.038433838E1,4.599203798E1
4.475789925E1,1.280901527E1,1.813488197E1,-4.045573425E1,4.614771122E1
4.476788725E1,1.273842716E1,1.834436417E1,-4.042675781E1,4.618556019E1
4.477787525E1,1.279457378E1,1.824026871E1,-4.025770569E1,4.601186139E1
4.478786325E1,1.286017799E1,1.829471588E1,-4.030728149E1,4.609509463E1
4.479785125E1,1.277068329E1,1.821515656E1,-4.022526550E1,4.596688226E1
4.480783925E1,1.263631439E1,1.826059532E1,-4.015567017E1,4.588685683E1
4.481782725E1,1.273957539E1,1.820078468E1,-4.048255920E1,4.617794867E1
4.482781625E1,1.283437347E1,1.808568192E1,-4.019844055E1,4.590999516E1
4.483780425E1,1.296768665E1,1.807408714E1,-4.003985596E1,4.580418745E1
4.484779225E1,1.281881237E1,1.803628159E1,-4.009030151E1,4.579150226E1
4.485778025E1,1.281881237E1,1.803628159E1,-4.009030151E1,4.579150226E1
4.486776825E1,1.295762444E1,1.806634903E1,-4.024919128E1,4.598141361E1
4.487775625E1,1.289522076E1,1.813653755E1,-4.010346985E1,4.586402737E1
4.488774425E1,1.292402744E1,1.801421356E1,-4.024537659E1,4.594815244E1
4.489773225E1,1.277348614E1,1.816835403E1,-4.011859131E1,4.585577832E1
4.490772025E1,1.256024170E1,1.815552521E1,-4.025985718E1,4.591556236E1
4.491770825E1,1.256818962E1,1.816892624E1,-4.019378662E1,4.586512568E1
4.492769625E1,1.253726768E1,1.819253159E1,-4.027322388E1,4.593564899E1
4.493768425E1,1.251046658E1,1.829582214E1,-4.027711487E1,4.597276220E1
4.494767225E1,1.266186237E1,1.811256599E1,-3.999902344E1,4.569802711E1
4.495766025E1,1.267040253E1,1.812412643E1,-4.019827271E1,4.587945278E1
4.496764825E1,1.275536823E1,1.808914566E1,-4.015325928E1,4.584976380E1
4.497763625E1,1.265479851E1,1.809889412E1,-3.992886353E1,4.562924540E1
4.498762425E1,1.269022465E1,1.806109238E1,-4.000601196E1,4.569163876E1
4.499761225E1,1.268218708E1,1.792733002E1,-4.000564575E1,4.563637500E1
4.500760025E1,1.269602203E1,1.802153015E1,-4.000268555E1,4.567471265E1
4.501758825E1,1.265150356E1,1.805716133E1,-4.025347900E1,4.589623285E1
4.502757625E1,1.254823112E1,1.816786003E1,-4.042514038E1,4.606214517E1
4.503756525E1,1.262992001E1,1.819234657E1,-4.026383972E1,4.595272726E1
4.504755325E1,1.279430199E1,1.805648041E1,-4.017387390E1,4.586579109E1
4.505754125E1,1.269436455E1,1.825571442E1,-4.016844177E1,4.591210858E1
4.506752925E1,1.271672440E1,1.817529106E1,-4.013333130E1,4.585564922E1
4.507751725E1,1.280957603E1,1.803817749E1,-4.020828247E1,4.589299581E1
4.508750525E1,1.269138718E1,1.805087280E1,-4.029798889E1,4.594380509E1
4.509749325E1,1.263867950E1,1.810722160E1,-4.022709656E1,4.588929059E1
4.510748125E1,1.262672329E1,1.805733871E1,-4.013490295E1,4.578550052E1
4.511746925E1,1.265201950E1,1.808089828E1,-4.004736328E1,4.572508924E1
4.512745725E1,1.283975792E1,1.803722763E1,-4.001060486E1,4.572799433E1
4.513744525E1,1.255884457E1,1.811059761E1,-4.023529053E1,4.587588611E1
4.514743275E1,1.278057861E1,1.813347626E1,-4.039094543E1,4.608247632E1
4.515742075E1,1.285107708E1,1.806031227E1,-4.046395874E1,4.613737117E1
4.516740875E1,1.277116203E1,1.817506599E1,-4.038668823E1,4.609251772E1
4.517739675E1,1.271211052E1,1.820014954E1,-4.027590942E1,4.598904301E1
4.518738475E1,1.276030827E1,1.809143829E1,-4.019718933E1,4.589051794E1
4.519737275E1,1.270760250E1,1.810978317E1,-4.009605408E1,4.579455165E1
4.520736075E1,1.276183128E1,1.825765419E1,-4.022218323E1,4.597858521E1
4.521734875E1,1.273291302E1,1.805520058E1,-4.032884216E1,4.598404997E1
4.522733675E1,1.291817951E1,1.809164238E1,-4.056329346E1,4.625546089E1
4.523732575E1,1.274775314E1,1.808666611E1,-4.052221680E1,4.617015005E1
4.524731375E1,1.284953976E1,1.808499908E1,-4.055374146E1,4.622535895E1
4.525730175E1,1.283651447E1,1.810429382E1,-4.053836060E1,4.621580074E1
4.526728975E1,1.273420334E1,1.794992065E1,-4.048674011E1,4.608183711E1
4.527727775E1,1.281816387E1,1.808220100E1,-4.004075623E1,4.576607343E1
4.528726575E1,1.280722713E1,1.817875290E1,-4.024002075E1,4.597555213E1
4.529725375E1,1.274706745E1,1.801252747E1,-4.032225037E1,4.596545169E1
4.530724175E1,1.286713696E1,1.808791351E1,-4.034197998E1,4.604575092E1
4.531722975E1,1.281852341E1,1.815554428E1,-4.028202820E1,4.600630529E1
4.532721775E1,1.295896339E1,1.804669380E1,-4.022088623E1,4.594929356E1
4.533720575E1,1.293106937E1,1.807221413E1,-4.018121338E1,4.591674408E1
4.534719375E1,1.284791851E1,1.818236160E1,-4.028126526E1,4.602442411E1
4.535718175E1,1.302056694E1,1.811724472E1,-4.033609009E1,4.609522625E1
4.536716975E1,1.285247612E1,1.822525024E1,-4.017625427E1,4.595081388E1
4.537715775E1,1.263801384E1,1.818456650E1,-4.024855042E1,4.593847693E1
4.538714575E1,1.277661800E1,1.831884766E1,-4.049050140E1,4.624178685E1
4.539713375E1,1.280206203E1,1.813282394E1,-4.025682831E1,4.597068981E1
4.540712175E1,1.289463425E1,1.812456894E1,-4.029863739E1,4.602990079E1
4.541710975E1,1.276397705E1,1.814563560E1,-4.006072235E1,4.579350038E1
4.542709775E1,1.268406487E1,1.810423279E1,-4.038318634E1,4.603749000E1
4.543708575E1,1.273272324E1,1.808953476E1,-4.031255341E1,4.598320858E1
4.544707475E1,1.274135399E1,1.812570953E1,-4.039450836E1,4.607168060E1
4.545706275E1,1.281077957E1,1.809068108E1,-4.020339203E1,4.590971080E1
4.546705075E1,1.284557056E1,1.817511368E1,-4.025054169E1,4.599401642E1
4.547703875E1,1.260834503E1,1.833773232E1,-4.028159332E1,4.602009943E1
4.548702675E1,1.263044834E1,1.826035881E1,-4.041355133E1,4.611099717E1
4.549701475E1,1.260306358E1,1.818066788E1,-4.024806976E1,4.592690950E1
4.550700275E1,1.273572540E1,1.818980789E1,-4.000162506E1,4.575147889E1
4.551699075E1,1.273881340E1,1.813080978E1,-4.005150604E1,4.577255473E1
4.552697875E1,1.276966763E1,1.808937073E1,-4.011540985E1,4.582069240E1
4.553696675E1,1.280118656E1,1.813632584E1,-4.021285248E1,4.593332338E1
4.554695475E1,1.269778824E1,1.805540848E1,-4.021237946E1,4.587229080E1
4.555694275E1,1.277133083E1,1.797649002E1,-4.014643097E1,4.580389726E1
4.556693075E1,1.281773949E1,1.805443382E1,-4.017917633E1,4.587617287E1
4.557691875E1,1.279174805E1,1.800532532E1,-4.007161713E1,4.575538282E1
4.558690675E1,1.269119358E1,1.817349243E1,-4.026062775E1,4.595933385E1
4.559689475E1,1.270801830E1,1.807028770E1,-4.023030853E1,4.589669652E1
4.560688275E1,1.273011971E1,1.797470856E1,-4.024666595E1,4.587962746E1
4.561687075E1,1.274038315E1,1.795059586E1,-4.022876740E1,4.585733290E1
4.562685875E1,1.275007248E1,1.811634827E1,-4.012815094E1,4.583704747E1
4.563684675E1,1.280689716E1,1.814352417E1,-4.019011688E1,4.591785687E1
4.564683475E1,1.282607174E1,1.796947479E1,-4.000130463E1,4.568932602E1
4.565682375E1,1.284676743E1,1.815443611E1,-4.013993073E1,4.588939989E1
4.566681175E1,1.272586918E1,1.827829361E1,-4.016867828E1,4.593001719E1
4.567679975E1,1.265929031E1,1.811421967E1,-4.030474091E1,4.596579951E1
4.568678775E1,1.273091125E1,1.819413567E1,-4.041237640E1,4.611141768E1
4.569677575E1,1.265364075E1,1.815458298E1,-4.026699066E1,4.594707873E1
4.570676375E1,1.265364075E1,1.815458298E1,-4.026699066E1,4.594707873E1
4.571675175E1,1.274552441E1,1.812001038E1,-4.028623199E1,4.597568550E1
4.572673975E1,1.283004379E1,1.811036682E1,-4.019258881E1,4.591339244E1
4.573672775E1,1.279510880E1,1.807500458E1,-4.036133575E1,4.603757187E1
4.574671575E1,1.288012409E1,1.809967613E1,-4.019876862E1,4.592860624E1
4.575670375E1,1.294584465E1,1.805335045E1,-4.032067108E1,4.603558268E1
4.576669175E1,1.285692883E1,1.787360954E1,-4.033309174E1,4.595133106E1
4.577667975E1,1.297861671E1,1.804072952E1,-4.002651215E1,4.578246485E1
4.578666775E1,1.290308094E1,1.800645447E1,-4.030104065E1,4.598799602E1
4.579665575E1,1.298699856E1,1.803801727E1,-4.021430969E1,4.594804569E1
4.580664375E1,1.297919273E1,1.786048889E1,-4.021932983E1,4.588083478E1
4.581663175E1,1.295543385E1,1.797808075E1,-4.020423889E1,4.590681298E1
4.582661975E1,1.279745293E1,1.810196495E1,-4.000720215E1,4.573873807E1
4.583660775E1,1.271260262E1,1.813281250E1,-4.045947266E1,4.612350900E1
4.584659575E1,1.296084023E1,1.811486053E1,-4.031503296E1,4.605902120E1
4.585658375E1,1.287650585E1,1.805397034E1,-4.034423828E1,4.603702652E1
4.586657175E1,1.278692055E1,1.808392715E1,-4.011611938E1,4.582397618E1
4.587656075E1,1.281785965E1,1.822335815E1,-4.014695740E1,4.591477427E1
4.588654875E1,1.275513268E1,1.807137871E1,-4.030058289E1,4.597178612E1
4.589653675E1,1.283767414E1,1.831330490E1,-4.025592041E1,4.605129902E1
4.590652475E1,1.279971981E1,1.811301422E1,-4.053466797E1,4.620577257E1
4.591651275E1,1.283842182E1,1.807130241E1,-4.056022644E1,4.622260286E1
4.592650075E1,1.286468601E1,1.816877747E1,-4.038668823E1,4.611604067E1
4.593648875E1,1.271406555E1,1.815760422E1,-4.031968689E1,4.601112045E1
4.594647675E1,1.285220623E1,1.818307877E1,-4.029484558E1,4.603779033E1
4.595646475E1,1.278876972E1,1.825807190E1,-4.005442810E1,4.583957931E1
4.596645275E1,1.271699810E1,1.823929024E1,-4.005987549E1,4.581688961E1
4.597644075E1,1.280922413E1,1.829104614E1,-4.013551331E1,4.592927193E1
4.598642875E1,1.287781525E1,1.816559219E1,-4.016886902E1,4.592782276E1
4.599641675E1,1.282965755E1,1.819127846E1,-4.014128113E1,4.590038317E1
4.600640475E1,1.282364750E1,1.810191727E1,-4.019569397E1,4.591099169E1
4.601639275E1,1.274321079E1,1.817780685E1,-4.014842224E1,4.587720449E1
4.602638075E1,1.286126518E1,1.814746666E1,-4.017002869E1,4.591703271E1
4.603636875E1,1.277609825E1,1.820442581E1,-4.010752869E1,4.586113456E1
4.604635675E1,1.293030262E1,1.816049004E1,-4.023994446E1,4.600270920E1
4.605634475E1,1.287318516E1,1.820287132E1,-4.025473022E1,4.601637454E1
4.606633275E1,1.286138248E1,1.810634232E1,-4.027691650E1,4.599439960E1
4.607632075E1,1.286879826E1,1.818368340E1,-4.021713257E1,4.597466762E1
4.608630875E1,1.290224838E1,1.802431488E1,-4.026495361E1,4.596314208E1
4.609629675E1,1.281213856E1,1.807573891E1,-4.007542419E1,4.579217025E1
4.610628475E1,1.277392769E1,1.814679909E1,-4.033428955E1,4.603622986E1
4.611627375E1,1.292337608E1,1.805557251E1,-4.045806885E1,4.615054369E1
4.612626175E1,1.283449268E1,1.806419945E1,-4.046971130E1,4.613932203E1
4.613624975E1,1.283190060E1,1.802016449E1,-4.053375244E1,4.617758209E1
4.614623762E1,1.272271252E1,1.818273544E1,-4.053376770E1,4.621109830E1
4.615622562E1,1.274921894E1,1.816976357E1,-4.029197693E1,4.600137277E1
4.616621362E1,1.269552422E1,1.811267090E1,-4.055067444E1,4.619093395E1
4.617620162E1,1.276344395E1,1.817745018E1,-4.020036316E1,4.592814382E1
4.618618963E1,1.271240997E1,1.817457962E1,-4.040425110E1,4.609147664E1
4.619617762E1,1.274161625E1,1.814427376E1,-4.028790283E1,4.598563438E1
4.620616562E1,1.279581738E1,1.819563103E1,-4.034274292E1,4.606897912E1
4.621615362E1,1.281725883E1,1.815024185E1,-4.033808899E1,4.605295676E1
4.622614162E1,1.277700043E1,1.809419632E1,-4.023504639E1,4.592940929E1
4.623612963E1,1.284158325E1,1.812596893E1,-4.037574768E1,4.608316407E1
4.624611762E1,1.279304981E1,1.823792648E1,-4.027511597E1,4.602574336E1
4.625610562E1,1.270497513E1,1.815229225E1,-4.008180237E1,4.579817669E1
4.626609362E1,1.266914463E1,1.816731644E1,-4.024064636E1,4.593330199E1
4.627608162E1,1.265742970E1,1.814337349E1,-4.019287109E1,4.587874688E1
4.628606962E1,1.276384449E1,1.819801712E1,-4.023266602E1,4.596467087E1
4.629605762E1,1.283503342E1,1.806162834E1,-4.027449036E1,4.596732616E1
4.630604562E1,1.291962242E1,1.802696991E1,-4.044293213E1,4.612503709E1
4.631603362E1,1.274867249E1,1.815059662E1,-4.037648010E1,4.606769967E1
4.632602162E1,1.273616123E1,1.823240662E1,-4.049287415E1,4.619852065E1
4.633600962E1,1.282936001E1,1.816214943E1,-4.052029419E1,4.622067061E1
4.634599862E1,1.266180992E1,1.825374794E1,-4.049353027E1,4.618708411E1
4.635598662E1,1.269812202E1,1.819232559E1,-4.055274963E1,4.622476086E1
4.636597462E1,1.268982315E1,1.824668312E1,-4.058666992E1,4.627365159E1
4.637596262E1,1.261204243E1,1.822732162E1,-4.055102539E1,4.621346696E1
4.638595063E1,1.268638134E1,1.813106537E1,-4.065095520E1,4.628369002E1
4.639593862E1,1.261345387E1,1.817283440E1,-4.047837830E1,4.612862710E1
4.640592662E1,1.267029953E1,1.819361877E1,-4.031042480E1,4.600515843E1
4.641591462E1,1.258110619E1,1.820766640E1,-4.039793396E1,4.606296144E1
4.642590262E1,1.266637611E1,1.812451172E1,-4.040225220E1,4.605732289E1
4.643589062E1,1.263547611E1,1.804802132E1,-4.049929810E1,4.610400716E1
4.644587862E1,1.259798336E1,1.811400604E1,-4.051849365E1,4.613647936E1
4.645586662E1,1.276956558E1,1.810273361E1,-4.058471680E1,4.623732266E1
4.646585462E1,1.263274002E1,1.815391922E1,-4.052670288E1,4.616886992E1
4.647584262E1,1.260348129E1,1.818443680E1,-4.050144958E1,4.615071940E1
4.648583062E1,1.264962482E1,1.817971802E1,-4.043731689E1,4.610522479E1
4.649581862E1,1.252648258E1,1.814287567E1,-4.043457031E1,4.605465427E1
4.650580663E1,1.263351727E1,1.819604111E1,-4.053149414E1,4.618986564E1
4.651579462E1,1.248443413E1,1.812371254E1,-4.049346924E1,4.608742890E1
4.652578262E1,1.258650970E1,1.813895416E1,-4.052770996E1,4.615124223E1
4.653577062E1,1.267661476E1,1.819901848E1,-4.042164612E1,4.610651050E1
4.654575862E1,1.264200306E1,1.821251106E1,-4.049377441E1,4.616558856E1
4.655574663E1,1.264200306E1,1.821251106E1,-4.049377441E1,4.616558856E1
4.656573462E1,1.273091984E1,1.819627571E1,-4.032637024E1,4.603690809E1
4.657572262E1,1.263125992E1,1.813396454E1,-4.031767273E1,4.597721317E1
4.658571162E1,1.265128708E1,1.802024651E1,-4.030113220E1,4.592347554E1
4.659569962E1,1.272957802E1,1.810598755E1,-4.039820099E1,4.606390762E1
4.660568763E1,1.274304962E1,1.813999176E1,-4.023426056E1,4.593735231E1
4.661567562E1,1.260840321E1,1.818468857E1,-4.037921906E1,4.604493524E1
4.662566362E1,1.270852947E1,1.807428741E1,-4.036072540E1,4.601276716E1
4.663565162E1,1.265460014E1,1.823033905E1,-4.037967682E1,4.607605090E1
4.664563962E1,1.275433826E1,1.821295547E1,-4.019306183E1,4.593328979E1
4.665562763E1,1.271892071E1,1.815705299E1,-4.027791595E1,4.597564606E1
4.666561562E1,1.274516869E1,1.818661880E1,-4.041635895E1,4.611588120E1
4.667560362E1,1.275471306E1,1.812021637E1,-4.011023712E1,4.582418650E1
4.668559162E1,1.263391495E1,1.808315277E1,-4.027088165E1,4.591688284E1
4.669557962E1,1.286276340E1,1.812771797E1,-4.020664215E1,4.594169037E1
4.670556763E1,1.251409245E1,1.819660950E1,-4.040425873E1,4.604588180E1
4.671555562E1,1.266125298E1,1.813770866E1,-4.011795807E1,4.581194563E1
4.672554362E1,1.284770775E1,1.804909515E1,-4.007732391E1,4.579328905E1
4.673553162E1,1.267945290E1,1.826254272E1,-4.016400909E1,4.590682541E1
4.674551962E1,1.268754292E1,1.832664299E1,-4.024153900E1,4.600240265E1
4.675550762E1,1.266808987E1,1.826340866E1,-4.019338226E1,4.592973519E1
4.676549562E1,1.262093067E1,1.824602318E1,-4.013402557E1,4.585788113E1
4.677548362E1,1.283307648E1,1.805950928E1,-4.012647247E1,4.583631225E1
4.678547162E1,1.278570366E1,1.804840851E1,-4.027246857E1,4.594661024E1
4.679545962E1,1.288489628E1,1.804303360E1,-4.009757233E1,4.581906721E1
4.680544762E1,1.268791962E1,1.804448318E1,-4.036688995E1,4.600078784E1
4.681543562E1,1.250621510E1,1.838183975E1,-4.043549347E1,4.614462678E1
4.682542363E1,1.269139862E1,1.814685059E1,-4.038843536E1,4.606088901E1
4.683541262E1,1.256735229E1,1.816971016E1,-3.990990448E1,4.561663278E1
4.684540062E1,1.272901535E1,1.804822540E1,-4.015378571E1,4.582676923E1
4.685538863E1,1.263056374E1,1.822626114E1,-4.038715363E1,4.607439542E1
4.686537662E1,1.275245285E1,1.805149460E1,-4.030861664E1,4.597027394E1
4.687536462E1,1.276371861E1,1.810373116E1,-4.030707550E1,4.599258560E1
4.688535262E1,1.268138695E1,1.804333305E1,-4.033301544E1,4.596881092E1
4.689534062E1,1.263932037E1,1.820714188E1,-4.013771820E1,4.585072363E1
4.690532862E1,1.271568012E1,1.799190903E1,-4.051914215E1,4.612155886E1
4.691531662E1,1.245062828E1,1.812483788E1,-4.046282196E1,4.605179534E1
4.692530462E1,1.248573780E1,1.825418854E1,-4.043016815E1,4.608370150E1
4.693529262E1,1.246662903E1,1.817802429E1,-4.042490387E1,4.604378633E1
4.694528062E1,1.255308056E1,1.808258820E1,-4.057212067E1,4.615903815E1
4.695526862E1,1.255876827E1,1.815049171E1,-4.054143524E1,4.616027493E1
4.696525662E1,1.261591721E1,1.813107681E1,-4.061235809E1,4.623051961E1
4.697524463E1,1.259543896E1,1.809574127E1,-4.042984772E1,4.605077112E1
4.698523262E1,1.261780643E1,1.799961090E1,-4.042929840E1,4.601872663E1
4.699522062E1,1.254913616E1,1.801858902E1,-4.036423492E1,4.595021033E1
4.700520862E1,1.271403503E1,1.821145630E1,-4.030888367E1,4.602292831E1
4.701519662E1,1.271656513E1,1.812370682E1,-4.035661316E1,4.603081580E1
4.702518463E1,1.274517536E1,1.827819061E1,-4.028202820E1,4.603448211E1
4.703517262E1,1.272107220E1,1.817403793E1,-4.008280945E1,4.581214845E1
4.704516062E1,1.268704224E1,1.803752899E1,-4.020100403E1,4.585230875E1
4.705514862E1,1.272045326E1,1.802450371E1,-4.015130615E1,4.581288084E1
4.706513662E1,1.260000801E1,1.799260139E1,-4.032218933E1,4.591702145E1
4.707512463E1,1.277564240E1,1.800268936E1,-4.015705872E1,4.582470106E1
4.708511262E1,1.273531055E1,1.811134720E1,-4.037266541E1,4.604520761E1
4.709510162E1,1.257042885E1,1.825280762E1,-4.011758423E1,4.583231646E1
4.710508962E1,1.264184284E1,1.822248650E1,-4.030468750E1,4.600372853E1
4.711507762E1,1.277664375E1,1.797362900E1,-4.024362183E1,4.588946570E1
4.712506563E1,1.284717846E1,1.807876587E1,-4.021366882E1,4.592418676E1
4.713505362E1,1.263585663E1,1.817099762E1,-4.020629883E1,4.589549534E1
4.714504162E1,1.258610439E1,1.823193932E1,-4.035275269E1,4.603431638E1
4.715502967E1,1.269290447E1,1.816796112E1,-4.029362488E1,4.598652891E1
4.716501767E1,1.263250160E1,1.819421196E1,-4.045172119E1,4.611888109E1
4.717500567E1,1.266052437E1,1.827701569E1,-4.009565735E1,4.584757265E1
4.718499367E1,1.264790154E1,1.827252579E1,-4.025007629E1,4.597742113E1
4.719498167E1,1.254216766E1,1.832753181E1,-4.017518616E1,4.590479250E1
4.720496967E1,1.265081692E1,1.822307968E1,-4.031013489E1,4.601120273E1
4.721495767E1,1.257851791E1,1.822304153E1,-4.047817993E1,4.613871917E1
4.722494567E1,1.276250648E1,1.811528015E1,-4.049644470E1,4.616283116E1
4.723493367E1,1.277441692E1,1.824784660E1,-4.016369629E1,4.592703053E1
4.724492167E1,1.264180470E1,1.830514908E1,-4.020472717E1,4.594903476E1
4.725490967E1,1.250946426E1,1.826726151E1,-4.019110107E1,4.588577279E1
4.726489767E1,1.259835911E1,1.825943565E1,-4.027363586E1,4.597924954E1
4.727488567E1,1.262525272E1,1.831960297E1,-4.011645508E1,4.587302941E1
4.728487367E1,1.263924885E1,1.818309784E1,-4.023384094E1,4.592534829E1
4.729486167E1,1.273027706E1,1.817095757E1,-4.002635193E1,4.576409621E1
4.730484967E1,1.276822472E1,1.824656677E1,-4.030708313E1,4.605025203E1
4.731483767E1,1.266070652E1,1.808269882E1,-4.004693604E1,4.572783148E1
4.732482567E1,1.270115757E1,1.807872009E1,-4.012818909E1,4.580863547E1
4.733481367E1,1.275490475E1,1.806065750E1,-4.013079834E1,4.581872892E1
4.734480167E1,1.263917637E1,1.800429916E1,-4.033549500E1,4.594404993E1
4.735478967E1,1.254510975E1,1.807695007E1,-4.014164734E1,4.577671628E1
4.736477867E1,1.241058540E1,1.804009056E1,-4.026815796E1,4.583657975E1
4.737476667E1,1.251475239E1,1.813523483E1,-3.997756958E1,4.564769260E1
4.738475467E1,1.265449810E1,1.826512909E1,-4.032206726E1,4.603933504E1
4.739474267E1,1.265449810E1,1.826512909E1,-4.032206726E1,4.603933504E1
4.740473067E1,1.270693398E1,1.825601387E1,-4.024539185E1,4.598303794E1
4.741471867E1,1.258761978E1,1.823015022E1,-4.006094360E1,4.577844199E1
4.742470667E1,1.248307896E1,1.819977760E1,-4.016282654E1,4.582697678E1
4.743469467E1,1.254336071E1,1.807093811E1,-4.045486450E1,4.604878678E1
4.744468267E1,1.277329159E1,1.807012749E1,-4.039920044E1,4.606280367E1
4.745467067E1,1.270161629E1,1.816470337E1,-4.039794922E1,4.607908209E1
4.746465867E1,1.267412186E1,1.822512054E1,-4.037934875E1,4.607906455E1
4.747464667E1,1.263453102E1,1.811079979E1,-4.045066833E1,4.608567035E1
4.748463467E1,1.267295265E1,1.813554001E1,-4.054702759E1,4.619050754E1
4.749462267E1,1.273207092E1,1.808746529E1,-4.046603394E1,4.611682917E1
4.750461067E1,1.269369411E1,1.806203842E1,-4.051118469E1,4.613592079E1
4.751459867E1,1.268404961E1,1.815259743E1,-4.044508362E1,4.611080889E1
4.752458667E1,1.251721478E1,1.827729225E1,-4.021292114E1,4.591099111E1
4.753457467E1,1.252966118E1,1.821733093E1,-4.054670715E1,4.618331968E1
4.754456267E1,1.258373356E1,1.808126068E1,-4.069261169E1,4.627278881E1
4.755455067E1,1.259189701E1,1.808083725E1,-4.063598633E1,4.622505739E1
4.756453867E1,1.267710495E1,1.802534103E1,-4.073236084E1,4.631141467E1
4.757452667E1,1.270846272E1,1.801332283E1,-4.047813416E1,4.609191001E1
4.758451467E1,1.274764633E1,1.800925827E1,-4.022431946E1,4.587844533E1
4.759450267E1,1.274180222E1,1.811842918E1,-4.032429504E1,4.600738822E1
4.760449067E1,1.257305908E1,1.810633850E1,-4.038862610E1,4.601263334E1
4.761447867E1,1.256072807E1,1.814517593E1,-4.033128357E1,4.597425077E1
4.762446667E1,1.270222664E1,1.815040970E1,-4.010194397E1,4.581429737E1
4.763445467E1,1.256310463E1,1.817777061E1,-4.020835876E1,4.588000716E1
4.764444267E1,1.263205814E1,1.819172478E1,-4.034046936E1,4.602022611E1
4.765443167E1,1.264722919E1,1.813582230E1,-4.027850342E1,4.594799554E1
4.766441967E1,1.263212776E1,1.809007835E1,-4.039256287E1,4.602587013E1
4.767440767E1,1.253373337E1,1.824520874E1,-4.019819641E1,4.588983666E1
4.768439567E1,1.229975605E1,1.829341125E1,-4.039981079E1,4.602257714E1
4.769438367E1,1.241317940E1,1.837716675E1,-4.039089966E1,4.607854225E1
4.770437167E1,1.242136955E1,1.826467514E1,-4.017646790E1,4.584798089E1
4.771435967E1,1.249483967E1,1.831709290E1,-4.016712952E1,4.588066264E1
4.772434767E1,1.261378670E1,1.815724754E1,-4.017463684E1,4.585623947E1
4.773433567E1,1.263817596E1,1.820810890E1,-4.010148621E1,4.581907809E1
4.774432367E1,1.269080067E1,1.817291641E1,-4.026182556E1,4.596004689E1
4.775431167E1,1.251091671E1,1.827087021E1,-4.028662109E1,4.597129076E1
4.776429967E1,1.254352188E1,1.821051598E1,-4.020596313E1,4.588553481E1
4.777428767E1,1.255463600E1,1.818343735E1,-4.028062439E1,4.594328003E1
4.778427567E1,1.253704739E1,1.819314194E1,-4.042626953E1,4.607006880E1
4.779426367E1,1.248299599E1,1.821926308E1,-4.026646423E1,4.592553623E1
4.780425167E1,1.246620464E1,1.830101395E1,-4.041502380E1,4.608370123E1
4.781423967E1,1.254564857E1,1.835839844E1,-4.029895782E1,4.602640648E1
4.782422767E1,1.266127872E1,1.835306549E1,-4.019585419E1,4.596574470E1
4.783421567E1,1.246642590E1,1.839814949E1,-4.043004608E1,4.613558611E1
4.784420367E1,1.269849682E1,1.831492043E1,-4.049877167E1,4.622595200E1
4.785419167E1,1.271355724E1,1.829683113E1,-4.038544464E1,4.612366753E1
4.786417967E1,1.261709976E1,1.817952156E1,-4.046675873E1,4.612206384E1
4.787416767E1,1.267880917E1,1.818350983E1,-4.042287445E1,4.610207165E1
4.788415567E1,1.260054111E1,1.816177750E1,-4.061125946E1,4.623741119E1
4.789414367E1,1.260912418E1,1.811597824E1,-4.051967621E1,4.614133549E1
4.790413167E1,1.263860607E1,1.828658295E1,-4.049495697E1,4.619496747E1
4.791411967E1,1.250911713E1,1.834421921E1,-4.029787445E1,4.600985845E1
4.792410767E1,1.253244305E1,1.839488983E1,-4.021433258E1,4.596331848E1
4.793409567E1,1.249920559E1,1.836077881E1,-4.034159088E1,4.605206069E1
4.794408367E1,1.252253819E1,1.838135147E1,-4.018303680E1,4.592781827E1
4.795407267E1,1.267823601E1,1.840308762E1,-4.035272980E1,4.612758507E1
4.796406067E1,1.275869274E1,1.832534218E1,-4.051667023E1,4.626232779E1
4.797404867E1,1.270177364E1,1.831165314E1,-4.032984161E1,4.607762818E1
4.798403667E1,1.271833229E1,1.815169144E1,-4.024771881E1,4.594691228E1
4.799402467E1,1.266667461E1,1.811353302E1,-4.018686676E1,4.586424516E1
4.800401267E1,1.261186790E1,1.820438766E1,-4.022768402E1,4.592086132E1
4.801400067E1,1.257816982E1,1.821076012E1,-4.024866486E1,4.593252837E1
4.802398867E1,1.266433430E1,1.815814781E1,-4.030704498E1,4.598653684E1
4.803397667E1,1.261252213E1,1.810575294E1,-4.021392059E1,4.586996200E1
4.804396467E1,1.272311306E1,1.803634834E1,-4.050666046E1,4.613000118E1
4.805395267E1,1.264202309E1,1.824110413E1,-4.026804352E1,4.597905998E1
4.806394067E1,1.268751812E1,1.820000076E1,-4.037990570E1,4.607331037E1
4.807392867E1,1.278783798E1,1.830677414E1,-4.033339691E1,4.610259956E1
4.808391667E1,1.272262192E1,1.815095711E1,-4.041753387E1,4.609663108E1
4.809390467E1,1.269846058E1,1.829448509E1,-4.040950775E1,4.613965109E1
4.810389267E1,1.275057411E1,1.826084518E1,-4.040880585E1,4.614008233E1
4.811388067E1,1.254883289E1,1.833761597E1,-4.035671234E1,4.606957344E1
4.812386867E1,1.272425365E1,1.821204376E1,-4.035941315E1,4.607024418E1
4.813385667E1,1.272018909E1,1.816942787E1,-4.033745575E1,4.603304961E1
4.814384467E1,1.279446220E1,1.821675873E1,-4.051128387E1,4.622458959E1
4.815383317E1,1.264584637E1,1.836491203E1,-4.029395294E1,4.605203652E1
4.816382117E1,1.260735893E1,1.827384758E1,-4.060697174E1,4.627964086E1
4.817380917E1,1.266944408E1,1.815906143E1,-4.042996979E1,4.609608207E1
4.818379717E1,1.262300396E1,1.837958908E1,-4.055031586E1,4.627610225E1
4.819378517E1,1.258627415E1,1.840922356E1,-4.045755768E1,4.619662090E1
4.820377317E1,1.264176369E1,1.837902641E1,-4.053852081E1,4.627066534E1
4.821376117E1,1.274472523E1,1.815570450E1,-4.065341187E1,4.631152689E1
4.822374917E1,1.276305389E1,1.811889648E1,-4.068983459E1,4.633414069E1
4.823373717E1,1.285039139E1,1.812154388E1,-4.041645813E1,4.611955116E1
4.824372517E1,1.286330605E1,1.809485245E1,-4.040864563E1,4.610582359E1
4.825371417E1,1.286330605E1,1.809485245E1,-4.040864563E1,4.610582359E1
4.826370217E1,1.279794884E1,1.818884087E1,-4.038224792E1,4.610148993E1
4.827369017E1,1.255628014E1,1.828816032E1,-4.019342041E1,4.590891006E1
4.828367817E1,1.272337151E1,1.827700996E1,-4.036737061E1,4.610268848E1
4.829366617E1,1.265800095E1,1.821776199E1,-4.048728943E1,4.616635621E1
4.830365417E1,1.250768375E1,1.823721695E1,-4.013890076E1,4.582760728E1
4.831364217E1,1.257574272E1,1.827722549E1,-4.028245544E1,4.598785158E1
4.832363017E1,1.255132866E1,1.838290596E1,-4.016679382E1,4.592209064E1
4.833361817E1,1.243024349E1,1.851513481E1,-4.019609070E1,4.596788964E1
4.834360617E1,1.248651505E1,1.831528091E1,-4.015682983E1,4.586865548E1
4.835359417E1,1.258232594E1,1.821034622E1,-4.025837708E1,4.594201302E1
4.836358217E1,1.272565365E1,1.829024315E1,-4.008445740E1,4.586108350E1
4.837357017E1,1.264045334E1,1.825595665E1,-4.021261597E1,4.593599348E1
4.838355817E1,1.250835514E1,1.832862473E1,-4.022972107E1,4.594374702E1
4.839354617E1,1.271770000E1,1.837464333E1,-4.042402649E1,4.618949370E1
4.840353417E1,1.256612301E1,1.823624802E1,-4.020680237E1,4.590267036E1
4.841352217E1,1.281967926E1,1.824632072E1,-4.023136902E1,4.599821137E1
4.842351017E1,1.259916401E1,1.818854904E1,-4.028172302E1,4.595845363E1
4.843349817E1,1.268826675E1,1.818714905E1,-4.039326477E1,4.608015129E1
4.844348617E1,1.268479729E1,1.816331291E1,-4.036091614E1,4.604143318E1
4.845347417E1,1.253212070E1,1.826969528E1,-4.064871216E1,4.629420714E1
4.846346217E1,1.254035473E1,1.818521309E1,-4.044407654E1,4.608346557E1
4.847345017E1,1.267782688E1,1.818712616E1,-4.056843567E1,4.623090768E1
4.848343817E1,1.257870197E1,1.812787247E1,-4.041569519E1,4.604641051E1
4.849342617E1,1.267831612E1,1.830102539E1,-4.046144104E1,4.618219831E1
4.850341417E1,1.271466923E1,1.822793579E1,-4.032516479E1,4.604388529E1
4.851340217E1,1.269045544E1,1.814567757E1,-4.012593079E1,4.583016032E1
4.852339017E1,1.260886574E1,1.833409119E1,-4.036447144E1,4.609135439E1
4.853337817E1,1.251147079E1,1.826528168E1,-4.054861450E1,4.619899949E1
4.854336617E1,1.265176964E1,1.832286263E1,-4.046929932E1,4.619046175E1
4.855335417E1,1.249286556E1,1.824979401E1,-4.051046753E1,4.615435679E1
4.856334317E1,1.248979759E1,1.830121803E1,-4.038020325E1,4.605964003E1
4.857333117E1,1.269490910E1,1.822299194E1,-4.028459167E1,4.600093998E1
4.858331917E1,1.254031467E1,1.814715195E1,-4.034030151E1,4.597736989E1
4.859330717E1,1.263338757E1,1.825088310E1,-4.037437439E1,4.607371618E1
4.860329517E1,1.250358200E1,1.818923569E1,-4.031573486E1,4.596244484E1
4.861328317E1,1.255265903E1,1.833561897E1,-4.021237946E1,4.594343950E1
4.862327117E1,1.256463623E1,1.808407974E1,-4.031067657E1,4.593315436E1
4.863325917E1,1.245017433E1,1.830885887E1,-4.046860504E1,4.612948242E1
4.864324717E1,1.239301395E1,1.815455627E1,-4.036080170E1,4.595834007E1
4.865323517E1,1.261114502E1,1.815422821E1,-4.011586761E1,4.580283632E1
4.866322317E1,1.240270710E1,1.825850296E1,-4.028139496E1,4.593245969E1
4.867321117E1,1.261928558E1,1.813781357E1,-4.034227753E1,4.599702170E1
4.868319917E1,1.250541782E1,1.825395203E1,-4.035491180E1,4.602294152E1
4.869318717E1,1.265447807E1,1.823517609E1,-4.037699127E1,4.607557798E1
4.870317517E1,1.271765327E1,1.821886253E1,-4.048636627E1,4.618237229E1
4.871316317E1,1.276619816E1,1.811020088E1,-4.030706024E1,4.599580738E1
4.872315117E1,1.268440151E1,1.819270325E1,-4.037042999E1,4.606126476E1
4.873313917E1,1.279339027E1,1.811882401E1,-4.046529388E1,4.614545077E1
4.874312717E1,1.254767799E1,1.814647102E1,-4.041927338E1,4.604841250E1
4.875311517E1,1.267290211E1,1.816110802E1,-4.025959015E1,4.594848084E1
4.876310317E1,1.275781727E1,1.804270935E1,-4.037950897E1,4.603048997E1
4.877309117E1,1.259111881E1,1.816002274E1,-4.031566620E1,4.597472827E1
4.878307917E1,1.260758781E1,1.808189392E1,-4.057527924E1,4.617639487E1
4.879306717E1,1.267529297E1,1.828519440E1,-4.022501373E1,4.596806626E1
4.880305517E1,1.274960041E1,1.822569656E1,-4.025449371E1,4.599078810E1
4.881304317E1,1.277915478E1,1.815866852E1,-4.015387726E1,4.588439711E1
4.882303117E1,1.279328632E1,1.809458542E1,-4.025307465E1,4.594988808E1
4.883301917E1,1.270929241E1,1.813677979E1,-4.027433014E1,4.596183811E1
4.884300717E1,1.273132133E1,1.818184090E1,-4.018148041E1,4.590443605E1
4.885299517E1,1.266502190E1,1.821935844E1,-4.017751312E1,4.589749843E1
4.886298317E1,1.252353287E1,1.826434517E1,-4.014121246E1,4.584476107E1
4.887297117E1,1.263818359E1,1.806455994E1,-4.041468048E1,4.603692440E1
4.888295917E1,1.255133915E1,1.800226212E1,-4.037734222E1,4.595592803E1
4.889294717E1,1.267793941E1,1.809394264E1,-4.013512421E1,4.581428929E1
4.890293517E1,1.266828728E1,1.816802216E1,-3.997803497E1,4.570345514E1
4.891292417E1,1.251402664E1,1.815647888E1,-4.001386261E1,4.568772033E1
4.892291217E1,1.272244549E1,1.798514175E1,-3.999765778E1,4.566331756E1
4.893290017E1,1.258502483E1,1.809439659E1,-4.013498688E1,4.578872361E1
4.894288817E1,1.261631107E1,1.804391670E1,-4.011318207E1,4.575829554E1
4.895287617E1,1.272732353E1,1.811266327E1,-4.007270050E1,4.578072368E1
4.896286417E1,1.265280437E1,1.805237961E1,-4.010727692E1,4.576653286E1
4.897285217E1,1.271813774E1,1.818496704E1,-3.981787872E1,4.558407090E1
4.898284017E1,1.260900402E1,1.824172974E1,-4.002292633E1,4.575568072E1
4.899282817E1,1.260624886E1,1.828301430E1,-4.014006805E1,4.587386168E1
4.900281617E1,1.267154980E1,1.838885880E1,-4.042539215E1,4.618366197E1
4.901280417E1,1.271082115E1,1.825546265E1,-4.010990143E1,4.586535821E1
4.902279217E1,1.276069832E1,1.817215538E1,-4.032767487E1,4.603676805E1
4.903278017E1,1.275821400E1,1.824298477E1,-4.039517975E1,4.612319443E1
4.904276817E1,1.268272114E1,1.826469421E1,-4.027219391E1,4.600326154E1
4.905275617E1,1.266323280E1,1.802518463E1,-4.022151947E1,4.585886364E1
4.906274417E1,1.278056717E1,1.801985168E1,-4.024393463E1,4.590895584E1
4.907273217E1,1.263932800E1,1.812709999E1,-4.017472076E1,4.585141824E1
4.908272017E1,1.258883572E1,1.818245888E1,-4.032811737E1,4.599388705E1
4.909270817E1,1.258883572E1,1.818245888E1,-4.032811737E1,4.599388705E1
4.910269617E1,1.261308670E1,1.810669327E1,-4.011617279E1,4.578481863E1
4.911268417E1,1.253283501E1,1.811615372E1,-4.036681366E1,4.598637433E1
4.912267217E1,1.271432018E1,1.807494354E1,-4.026032257E1,4.592658375E1
4.913266017E1,1.285516739E1,1.798833084E1,-4.014252472E1,4.582856823E1
4.914264817E1,1.275731945E1,1.810121918E1,-4.006591034E1,4.577860315E1
4.915263700E1,1.272732067E1,1.815963554E1,-4.026889801E1,4.597109093E1
4.916262500E1,1.275142097E1,1.822079849E1,-4.035808563E1,4.608005328E1
4.917261300E1,1.262431908E1,1.817881203E1,-4.041135406E1,4.607515791E1
4.918260100E1,1.255867195E1,1.810618019E1,-4.022750092E1,4.586726319E1
4.919258900E1,1.262302589E1,1.812132454E1,-4.029152679E1,4.594703818E1
4.920257700E1,1.260503483E1,1.809433746E1,-4.017801666E1,4.583192091E1
4.921256500E1,1.254797649E1,1.817456436E1,-4.026828766E1,4.592713245E1
4.922255300E1,1.243521786E1,1.817880630E1,-4.029695892E1,4.592328974E1
4.923254100E1,1.245722485E1,1.827846527E1,-4.020394135E1,4.588727104E1
4.924252900E1,1.259418583E1,1.830336952E1,-4.007657623E1,4.582312533E1
4.925251700E1,1.263444328E1,1.816348457E1,-4.014412689E1,4.583767286E1
4.926250500E1,1.274181938E1,1.823325729E1,-4.024979401E1,4.598751516E1
4.927249400E1,1.281220150E1,1.804482651E1,-4.021678925E1,4.590379514E1
4.928248200E1,1.271057415E1,1.807324219E1,-4.014995575E1,4.582815428E1
4.929247000E1,1.275581360E1,1.808898163E1,-4.004326630E1,4.575352678E1
4.930245800E1,1.271970940E1,1.813127518E1,-4.003290558E1,4.575114945E1
4.931244600E1,1.276864147E1,1.822344589E1,-4.021488190E1,4.596051470E1
4.932243400E1,1.256547070E1,1.820378876E1,-4.010202789E1,4.579783423E1
4.933242200E1,1.255872250E1,1.817969131E1,-4.038187408E1,4.603171126E1
4.934241000E1,1.248385048E1,1.819983864E1,-4.026755524E1,4.591902279E1
4.935239800E1,1.256855679E1,1.819053078E1,-4.018346405E1,4.586474477E1
4.936238600E1,1.266312790E1,1.814775467E1,-4.031696320E1,4.599079613E1
4.937237400E1,1.266385651E1,1.815792465E1,-4.019300079E1,4.588639016E1
4.938236200E1,1.279121304E1,1.806743240E1,-4.024364471E1,4.593036234E1
4.939235000E1,1.284350681E1,1.814745331E1,-4.024437714E1,4.597712061E1
4.940233800E1,1.250011635E1,1.815422630E1,-4.043881989E1,4.605569449E1
4.941232600E1,1.253920555E1,1.821310234E1,-4.046489716E1,4.611243514E1
4.942231400E1,1.252752686E1,1.820589447E1,-4.046944427E1,4.611040493E1
4.943230200E1,1.247021389E1,1.815359116E1,-4.051073456E1,4.611050554E1
4.944229000E1,1.265936279E1,1.808329773E1,-4.040312958E1,4.603996093E1
4.945227800E1,1.259185410E1,1.818180466E1,-4.031192780E1,4.598026025E1
4.946226600E1,1.278218365E1,1.818172264E1,-4.045673370E1,4.615957711E1
4.947225400E1,1.282392025E1,1.821886826E1,-4.035816193E1,4.609947207E1
4.948224200E1,1.254506207E1,1.813478661E1,-4.051052094E1,4.612321947E1
4.949223000E1,1.250671864E1,1.829038239E1,-4.060923004E1,4.626084374E1
4.950221800E1,1.257573318E1,1.816512871E1,-4.042459869E1,4.606809249E1
4.951220600E1,1.262423706E1,1.815491486E1,-4.023822784E1,4.591391156E1
4.952219400E1,1.264769173E1,1.820493889E1,-4.035703278E1,4.604426132E1
4.953218200E1,1.261479664E1,1.807248688E1,-4.040261078E1,4.602302504E1
4.954217000E1,1.261494160E1,1.820789719E1,-4.049330902E1,4.615595679E1
4.955215800E1,1.252172756E1,1.828467369E1,-4.033438873E1,4.602158045E1
4.956214600E1,1.255419922E1,1.819297791E1,-4.028905487E1,4.595432847E1
4.957213400E1,1.244481659E1,1.839701080E1,-4.030487823E1,4.601963359E1
4.958212200E1,1.245477295E1,1.837648582E1,-4.044910431E1,4.614050975E1
4.959211000E1,1.258870792E1,1.845343018E1,-4.018946075E1,4.598040244E1
4.960209800E1,1.242290592E1,1.839034843E1,-4.031874847E1,4.602320051E1
4.961208600E1,1.229286480E1,1.848670769E1,-4.008467865E1,4.582198543E1
4.962207400E1,1.232533360E1,1.847817421E1,-4.013614655E1,4.587229044E1
4.963206200E1,1.237307549E1,1.850144196E1,-4.007509613E1,4.584113525E1
4.964205100E1,1.240849495E1,1.846608162E1,-4.012624359E1,4.588117634E1
4.965203900E1,1.236888599E1,1.842235184E1,-4.018346405E1,4.590297562E1
4.966202700E1,1.241261864E1,1.837075043E1,-4.002637482E1,4.575661978E1
4.967201500E1,1.242052460E1,1.844055557E1,-4.011511993E1,4.586443468E1
4.968200300E1,1.250713348E1,1.841088486E1,-4.010062408E1,4.586337451E1
4.969199100E1,1.247364426E1,1.839722252E1,-4.018354034E1,4.592130782E1
4.970197900E1,1.246365452E1,1.833072090E1,-4.026374054E1,4.596223248E1
4.971196700E1,1.265598965E1,1.848187637E1,-4.026796722E1,4.607887816E1
4.972195500E1,1.256210899E1,1.835064316E1,-4.017655182E1,4.592067076E1
4.973194300E1,1.254878330E1,1.856766891E1,-4.017089081E1,4.599924738E1
4.974193100E1,1.246253109E1,1.838315010E1,-4.009992218E1,4.583948786E1
4.975191900E1,1.241808319E1,1.862847710E1,-3.998833466E1,4.582898491E1
4.976190700E1,1.248078632E1,1.847668266E1,-4.009824371E1,4.588057300E1
4.977189500E1,1.264830112E1,1.839575577E1,-3.993852997E1,4.575444817E1
4.978188300E1,1.261411858E1,1.829415894E1,-3.988028717E1,4.565336289E1
4.979187100E1,1.248678112E1,1.842602539E1,-4.003713226E1,4.580840615E1
4.980185900E1,1.260685635E1,1.835487747E1,-4.004117584E1,4.581626476E1
4.981184700E1,1.251730919E1,1.855606842E1,-3.993158722E1,4.577709430E1
4.982183500E1,1.259189034E1,1.848100662E1,-3.996694183E1,4.579803214E1
4.983182300E1,1.266479588E1,1.824836349E1,-4.007953644E1,4.582323718E1
4.984181100E1,1.258494473E1,1.830168724E1,-4.023853302E1,4.596163758E1
4.985179900E1,1.248982334E1,1.848752403E1,-4.014571381E1,4.592888600E1
4.986178700E1,1.243798256E1,1.845250893E1,-4.000321198E1,4.577614514E1
4.987177500E1,1.262505436E1,1.836191750E1,-3.997077179E1,4.576258962E1
4.988176300E1,1.266545963E1,1.820390892E1,-4.013780975E1,4.585673276E1
4.989175100E1,1.259422684E1,1.833367157E1,-4.019687653E1,4.594047176E1
4.990173900E1,1.255761147E1,1.839466095E1,-4.001432037E1,4.579522892E1
4.991172700E1,1.258193684E1,1.834971046E1,-3.998537445E1,4.575857492E1
4.992171500E1,1.264965057E1,1.834104347E1,-3.991213226E1,4.570980023E1
4.993170300E1,1.255058289E1,1.830195427E1,-4.018910980E1,4.590907544E1
4.994169100E1,1.259403992E1,1.829592705E1,-4.000579071E1,4.575821323E1
4.995167900E1,1.259403992E1,1.829592705E1,-4.000579071E1,4.575821323E1
4.996166700E1,1.270023060E1,1.824682426E1,-3.993006134E1,4.570177515E1
4.997165500E1,1.247905827E1,1.838261795E1,-3.985793304E1,4.563225136E1
4.998164300E1,1.251572990E1,1.824353027E1,-4.000722504E1,4.571704219E1
4.999163100E1,1.257182884E1,1.827324104E1,-3.995943451E1,4.570250130E1
5.000161900E1,1.257646370E1,1.829802704E1,-4.004674530E1,4.579003212E1
5.001160700E1,1.261627293E1,1.828312874E1,-3.995609283E1,4.571577948E1
5.002159500E1,1.257285976E1,1.830047989E1,-4.006320953E1,4.580442255E1
5.003158300E1,1.263579082E1,1.829042053E1,-3.996811676E1,4.573459358E1
5.004157200E1,1.264518738E1,1.827203369E1,-3.998128510E1,4.574135041E1
5.005156000E1,1.257219219E1,1.824905205E1,-4.009697723E1,4.581326773E1
5.006154800E1,1.268232155E1,1.826817513E1,-3.984801483E1,4.563366946E1
5.007153600E1,1.254431438E1,1.824080276E1,-3.999134064E1,4.570988990E1
5.008152400E1,1.241206551E1,1.843860626E1,-4.001668549E1,4.577528469E1
5.009151200E1,1.251828766E1,1.844383621E1,-4.007343292E1,4.585588998E1
5.010150000E1,1.247699833E1,1.838915253E1,-4.000102997E1,4.575935769E1
5.011148800E1,1.252219486E1,1.831974030E1,-3.984291840E1,4.560566187E1
5.012147600E1,1.267098427E1,1.820357513E1,-4.000437164E1,4.574137887E1
5.013146400E1,1.261987972E1,1.821256065E1,-4.021144867E1,4.591208266E1
5.014145200E1,1.262840080E1,1.821392822E1,-3.998798370E1,4.571938898E1
5.015143900E1,1.260671234E1,1.814787292E1,-4.024768829E1,4.591460444E1
5.016142700E1,1.262832069E1,1.813230324E1,-3.992906952E1,4.563535359E1
5.017141500E1,1.270094872E1,1.814837265E1,-4.001644135E1,4.573831114E1
5.018140300E1,1.254478073E1,1.827439690E1,-4.013948822E1,4.585306555E1
5.019139100E1,1.267843914E1,1.829159927E1,-4.017270660E1,4.592572023E1
5.020137900E1,1.267556572E1,1.815422630E1,-4.007840729E1,4.578782185E1
5.021136700E1,1.292203903E1,1.807254410E1,-3.996608734E1,4.572618594E1
5.022135500E1,1.288075733E1,1.803211594E1,-3.998281097E1,4.571319599E1
5.023134300E1,1.275809956E1,1.810157013E1,-3.998868561E1,4.571138723E1
5.024133100E1,1.264926815E1,1.828896713E1,-3.999633026E1,4.576239436E1
5.025131900E1,1.269241333E1,1.826729774E1,-4.002158356E1,4.578775681E1
5.026130700E1,1.261275768E1,1.823441887E1,-3.995018768E1,4.569018695E1
5.027129500E1,1.252422047E1,1.816588593E1,-4.020613861E1,4.586272006E1
5.028128300E1,1.253462982E1,1.822558594E1,-4.002935028E1,4.573442698E1
5.029127100E1,1.266265678E1,1.819187355E1,-4.005168915E1,4.577581178E1
5.030125900E1,1.265214443E1,1.819869614E1,-4.009558868E1,4.581403204E1
5.031124700E1,1.257665920E1,1.822074509E1,-4.010956573E1,4.581424638E1
5.032123500E1,1.239592266E1,1.831952286E1,-4.018996429E1,4.587479751E1
5.033122300E1,1.234061909E1,1.838424683E1,-4.016429901E1,4.586330043E1
5.034121100E1,1.250254726E1,1.824244308E1,-3.992418671E1,4.564034511E1
5.035119900E1,1.244819546E1,1.819766426E1,-4.020545197E1,4.585401752E1
5.036118700E1,1.235798454E1,1.834048462E1,-4.010686493E1,4.580015035E1
5.037117500E1,1.242537975E1,1.833615685E1,-4.017917633E1,4.587996208E1
5.038116300E1,1.238139057E1,1.818926239E1,-4.017165375E1,4.580294601E1
5.039115100E1,1.246838093E1,1.833898735E1,-3.999620819E1,4.573265409E1
5.040113900E1,1.239998245E1,1.826200485E1,-3.995494843E1,4.564710604E1
5.041112700E1,1.256907845E1,1.813854408E1,-4.013961029E1,4.580586020E1
5.042111500E1,1.250135326E1,1.827046394E1,-4.018810272E1,4.588221100E1
5.043110300E1,1.239973831E1,1.829491043E1,-4.034415436E1,4.600117443E1
5.044109100E1,1.246240330E1,1.828059387E1,-4.012618256E1,4.582141568E1
5.045107900E1,1.247696304E1,1.835024452E1,-4.026174164E1,4.597188185E1
5.046106800E1,1.235312748E1,1.840946388E1,-4.029485321E1,4.599112212E1
5.047105600E1,1.239914227E1,1.845968819E1,-4.016776276E1,4.591239464E1
5.048104400E1,1.242170238E1,1.830224228E1,-4.000324249E1,4.571137903E1
5.049103200E1,1.262010288E1,1.833961678E1,-4.006690216E1,4.583628681E1
5.050102000E1,1.244315243E1,1.844775581E1,-3.997342682E1,4.574960752E1
5.051100800E1,1.251129436E1,1.840054893E1,-4.017093658E1,4.592185573E1
5.052099600E1,1.248873806E1,1.827382851E1,-4.008013153E1,4.578556902E1
5.053098400E1,1.242365646E1,1.828285599E1,-4.009171295E1,4.578160668E1
5.054097200E1,1.239759064E1,1.838938904E1,-3.987021637E1,4.562350311E1
5.055096000E1,1.242396736E1,1.819944763E1,-4.011890411E1,4.577227683E1
5.056094800E1,1.266936684E1,1.821858978E1,-3.993424225E1,4.568559482E1
5.057093600E1,1.264360809E1,1.828000450E1,-3.993112946E1,4.570026794E1
5.058092400E1,1.263421345E1,1.820465469E1,-3.981024933E1,4.556192219E1
5.059091200E1,1.269247246E1,1.828054619E1,-4.012204742E1,4.588088835E1
5.060090000E1,1.256877232E1,1.814173508E1,-4.006200409E1,4.573905072E1
5.061088800E1,1.250979137E1,1.828846741E1,-4.023204803E1,4.593017101E1
5.062087600E1,1.263263130E1,1.814921951E1,-4.010092926E1,4.579369029E1
5.063086400E1,1.265168762E1,1.819001579E1,-4.004143524E1,4.576306819E1
5.064085200E1,1.285630608E1,1.810524940E1,-4.024097443E1,4.596107793E1
5.065084000E1,1.275520229E1,1.827809906E1,-4.014971161E1,4.592149206E1
5.066082800E1,1.267432499E1,1.825629807E1,-4.010279083E1,4.584937039E1
5.067081600E1,1.263749790E1,1.811756134E1,-4.035727692E1,4.600719707E1
5.068080400E1,1.275236511E1,1.807010651E1,-4.030927277E1,4.597813650E1
5.069079200E1,1.277054977E1,1.814868927E1,-4.044112396E1,4.612966910E1
5.070078000E1,1.271558952E1,1.819526482E1,-4.033574677E1,4.604048594E1
5.071076800E1,1.268014526E1,1.817444229E1,-4.029674530E1,4.598830415E1
5.072075600E1,1.269026279E1,1.818981171E1,-4.038993073E1,4.607882945E1
5.073074400E1,1.254561329E1,1.837240028E1,-4.031853485E1,4.604912331E1
5.074073200E1,1.255263805E1,1.823648071E1,-4.033414459E1,4.601066367E1
5.075072000E1,1.258542061E1,1.833258820E1,-4.011840057E1,4.586897281E1
5.076070800E1,1.256283283E1,1.825818253E1,-4.023303986E1,4.593346812E1
5.077069600E1,1.254566288E1,1.826562691E1,-4.015068817E1,4.585961779E1
5.078068400E1,1.255474854E1,1.831650734E1,-4.016448212E1,4.589446345E1
5.079067200E1,1.255474854E1,1.831650734E1,-4.016448212E1,4.589446345E1
5.080066000E1,1.251908493E1,1.824658585E1,-4.026590729E1,4.594571441E1
5.081064800E1,1.252763367E1,1.834462357E1,-4.029599762E1,4.601341373E1
5.082063600E1,1.262071323E1,1.835940361E1,-3.999486542E1,4.578143033E1
5.083062400E1,1.282861710E1,1.819409561E1,-4.004779816E1,4.581947914E1
5.084061200E1,1.259030628E1,1.831237030E1,-4.006577301E1,4.581620767E1
5.085060000E1,1.252490425E1,1.829386520E1,-4.004170990E1,4.576982917E1
5.086058800E1,1.267230034E1,1.834346199E1,-4.005890656E1,4.584523735E1
5.087057600E1,1.271645546E1,1.818732071E1,-3.990746307E1,4.566281291E1
5.088056400E1,1.270447254E1,1.812579727E1,-3.986528778E1,4.559812846E1
5.089055200E1,1.273436642E1,1.801485825E1,-4.012165070E1,4.578696387E1
5.090054000E1,1.271388149E1,1.807399559E1,-3.997803497E1,4.567882857E1
5.091052800E1,1.272155476E1,1.810667610E1,-3.986544037E1,4.559542752E1
5.092051700E1,1.265683460E1,1.819591522E1,-3.993061066E1,4.566990760E1
5.093050500E1,1.266157818E1,1.828805542E1,-4.003528595E1,4.579948312E1
5.094049300E1,1.254117107E1,1.839395332E1,-3.991347504E1,4.570234108E1
5.095048100E1,1.260243893E1,1.814912033E1,-4.006310272E1,4.575220471E1
5.096046900E1,1.263167667E1,1.828764915E1,-4.018228912E1,4.591964423E1
5.097045700E1,1.280891228E1,1.831312561E1,-4.030376434E1,4.608505423E1
5.098044500E1,1.276511765E1,1.840447235E1,-4.022949982E1,4.604438605E1
5.099043300E1,1.278417873E1,1.838029099E1,-4.016275787E1,4.598170770E1
5.100042100E1,1.274235916E1,1.834360886E1,-3.998949432E1,4.580409762E1
5.101040900E1,1.282464027E1,1.836996460E1,-4.020580292E1,4.602644442E1
5.102039700E1,1.264026070E1,1.839640617E1,-4.039199066E1,4.614885546E1
5.103038500E1,1.254925156E1,1.841693115E1,-4.010752106E1,4.588333372E1
5.104037300E1,1.254367065E1,1.835245895E1,-4.014199066E1,4.588611813E1
5.105036100E1,1.258709049E1,1.834775925E1,-4.008634186E1,4.584746362E1
5.106034900E1,1.257535648E1,1.836506653E1,-3.995038605E1,4.573235840E1
5.107033700E1,1.268055439E1,1.823307419E1,-4.010643768E1,4.584504115E1
5.108032500E1,1.252505398E1,1.819500542E1,-4.007959747E1,4.576362456E1
5.109031300E1,1.250112247E1,1.827292824E1,-4.003376007E1,4.574800449E1
5.110030100E1,1.264908981E1,1.819113159E1,-3.998224640E1,4.571101365E1
5.111028900E1,1.270645237E1,1.827703285E1,-3.993843842E1,4.572289060E1
5.112027700E1,1.258759403E1,1.829747391E1,-4.001247406E1,4.576290152E1
5.113026500E1,1.261822510E1,1.838766289E1,-4.008283234E1,4.586893501E1
5.114025300E1,1.254343510E1,1.837394714E1,-3.987841034E1,4.566428921E1
5.115024100E1,1.263151646E1,1.825994301E1,-4.000318146E1,4.575188798E1
5.116022913E1,1.260434151E1,1.831537056E1,-3.986849213E1,4.564886513E1
5.117021712E1,1.253727913E1,1.822678947E1,-4.017986298E1,4.586742429E1
5.118020512E1,1.254349613E1,1.828750992E1,-4.006060028E1,4.578890705E1
5.119019312E1,1.271515083E1,1.823209000E1,-4.019532013E1,4.593199241E1
5.120018112E1,1.267424297E1,1.822464561E1,-4.013492584E1,4.586487125E1
5.121016912E1,1.279174709E1,1.823824692E1,-4.025719452E1,4.600982672E1
5.122015712E1,1.256402493E1,1.816921997E1,-4.036728668E1,4.601622660E1
5.123014512E1,1.265855408E1,1.824562454E1,-4.034644318E1,4.605406913E1
5.124013312E1,1.266160679E1,1.826345062E1,-4.025695038E1,4.598360544E1
5.125012112E1,1.261332035E1,1.817228889E1,-4.023625946E1,4.591605938E1
5.126010912E1,1.262694454E1,1.825981522E1,-4.002863312E1,4.577283091E1
5.127009712E1,1.254246807E1,1.823452377E1,-4.013455963E1,4.583224017E1
5.128008513E1,1.257608318E1,1.822750092E1,-4.014052582E1,4.584388150E1
5.129007312E1,1.265483570E1,1.817940331E1,-4.004488373E1,4.576273903E1
5.130006112E1,1.262688351E1,1.816083527E1,-3.988201141E1,4.560514180E1
5.131004912E1,1.259538174E1,1.832245445E1,-4.015247345E1,4.589746292E1
5.132003712E1,1.254433537E1,1.822625160E1,-4.007343292E1,4.577593935E1
5.133002513E1,1.257585049E1,1.824554825E1,-4.004810333E1,4.577010626E1
5.134001312E1,1.266362286E1,1.813313675E1,-3.995030975E1,4.566404758E1
5.135000112E1,1.267340851E1,1.809772491E1,-4.002550507E1,4.571853001E1
5.135998912E1,1.269675922E1,1.828296661E1,-4.005524445E1,4.582463498E1
5.136997712E1,1.271868706E1,1.828742981E1,-4.016408539E1,4.592764793E1
5.137996513E1,1.273047352E1,1.811272240E1,-3.999686432E1,4.571525811E1
5.138995412E1,1.274499512E1,1.820206833E1,-4.006877899E1,4.581765208E1
5.139994212E1,1.276197624E1,1.818280792E1,-4.009709930E1,4.583950168E1
5.140993012E1,1.269208908E1,1.815148735E1,-4.023415375E1,4.592769041E1
5.141991812E1,1.264100075E1,1.824835014E1,-4.010257721E1,4.583681797E1
5.142990613E1,1.270542717E1,1.827580833E1,-4.014978790E1,4.590684610E1
5.143989412E1,1.266988182E1,1.822969818E1,-4.021543121E1,4.593613729E1
5.144988212E1,1.267666245E1,1.814296722E1,-4.018219757E1,4.587454667E1
5.145987012E1,1.271878052E1,1.820402527E1,-4.010431671E1,4.584223089E1
5.146985812E1,1.266645050E1,1.842063141E1,-4.015628815E1,4.595961387E1
5.147984613E1,1.266249466E1,1.812222481E1,-4.008676910E1,4.577884730E1
5.148983412E1,1.274308586E1,1.814478683E1,-3.999028778E1,4.572573284E1
5.149982212E1,1.259335423E1,1.811756516E1,-4.029518890E1,4.594062458E1
5.150981012E1,1.252157116E1,1.829882812E1,-4.024427032E1,4.594821160E1
5.151979812E1,1.253174973E1,1.820592117E1,-4.016416168E1,4.584386764E1
5.152978613E1,1.249807835E1,1.823669052E1,-4.018065643E1,4.586135623E1
5.153977412E1,1.259703255E1,1.823036194E1,-4.001032257E1,4.573682584E1
5.154976212E1,1.260763168E1,1.820851898E1,-4.019429779E1,4.589209208E1
5.155975012E1,1.257034683E1,1.830994415E1,-4.010248566E1,4.584186984E1
5.156973812E1,1.257944965E1,1.840248489E1,-4.012679291E1,4.590265257E1
5.157972612E1,1.258735657E1,1.828289604E1,-3.999967194E1,4.574581498E1
5.158971412E1,1.267957592E1,1.822128677E1,-4.000569916E1,4.575197157E1
5.159970212E1,1.259546185E1,1.822217941E1,-4.012554169E1,4.583396751E1
5.160969012E1,1.251504326E1,1.836623955E1,-4.005355072E1,4.580646230E1
5.161967812E1,1.247384930E1,1.832684326E1,-4.002982330E1,4.575868064E1
5.162966612E1,1.255293465E1,1.836498260E1,-4.000031281E1,4.576979112E1
5.163965412E1,1.255293465E1,1.836498260E1,-4.000031281E1,4.576979112E1
5.164964213E1,1.264674664E1,1.826354599E1,-4.006081390E1,4.580792642E1
5.165963012E1,1.260102940E1,1.832584572E1,-4.029158783E1,4.602211004E1
5.166961812E1,1.257037830E1,1.822529030E1,-4.020128632E1,4.589465153E1
5.167960612E1,1.261217403E1,1.832847214E1,-4.018392181E1,4.593198664E1
5.168959412E1,1.252405643E1,1.829078102E1,-4.002051544E1,4.574982313E1
5.169958213E1,1.267221451E1,1.824984932E1,-3.992636871E1,4.569197894E1
5.170957012E1,1.270578003E1,1.819971085E1,-3.989714813E1,4.565576360E1
5.171955812E1,1.264824295E1,1.828856277E1,-3.987589264E1,4.565672340E1
5.172954612E1,1.279018211E1,1.806891823E1,-3.990888214E1,4.563763182E1
5.173953412E1,1.267297459E1,1.815800667E1,-3.982158661E1,4.556397975E1
5.174952212E1,1.268152237E1,1.806533813E1,-3.996750641E1,4.565719023E1
5.175951012E1,1.268023300E1,1.814780807E1,-3.995340729E1,4.567719344E1
5.176949812E1,1.265959454E1,1.820100403E1,-3.985874176E1,4.560988025E1
5.177948612E1,1.269269085E1,1.819607925E1,-3.986417389E1,4.562185947E1
5.178947412E1,1.271773148E1,1.819142532E1,-4.000986481E1,4.575432145E1
5.179946212E1,1.252000904E1,1.831847382E1,-4.025055695E1,4.596111883E1
5.180945012E1,1.255196857E1,1.827315521E1,-4.024695587E1,4.594864060E1
5.181943813E1,1.263529396E1,1.818614960E1,-4.009021759E1,4.579969691E1
5.182942612E1,1.269264126E1,1.807792282E1,-4.039327240E1,4.603836325E1
5.183941412E1,1.264150143E1,1.810017204E1,-4.027849579E1,4.593235253E1
5.184940212E1,1.270525932E1,1.805015182E1,-4.044127655E1,4.607307722E1
5.185939012E1,1.267385769E1,1.818831253E1,-4.023569489E1,4.593857338E1
5.186937813E1,1.263355923E1,1.821715546E1,-4.016445160E1,4.587651626E1
5.187936612E1,1.268333912E1,1.827696609E1,-4.004425812E1,4.580892041E1
5.188935412E1,1.259945965E1,1.818750191E1,-4.022167206E1,4.590549545E1
5.189934312E1,1.272843266E1,1.815020752E1,-4.025916290E1,4.595914739E1
5.190933112E1,1.272143173E1,1.812577248E1,-4.024179840E1,4.593235017E1
5.191931912E1,1.260238743E1,1.814595604E1,-4.017761993E1,4.585124898E1
5.192930712E1,1.266694641E1,1.814093590E1,-4.015700531E1,4.584899303E1
5.193929512E1,1.267630386E1,1.818216705E1,-4.013446808E1,4.584817779E1
5.194928312E1,1.274781418E1,1.815196228E1,-4.014249420E1,4.586306075E1
5.195927112E1,1.264332104E1,1.818995667E1,-4.003853607E1,4.575819556E1
5.196925913E1,1.260458660E1,1.815697479E1,-4.017557526E1,4.585442382E1
5.197924712E1,1.278020382E1,1.801912880E1,-4.006772614E1,4.575418331E1
5.198923512E1,1.277610874E1,1.813733673E1,-4.018202972E1,4.589975437E1
5.199922312E1,1.271683693E1,1.825155258E1,-3.996120453E1,4.573548929E1
5.200921112E1,1.277603054E1,1.820025635E1,-4.007262421E1,4.582893735E1
5.201919913E1,1.259203434E1,1.819718361E1,-3.989736176E1,4.562341828E1
5.202918712E1,1.260070896E1,1.810142899E1,-4.014226532E1,4.580219495E1
5.203917512E1,1.275634003E1,1.812684441E1,-4.008513641E1,4.580529293E1
5.204916312E1,1.271802235E1,1.812473488E1,-4.007062531E1,4.578110002E1
5.205915112E1,1.279520893E1,1.804944611E1,-3.992240143E1,4.564315953E1
5.206913913E1,1.272781849E1,1.812185287E1,-4.013037872E1,4.583498894E1
5.207912712E1,1.287874222E1,1.801067162E1,-4.021102142E1,4.590394904E1
5.208911512E1,1.290828133E1,1.804060555E1,-3.995709991E1,4.570182719E1
5.209910312E1,1.279502964E1,1.794599152E1,-4.016762543E1,4.581713138E1
5.210909112E1,1.262128162E1,1.795438576E1,-4.033087921E1,4.591553698E1
5.211907912E1,1.267781448E1,1.801813507E1,-4.003496552E1,4.569659326E1
5.212906712E1,1.264560127E1,1.805463791E1,-4.003652191E1,4.570343826E1
5.213905512E1,1.273815918E1,1.792175674E1,-3.991254425E1,4.556820440E1
5.214904312E1,1.277383518E1,1.791562462E1,-4.007028961E1,4.571398670E1
5.215903100E1,1.275790024E1,1.795633316E1,-3.983618927E1,4.552049972E1
5.216901900E1,1.264109325E1,1.797377014E1,-4.003993988E1,4.567330114E1
5.217900700E1,1.262886238E1,1.802044296E1,-4.004485321E1,4.569261208E1
5.218899500E1,1.277615356E1,1.799735260E1,-4.001644135E1,4.569956650E1
5.219898300E1,1.262786293E1,1.804329872E1,-4.024378204E1,4.587576205E1
5.220897100E1,1.271075535E1,1.803272057E1,-4.007569122E1,4.574716756E1
5.221895900E1,1.254008579E1,1.809019470E1,-4.023790741E1,4.586499851E1
5.222894700E1,1.271896839E1,1.788006783E1,-4.040232086E1,4.597626032E1
5.223893500E1,1.267128658E1,1.794587326E1,-4.028557587E1,4.588620156E1
5.224892300E1,1.264056683E1,1.799861717E1,-4.036898041E1,4.597160786E1
5.225891100E1,1.267432022E1,1.806205750E1,-4.003902435E1,4.571651545E1
5.226889900E1,1.263436508E1,1.820500183E1,-4.022492218E1,4.592486948E1
5.227888700E1,1.253387547E1,1.824615288E1,-4.021001434E1,4.590060329E1
5.228887500E1,1.262420464E1,1.803461266E1,-4.037802887E1,4.598916189E1
5.229886300E1,1.257683086E1,1.821523285E1,-4.017212677E1,4.586688513E1
5.230885100E1,1.264923477E1,1.811561775E1,-4.013524628E1,4.581502745E1
5.231883900E1,1.244794083E1,1.821534348E1,-4.029616547E1,4.594051502E1
5.232882700E1,1.242601871E1,1.825326729E1,-4.038317108E1,4.602595153E1
5.233881500E1,1.257791996E1,1.827020645E1,-4.025577545E1,4.596228858E1
5.234880300E1,1.241939163E1,1.822094917E1,-4.034397125E1,4.597695394E1
5.235879100E1,1.262779713E1,1.809820747E1,-4.016910553E1,4.583190388E1
5.236877900E1,1.274580669E1,1.810706902E1,-4.015238190E1,4.585341109E1
5.237876700E1,1.276830292E1,1.802573395E1,-4.022850800E1,4.589432971E1
5.238875500E1,1.258662224E1,1.813976669E1,-4.018480682E1,4.585076765E1
5.239874300E1,1.263415146E1,1.802631760E1,-4.015540314E1,4.579329984E1
5.240873100E1,1.262062931E1,1.795559502E1,-4.036348724E1,4.594447496E1
5.241871900E1,1.259058189E1,1.811024094E1,-4.020333099E1,4.585642160E1
5.242870700E1,1.265312672E1,1.815098190E1,-4.030561066E1,4.597936505E1
5.243869500E1,1.261005974E1,1.802745819E1,-4.036339569E1,4.596962657E1
5.244868300E1,1.259236622E1,1.806697845E1,-4.039167023E1,4.600511299E1
5.245867200E1,1.263937759E1,1.811222839E1,-4.030907440E1,4.596333498E1
5.246866000E1,1.249922466E1,1.806750488E1,-4.023331451E1,4.584086547E1
5.247864800E1,1.262513828E1,1.807118225E1,-4.020748138E1,4.585415253E1
5.248863600E1,1.262513828E1,1.807118225E1,-4.020748138E1,4.585415253E1
5.249862400E1,1.271147251E1,1.811739922E1,-4.042066193E1,4.608309450E1
5.250861200E1,1.277792835E1,1.796648598E1,-4.026808929E1,4.590848600E1
5.251860000E1,1.274606133E1,1.783317184E1,-4.039662933E1,4.596054568E1
5.252858800E1,1.268399429E1,1.797064972E1,-4.022060394E1,4.584239243E1
5.253857600E1,1.273176003E1,1.804194641E1,-4.033344269E1,4.598256346E1
5.254856400E1,1.282614422E1,1.807018471E1,-4.024028778E1,4.593824454E1
5.255855200E1,1.276077747E1,1.817493820E1,-4.023677826E1,4.595828701E1
5.256854000E1,1.264040375E1,1.810560036E1,-4.042737579E1,4.606479442E1
5.257852800E1,1.278844070E1,1.802954102E1,-4.037706757E1,4.603168637E1
5.258851600E1,1.276478291E1,1.809387779E1,-4.020345306E1,4.589821058E1
5.259850400E1,1.271811867E1,1.812878227E1,-4.011728668E1,4.582357450E1
5.260849200E1,1.256523323E1,1.812691498E1,-4.023406219E1,4.588300223E1
5.261848000E1,1.257007885E1,1.815045357E1,-4.005796051E1,4.573932714E1
5.262846800E1,1.281920719E1,1.810356712E1,-4.017612457E1,4.589326967E1
5.263845600E1,1.271476746E1,1.805399132E1,-4.012525177E1,4.580008454E1
5.264844400E1,1.259212589E1,1.815093040E1,-4.000426483E1,4.569856796E1
5.265843200E1,1.277497768E1,1.800040436E1,-4.001897430E1,4.570265765E1
5.266842000E1,1.263489723E1,1.804590607E1,-4.031943512E1,4.594509987E1
5.267840800E1,1.273886967E1,1.812092209E1,-4.018709564E1,4.588735418E1
5.268839600E1,1.269252968E1,1.795634079E1,-4.028946686E1,4.589958196E1
5.269838400E1,1.265778160E1,1.818133163E1,-4.040039825E1,4.607572500E1
5.270837200E1,1.274231529E1,1.812943649E1,-4.034273529E1,4.602802795E1
5.271836000E1,1.266640568E1,1.815955353E1,-4.036969757E1,4.604258571E1
5.272834800E1,1.278764725E1,1.821745491E1,-4.013092804E1,4.588998770E1
5.273833600E1,1.266143799E1,1.820328140E1,-4.010881805E1,4.582999838E1
5.274832400E1,1.260483170E1,1.821636391E1,-4.025235748E1,4.594529333E1
5.275831200E1,1.280242348E1,1.827538872E1,-4.024245453E1,4.601463926E1
5.276830000E1,1.274465370E1,1.827259254E1,-4.020711517E1,4.596657423E1
5.277828800E1,1.281490612E1,1.829040909E1,-3.992023468E1,4.574260618E1
5.278827600E1,1.283577442E1,1.823262405E1,-4.023760223E1,4.600272077E1
5.279826400E1,1.263135147E1,1.836320686E1,-4.004772186E1,4.583206773E1
5.280825200E1,1.274947453E1,1.807335091E1,-4.010071564E1,4.579587873E1
5.281824000E1,1.269124699E1,1.805309677E1,-3.986722565E1,4.556728798E1
5.282822800E1,1.279492474E1,1.800687790E1,-3.999446869E1,4.568933438E1
5.283821600E1,1.284744358E1,1.800709534E1,-4.014556122E1,4.583643065E1
5.284820400E1,1.275706291E1,1.796781731E1,-4.040567780E1,4.602394932E1
5.285819200E1,1.281831837E1,1.794844055E1,-4.023128510E1,4.588041090E1
5.286818000E1,1.270585155E1,1.806329536E1,-4.030713654E1,4.596070668E1
5.287816800E1,1.287663937E1,1.806955719E1,-4.029108429E1,4.599661087E1
5.288815600E1,1.285883427E1,1.806913376E1,-4.042780304E1,4.611128357E1
5.289814400E1,1.291288853E1,1.801770782E1,-4.004093170E1,4.576741960E1
5.290813200E1,1.288928032E1,1.796304321E1,-4.009822845E1,4.578943540E1
5.291812000E1,1.274442005E1,1.806732178E1,-4.020087433E1,4.587982842E1
5.292810800E1,1.305149841E1,1.787350464E1,-4.010596466E1,4.580711932E1
5.293809600E1,1.301506519E1,1.799309731E1,-4.020746613E1,4.593238297E1
5.294808400E1,1.291333961E1,1.795397568E1,-4.019635773E1,4.587860893E1
5.295807200E1,1.307365990E1,1.799526024E1,-4.013350677E1,4.588516471E1
5.296806000E1,1.290899181E1,1.801204300E1,-4.021587372E1,4.591723273E1
5.297804800E1,1.276655674E1,1.808278275E1,-4.013059235E1,4.583051871E1
5.298803600E1,1.269629383E1,1.811800385E1,-4.014096832E1,4.583399697E1
5.299802400E1,1.273430443E1,1.816025162E1,-4.016541290E1,4.588265077E1
5.300801200E1,1.272503662E1,1.824043465E1,-4.010874176E1,4.586230673E1
5.301800000E1,1.273400307E1,1.822474480E1,-4.011270905E1,4.586202769E1
5.302798800E1,1.286311436E1,1.809513855E1,-4.022960663E1,4.594904786E1
5.303797600E1,1.267626858E1,1.818261719E1,-4.030646515E1,4.599898353E1
5.304796400E1,1.281965446E1,1.814306641E1,-4.025421906E1,4.597734824E1
5.305795200E1,1.284529114E1,1.818784142E1,-4.023961639E1,4.598940973E1
5.306794000E1,1.264117908E1,1.828338051E1,-4.026545715E1,4.599335225E1
5.307792800E1,1.268569374E1,1.812442780E1,-4.018139648E1,4.586901276E1
5.308791600E1,1.277571392E1,1.814617920E1,-4.037995911E1,4.607649925E1
5.309790400E1,1.260347080E1,1.819594574E1,-4.036111450E1,4.603215704E1
5.310789300E1,1.270243740E1,1.818171692E1,-4.017465210E1,4.589040659E1
5.311788100E1,1.278994370E1,1.805075836E1,-4.008171082E1,4.578161289E1
5.312786900E1,1.277486324E1,1.803284073E1,-4.024995422E1,4.591774483E1
5.313785700E1,1.250022602E1,1.817884064E1,-4.009088135E1,4.576029572E1
5.314784500E1,1.253643894E1,1.820663834E1,-4.013165283E1,4.581695690E1
5.315783317E1,1.267625332E1,1.822317505E1,-4.007655334E1,4.581377124E1
5.316782117E1,1.270379734E1,1.815075874E1,-4.005792236E1,4.577634382E1
5.317780917E1,1.270324230E1,1.809985733E1,-4.010371399E1,4.579612512E1
5.318779717E1,1.272442532E1,1.816769791E1,-4.026870728E1,4.597330783E1
5.319778517E1,1.283029175E1,1.807890511E1,-4.003507996E1,4.576320381E1
5.320777317E1,1.291583252E1,1.805493355E1,-3.997523499E1,4.572547176E1
5.321776117E1,1.287163639E1,1.814163780E1,-4.007786560E1,4.583703041E1
5.322774917E1,1.276792049E1,1.817046356E1,-4.008934021E1,4.582947456E1
5.323773717E1,1.277727318E1,1.821255112E1,-4.000778198E1,4.577748734E1
5.324772517E1,1.277543831E1,1.814923096E1,-4.010745239E1,4.583900245E1
5.325771317E1,1.277898693E1,1.818081093E1,-4.022576904E1,4.595603212E1
5.326770117E1,1.282225323E1,1.826735687E1,-4.010420227E1,4.589611688E1
5.327768917E1,1.264288235E1,1.815956879E1,-3.998097229E1,4.569562953E1
5.328767717E1,1.277829838E1,1.817287064E1,-4.002145386E1,4.577395444E1
5.329766517E1,1.271683788E1,1.811773109E1,-3.979548645E1,4.553735706E1
5.330765317E1,1.275792122E1,1.809008598E1,-3.996736145E1,4.568813572E1
5.331764117E1,1.264816189E1,1.823065376E1,-3.998771667E1,4.573128274E1
5.332762917E1,1.275681210E1,1.819116974E1,-4.001248169E1,4.576738579E1
5.333761717E1,1.265376282E1,1.825167274E1,-3.990127563E1,4.566566619E1
5.334760517E1,1.265376282E1,1.825167274E1,-3.990127563E1,4.566566619E1
5.335759317E1,1.267768288E1,1.826781082E1,-4.008743286E1,4.584145317E1
5.336758117E1,1.272991180E1,1.819443130E1,-3.994290161E1,4.570036514E1
5.337756917E1,1.268424702E1,1.823953438E1,-3.999926758E1,4.575491387E1
5.338755717E1,1.276629639E1,1.817529297E1,-3.996342468E1,4.572083672E1
5.339754517E1,1.284266758E1,1.822880363E1,-4.012525940E1,4.590489990E1
5.340753317E1,1.279081821E1,1.813461113E1,-4.002532959E1,4.576566574E1
5.341752117E1,1.271382999E1,1.815035439E1,-4.000172424E1,4.572980188E1
5.342750917E1,1.267979050E1,1.819145775E1,-3.996582031E1,4.570528433E1
5.343749717E1,1.273542404E1,1.819672775E1,-4.001092529E1,4.576227780E1
5.344748517E1,1.275159645E1,1.820745087E1,-4.002230835E1,4.578099655E1
5.345747317E1,1.271251297E1,1.817458916E1,-3.995909119E1,4.570177946E1
5.346746117E1,1.265966606E1,1.827885628E1,-4.013008118E1,4.587817724E1
5.347744917E1,1.274450207E1,1.829956818E1,-4.021585083E1,4.598490172E1
5.348743717E1,1.271697140E1,1.818461037E1,-4.019596863E1,4.591423864E1
5.349742517E1,1.299493790E1,1.814347649E1,-4.023864746E1,4.601307314E1
5.350741317E1,1.290727520E1,1.804769516E1,-4.014508057E1,4.586877530E1
5.351740117E1,1.290135288E1,1.805654526E1,-4.011602783E1,4.584516792E1
5.352738917E1,1.292248154E1,1.807427979E1,-4.005606079E1,4.580565604E1
5.353737717E1,1.288831329E1,1.798739243E1,-4.006494141E1,4.576957981E1
5.354736517E1,1.297962666E1,1.795508957E1,-4.003880310E1,4.575982630E1
5.355735317E1,1.291345215E1,1.795033646E1,-4.005679321E1,4.575498342E1
5.356734117E1,1.278970432E1,1.808245468E1,-4.019627380E1,4.589435839E1
5.357732917E1,1.296447563E1,1.806080437E1,-4.017088318E1,4.591263593E1
5.358731717E1,1.276796341E1,1.806281853E1,-4.013876343E1,4.583019346E1
5.359730517E1,1.292410946E1,1.797220039E1,-4.015086365E1,4.584893067E1
5.360729317E1,1.281253910E1,1.812965584E1,-4.028839111E1,4.600000041E1
5.361728117E1,1.290923405E1,1.813681030E1,-4.028204346E1,4.602428964E1
5.362726917E1,1.285317039E1,1.806624222E1,-4.036433411E1,4.605293221E1
5.363725717E1,1.283162498E1,1.808945084E1,-4.012202454E1,4.584381839E1
5.364724517E1,1.266873932E1,1.815781021E1,-4.014436340E1,4.584509724E1
5.365723317E1,1.291186142E1,1.806758118E1,-4.029785156E1,4.601163435E1
5.366722117E1,1.290798473E1,1.802142143E1,-4.027807617E1,4.597511414E1
5.367720917E1,1.285614395E1,1.810954094E1,-4.024575806E1,4.596691149E1
5.368719717E1,1.276431179E1,1.810951424E1,-4.013050842E1,4.584037377E1
5.369718517E1,1.279606342E1,1.788230133E1,-4.041998291E1,4.601403002E1
5.370717317E1,1.267267799E1,1.789353371E1,-4.031213379E1,4.588946989E1
5.371716117E1,1.262618637E1,1.794471741E1,-4.046119690E1,4.602762127E1
5.372714917E1,1.272959232E1,1.786413956E1,-4.026167297E1,4.584945271E1
5.373713717E1,1.286009407E1,1.788577652E1,-4.022636414E1,4.586331206E1
5.374712517E1,1.266846943E1,1.798970985E1,-4.022651672E1,4.585076255E1
5.375711317E1,1.273169327E1,1.810440254E1,-4.012666321E1,4.582591521E1
5.376710117E1,1.276667213E1,1.802251434E1,-4.003669739E1,4.572456756E1
5.377709017E1,1.280854607E1,1.807211685E1,-4.008660889E1,4.579952480E1
5.378707817E1,1.266870975E1,1.826298523E1,-4.010743713E1,4.585454557E1
5.379706617E1,1.274214268E1,1.809952354E1,-4.004498291E1,4.575538885E1
5.380705417E1,1.275405788E1,1.810715485E1,-4.021051025E1,4.590664640E1
5.381704217E1,1.275997066E1,1.811337662E1,-4.023059082E1,4.592833223E1
5.382703017E1,1.278464317E1,1.816238022E1,-4.030284119E1,4.601780269E1
5.383701817E1,1.286577320E1,1.812122345E1,-4.027421570E1,4.599912292E1
5.384700617E1,1.281932926E1,1.805232048E1,-4.036143494E1,4.603549617E1
5.385699417E1,1.281133938E1,1.817345047E1,-4.053961182E1,4.623705056E1
5.386698217E1,1.284267616E1,1.808692169E1,-4.056417847E1,4.623336070E1
5.387697017E1,1.296396160E1,1.802076340E1,-4.043035889E1,4.612402989E1
5.388695817E1,1.303452492E1,1.794660950E1,-4.021762085E1,4.592860393E1
5.389694617E1,1.287832546E1,1.802276421E1,-4.037098694E1,4.604875550E1
5.390693417E1,1.282848740E1,1.806166458E1,-4.023442078E1,4.593040857E1
5.391692217E1,1.279000473E1,1.792879868E1,-4.013720703E1,4.578232663E1
5.392691017E1,1.278765392E1,1.800024033E1,-4.027110291E1,4.592705601E1
5.393689817E1,1.283425045E1,1.798860168E1,-4.039689636E1,4.604581426E1
5.394688617E1,1.284482765E1,1.796302032E1,-4.045835876E1,4.609271624E1
5.395687417E1,1.289491844E1,1.798601913E1,-4.011042786E1,4.581072177E1
5.396686217E1,1.282267666E1,1.789041519E1,-4.015292358E1,4.579023111E1
5.397685017E1,1.284538651E1,1.795938492E1,-3.993403625E1,4.563190455E1
5.398683817E1,1.284244061E1,1.797143936E1,-4.010163879E1,4.578255506E1
5.399682617E1,1.286851025E1,1.798695374E1,-4.006158447E1,4.576089609E1
5.400681417E1,1.299503422E1,1.790322304E1,-3.996408081E1,4.567848579E1
5.401680217E1,1.286812305E1,1.786792946E1,-3.989453125E1,4.556780791E1
5.402679017E1,1.294320393E1,1.786535263E1,-3.991810608E1,4.560868936E1
5.403677817E1,1.292327785E1,1.779579353E1,-4.021063232E1,4.583226298E1
5.404676617E1,1.285729504E1,1.781459427E1,-4.022903442E1,4.583715758E1
5.405675417E1,1.296295834E1,1.780827713E1,-4.007392883E1,4.572846811E1
5.406674217E1,1.292355061E1,1.770143509E1,-4.039004517E1,4.595339719E1
5.407673017E1,1.288825417E1,1.782692719E1,-4.026121521E1,4.587888271E1
5.408671817E1,1.294200134E1,1.790430069E1,-4.023664856E1,4.590258456E1
5.409670617E1,1.286896610E1,1.782255363E1,-4.024282837E1,4.585563152E1
5.410669417E1,1.302959251E1,1.778300095E1,-4.019230652E1,4.584132314E1
5.411668217E1,1.295141220E1,1.788909149E1,-4.014004517E1,4.581464720E1
5.412667017E1,1.293358231E1,1.772699928E1,-4.037905884E1,4.595641900E1
5.413665817E1,1.294063568E1,1.781798172E1,-4.054870605E1,4.614258431E1
5.414664617E1,1.283470535E1,1.800551033E1,-4.039689636E1,4.605254933E1
5.415663392E1,1.298356819E1,1.788691330E1,-4.046615601E1,4.610883313E1
5.416662192E1,1.286508846E1,1.785939026E1,-4.053427124E1,4.612478148E1
5.417660992E1,1.290533543E1,1.791888809E1,-4.011276245E1,4.578938681E1
5.418659792E1,1.303422356E1,1.779031181E1,-4.018179321E1,4.583625949E1
5.419658592E1,1.303422356E1,1.779031181E1,-4.018179321E1,4.583625949E1
5.420657392E1,1.292713261E1,1.789296150E1,-4.026245117E1,4.591659616E1
5.421656192E1,1.285138416E1,1.787527084E1,-4.027703857E1,4.590123331E1
5.422654992E1,1.290217686E1,1.791959763E1,-4.026260376E1,4.592009809E1
5.423653792E1,1.281637001E1,1.788131332E1,-4.015650940E1,4.578805470E1
5.424652592E1,1.276897049E1,1.797344208E1,-4.006434631E1,4.573011123E1
5.425651392E1,1.281950188E1,1.804611969E1,-4.030604553E1,4.598455578E1
5.426650192E1,1.287202454E1,1.801137543E1,-4.000717163E1,4.572387169E1
5.427648992E1,1.297737312E1,1.805151939E1,-4.036240387E1,4.608029093E1
5.428647792E1,1.296481609E1,1.793341827E1,-4.022399139E1,4.590929569E1
5.429646592E1,1.302523136E1,1.795140648E1,-4.008599091E1,4.581262177E1
5.430645392E1,1.290198135E1,1.791854858E1,-4.007761383E1,4.575752000E1
5.431644192E1,1.286727428E1,1.796444321E1,-4.014771271E1,4.582714046E1
5.432642992E1,1.272821617E1,1.801624489E1,-4.007877350E1,4.574823113E1
5.433641792E1,1.266685009E1,1.798375511E1,-4.041197968E1,4.601078830E1
5.434640592E1,1.269683743E1,1.805322456E1,-4.001610565E1,4.569920469E1
5.435639392E1,1.268118191E1,1.811923599E1,-4.011238861E1,4.580527052E1
5.436638192E1,1.270841503E1,1.803578377E1,-4.035819244E1,4.599540201E1
5.437636992E1,1.274716759E1,1.806013870E1,-4.035092926E1,4.600930758E1
5.438635792E1,1.273438931E1,1.809414291E1,-4.019615936E1,4.588348185E1
5.439634592E1,1.285448456E1,1.782897758E1,-4.026399994E1,4.587264878E1
5.440633392E1,1.277945042E1,1.798675156E1,-4.034755707E1,4.598655179E1
5.441632192E1,1.279811382E1,1.815715599E1,-4.016904449E1,4.590235470E1
5.442630992E1,1.285489368E1,1.805259132E1,-4.005193329E1,4.577446565E1
5.443629792E1,1.284923267E1,1.790737152E1,-4.017322540E1,4.582209919E1
5.444628592E1,1.296220684E1,1.796185112E1,-4.018640900E1,4.588675593E1
5.445627392E1,1.276317120E1,1.807529449E1,-4.032517242E1,4.599711231E1
5.446626192E1,1.288551331E1,1.801001549E1,-4.032323456E1,4.600391675E1
5.447624992E1,1.281289768E1,1.801152039E1,-4.051316071E1,4.615085486E1
5.448623792E1,1.286136150E1,1.794448853E1,-4.025377655E1,4.591062856E1
5.449622592E1,1.288253403E1,1.795334435E1,-4.029972076E1,4.596030624E1
5.450621392E1,1.277546978E1,1.796542740E1,-4.036402130E1,4.599155820E1
5.451620192E1,1.281192398E1,1.793031120E1,-4.044074249E1,4.605534832E1
5.452618992E1,1.293247509E1,1.797852135E1,-4.037631989E1,4.605131213E1
5.453617792E1,1.279816532E1,1.797319412E1,-4.046016693E1,4.608528887E1
5.454616592E1,1.279538345E1,1.798337936E1,-4.032611847E1,4.597085601E1
5.455615392E1,1.278883934E1,1.811005402E1,-4.039096832E1,4.607557694E1
5.456614192E1,1.281078434E1,1.815758133E1,-4.036478424E1,4.607743224E1
5.457612992E1,1.282319832E1,1.818225098E1,-4.029251862E1,4.602733668E1
5.458611892E1,1.273452377E1,1.802686501E1,-4.044556427E1,4.607580305E1
5.459610692E1,1.287922573E1,1.798714828E1,-4.035118866E1,4.601771816E1
5.460609392E1,1.288269520E1,1.807315063E1,-4.016770172E1,4.589168629E1
5.461608292E1,1.285974407E1,1.797694016E1,-4.050083160E1,4.613957906E1
5.462607092E1,1.284076691E1,1.806533432E1,-4.029471588E1,4.598810419E1
5.463605892E1,1.276773071E1,1.813428497E1,-4.042354584E1,4.610781167E1
5.464604692E1,1.277009678E1,1.814638901E1,-4.034940338E1,4.604824816E1
5.465603492E1,1.277225494E1,1.801037216E1,-4.044097137E1,4.607576551E1
5.466602292E1,1.277853394E1,1.794035149E1,-4.052156830E1,4.612097829E1
5.467601092E1,1.278141308E1,1.800828552E1,-4.050191498E1,4.613098725E1
5.468599892E1,1.267848110E1,1.800495338E1,-4.027445221E1,4.590156566E1
5.469598692E1,1.272518444E1,1.808847237E1,-4.046143341E1,4.611128653E1
5.470597492E1,1.274506950E1,1.810611916E1,-4.031040192E1,4.599126928E1
5.471596292E1,1.259324455E1,1.801261520E1,-4.028398895E1,4.588947462E1
5.472595092E1,1.279662609E1,1.797594833E1,-4.031092072E1,4.595496368E1
5.473593892E1,1.269023514E1,1.812250710E1,-4.029770660E1,4.597143122E1
5.474592692E1,1.267771626E1,1.800700569E1,-4.026811981E1,4.589660354E1
5.475591492E1,1.276885986E1,1.794717026E1,-4.040908051E1,4.602215216E1
5.476590292E1,1.274763203E1,1.778732681E1,-4.052312469E1,4.605447592E1
5.477589092E1,1.273819542E1,1.786087418E1,-4.044260406E1,4.600952806E1
5.478587892E1,1.284726810E1,1.779018784E1,-4.050444794E1,4.606683605E1
5.479586692E1,1.289124680E1,1.781088448E1,-4.042244720E1,4.601506370E1
5.480585492E1,1.293791962E1,1.779070663E1,-4.054758453E1,4.613031127E1
5.481584292E1,1.286155033E1,1.782312775E1,-4.057410431E1,4.614478627E1
5.482583092E1,1.280902100E1,1.794445038E1,-4.034726715E1,4.597799783E1
5.483581892E1,1.290526009E1,1.796869659E1,-4.029152679E1,4.596549713E1
5.484580692E1,1.278465176E1,1.788294411E1,-4.032057953E1,4.592380803E1
5.485579492E1,1.278801823E1,1.791310692E1,-4.026146698E1,4.588462197E1
5.486578292E1,1.276848793E1,1.784485245E1,-4.050788116E1,4.606909462E1
5.487577092E1,1.276137924E1,1.790102005E1,-4.042401886E1,4.601522161E1
5.488575892E1,1.269672012E1,1.791301155E1,-4.035114288E1,4.593797358E1
5.489574692E1,1.262740517E1,1.802038765E1,-4.021385956E1,4.584037776E1
5.490573492E1,1.277083874E1,1.794284821E1,-4.046736908E1,4.607220511E1
5.491572292E1,1.272254276E1,1.790270233E1,-4.033411407E1,4.592614292E1
5.492571092E1,1.272702694E1,1.790738678E1,-4.048303986E1,4.606005028E1
5.493569892E1,1.275976372E1,1.789040375E1,-4.052916718E1,4.610305313E1
5.494568692E1,1.275664711E1,1.784786606E1,-4.038542938E1,4.595934372E1
5.495567492E1,1.279260159E1,1.792546844E1,-4.026644135E1,4.589509095E1
5.496566292E1,1.282595444E1,1.778072548E1,-4.031803131E1,4.589338683E1
5.497565092E1,1.278291988E1,1.786522675E1,-4.015708160E1,4.577292399E1
5.498563892E1,1.281242466E1,1.776628685E1,-4.028937531E1,4.585883706E1
5.499562692E1,1.290438461E1,1.774475479E1,-4.041266632E1,4.598459594E1
5.500561492E1,1.292766476E1,1.783696747E1,-4.041019440E1,4.602462097E1
5.501560292E1,1.283921146E1,1.788707352E1,-4.027854156E1,4.590374343E1
5.502559092E1,1.289223957E1,1.791857147E1,-4.046001434E1,4.609010529E1
5.503557892E1,1.291284466E1,1.792436981E1,-4.054134369E1,4.616952608E1
5.504556692E1,1.291284466E1,1.792436981E1,-4.054134369E1,4.616952608E1
5.505555492E1,1.292531300E1,1.781833458E1,-4.055704498E1,4.614575453E1
5.506554292E1,1.290684414E1,1.793420029E1,-4.033422089E1,4.598990694E1
5.507553092E1,1.286297798E1,1.785711288E1,-4.052924347E1,4.611889265E1
5.508551892E1,1.282824326E1,1.772736168E1,-4.022772980E1,4.579403260E1
5.509550692E1,1.278838634E1,1.785805321E1,-4.034394073E1,4.593567724E1
5.510549492E1,1.269241047E1,1.786352730E1,-4.025693512E1,4.583474355E1
5.511548292E1,1.272844028E1,1.782797050E1,-4.032271576E1,4.588868194E1
5.512547092E1,1.273077011E1,1.783105850E1,-4.034893036E1,4.591356375E1
5.513545892E1,1.262299347E1,1.795961189E1,-4.041616058E1,4.599297403E1
5.514544692E1,1.279097939E1,1.795409584E1,-4.034545135E1,4.597514716E1
5.515543500E1,1.279718876E1,1.791128540E1,-4.037773895E1,4.598852017E1
5.516542300E1,1.286803246E1,1.777340317E1,-4.021808624E1,4.581456734E1
5.517541100E1,1.288805389E1,1.797412682E1,-4.036844635E1,4.603023603E1
5.518539900E1,1.291996098E1,1.796220016E1,-4.033148956E1,4.600212035E1
5.519538700E1,1.294090843E1,1.799925995E1,-4.030147552E1,4.599618896E1
5.520537500E1,1.285379982E1,1.798101234E1,-4.037882233E1,4.603244798E1
5.521536300E1,1.260919285E1,1.800850105E1,-4.040079498E1,4.599480503E1
5.522535100E1,1.267562103E1,1.822552872E1,-4.035420990E1,4.605761090E1
5.523533900E1,1.284346581E1,1.798707581E1,-4.038231659E1,4.603499759E1
5.524532700E1,1.266609287E1,1.808509827E1,-4.040465546E1,4.604385812E1
5.525531500E1,1.261036015E1,1.797776031E1,-4.053360748E1,4.609983063E1
5.526530300E1,1.276163292E1,1.798469543E1,-4.039156342E1,4.601941916E1
5.527529100E1,1.279163170E1,1.792110825E1,-4.044965363E1,4.605395141E1
5.528527900E1,1.267688370E1,1.790329361E1,-4.050080109E1,4.606024523E1
5.529526700E1,1.276549149E1,1.785113144E1,-4.040908051E1,4.598384992E1
5.530525500E1,1.257582855E1,1.800610733E1,-4.041819000E1,4.600001574E1
5.531524300E1,1.273640251E1,1.783229828E1,-4.036133575E1,4.592650906E1
5.532523100E1,1.266978931E1,1.792877769E1,-4.054090118E1,4.610346299E1
5.533521900E1,1.275273132E1,1.787243462E1,-4.063365936E1,4.618604062E1
5.534520700E1,1.288316059E1,1.779978752E1,-4.046433258E1,4.604530892E1
5.535519500E1,1.284894657E1,1.789601135E1,-4.049716949E1,4.610188052E1
5.536518300E1,1.274699020E1,1.795508575E1,-4.034557343E1,4.596342196E1
5.537517100E1,1.273657322E1,1.798760796E1,-4.034638214E1,4.597395882E1
5.538515900E1,1.262465668E1,1.793966484E1,-4.041159821E1,4.598163547E1
5.539514700E1,1.279595089E1,1.785100365E1,-4.034529877E1,4.593623649E1
5.540513500E1,1.282341576E1,1.784642410E1,-4.034401703E1,4.594098992E1
5.541512300E1,1.282711792E1,1.782201004E1,-4.022998810E1,4.583242235E1
5.542511100E1,1.277456284E1,1.787719727E1,-4.038216400E1,4.597284859E1
5.543509900E1,1.268574715E1,1.796536255E1,-4.050791168E1,4.609309429E1
5.544508700E1,1.269087124E1,1.799890518E1,-4.029550934E1,4.592109399E1
5.545507600E1,1.265318489E1,1.799027634E1,-4.044506073E1,4.603863669E1
5.546506400E1,1.262644482E1,1.795263863E1,-4.052831268E1,4.608978706E1
5.547505200E1,1.265770626E1,1.795020103E1,-4.052973175E1,4.609865942E1
5.548504000E1,1.261711025E1,1.795566368E1,-4.039640045E1,4.597245370E1
5.549502800E1,1.279425907E1,1.791180611E1,-4.046940613E1,4.606841321E1
5.550501600E1,1.264749813E1,1.805303001E1,-4.053941345E1,4.614450287E1
5.551500400E1,1.257874489E1,1.805721092E1,-4.047221375E1,4.606829468E1
5.552499200E1,1.259054947E1,1.797312546E1,-4.054248047E1,4.610041103E1
5.553498000E1,1.267654324E1,1.806295013E1,-4.057617188E1,4.618864189E1
5.554496800E1,1.258484936E1,1.801763725E1,-4.035720825E1,4.595343234E1
5.555495600E1,1.266159248E1,1.805392838E1,-4.029368591E1,4.593300968E1
5.556494400E1,1.269647884E1,1.800377083E1,-4.038383484E1,4.600207012E1
5.557493200E1,1.278172779E1,1.808769608E1,-4.015357971E1,4.585681278E1
5.558492000E1,1.271365261E1,1.807774353E1,-4.023135376E1,4.590210888E1
5.559490800E1,1.285015774E1,1.795026016E1,-4.028417969E1,4.593640742E1
5.560489600E1,1.270929813E1,1.796257591E1,-4.027528381E1,4.589421400E1
5.561488400E1,1.272036076E1,1.787463760E1,-4.029504395E1,4.588028786E1
5.562487200E1,1.275129032E1,1.799290276E1,-4.008091736E1,4.574734846E1
5.563486000E1,1.281555748E1,1.795172310E1,-4.020265198E1,4.585581862E1
5.564484800E1,1.280495358E1,1.783813477E1,-4.027066040E1,4.586820224E1
5.565483600E1,1.283281708E1,1.791213989E1,-4.034111023E1,4.596663055E1
5.566482400E1,1.279272842E1,1.798326111E1,-4.021878052E1,4.587594018E1
5.567481200E1,1.280146980E1,1.806651115E1,-4.037902832E1,4.605151879E1
5.568480000E1,1.277143860E1,1.785019493E1,-4.027848816E1,4.587042306E1
5.569478800E1,1.266021538E1,1.791169739E1,-4.012522888E1,4.572902743E1
5.570477600E1,1.264066601E1,1.810362625E1,-4.028849792E1,4.594225490E1
5.571476400E1,1.274174023E1,1.804356766E1,-4.049291992E1,4.612590207E1
5.572475200E1,1.262859917E1,1.814690018E1,-4.015464783E1,4.583870902E1
5.573474000E1,1.260945415E1,1.814545059E1,-4.020368958E1,4.587583641E1
5.574472800E1,1.281580830E1,1.804264641E1,-4.027204895E1,4.595236619E1
5.575471600E1,1.285951805E1,1.801792717E1,-4.024026489E1,4.592702715E1
5.576470400E1,1.277731609E1,1.798187828E1,-4.029449463E1,4.593750157E1
5.577469200E1,1.278148365E1,1.801171112E1,-4.009204102E1,4.577291573E1
5.578468000E1,1.269183826E1,1.809934425E1,-4.039735413E1,4.605013834E1
5.579466800E1,1.287039852E1,1.810181999E1,-4.017407227E1,4.590511004E1
5.580465600E1,1.281574821E1,1.795658875E1,-4.036045837E1,4.599618551E1
5.581464400E1,1.280341434E1,1.809226799E1,-4.019664001E1,4.590236866E1
5.582463200E1,1.295856857E1,1.805937386E1,-4.027720642E1,4.600346553E1
5.583462000E1,1.305991554E1,1.812083435E1,-4.028482056E1,4.606292217E1
5.584460800E1,1.287307072E1,1.808620262E1,-4.009306335E1,4.582881631E1
5.585459600E1,1.290027809E1,1.820810318E1,-4.009300232E1,4.588464919E1
5.586458400E1,1.292948246E1,1.805429840E1,-4.003186035E1,4.577858725E1
5.587457200E1,1.287028980E1,1.801200867E1,-4.012550354E1,4.582720644E1
5.588456000E1,1.284337807E1,1.803429413E1,-4.034326172E1,4.601920133E1
5.589454800E1,1.277703953E1,1.816299248E1,-4.032687378E1,4.603698278E1
5.590453600E1,1.277703953E1,1.816299248E1,-4.032687378E1,4.603698278E1
5.591452400E1,1.289430809E1,1.811192703E1,-4.016764832E1,4.591018463E1
5.592451200E1,1.280349255E1,1.818637085E1,-4.014978027E1,4.589856601E1
5.593450000E1,1.251232147E1,1.824893951E1,-4.031031799E1,4.598373320E1
5.594448800E1,1.272912788E1,1.816183472E1,-4.001889038E1,4.575362854E1
5.595447600E1,1.279776478E1,1.801698875E1,-4.025605774E1,4.592324958E1
5.596446400E1,1.287790489E1,1.799687576E1,-4.004301453E1,4.575118560E1
5.597445200E1,1.291768837E1,1.791017723E1,-4.002708435E1,4.571442445E1
5.598444000E1,1.278448296E1,1.796725082E1,-4.022409058E1,4.587202382E1
5.599442800E1,1.280116272E1,1.789514160E1,-4.012826538E1,4.576443534E1
5.600441600E1,1.275457191E1,1.787467194E1,-4.010797119E1,4.572562033E1
5.601440400E1,1.281103230E1,1.802117920E1,-4.005549622E1,4.575290401E1
5.602439200E1,1.273176098E1,1.791781425E1,-4.014218140E1,4.576615051E1
5.603438000E1,1.269662476E1,1.800150681E1,-4.021679688E1,4.585465384E1
5.604436800E1,1.274838734E1,1.805977821E1,-4.024819946E1,4.591943520E1
5.605435600E1,1.279139137E1,1.814559174E1,-4.029472351E1,4.600594457E1
5.606434400E1,1.268479919E1,1.820330811E1,-4.026081848E1,4.596953406E1
5.607433200E1,1.274314404E1,1.811058617E1,-4.032681274E1,4.600687859E1
5.608432000E1,1.273901939E1,1.811350632E1,-4.043579102E1,4.610243943E1
5.609430800E1,1.285786724E1,1.798703384E1,-4.032019043E1,4.598451797E1
5.610429600E1,1.273793030E1,1.811565399E1,-4.030070496E1,4.598454749E1
5.611428400E1,1.276302433E1,1.807896805E1,-4.037136841E1,4.603901892E1
5.612427200E1,1.252574730E1,1.820542526E1,-4.042521667E1,4.607092356E1
5.613426000E1,1.256567287E1,1.816696930E1,-4.071665955E1,4.632257844E1
5.614424800E1,1.265003109E1,1.835163879E1,-4.038182068E1,4.612480216E1
5.615423600E1,1.251107502E1,1.816470146E1,-4.043699646E1,4.606119907E1
5.616422412E1,1.255318928E1,1.823147392E1,-4.022865295E1,4.591637748E1
5.617421212E1,1.256587410E1,1.828195000E1,-4.037710571E1,4.606996368E1
5.618420012E1,1.267074108E1,1.831536484E1,-4.030114746E1,4.604544229E1
5.619418812E1,1.269749832E1,1.835280800E1,-4.030668640E1,4.607256227E1
5.620417613E1,1.273713017E1,1.798398209E1,-4.024081421E1,4.588007438E1
5.621416412E1,1.258432102E1,1.808731842E1,-4.035617065E1,4.597974264E1
5.622415212E1,1.266586113E1,1.809078217E1,-4.024758911E1,4.590826578E1
5.623414012E1,1.263049316E1,1.804351044E1,-4.046958923E1,4.607477921E1
5.624412812E1,1.275776100E1,1.808750534E1,-4.017733765E1,4.587087067E1
5.625411612E1,1.272116280E1,1.802980423E1,-4.045822144E1,4.608437376E1
5.626410412E1,1.276308823E1,1.792889214E1,-4.045782471E1,4.605623925E1
5.627409212E1,1.268831539E1,1.796370316E1,-4.051602173E1,4.610028194E1
5.628408012E1,1.268841839E1,1.809933090E1,-4.033177185E1,4.599166839E1
5.629406812E1,1.272715569E1,1.795424652E1,-4.039773560E1,4.600339663E1
5.630405612E1,1.267494488E1,1.791964149E1,-4.035103607E1,4.593445211E1
5.631404512E1,1.276506233E1,1.807058716E1,-4.056783295E1,4.620867891E1
5.632403312E1,1.259794521E1,1.824708366E1,-4.023642731E1,4.594164090E1
5.633402012E1,1.271654510E1,1.798041534E1,-4.048900604E1,4.609083928E1
5.634400812E1,1.262652397E1,1.802866554E1,-4.026807404E1,4.589095418E1
5.635399712E1,1.261182976E1,1.802291298E1,-4.047187042E1,4.606360752E1
5.636398512E1,1.259783363E1,1.802850151E1,-4.027919769E1,4.589276681E1
5.637397312E1,1.271077156E1,1.807425880E1,-4.044298553E1,4.608554680E1
5.638396112E1,1.247803879E1,1.824747467E1,-4.014000702E1,4.582457798E1
5.639394912E1,1.252015305E1,1.823159409E1,-4.026332855E1,4.593779361E1
5.640393712E1,1.250647545E1,1.820376778E1,-4.017868805E1,4.584883927E1
5.641392512E1,1.251336765E1,1.818534660E1,-4.019661713E1,4.585912373E1
5.642391313E1,1.252620125E1,1.824891853E1,-4.020638275E1,4.589642643E1
5.643390112E1,1.261798954E1,1.830450821E1,-4.017465973E1,4.591592278E1
5.644388912E1,1.249120235E1,1.811877632E1,-4.020365143E1,4.583288972E1
5.645387712E1,1.249811554E1,1.818288040E1,-4.037348175E1,4.600910845E1
5.646386512E1,1.252505875E1,1.816152191E1,-4.010396576E1,4.577167295E1
5.647385313E1,1.276921082E1,1.813809776E1,-4.023224640E1,4.594210471E1
5.648384112E1,1.255403233E1,1.815618896E1,-4.029109955E1,4.594152401E1
5.649382912E1,1.263621521E1,1.803083611E1,-4.050605011E1,4.610341724E1
5.650381712E1,1.281077003E1,1.799841309E1,-4.029068756E1,4.594995328E1
5.651380512E1,1.280385113E1,1.813728333E1,-4.028940582E1,4.600147684E1
5.652379313E1,1.291635704E1,1.808994675E1,-4.014231110E1,4.588554884E1
5.653378112E1,1.286626720E1,1.817963028E1,-4.020189667E1,4.595902832E1
5.654376912E1,1.279507351E1,1.815885162E1,-4.014641571E1,4.588237671E1
5.655375712E1,1.276425552E1,1.829294586E1,-4.023085785E1,4.600086967E1
5.656374512E1,1.269663620E1,1.808588219E1,-4.027048492E1,4.593490678E1
5.657373312E1,1.278119183E1,1.809146309E1,-4.001079559E1,4.573317904E1
5.658372112E1,1.281753731E1,1.798229790E1,-4.005429840E1,4.573837689E1
5.659370912E1,1.266596508E1,1.815475655E1,-4.027527618E1,4.595780378E1
5.660369712E1,1.269279766E1,1.826841927E1,-4.019881439E1,4.594330129E1
5.661368512E1,1.252790642E1,1.813553238E1,-4.024044037E1,4.588179394E1
5.662367312E1,1.257371902E1,1.817869949E1,-4.016701508E1,4.584705689E1
5.663366112E1,1.261243248E1,1.817805862E1,-4.016831207E1,4.585857132E1
5.664364913E1,1.263075352E1,1.811121368E1,-4.017627716E1,4.584414076E1
5.665363712E1,1.267768860E1,1.816726875E1,-4.036998749E1,4.604898839E1
5.666362512E1,1.264136791E1,1.812108803E1,-4.046097565E1,4.610063518E1
5.667361312E1,1.268198681E1,1.806192398E1,-4.033133698E1,4.597480429E1
5.668360112E1,1.258976936E1,1.821150970E1,-4.038816071E1,4.605827725E1
5.669358913E1,1.254913616E1,1.836487007E1,-4.032798004E1,4.605534980E1
5.670357712E1,1.254095554E1,1.826074409E1,-4.024823761E1,4.594182160E1
5.671356512E1,1.246342659E1,1.822616196E1,-4.035602570E1,4.600150858E1
5.672355312E1,1.253291416E1,1.817234039E1,-4.040795135E1,4.604465686E1
5.673354112E1,1.242379475E1,1.814336395E1,-4.048517609E1,4.607148591E1
5.674352913E1,1.244287491E1,1.812087250E1,-4.056137848E1,4.613476542E1
5.675351712E1,1.271547413E1,1.801683807E1,-4.038669586E1,4.601494256E1
5.676350512E1,1.271547413E1,1.801683807E1,-4.038669586E1,4.601494256E1
5.677349312E1,1.261878490E1,1.796871567E1,-4.048575592E1,4.605654034E1
5.678348112E1,1.274481106E1,1.802682495E1,-4.044879913E1,4.608147109E1
5.679346912E1,1.264974117E1,1.802045059E1,-4.037151337E1,4.598490712E1
5.680345712E1,1.270971680E1,1.802300453E1,-4.034917450E1,4.598283893E1
5.681344512E1,1.256135464E1,1.812858963E1,-4.048178864E1,4.609998485E1
5.682343312E1,1.250773335E1,1.826907730E1,-4.044625092E1,4.610967135E1
5.683342112E1,1.242256641E1,1.819949722E1,-4.055966949E1,4.615873314E1
5.684340912E1,1.246078777E1,1.837044144E1,-4.067234039E1,4.633555464E1
5.685339712E1,1.241566753E1,1.822442818E1,-4.032364655E1,4.595949362E1
5.686338513E1,1.262703991E1,1.829554558E1,-4.034522247E1,4.606415202E1
5.687337312E1,1.237167168E1,1.832228088E1,-4.036991119E1,4.602710035E1
5.688336112E1,1.249934387E1,1.823815346E1,-4.044831085E1,4.609695966E1
5.689334912E1,1.264979649E1,1.821207047E1,-4.037442780E1,4.606290570E1
5.690333712E1,1.261249352E1,1.809512520E1,-4.031255341E1,4.595226339E1
5.691332513E1,1.254962158E1,1.829961395E1,-4.027306366E1,4.598139329E1
5.692331312E1,1.262174034E1,1.821112442E1,-4.044654083E1,4.611806639E1
5.693330112E1,1.254135895E1,1.817792702E1,-4.040367889E1,4.604541218E1
5.694328912E1,1.259206676E1,1.821524429E1,-4.038010406E1,4.605331773E1
5.695327712E1,1.257976532E1,1.817410088E1,-4.019452667E1,4.587099751E1
5.696326512E1,1.266779423E1,1.821456909E1,-4.018439484E1,4.590238693E1
5.697325312E1,1.262540913E1,1.822280121E1,-4.020973969E1,4.591616932E1
5.698324112E1,1.262080193E1,1.827171135E1,-4.032877350E1,4.603857132E1
5.699322912E1,1.281440639E1,1.809347725E1,-4.026239777E1,4.596350296E1
5.700321712E1,1.259723091E1,1.819000816E1,-4.022077179E1,4.590508803E1
5.701320512E1,1.270777321E1,1.819731903E1,-4.018267059E1,4.590508617E1
5.702319312E1,1.270121384E1,1.820821953E1,-4.036646271E1,4.606855113E1
5.703318113E1,1.277797508E1,1.822098351E1,-4.044306183E1,4.616191219E1
5.704316912E1,1.270509338E1,1.824638176E1,-4.043383026E1,4.614373711E1
5.705315712E1,1.273581886E1,1.821901894E1,-4.035695648E1,4.607404551E1
5.706314512E1,1.277052212E1,1.814478493E1,-4.029325104E1,4.599853839E1
5.707313312E1,1.272636509E1,1.821685791E1,-4.029332733E1,4.601485095E1
5.708312113E1,1.264984035E1,1.830624962E1,-4.037830353E1,4.610362927E1
5.709310912E1,1.271841240E1,1.820292664E1,-4.029662323E1,4.601002495E1
5.710309712E1,1.259531116E1,1.820092201E1,-4.028767395E1,4.596751133E1
5.711308512E1,1.273759747E1,1.821016884E1,-4.051579285E1,4.621023813E1
5.712307312E1,1.265297508E1,1.822937012E1,-4.030447388E1,4.600932870E1
5.713306113E1,1.258442974E1,1.832174873E1,-4.039283752E1,4.610461660E1
5.714304912E1,1.271253777E1,1.824202347E1,-4.009104919E1,4.584399919E1
5.715303712E1,1.262151051E1,1.809241486E1,-4.027372742E1,4.591961588E1
5.716302467E1,1.251689911E1,1.829310608E1,-4.019224548E1,4.589909684E1
5.717301267E1,1.265883446E1,1.821687698E1,-4.040322876E1,4.609253292E1
5.718300067E1,1.253606892E1,1.813335228E1,-4.038253784E1,4.600783467E1
5.719298867E1,1.246466923E1,1.830013084E1,-4.043014526E1,4.609619739E1
5.720297667E1,1.253654480E1,1.829032135E1,-4.030145264E1,4.599899885E1
5.721296467E1,1.249411392E1,1.830957794E1,-4.035212708E1,4.603952309E1
5.722295267E1,1.251035404E1,1.833491516E1,-4.027272034E1,4.598445472E1
5.723294167E1,1.247643185E1,1.834689713E1,-4.034201050E1,4.604071890E1
5.724292967E1,1.264656353E1,1.834439087E1,-4.015798950E1,4.592511694E1
5.725291767E1,1.271581268E1,1.827445984E1,-4.028663635E1,4.602891312E1
5.726290567E1,1.272600269E1,1.819698524E1,-4.004551697E1,4.579000814E1
5.727289367E1,1.265194511E1,1.817954254E1,-4.006736755E1,4.578167128E1
5.728288167E1,1.256388760E1,1.819552612E1,-4.009223938E1,4.578554467E1
5.729286967E1,1.264410973E1,1.812595558E1,-4.008821106E1,4.577650535E1
5.730285767E1,1.268354511E1,1.806732559E1,-4.017001343E1,4.583590895E1
5.731284567E1,1.266394234E1,1.818413162E1,-4.009318542E1,4.580940510E1
5.732283367E1,1.258085918E1,1.825536346E1,-4.010891724E1,4.582861066E1
5.733282167E1,1.258384800E1,1.807813263E1,-4.029461670E1,4.592197997E1
5.734280967E1,1.254106712E1,1.815878296E1,-4.002497864E1,4.570578386E1
5.735279767E1,1.243001461E1,1.824850845E1,-4.015383911E1,4.582405612E1
5.736278567E1,1.240488148E1,1.810633278E1,-4.007711792E1,4.569349792E1
5.737277367E1,1.257289696E1,1.806798553E1,-4.014794922E1,4.578632619E1
5.738276167E1,1.246194267E1,1.810500336E1,-4.032940674E1,4.592986185E1
5.739274967E1,1.264148998E1,1.811145782E1,-4.015873718E1,4.583182678E1
5.740273767E1,1.263101387E1,1.813843346E1,-4.009989929E1,4.578806835E1
5.741272567E1,1.265466785E1,1.811518478E1,-4.020957947E1,4.588148667E1
5.742271367E1,1.265789604E1,1.822835159E1,-3.993945312E1,4.569086397E1
5.743270167E1,1.263446045E1,1.826384354E1,-3.994589233E1,4.570417799E1
5.744268967E1,1.267887783E1,1.813447189E1,-3.990921021E1,4.563286177E1
5.745267767E1,1.273494339E1,1.809531593E1,-4.011370850E1,4.581188548E1
5.746266567E1,1.275646687E1,1.806622505E1,-3.995301819E1,4.566573767E1
5.747265367E1,1.285468006E1,1.809301949E1,-3.999031067E1,4.573647451E1
5.748264167E1,1.286605072E1,1.799557877E1,-4.013887024E1,4.583126684E1
5.749262967E1,1.292815685E1,1.806277084E1,-4.014416504E1,4.587978767E1
5.750261767E1,1.279646969E1,1.803307915E1,-3.985203552E1,4.557550126E1
5.751260567E1,1.287889576E1,1.798467636E1,-4.011438751E1,4.580915438E1
5.752259367E1,1.278555107E1,1.795914841E1,-4.000333405E1,4.567568349E1
5.753258167E1,1.279717922E1,1.794073868E1,-4.014875031E1,4.579912719E1
5.754256967E1,1.272678375E1,1.800642967E1,-4.016062164E1,4.581569671E1
5.755255767E1,1.269369316E1,1.802138329E1,-4.036113739E1,4.598827582E1
5.756254567E1,1.284122562E1,1.785398483E1,-4.025278473E1,4.586881869E1
5.757253367E1,1.288829041E1,1.794748497E1,-4.025861359E1,4.592359104E1
5.758252167E1,1.256295109E1,1.809564590E1,-4.046547699E1,4.607314802E1
5.759250967E1,1.264171600E1,1.812952805E1,-4.031060028E1,4.597213575E1
5.760249767E1,1.277814007E1,1.795754051E1,-4.015483856E1,4.580573310E1
5.761248567E1,1.277814007E1,1.795754051E1,-4.015483856E1,4.580573310E1
5.762247367E1,1.282911682E1,1.784177399E1,-4.018312836E1,4.579955177E1
5.763246167E1,1.293331146E1,1.793799591E1,-4.028774261E1,4.595807271E1
5.764244967E1,1.276472092E1,1.806307793E1,-4.008889008E1,4.578571821E1
5.765243767E1,1.279754925E1,1.782060432E1,-4.028447723E1,4.587145421E1
5.766242567E1,1.288940620E1,1.794210052E1,-4.002889252E1,4.572054243E1
5.767241367E1,1.273113537E1,1.806566620E1,-3.998166656E1,4.568351742E1
5.768240167E1,1.277678013E1,1.812447739E1,-3.995349884E1,4.569491066E1
5.769238967E1,1.275958824E1,1.796756554E1,-3.994367218E1,4.561948543E1
5.770237767E1,1.284317970E1,1.781142044E1,-4.026399994E1,4.586266078E1
5.771236567E1,1.289589882E1,1.789268875E1,-3.999617767E1,4.567435545E1
5.772235367E1,1.281268120E1,1.797341156E1,-4.023917389E1,4.589552743E1
5.773234167E1,1.278629971E1,1.797634506E1,-4.019780731E1,4.585304957E1
5.774232967E1,1.283198547E1,1.799920845E1,-4.004431915E1,4.574034163E1
5.775231767E1,1.281197739E1,1.800652313E1,-4.001915741E1,4.571558377E1
5.776230567E1,1.290167809E1,1.807204819E1,-3.993679047E1,4.569463268E1
5.777229367E1,1.280271053E1,1.792916298E1,-4.005988312E1,4.571825147E1
5.778228167E1,1.284204865E1,1.803565407E1,-3.995090485E1,4.567579040E1
5.779226967E1,1.274436855E1,1.820620155E1,-4.019864655E1,4.593273222E1
5.780225767E1,1.267951870E1,1.809793091E1,-4.026505280E1,4.593016192E1
5.781224567E1,1.267337513E1,1.811813927E1,-4.043222809E1,4.608303892E1
5.782223367E1,1.259244156E1,1.806279373E1,-4.036205292E1,4.597748816E1
5.783222167E1,1.261142349E1,1.802578735E1,-4.028670502E1,4.590202189E1
5.784220967E1,1.280206966E1,1.802983856E1,-4.025569916E1,4.592917788E1
5.785219767E1,1.267014694E1,1.806089020E1,-4.012163544E1,4.578726906E1
5.786218567E1,1.271642399E1,1.807232666E1,-4.004378510E1,4.573643137E1
5.787217367E1,1.266265774E1,1.807451248E1,-4.016992950E1,4.583289363E1
5.788216167E1,1.263827324E1,1.801939774E1,-4.018755341E1,4.581990936E1
5.789214967E1,1.262882233E1,1.805832291E1,-4.018979645E1,4.583459303E1
5.790213767E1,1.279217625E1,1.810899353E1,-4.007898712E1,4.580284520E1
5.791212567E1,1.288969803E1,1.808333015E1,-4.011054230E1,4.584764714E1
5.792211367E1,1.271656322E1,1.799763107E1,-4.034867096E1,4.597435103E1
5.793210167E1,1.257355213E1,1.800542259E1,-4.036934662E1,4.595621397E1
5.794208967E1,1.273397732E1,1.796932411E1,-4.019078827E1,4.582957832E1
5.795207767E1,1.267964458E1,1.794357109E1,-4.031275177E1,4.591147009E1
5.796206567E1,1.276599503E1,1.792239952E1,-4.031296539E1,4.592731445E1
5.797205367E1,1.282540417E1,1.788763237E1,-4.033679962E1,4.595123271E1
5.798204167E1,1.272384071E1,1.807125664E1,-4.019481659E1,4.587035774E1
5.799202967E1,1.268034077E1,1.795548820E1,-4.039517975E1,4.598870672E1
5.800201767E1,1.268626595E1,1.802690697E1,-4.021781158E1,4.586265460E1
5.801200567E1,1.272961903E1,1.813533592E1,-4.041226959E1,4.608779820E1
5.802199367E1,1.276467323E1,1.824074173E1,-4.038362885E1,4.611397858E1
5.803198167E1,1.265097237E1,1.812790489E1,-4.037589264E1,4.603130178E1
5.804196967E1,1.275351143E1,1.813961792E1,-4.044614410E1,4.612578850E1
5.805195767E1,1.276806831E1,1.806231689E1,-4.024556732E1,4.592359469E1
5.806194567E1,1.271405029E1,1.808787537E1,-4.014958954E1,4.583457047E1
5.807193367E1,1.263139057E1,1.816364861E1,-4.025905609E1,4.593758544E1
5.808192167E1,1.272079086E1,1.805263901E1,-4.014728546E1,4.582052843E1
5.809190967E1,1.273689079E1,1.798629951E1,-4.019295502E1,4.583894622E1
5.810189767E1,1.271772003E1,1.814144135E1,-4.001853180E1,4.574205050E1
5.811188567E1,1.268943787E1,1.808275604E1,-4.010254669E1,4.578451868E1
5.812187367E1,1.266596413E1,1.828912163E1,-4.006620026E1,4.582814659E1
5.813186167E1,1.275447083E1,1.811247444E1,-4.004148102E1,4.576088350E1
5.814184967E1,1.271294212E1,1.808457565E1,-4.011296844E1,4.580088440E1
5.815183767E1,1.279095078E1,1.802329063E1,-4.017467499E1,4.585250198E1
5.816182642E1,1.272259331E1,1.802285385E1,-4.014316559E1,4.580569162E1
5.817181342E1,1.289785767E1,1.798859596E1,-4.015361786E1,4.585037998E1
5.818180142E1,1.275810719E1,1.805365372E1,-4.014405060E1,4.582846833E1
5.819179042E1,1.271142292E1,1.804094887E1,-4.010672760E1,4.577778618E1
5.820177842E1,1.266035557E1,1.796413040E1,-4.030577850E1,4.590806427E1
5.821176642E1,1.260546494E1,1.803604698E1,-4.053681183E1,4.612407018E1
5.822175442E1,1.264396381E1,1.819018173E1,-4.022119904E1,4.591837741E1
5.823174242E1,1.275813198E1,1.795206833E1,-4.037862396E1,4.599434707E1
5.824173042E1,1.263275814E1,1.803366089E1,-4.000818634E1,4.566677652E1
5.825171842E1,1.277452660E1,1.792031479E1,-4.035234833E1,4.596344447E1
5.826170642E1,1.278306580E1,1.804060555E1,-4.006876373E1,4.576435345E1
5.827169442E1,1.276301956E1,1.799921608E1,-4.027544403E1,4.592360874E1
5.828168242E1,1.265658188E1,1.798917007E1,-4.031481171E1,4.592475746E1
5.829167042E1,1.286948586E1,1.785847473E1,-4.040576935E1,4.601276978E1
5.830165842E1,1.269711113E1,1.795981216E1,-4.039142609E1,4.599172518E1
5.831164642E1,1.265567112E1,1.798532486E1,-4.038527679E1,4.598487255E1
5.832163442E1,1.272038460E1,1.805180359E1,-4.013393402E1,4.580838850E1
5.833162242E1,1.279525185E1,1.801792717E1,-4.027486420E1,4.593940417E1
5.834161042E1,1.281558800E1,1.797888947E1,-4.030048370E1,4.595224422E1
5.835159842E1,1.276315022E1,1.810666275E1,-4.031467438E1,4.600024141E1
5.836158642E1,1.271761799E1,1.799438477E1,-4.043485260E1,4.604902817E1
5.837157442E1,1.270055389E1,1.806933975E1,-4.034841156E1,4.599781977E1
5.838156242E1,1.259914589E1,1.813062668E1,-4.030440521E1,4.595544778E1
5.839155042E1,1.263845444E1,1.812027740E1,-4.037453461E1,4.602366813E1
5.840153842E1,1.264304829E1,1.801639175E1,-4.026792145E1,4.589054957E1
5.841152642E1,1.256671047E1,1.798546982E1,-4.046785736E1,4.603310565E1
5.842151442E1,1.277392578E1,1.786598206E1,-4.017871857E1,4.578969229E1
5.843150242E1,1.259746456E1,1.790827751E1,-4.038941193E1,4.594243259E1
5.844149042E1,1.256442356E1,1.790227127E1,-4.044116974E1,4.597656214E1
5.845147842E1,1.275688934E1,1.802574539E1,-4.035951996E1,4.600604932E1
5.846146642E1,1.275688934E1,1.802574539E1,-4.035951996E1,4.600604932E1
5.847145442E1,1.276966286E1,1.792818260E1,-4.027408600E1,4.589647071E1
5.848144242E1,1.272687244E1,1.804158020E1,-4.050434113E1,4.613104755E1
5.849143042E1,1.253367329E1,1.805784225E1,-4.043566132E1,4.602413866E1
5.850141842E1,1.260478878E1,1.797709465E1,-4.034868622E1,4.593553213E1
5.851140642E1,1.274641514E1,1.781616783E1,-4.032410431E1,4.589030751E1
5.852139442E1,1.274677086E1,1.787940598E1,-4.019358063E1,4.580040665E1
5.853138242E1,1.264368343E1,1.804271889E1,-3.994789886E1,4.562057715E1
5.854137042E1,1.264901257E1,1.787601089E1,-4.013805389E1,4.572321790E1
5.855135842E1,1.259561062E1,1.791498566E1,-4.017960358E1,4.576020828E1
5.856134642E1,1.260627174E1,1.792620850E1,-4.026639557E1,4.584375258E1
5.857133442E1,1.250396729E1,1.797084045E1,-4.026349640E1,4.583066055E1
5.858132242E1,1.250373363E1,1.798637009E1,-4.024999237E1,4.582482678E1
5.859131042E1,1.257622623E1,1.796509361E1,-4.030519867E1,4.588480244E1
5.860129842E1,1.270756817E1,1.795988846E1,-4.028507233E1,4.590127378E1
5.861128642E1,1.263912964E1,1.805527687E1,-4.022710419E1,4.586894954E1
5.862127442E1,1.254043388E1,1.800293350E1,-4.044353485E1,4.601138563E1
5.863126242E1,1.274154758E1,1.791982269E1,-4.023661041E1,4.585250154E1
5.864125042E1,1.265834141E1,1.797673988E1,-4.048708344E1,4.607169097E1
5.865123842E1,1.262318707E1,1.787690353E1,-4.050428009E1,4.603830185E1
5.866122642E1,1.274345303E1,1.797072601E1,-4.031751251E1,4.594392673E1
5.867121442E1,1.266703796E1,1.796490860E1,-4.018927765E1,4.580796688E1
5.868120242E1,1.274763775E1,1.790299797E1,-4.047039032E1,4.605292713E1
5.869119042E1,1.262619114E1,1.789461136E1,-4.036318207E1,4.592193686E1
5.870117842E1,1.258930111E1,1.813059807E1,-4.029315948E1,4.594287529E1
5.871116642E1,1.271085262E1,1.795205307E1,-4.016138458E1,4.579059724E1
5.872115442E1,1.263463211E1,1.791593170E1,-4.037589264E1,4.594373998E1
5.873114242E1,1.268715668E1,1.798235321E1,-4.032622528E1,4.594054219E1
5.874113042E1,1.272741985E1,1.796991730E1,-4.022325897E1,4.585646853E1
5.875111842E1,1.259750652E1,1.808810234E1,-4.040679169E1,4.602809394E1
5.876110642E1,1.269525719E1,1.806029320E1,-4.016201019E1,4.582936622E1
5.877109442E1,1.257140064E1,1.807008362E1,-4.020218658E1,4.583430857E1
5.878108242E1,1.258886242E1,1.801182938E1,-4.029788971E1,4.590016742E1
5.879107042E1,1.253619576E1,1.795639801E1,-4.041358185E1,4.596570495E1
5.880105842E1,1.251974392E1,1.794487000E1,-4.043508148E1,4.597562573E1
5.881104642E1,1.249125385E1,1.807350731E1,-4.007628632E1,4.570330200E1
5.882103442E1,1.261999893E1,1.815614128E1,-3.998741913E1,4.569358300E1
5.883102242E1,1.268601608E1,1.812048340E1,-3.996837616E1,4.568104657E1
5.884101042E1,1.273198605E1,1.819107056E1,-4.009513092E1,4.583271801E1
5.885099842E1,1.260459137E1,1.812989998E1,-4.013655853E1,4.580952224E1
5.886098642E1,1.265190697E1,1.797213364E1,-4.028739166E1,4.589272561E1
5.887097442E1,1.250629425E1,1.799378586E1,-4.039415741E1,4.595510503E1
5.888096242E1,1.244347858E1,1.804075241E1,-4.037998199E1,4.594400780E1
5.889095042E1,1.243682194E1,1.804896736E1,-4.023593903E1,4.581888859E1
5.890093842E1,1.249934292E1,1.797440338E1,-4.020131683E1,4.577617967E1
5.891092642E1,1.260237980E1,1.794416428E1,-4.019492340E1,4.578695093E1
5.892091442E1,1.259382629E1,1.789509201E1,-4.021080780E1,4.577933860E1
5.893090242E1,1.256939602E1,1.787419510E1,-4.042354584E1,4.595149208E1
5.894089042E1,1.260811615E1,1.781705093E1,-4.036353302E1,4.588710815E1
5.895087842E1,1.254888058E1,1.798942566E1,-4.041687775E1,4.598497413E1
5.896086642E1,1.258474541E1,1.786136246E1,-4.045375824E1,4.597728397E1
5.897085442E1,1.256316566E1,1.792502594E1,-4.045964813E1,4.600133491E1
5.898084242E1,1.270352745E1,1.791548347E1,-4.031078339E1,4.590537458E1
5.899083042E1,1.255781651E1,1.785332870E1,-4.035437775E1,4.587936251E1
5.900081842E1,1.252581024E1,1.792035866E1,-4.019588470E1,4.575745102E1
5.901080642E1,1.273352528E1,1.789194107E1,-4.026801300E1,4.586694989E1
5.902079442E1,1.266698933E1,1.807774353E1,-4.006725311E1,4.574540635E1
5.903078242E1,1.262655830E1,1.801870155E1,-4.028850555E1,4.590498078E1
5.904077042E1,1.264159870E1,1.814510536E1,-4.014591217E1,4.583392990E1
5.905075842E1,1.256021118E1,1.801652145E1,-4.025626373E1,4.585761354E1
5.906074642E1,1.261801147E1,1.798509979E1,-4.015001678E1,4.576791317E1
5.907073442E1,1.261791325E1,1.804258156E1,-4.045380402E1,4.605710307E1
5.908072242E1,1.248488522E1,1.798870850E1,-4.028456879E1,4.585098117E1
5.909071042E1,1.255753708E1,1.796671677E1,-4.012842560E1,4.572510459E1
5.910069842E1,1.258516788E1,1.791152000E1,-4.038741302E1,4.593856909E1
5.911068642E1,1.259173298E1,1.800494957E1,-4.052010345E1,4.609347820E1
5.912067442E1,1.263216782E1,1.796999550E1,-4.039098358E1,4.597742877E1
5.913066242E1,1.263025379E1,1.806311989E1,-4.037857056E1,4.600248440E1
5.914065042E1,1.263869762E1,1.803841782E1,-4.027195740E1,4.590154407E1
5.915063842E1,1.269742775E1,1.792148590E1,-4.035627747E1,4.594598415E1
5.916062679E1,1.263343048E1,1.797495461E1,-4.047067261E1,4.604973290E1
5.917061479E1,1.266654301E1,1.799972343E1,-4.043664551E1,4.603861048E1
5.918060279E1,1.256405640E1,1.797305298E1,-4.036639404E1,4.593834906E1
5.919059079E1,1.251826286E1,1.799565697E1,-4.035690308E1,4.592635627E1
5.920057879E1,1.255120754E1,1.785537910E1,-4.043603516E1,4.595019383E1
5.921056679E1,1.259382248E1,1.787687874E1,-4.036502075E1,4.590775597E1
5.922055479E1,1.249747944E1,1.784285927E1,-4.014131165E1,4.567143002E1
5.923054279E1,1.243836975E1,1.777642441E1,-4.031985474E1,4.578651540E1
5.924053079E1,1.262720394E1,1.797414589E1,-4.016213989E1,4.577678102E1
5.925051879E1,1.268106842E1,1.781499100E1,-4.030607605E1,4.585589566E1
5.926050679E1,1.257674885E1,1.798338699E1,-4.038706970E1,4.596403179E1
5.927049479E1,1.254896832E1,1.805591774E1,-4.031199646E1,4.591894848E1
5.928048379E1,1.258015156E1,1.797209549E1,-4.013102722E1,4.573571663E1
5.929047179E1,1.267579842E1,1.807629395E1,-4.015249634E1,4.582195140E1
5.930045979E1,1.274517727E1,1.796227264E1,-4.033029175E1,4.595231457E1
5.931044779E1,1.274517727E1,1.796227264E1,-4.033029175E1,4.595231457E1
5.932043579E1,1.264147472E1,1.779815292E1,-4.050157166E1,4.601041662E1
5.933042379E1,1.265136623E1,1.788020706E1,-4.017723083E1,4.575990330E1
5.934041179E1,1.259890366E1,1.779971695E1,-4.025013733E1,4.577811542E1
5.935039979E1,1.262075901E1,1.795774078E1,-4.021972656E1,4.581910537E1
5.936038779E1,1.269618607E1,1.797517586E1,-4.018582153E1,4.581703111E1
5.937037579E1,1.251365566E1,1.800090027E1,-4.025848389E1,4.584069713E1
5.938036379E1,1.261795712E1,1.792005348E1,-4.038882446E1,4.595213053E1
5.939035179E1,1.255225849E1,1.796003914E1,-4.027984619E1,4.585398792E1
5.940033979E1,1.252842999E1,1.795146561E1,-4.026663208E1,4.583250303E1
5.941032779E1,1.266263866E1,1.796418762E1,-4.024739075E1,4.585746304E1
5.942031579E1,1.266302299E1,1.792667770E1,-4.033880615E1,4.592316634E1
5.943030379E1,1.273922729E1,1.794996071E1,-4.024964905E1,4.587508311E1
5.944029179E1,1.272802639E1,1.783888054E1,-4.034074402E1,4.590864780E1
5.945027979E1,1.268214607E1,1.784421539E1,-4.023651123E1,4.580643719E1
5.946026779E1,1.269642162E1,1.796528625E1,-4.038555908E1,4.598852047E1
5.947025579E1,1.261603832E1,1.795908356E1,-4.033486938E1,4.591943808E1
5.948024379E1,1.269537735E1,1.803822708E1,-3.999403381E1,4.567354796E1
5.949023179E1,1.251233387E1,1.789858246E1,-4.023376465E1,4.577852740E1
5.950021979E1,1.250343227E1,1.787989616E1,-4.036050415E1,4.588024412E1
5.951020779E1,1.269798756E1,1.794064140E1,-3.997933960E1,4.562294485E1
5.952019579E1,1.282368088E1,1.796843147E1,-3.998115540E1,4.567060441E1
5.953018379E1,1.275759506E1,1.799130630E1,-3.995444489E1,4.563771467E1
5.954017179E1,1.264433765E1,1.802070999E1,-4.010176849E1,4.574688076E1
5.955015979E1,1.271065331E1,1.790748405E1,-4.012425995E1,4.574051737E1
5.956014779E1,1.274591160E1,1.784220505E1,-4.039305878E1,4.596087185E1
5.957013579E1,1.274176693E1,1.782900810E1,-4.035225677E1,4.591874107E1
5.958012379E1,1.284712696E1,1.785997581E1,-4.029212189E1,4.590732505E1
5.959011179E1,1.284015274E1,1.794156647E1,-4.034160614E1,4.598058847E1
5.960009979E1,1.290048695E1,1.790553474E1,-4.041468048E1,4.604755299E1
5.961008779E1,1.282774353E1,1.783772087E1,-4.041738129E1,4.600326075E1
5.962007579E1,1.275811481E1,1.777292252E1,-4.057921600E1,4.610118263E1
5.963006379E1,1.275090504E1,1.770185471E1,-4.048798370E1,4.599149991E1
5.964005179E1,1.286558914E1,1.786050797E1,-4.038166046E1,4.599129951E1
5.965003979E1,1.269874001E1,1.790544319E1,-4.035263824E1,4.593689483E1
5.966002779E1,1.276126385E1,1.795501900E1,-4.035807037E1,4.597832540E1
5.967001579E1,1.262040615E1,1.797264481E1,-4.021884918E1,4.582408147E1
5.968000379E1,1.279955292E1,1.793204308E1,-4.020285797E1,4.584382742E1
5.968999179E1,1.279593849E1,1.767223549E1,-4.030858612E1,4.583476916E1
5.969997979E1,1.264294815E1,1.779112244E1,-4.038509369E1,4.590559844E1
5.970996779E1,1.265243530E1,1.790873909E1,-4.033605194E1,4.591082815E1
5.971995579E1,1.266287518E1,1.789573479E1,-4.051966095E1,4.607004075E1
5.972994379E1,1.279887962E1,1.788806915E1,-4.032028961E1,4.592951221E1
5.973993179E1,1.266562843E1,1.793395233E1,-4.019255829E1,4.579832455E1
5.974991979E1,1.275151253E1,1.796824265E1,-4.043888092E1,4.605173076E1
5.975990779E1,1.273233604E1,1.801942825E1,-4.044351959E1,4.607049438E1
5.976989579E1,1.258132458E1,1.796252823E1,-4.041162872E1,4.597871121E1
5.977988379E1,1.260635185E1,1.800436401E1,-4.043170929E1,4.601956482E1
5.978987179E1,1.260695744E1,1.801242828E1,-4.045523834E1,4.604355827E1
5.979985979E1,1.245478630E1,1.804298401E1,-4.049686432E1,4.605070025E1
5.980984779E1,1.262326908E1,1.795397186E1,-4.051497650E1,4.607770989E1
5.981983579E1,1.239324570E1,1.799482346E1,-4.053397369E1,4.604790151E1
5.982982379E1,1.240199661E1,1.803638077E1,-4.057245636E1,4.610037707E1
5.983981179E1,1.246014786E1,1.813803482E1,-4.050782013E1,4.609910068E1
5.984979979E1,1.250613785E1,1.809947395E1,-4.047266388E1,4.606550730E1
5.985978779E1,1.258181953E1,1.806342506E1,-4.042006683E1,4.602576790E1
5.986977579E1,1.257885265E1,1.801491547E1,-4.055344391E1,4.612316691E1
5.987976379E1,1.254848099E1,1.809375381E1,-4.052309418E1,4.611907917E1
5.988975179E1,1.257472420E1,1.811362648E1,-4.037561798E1,4.600453978E1
5.989973979E1,1.239786625E1,1.819262695E1,-4.029598236E1,4.591780654E1
5.990972779E1,1.247270393E1,1.805745125E1,-4.045333099E1,4.602294947E1
5.991971579E1,1.257289410E1,1.803878021E1,-4.055789948E1,4.613478587E1
5.992970379E1,1.255647850E1,1.794246101E1,-4.051468658E1,4.605471625E1
5.993969179E1,1.265755844E1,1.797031593E1,-4.039053345E1,4.598414110E1
5.994967979E1,1.258282757E1,1.813644028E1,-4.035530090E1,4.599791655E1
5.995966779E1,1.248825741E1,1.813393402E1,-4.042082214E1,4.602867583E1
5.996965579E1,1.272651291E1,1.810983849E1,-4.043457031E1,4.609647337E1
5.997964379E1,1.243913841E1,1.826244164E1,-4.047520447E1,4.611389287E1
5.998963179E1,1.260182381E1,1.817827606E1,-4.035264587E1,4.601729797E1
5.999961979E1,1.255245781E1,1.814236832E1,-4.038453674E1,4.601761112E1
6.000960779E1,1.265358257E1,1.801293564E1,-4.056513977E1,4.615311005E1
6.001959579E1,1.263142967E1,1.807200623E1,-4.035464478E1,4.598529960E1
6.002958379E1,1.248163319E1,1.795306778E1,-4.068360901E1,4.618722607E1
6.003957179E1,1.257312489E1,1.802871323E1,-4.070411682E1,4.625951898E1
6.004955979E1,1.252075481E1,1.799520493E1,-4.055067444E1,4.609722225E1
6.005954879E1,1.251326180E1,1.798094177E1,-4.045243835E1,4.600321463E1
6.006953679E1,1.249915409E1,1.802945328E1,-4.049151611E1,4.605271887E1
6.007952479E1,1.243463135E1,1.810912704E1,-4.052566528E1,4.609653008E1
6.008951279E1,1.265796947E1,1.802132416E1,-4.039051819E1,4.600419845E1
6.009950079E1,1.256142902E1,1.814879608E1,-4.059413147E1,4.620662083E1
6.010948879E1,1.242639732E1,1.807120132E1,-4.067042542E1,4.620678707E1
6.011947679E1,1.248244381E1,1.818478012E1,-4.058004761E1,4.618698838E1
6.012946479E1,1.248826504E1,1.802106667E1,-4.049009705E1,4.604523391E1
6.013945279E1,1.247898483E1,1.806679916E1,-4.044969177E1,4.602512204E1
6.014944079E1,1.243440437E1,1.811902618E1,-4.053363037E1,4.610736073E1
6.015942879E1,1.243440437E1,1.811902618E1,-4.053363037E1,4.610736073E1
6.016941642E1,1.257136345E1,1.794555664E1,-4.058805847E1,4.612453439E1
6.017940442E1,1.261267948E1,1.793021011E1,-4.053042603E1,4.607914444E1
6.018939242E1,1.247890568E1,1.799392509E1,-4.053474426E1,4.607135682E1
6.019938042E1,1.251896954E1,1.797455215E1,-4.067279053E1,4.619615799E1
6.020936842E1,1.266967106E1,1.786009598E1,-4.061451721E1,4.614154962E1
6.021935642E1,1.279209614E1,1.785719109E1,-4.068098450E1,4.623266699E1
6.022934442E1,1.282965755E1,1.788674355E1,-4.078727722E1,4.634800633E1
6.023933242E1,1.267863846E1,1.800361633E1,-4.076513672E1,4.633221823E1
6.024932042E1,1.260935974E1,1.805081749E1,-4.050482178E1,4.610280417E1
6.025930842E1,1.259066868E1,1.799555779E1,-4.064129639E1,4.619610384E1
6.026929642E1,1.251673126E1,1.790697670E1,-4.043519592E1,4.596012887E1
6.027928442E1,1.264057636E1,1.787601471E1,-4.049353027E1,4.603327130E1
6.028927242E1,1.265049839E1,1.790499115E1,-4.056439209E1,4.610958385E1
6.029926042E1,1.275421906E1,1.805532265E1,-4.049475098E1,4.613555718E1
6.030924842E1,1.266888046E1,1.797642708E1,-4.040359497E1,4.600111900E1
6.031923642E1,1.276580334E1,1.781416130E1,-4.052070618E1,4.606775127E1
6.032922442E1,1.268463230E1,1.794822311E1,-4.030596924E1,4.590871122E1
6.033921242E1,1.267420578E1,1.788795090E1,-4.038471222E1,4.595148812E1
6.034920042E1,1.262661171E1,1.794959259E1,-4.041208649E1,4.598647553E1
6.035918842E1,1.279821205E1,1.810604095E1,-4.053688812E1,4.620456957E1
6.036917642E1,1.271306896E1,1.812106323E1,-4.067119598E1,4.630487272E1
6.037916442E1,1.274427891E1,1.803750610E1,-4.058335114E1,4.620364337E1
6.038915242E1,1.253473186E1,1.799800873E1,-4.057007599E1,4.611918133E1
6.039914042E1,1.258805180E1,1.801740646E1,-4.051726532E1,4.609484540E1
6.040912842E1,1.272979832E1,1.788750458E1,-4.041591644E1,4.599409622E1
6.041911642E1,1.265617752E1,1.795329666E1,-4.039453888E1,4.598063138E1
6.042910442E1,1.266893291E1,1.800183296E1,-4.046837616E1,4.606796414E1
6.043909242E1,1.257621861E1,1.801329994E1,-4.054607391E1,4.611533757E1
6.044908042E1,1.254222298E1,1.809197044E1,-4.047875214E1,4.607771833E1
6.045906842E1,1.257865620E1,1.816815567E1,-4.031710052E1,4.597578783E1
6.046905642E1,1.249191666E1,1.801781273E1,-4.036598969E1,4.593585398E1
6.047904442E1,1.250902748E1,1.796664047E1,-4.029076385E1,4.585435192E1
6.048903242E1,1.254649258E1,1.802572632E1,-4.039012909E1,4.597503467E1
6.049902042E1,1.254415417E1,1.797566032E1,-4.021233368E1,4.579860203E1
6.050900842E1,1.249364662E1,1.805444908E1,-4.030458832E1,4.589677741E1
6.051899642E1,1.248614883E1,1.805072784E1,-4.044312286E1,4.601498534E1
6.052898442E1,1.257410431E1,1.803911400E1,-4.031443024E1,4.592135689E1
6.053897242E1,1.254670811E1,1.790062523E1,-4.044707489E1,4.597627796E1
6.054896042E1,1.249994087E1,1.805614662E1,-4.039925385E1,4.598230816E1
6.055894842E1,1.262217426E1,1.801959991E1,-4.041658783E1,4.601658219E1
6.056893642E1,1.255154705E1,1.789058495E1,-4.033020782E1,4.587090610E1
6.057892442E1,1.260590363E1,1.796570969E1,-4.047222137E1,4.603994172E1
6.058891242E1,1.275112152E1,1.800559425E1,-4.049968719E1,4.611959657E1
6.059890042E1,1.277413559E1,1.783402634E1,-4.053636932E1,4.609152062E1
6.060888842E1,1.269264793E1,1.780199814E1,-4.051233673E1,4.603546325E1
6.061887642E1,1.268057919E1,1.785815811E1,-4.047962189E1,4.602510932E1
6.062886442E1,1.267347622E1,1.787169647E1,-4.047684479E1,4.602596548E1
6.063885242E1,1.274721146E1,1.787768936E1,-4.038266754E1,4.596588969E1
6.064884042E1,1.257718945E1,1.784305573E1,-4.044864655E1,4.596360886E1
6.065882842E1,1.274447727E1,1.795600510E1,-4.033568573E1,4.595440527E1
6.066881642E1,1.270175934E1,1.804217339E1,-4.029233551E1,4.593829570E1
6.067880542E1,1.271068001E1,1.807533264E1,-4.050728607E1,4.614238032E1
6.068879342E1,1.276773357E1,1.800869751E1,-4.050296783E1,4.612828427E1
6.069878142E1,1.273388958E1,1.797218895E1,-4.056168365E1,4.615627477E1
6.070876942E1,1.280132389E1,1.805247879E1,-4.056642914E1,4.621039988E1
6.071875742E1,1.259779739E1,1.802359772E1,-4.072577667E1,4.628329568E1
6.072874542E1,1.271012878E1,1.800490952E1,-4.081853485E1,4.638832749E1
6.073873342E1,1.268395996E1,1.809094810E1,-4.074939728E1,4.635384150E1
6.074872142E1,1.273571873E1,1.802407265E1,-4.067688751E1,4.627823359E1
6.075870942E1,1.268019772E1,1.811569595E1,-4.065352631E1,4.627823522E1
6.076869742E1,1.270604038E1,1.805114746E1,-4.073880768E1,4.633506057E1
6.077868542E1,1.266322613E1,1.816228485E1,-4.051076508E1,4.616652439E1
6.078867342E1,1.258196449E1,1.806007385E1,-4.050695038E1,4.610081482E1
6.079866142E1,1.266333485E1,1.804044724E1,-4.054750824E1,4.615103694E1
6.080864942E1,1.260741806E1,1.809627533E1,-4.039507294E1,4.602373397E1
6.081863742E1,1.255927944E1,1.820371628E1,-4.036363983E1,4.602536482E1
6.082862542E1,1.252998066E1,1.811684036E1,-4.059987640E1,4.619058653E1
6.083861342E1,1.255942154E1,1.809032249E1,-4.065795135E1,4.623924573E1
6.084860142E1,1.254055500E1,1.799193382E1,-4.052104950E1,4.607527162E1
6.085858942E1,1.270153427E1,1.796183395E1,-4.040027618E1,4.600150832E1
6.086857742E1,1.264272022E1,1.807862854E1,-4.052190399E1,4.613783575E1
6.087856542E1,1.269605064E1,1.802368927E1,-4.047624969E1,4.609088702E1
6.088855342E1,1.286940193E1,1.793233871E1,-4.038483429E1,4.602309332E1
6.089854142E1,1.268432903E1,1.819020081E1,-4.034754181E1,4.604019698E1
6.090852942E1,1.265663147E1,1.820098686E1,-4.023674774E1,4.593976613E1
6.091851742E1,1.269309998E1,1.804564285E1,-4.034952545E1,4.598743543E1
6.092850542E1,1.266254520E1,1.810474014E1,-4.038314056E1,4.603172502E1
6.093849342E1,1.272511864E1,1.810783768E1,-4.034859467E1,4.601990353E1
6.094848142E1,1.259852028E1,1.804431534E1,-4.048802948E1,4.608254073E1
6.095846942E1,1.271912289E1,1.800294113E1,-4.051895905E1,4.612665193E1
6.096845742E1,1.274088287E1,1.791790962E1,-4.049848175E1,4.608154300E1
6.097844542E1,1.256241035E1,1.806863785E1,-4.037699127E1,4.598468497E1
6.098843342E1,1.254493141E1,1.815705490E1,-4.040648651E1,4.604061358E1
6.099842142E1,1.254493141E1,1.815705490E1,-4.040648651E1,4.604061358E1
6.100840942E1,1.259315014E1,1.808531952E1,-4.054991913E1,4.615151302E1
6.101839742E1,1.248667717E1,1.827386665E1,-4.057018280E1,4.621461935E1
6.102838542E1,1.261213493E1,1.817662621E1,-4.041831207E1,4.607706196E1
6.103837342E1,1.269891739E1,1.790507698E1,-4.035010529E1,4.593457610E1
6.104836142E1,1.272241497E1,1.797378159E1,-4.018561554E1,4.582357868E1
6.105834942E1,1.265428448E1,1.811351013E1,-4.041011810E1,4.605657184E1
6.106833742E1,1.264291763E1,1.816763306E1,-4.026222992E1,4.594511307E1
6.107832542E1,1.283714199E1,1.802750397E1,-4.030286407E1,4.597938632E1
6.108831342E1,1.264622021E1,1.819316101E1,-4.032794952E1,4.601370998E1
6.109830142E1,1.253987885E1,1.811523247E1,-4.034093475E1,4.596521756E1
6.110828942E1,1.243919373E1,1.821945953E1,-4.029425812E1,4.593810492E1
6.111827742E1,1.250921822E1,1.817961121E1,-4.040906525E1,4.604206075E1
6.112826542E1,1.250317860E1,1.818890190E1,-4.037644196E1,4.601546145E1
6.113825342E1,1.250037956E1,1.810700226E1,-4.049073029E1,4.608277616E1
6.114824142E1,1.252207184E1,1.815575981E1,-4.034676361E1,4.598146617E1
6.115822942E1,1.255386162E1,1.812258339E1,-4.063381195E1,4.622914821E1
6.116821788E1,1.260088634E1,1.805215454E1,-4.060645294E1,4.619033060E1
6.117820587E1,1.259440327E1,1.817323112E1,-4.076052094E1,4.637138547E1
6.118819387E1,1.257948017E1,1.815736771E1,-4.055348969E1,4.617920364E1
6.119818187E1,1.258679295E1,1.805554771E1,-4.036006927E1,4.597135360E1
6.120816987E1,1.261362076E1,1.816785431E1,-4.030306244E1,4.597293988E1
6.121815788E1,1.248855114E1,1.807601929E1,-4.044948578E1,4.603115556E1
6.122814587E1,1.251738071E1,1.800174332E1,-4.030281830E1,4.588098457E1
6.123813387E1,1.247442245E1,1.815161324E1,-4.033730316E1,4.595857162E1
6.124812187E1,1.250312042E1,1.819004440E1,-4.030344391E1,4.595185879E1
6.125810987E1,1.250197697E1,1.813810539E1,-4.035131073E1,4.597302005E1
6.126809787E1,1.252667141E1,1.814937973E1,-4.031688690E1,4.595398623E1
6.127808587E1,1.267913342E1,1.806226921E1,-4.040833282E1,4.604171321E1
6.128807387E1,1.253253269E1,1.798091125E1,-4.049268341E1,4.604383732E1
6.129806187E1,1.246923828E1,1.799156189E1,-4.063159943E1,4.615306138E1
6.130804987E1,1.245778465E1,1.807572174E1,-4.042473602E1,4.600094996E1
6.131803787E1,1.255855465E1,1.794373894E1,-4.041828156E1,4.597099679E1
6.132802687E1,1.252614880E1,1.805932617E1,-4.022991180E1,4.584200551E1
6.133801487E1,1.259617519E1,1.823221016E1,-4.038576508E1,4.606611702E1
6.134800287E1,1.241083050E1,1.818048477E1,-4.031212616E1,4.593066792E1
6.135799087E1,1.252800846E1,1.806291389E1,-4.026432037E1,4.587412505E1
6.136797888E1,1.248919296E1,1.814388275E1,-4.031119537E1,4.593661823E1
6.137796687E1,1.252976799E1,1.815279198E1,-4.062631989E1,4.622787914E1
6.138795487E1,1.245542908E1,1.810290909E1,-4.049282074E1,4.607083201E1
6.139794287E1,1.241965485E1,1.811215973E1,-4.045732880E1,4.603361391E1
6.140793087E1,1.249608040E1,1.816042137E1,-4.029320526E1,4.592924254E1
6.141791887E1,1.237719059E1,1.804253197E1,-4.050284576E1,4.603485985E1
6.142790687E1,1.249559879E1,1.806889725E1,-4.038837433E1,4.597657901E1
6.143789487E1,1.238639736E1,1.793824768E1,-4.050046539E1,4.599446996E1
6.144788287E1,1.246683502E1,1.795758820E1,-4.041504669E1,4.594859028E1
6.145787087E1,1.260742474E1,1.796299362E1,-4.041289520E1,4.598715470E1
6.146785887E1,1.253511238E1,1.796762085E1,-4.018541718E1,4.576933684E1
6.147784687E1,1.266928768E1,1.809101105E1,-4.028838348E1,4.594506910E1
6.148783488E1,1.265647602E1,1.807319832E1,-4.031255341E1,4.595572701E1
6.149782287E1,1.272010422E1,1.784059525E1,-4.044684601E1,4.600038306E1
6.150781087E1,1.287889957E1,1.791873741E1,-4.049643707E1,4.611841953E1
6.151779887E1,1.265367222E1,1.801396179E1,-4.055576324E1,4.614529415E1
6.152778687E1,1.269998550E1,1.796403885E1,-4.040447235E1,4.600562693E1
6.153777488E1,1.261401653E1,1.799739265E1,-4.039730072E1,4.598871015E1
6.154776287E1,1.262890148E1,1.817684555E1,-4.033763885E1,4.601099842E1
6.155775087E1,1.276812458E1,1.815884781E1,-4.037685394E1,4.607666539E1
6.156773887E1,1.259962749E1,1.802143478E1,-4.041086578E1,4.600609523E1
6.157772687E1,1.274414253E1,1.787264061E1,-4.059091949E1,4.614615040E1
6.158771488E1,1.263951111E1,1.786909866E1,-4.051955414E1,4.605318877E1
6.159770287E1,1.262839890E1,1.800336266E1,-4.049301910E1,4.607908551E1
6.160769087E1,1.266826725E1,1.799108887E1,-4.047959137E1,4.607343694E1
6.161767887E1,1.256310749E1,1.801664352E1,-4.054477692E1,4.611192957E1
6.162766687E1,1.255764103E1,1.803335762E1,-4.053270721E1,4.610636279E1
6.163765487E1,1.256885624E1,1.803553772E1,-4.043235016E1,4.602207848E1
6.164764287E1,1.246468925E1,1.804551506E1,-4.047954559E1,4.603914317E1
6.165763087E1,1.255511856E1,1.815893173E1,-4.035951996E1,4.600292007E1
6.166761887E1,1.249953175E1,1.795400810E1,-4.030339813E1,4.585791755E1
6.167760687E1,1.246455383E1,1.814705849E1,-4.015607452E1,4.579509968E1
6.168759487E1,1.258325386E1,1.818539810E1,-4.011049652E1,4.580282647E1
6.169758287E1,1.264263535E1,1.805508995E1,-4.047792816E1,4.608996821E1
6.170757088E1,1.274219227E1,1.793913651E1,-4.049188995E1,4.608437083E1
6.171755887E1,1.261024761E1,1.801628685E1,-4.061711884E1,4.618825911E1
6.172754687E1,1.253103924E1,1.800836754E1,-4.042099762E1,4.599114365E1
6.173753487E1,1.269452572E1,1.798173904E1,-4.032733917E1,4.594331515E1
6.174752287E1,1.273432064E1,1.796721649E1,-4.056577301E1,4.615805163E1
6.175751088E1,1.272151184E1,1.796033287E1,-4.056195831E1,4.614848733E1
6.176749887E1,1.256470394E1,1.804167366E1,-4.046279144E1,4.605009517E1
6.177748687E1,1.253826046E1,1.801813698E1,-4.041611481E1,4.599264693E1
6.178747487E1,1.265423775E1,1.801303101E1,-4.039514923E1,4.600399005E1
6.179746287E1,1.261226463E1,1.805018806E1,-4.058858490E1,4.617696106E1
6.180745087E1,1.270374775E1,1.786881638E1,-4.054303741E1,4.609140580E1
6.181743887E1,1.278654766E1,1.797849083E1,-4.023793793E1,4.588914449E1
6.182742687E1,1.266649151E1,1.796382523E1,-4.042990875E1,4.601865432E1
6.183741487E1,1.278932667E1,1.790091324E1,-4.036147308E1,4.596801150E1
6.184740287E1,1.278932667E1,1.790091324E1,-4.036147308E1,4.596801150E1
6.185739087E1,1.274848652E1,1.779301643E1,-4.059549713E1,4.612059984E1
6.186737887E1,1.277121544E1,1.791024017E1,-4.038368988E1,4.598611807E1
6.187736688E1,1.272401047E1,1.797174644E1,-4.044994354E1,4.605520649E1
6.188735487E1,1.271394825E1,1.783579445E1,-4.037061310E1,4.592979910E1
6.189734287E1,1.280978680E1,1.793793869E1,-4.039325714E1,4.601603530E1
6.190733087E1,1.272085190E1,1.801445007E1,-4.048210907E1,4.609925855E1
6.191731887E1,1.279841232E1,1.791202545E1,-4.036414337E1,4.597721266E1
6.192730688E1,1.264067936E1,1.818105507E1,-4.046027374E1,4.612343536E1
6.193729487E1,1.264315128E1,1.800908852E1,-4.059905243E1,4.617856214E1
6.194728287E1,1.264823246E1,1.807800484E1,-4.061095428E1,4.621733064E1
6.195727087E1,1.263875389E1,1.806185150E1,-4.063285828E1,4.622767300E1
6.196725887E1,1.267035961E1,1.810163879E1,-4.052053833E1,4.615323787E1
6.197724688E1,1.265238190E1,1.801361465E1,-4.047676086E1,4.607538660E1
6.198723587E1,1.254351902E1,1.812922668E1,-4.038803101E1,4.601306095E1
6.199722387E1,1.270966816E1,1.806365585E1,-4.065394592E1,4.626634464E1
6.200721187E1,1.245215893E1,1.823133087E1,-4.052296448E1,4.614702956E1
6.201719987E1,1.250148869E1,1.832998657E1,-4.046942139E1,4.615246141E1
6.202718788E1,1.273229885E1,1.811372185E1,-4.049601746E1,4.615350239E1
6.203717587E1,1.267140770E1,1.809818268E1,-4.052345276E1,4.615472904E1
6.204716387E1,1.261852360E1,1.819192505E1,-4.029411316E1,4.597595926E1
6.205715187E1,1.263599110E1,1.808810616E1,-4.040751648E1,4.603927935E1
6.206713987E1,1.273518944E1,1.814503479E1,-4.039724731E1,4.607998403E1
6.207712788E1,1.271014118E1,1.821534729E1,-4.049322510E1,4.618493093E1
6.208711587E1,1.264927292E1,1.819075584E1,-4.026524353E1,4.595865033E1
6.209710387E1,1.279492474E1,1.820222664E1,-4.029394531E1,4.602861265E1
6.210709187E1,1.270951366E1,1.813067436E1,-4.033264160E1,4.601059736E1
6.211707987E1,1.266908169E1,1.804566574E1,-4.038658142E1,4.601334200E1
6.212706788E1,1.269623852E1,1.797187805E1,-4.023704529E1,4.586068781E1
6.213705587E1,1.279787827E1,1.795667458E1,-4.049952698E1,4.611333360E1
6.214704387E1,1.288158226E1,1.802775574E1,-4.033500671E1,4.602008154E1
6.215703187E1,1.279847240E1,1.816267967E1,-4.046966553E1,4.616792888E1
6.216702137E1,1.277652073E1,1.796636581E1,-4.040409851E1,4.602739357E1
6.217700937E1,1.279891682E1,1.801540565E1,-4.049586487E1,4.613330883E1
6.218699737E1,1.274939060E1,1.798971558E1,-4.051029968E1,4.612224201E1
6.219698537E1,1.281843090E1,1.810215378E1,-4.050708008E1,4.618250403E1
6.220697337E1,1.284365845E1,1.799063110E1,-4.055241394E1,4.618571907E1
6.221696137E1,1.293558979E1,1.803000832E1,-4.044163513E1,4.612956249E1
6.222694938E1,1.292311192E1,1.809226990E1,-4.037324524E1,4.609051945E1
6.223693737E1,1.285860634E1,1.796419525E1,-4.052030945E1,4.615139809E1
6.224692537E1,1.280428982E1,1.787198448E1,-4.044013977E1,4.603001816E1
6.225691337E1,1.283894634E1,1.782751083E1,-4.054246521E1,4.611236462E1
6.226690137E1,1.284112453E1,1.784767914E1,-4.058187866E1,4.615542228E1
6.227688938E1,1.297054291E1,1.788389587E1,-4.029624939E1,4.595493912E1
6.228687737E1,1.285287094E1,1.791918945E1,-4.030940247E1,4.594716062E1
6.229686537E1,1.290043163E1,1.791054726E1,-4.042642212E1,4.605979206E1
6.230685337E1,1.295889854E1,1.793033409E1,-4.059924316E1,4.623557589E1
6.231684137E1,1.299160671E1,1.794984055E1,-4.047438049E1,4.614275779E1
6.232682938E1,1.303563976E1,1.782124329E1,-4.041606140E1,4.605412724E1
6.233681737E1,1.287609196E1,1.793707657E1,-4.041722107E1,4.605523009E1
6.234680537E1,1.290984631E1,1.793156433E1,-4.038964844E1,4.603834089E1
6.235679337E1,1.286703491E1,1.803995132E1,-4.046168518E1,4.613185883E1
6.236678137E1,1.275508404E1,1.808185959E1,-4.030223846E1,4.597734486E1
6.237676937E1,1.298866081E1,1.800914383E1,-4.036588287E1,4.606993674E1
6.238675737E1,1.284557438E1,1.796893120E1,-4.054337311E1,4.616986433E1
6.239674537E1,1.281820011E1,1.803659439E1,-4.051251984E1,4.616155603E1
6.240673337E1,1.286159420E1,1.794316483E1,-4.052091217E1,4.614457815E1
6.241672137E1,1.288642216E1,1.791907501E1,-4.067809296E1,4.628023738E1
6.242670937E1,1.280458832E1,1.800183868E1,-4.033731842E1,4.599046570E1
6.243669737E1,1.271558380E1,1.801024246E1,-4.050145721E1,4.611315367E1
6.244668538E1,1.267675972E1,1.789665222E1,-4.046666718E1,4.602761725E1
6.245667337E1,1.282956982E1,1.796200943E1,-4.051908112E1,4.614138683E1
6.246666137E1,1.265916252E1,1.803125191E1,-4.034163666E1,4.596550978E1
6.247664937E1,1.281538105E1,1.793347931E1,-4.043602753E1,4.605340372E1
6.248663737E1,1.308581448E1,1.787187958E1,-4.043704987E1,4.610637290E1
6.249662538E1,1.301991367E1,1.778982162E1,-4.061103058E1,4.620878391E1
6.250661337E1,1.297805977E1,1.780000305E1,-4.033768463E1,4.596084144E1
6.251660137E1,1.289111137E1,1.795065880E1,-4.046508026E1,4.610671995E1
6.252658937E1,1.286099434E1,1.789935303E1,-4.052312469E1,4.612933610E1
6.253657737E1,1.290626049E1,1.797636986E1,-4.053926849E1,4.618607716E1
6.254656537E1,1.289651489E1,1.790404129E1,-4.050144196E1,4.612202935E1
6.255655337E1,1.294162941E1,1.791256714E1,-4.027968597E1,4.594343191E1
6.256654137E1,1.284013557E1,1.779903412E1,-4.005524445E1,4.567381421E1
6.257652937E1,1.287481308E1,1.776186371E1,-4.027222443E1,4.585953199E1
6.258651737E1,1.290312004E1,1.782837296E1,-4.015079498E1,4.578676366E1
6.259650537E1,1.277461720E1,1.794027328E1,-4.003632355E1,4.569410742E1
6.260649337E1,1.292801476E1,1.786869431E1,-3.995864105E1,4.564117435E1
6.261648138E1,1.286937904E1,1.786153984E1,-4.018207550E1,4.581762449E1
6.262646937E1,1.298713303E1,1.775620651E1,-4.030553436E1,4.591823814E1
6.263645737E1,1.295588207E1,1.784901047E1,-4.006291962E1,4.573269709E1
6.264644537E1,1.288569450E1,1.793899727E1,-4.020684052E1,4.587416234E1
6.265643437E1,1.292644405E1,1.785638809E1,-4.017653656E1,4.582682229E1
6.266642237E1,1.296797371E1,1.776837349E1,-4.017682648E1,4.580459392E1
6.267640937E1,1.284991455E1,1.773360825E1,-4.026598358E1,4.583612766E1
6.268639837E1,1.301357651E1,1.776079559E1,-4.024788666E1,4.587691592E1
6.269638637E1,1.301357651E1,1.776079559E1,-4.024788666E1,4.587691592E1
6.270637437E1,1.280024624E1,1.794753456E1,-4.026746368E1,4.590674169E1
6.271636237E1,1.280469894E1,1.799740601E1,-4.013155365E1,4.580838937E1
6.272635037E1,1.289636230E1,1.797886467E1,-3.994689178E1,4.566519352E1
6.273633837E1,1.277641582E1,1.792721558E1,-4.032300568E1,4.594090385E1
6.274632637E1,1.283443069E1,1.801436234E1,-4.019698334E1,4.588068582E1
6.275631437E1,1.289640808E1,1.797220612E1,-4.010428619E1,4.580034176E1
6.276630238E1,1.303741169E1,1.792444420E1,-4.026502228E1,4.596228696E1
6.277629037E1,1.298239422E1,1.810665703E1,-4.026673126E1,4.601959621E1
6.278627837E1,1.281723022E1,1.806715012E1,-4.038480377E1,4.606121665E1
6.279626637E1,1.276864052E1,1.804580879E1,-4.031493378E1,4.597807392E1
6.280625437E1,1.272266388E1,1.793998337E1,-4.040232086E1,4.600061641E1
6.281624238E1,1.277524853E1,1.781590080E1,-4.023313141E1,4.581831685E1
6.282623037E1,1.272200108E1,1.795392036E1,-4.033202362E1,4.594414758E1
6.283621837E1,1.271322155E1,1.791744614E1,-4.052869415E1,4.610028121E1
6.284620637E1,1.281348515E1,1.787450218E1,-4.034709930E1,4.595184057E1
6.285619437E1,1.286177921E1,1.772706223E1,-4.024169159E1,4.581558514E1
6.286618238E1,1.287336349E1,1.776847649E1,-4.011275482E1,4.572171633E1
6.287617037E1,1.289718246E1,1.776513481E1,-4.016278839E1,4.577102688E1
6.288615837E1,1.288742352E1,1.773154449E1,-4.016112518E1,4.575379035E1
6.289614637E1,1.291195774E1,1.767265511E1,-4.041611481E1,4.596198132E1
6.290613437E1,1.276884556E1,1.773580933E1,-4.049138641E1,4.601254963E1
6.291612237E1,1.276039314E1,1.770853806E1,-4.038283539E1,4.590417571E1
6.292611037E1,1.297700596E1,1.764420891E1,-4.030063629E1,4.586787631E1
6.293609837E1,1.294364357E1,1.761064148E1,-4.037006378E1,4.590658615E1
6.294608637E1,1.297483158E1,1.770865250E1,-4.053563690E1,4.609859528E1
6.295607437E1,1.276070595E1,1.766679382E1,-4.054842377E1,4.603396453E1
6.296606237E1,1.266448307E1,1.777622223E1,-4.051039886E1,4.601603660E1
6.297605037E1,1.283280945E1,1.773947144E1,-4.053759003E1,4.607240009E1
6.298603838E1,1.305613708E1,1.760266876E1,-4.048836517E1,4.603937855E1
6.299602637E1,1.298405647E1,1.773913193E1,-4.062366486E1,4.619030927E1
6.300601437E1,1.287095165E1,1.787965202E1,-4.036280060E1,4.598368216E1
6.301600237E1,1.283055210E1,1.778083801E1,-4.051847076E1,4.607089907E1
6.302599037E1,1.274790382E1,1.781051636E1,-4.046614838E1,4.601339706E1
6.303597838E1,1.283585548E1,1.785043335E1,-4.035253143E1,4.595349769E1
6.304596637E1,1.288048172E1,1.790541458E1,-4.021413422E1,4.586597073E1
6.305595437E1,1.281165123E1,1.792944527E1,-4.035509491E1,4.597974663E1
6.306594237E1,1.279870892E1,1.781485558E1,-4.042142487E1,4.598986429E1
6.307593037E1,1.288428593E1,1.770995712E1,-4.043775177E1,4.598759804E1
6.308591837E1,1.280049706E1,1.781375694E1,-4.035753632E1,4.593379365E1
6.309590637E1,1.285443687E1,1.765511703E1,-4.039939117E1,4.592439996E1
6.310589437E1,1.305808926E1,1.768645668E1,-4.007248688E1,4.570698688E1
6.311588237E1,1.289971828E1,1.774545860E1,-4.019408417E1,4.579157603E1
6.312587037E1,1.277860355E1,1.787132263E1,-4.008240509E1,4.570859962E1
6.313585837E1,1.275504875E1,1.774526215E1,-4.037435150E1,4.590940924E1
6.314584637E1,1.293825054E1,1.759182930E1,-4.042653656E1,4.594753142E1
6.315583438E1,1.295047188E1,1.772863388E1,-4.035820770E1,4.594348822E1
6.316582092E1,1.290861607E1,1.776383781E1,-4.050186920E1,4.607154991E1
6.317580892E1,1.301282692E1,1.773454094E1,-4.059944916E1,4.617534925E1
6.318579692E1,1.287895584E1,1.781374359E1,-4.037931061E1,4.597483757E1
6.319578492E1,1.277600288E1,1.793741035E1,-4.049274445E1,4.609380970E1
6.320577292E1,1.268490601E1,1.789412117E1,-4.046466827E1,4.602712017E1
6.321576092E1,1.278457832E1,1.778144073E1,-4.044176483E1,4.599088410E1
6.322574892E1,1.297231960E1,1.787571144E1,-4.035956573E1,4.600778936E1
6.323573692E1,1.286953354E1,1.774311447E1,-4.036913300E1,4.593593260E1
6.324572492E1,1.275977421E1,1.786746597E1,-4.027948761E1,4.587477848E1
6.325571292E1,1.281257820E1,1.802508545E1,-4.045745087E1,4.610717077E1
6.326570092E1,1.277689075E1,1.806086349E1,-4.031127167E1,4.598306592E1
6.327568892E1,1.285937786E1,1.806508446E1,-4.034503937E1,4.603730093E1
6.328567692E1,1.280913925E1,1.804529572E1,-4.041957855E1,4.608089709E1
6.329566492E1,1.269947815E1,1.801537514E1,-4.060979462E1,4.620590769E1
6.330565292E1,1.260903740E1,1.799995041E1,-4.042542267E1,4.601305072E1
6.331564092E1,1.262607765E1,1.801795959E1,-4.048488617E1,4.607700851E1
6.332562892E1,1.274482441E1,1.810901451E1,-4.049622345E1,4.615529297E1
6.333561692E1,1.264445210E1,1.808923721E1,-4.053902435E1,4.615750391E1
6.334560492E1,1.253496552E1,1.813621140E1,-4.033844757E1,4.596996712E1
6.335559292E1,1.256710625E1,1.806073570E1,-4.040567780E1,4.600805507E1
6.336558092E1,1.259591389E1,1.801435471E1,-4.040102386E1,4.599365990E1
6.337556892E1,1.266190147E1,1.783257866E1,-4.057830048E1,4.609688797E1
6.338555692E1,1.267556286E1,1.788929367E1,-4.055358124E1,4.610086412E1
6.339554492E1,1.275738049E1,1.790340614E1,-4.048751068E1,4.607082840E1
6.340553292E1,1.270263863E1,1.793146896E1,-4.027300262E1,4.587820123E1
6.341552192E1,1.256580353E1,1.804844284E1,-4.051940155E1,4.610279394E1
6.342550992E1,1.264672756E1,1.792811203E1,-4.043235016E1,4.600143322E1
6.343549792E1,1.258707142E1,1.795602226E1,-4.060492706E1,4.614773238E1
6.344548592E1,1.262268543E1,1.787390900E1,-4.042482758E1,4.596711319E1
6.345547392E1,1.269860172E1,1.793749428E1,-4.051367950E1,4.609084957E1
6.346546192E1,1.275959301E1,1.776340485E1,-4.050138092E1,4.602942126E1
6.347544992E1,1.267401409E1,1.785814476E1,-4.035434723E1,4.591314962E1
6.348543792E1,1.268623638E1,1.786447716E1,-4.032746124E1,4.589536216E1
6.349542592E1,1.278316689E1,1.795016861E1,-4.041150665E1,4.602942297E1
6.350541392E1,1.287924099E1,1.789792824E1,-4.031069183E1,4.594738904E1
6.351540192E1,1.270621109E1,1.801540375E1,-4.028987885E1,4.592686479E1
6.352538992E1,1.276640892E1,1.809217644E1,-4.022100067E1,4.591336341E1
6.353537792E1,1.276640892E1,1.809217644E1,-4.022100067E1,4.591336341E1
6.354536592E1,1.276193905E1,1.815488434E1,-4.034806061E1,4.604815858E1
6.355535392E1,1.278637409E1,1.795267677E1,-4.037216949E1,4.599676114E1
6.356534192E1,1.282693863E1,1.807897377E1,-4.044106293E1,4.611788393E1
6.357532992E1,1.276581764E1,1.797996140E1,-4.016379547E1,4.581894345E1
6.358531792E1,1.263188267E1,1.803893661E1,-4.034267426E1,4.596193055E1
6.359530592E1,1.271837997E1,1.799017334E1,-4.029935455E1,4.592865667E1
6.360529392E1,1.268750095E1,1.805754089E1,-4.042882538E1,4.606014964E1
6.361528192E1,1.265054989E1,1.807479477E1,-4.029521942E1,4.593951814E1
6.362526992E1,1.265631962E1,1.809169006E1,-4.047742462E1,4.610763038E1
6.363525792E1,1.277795029E1,1.807735062E1,-4.038600922E1,4.605536189E1
6.364524592E1,1.273185444E1,1.803981400E1,-4.039043427E1,4.603175194E1
6.365523392E1,1.280860710E1,1.795220566E1,-4.054869843E1,4.615776260E1
6.366522192E1,1.267541122E1,1.796316147E1,-4.046816254E1,4.605446123E1
6.367520992E1,1.260264778E1,1.781526947E1,-4.057399750E1,4.607016204E1
6.368519792E1,1.262813568E1,1.803770447E1,-4.025733185E1,4.588552452E1
6.369518592E1,1.267771053E1,1.809736633E1,-4.045761871E1,4.609835056E1
6.370517392E1,1.233970261E1,1.830837822E1,-4.044043732E1,4.607487324E1
6.371516192E1,1.230328941E1,1.824832535E1,-4.012004852E1,4.576014207E1
6.372514992E1,1.246226597E1,1.821458626E1,-4.029181671E1,4.594028428E1
6.373513792E1,1.257083607E1,1.807035828E1,-4.046277618E1,4.606300060E1
6.374512592E1,1.272315407E1,1.813880730E1,-4.042340851E1,4.609714671E1
6.375511392E1,1.254747581E1,1.807815361E1,-4.042691803E1,4.602819232E1
6.376510192E1,1.259052467E1,1.817049789E1,-4.038426971E1,4.603886994E1
6.377508992E1,1.272291756E1,1.817197990E1,-4.031655121E1,4.601649472E1
6.378507792E1,1.251730251E1,1.832859802E1,-4.040285492E1,4.609784218E1
6.379506592E1,1.247139072E1,1.835899353E1,-4.029593658E1,4.600381218E1
6.380505392E1,1.252693081E1,1.835382462E1,-4.033414459E1,4.605029960E1
6.381504192E1,1.256038857E1,1.833848953E1,-4.034088898E1,4.605921062E1
6.382502992E1,1.259581470E1,1.826787758E1,-4.031957245E1,4.602214491E1
6.383501792E1,1.259384632E1,1.827268982E1,-4.038037872E1,4.607679616E1
6.384500592E1,1.261406994E1,1.827254295E1,-4.029544830E1,4.600786607E1
6.385499392E1,1.273110390E1,1.822371674E1,-4.011597443E1,4.586367040E1
6.386498192E1,1.274106312E1,1.817564201E1,-4.005010223E1,4.578972964E1
6.387496992E1,1.279935074E1,1.817014694E1,-4.009250641E1,4.584088447E1
6.388495792E1,1.271042633E1,1.825967789E1,-4.028157806E1,4.601713056E1
6.389494592E1,1.266858006E1,1.842763329E1,-4.023921967E1,4.603547967E1
6.390493392E1,1.274530792E1,1.837399292E1,-4.018958282E1,4.599183686E1
6.391492192E1,1.273604584E1,1.830695343E1,-4.024544525E1,4.601138197E1
6.392490992E1,1.271750546E1,1.834984207E1,-4.012664032E1,4.591948293E1
6.393489792E1,1.275584888E1,1.823773766E1,-4.027616119E1,4.601625708E1
6.394488592E1,1.281022930E1,1.827071571E1,-4.029653168E1,4.606225670E1
6.395487392E1,1.272451496E1,1.826004982E1,-4.032555389E1,4.605966779E1
6.396486192E1,1.270616722E1,1.824675369E1,-4.032706451E1,4.605065513E1
6.397484992E1,1.271689320E1,1.838399124E1,-4.040355682E1,4.617507889E1
6.398483792E1,1.267946148E1,1.821095276E1,-4.036004639E1,4.605801655E1
6.399482592E1,1.283936787E1,1.815338516E1,-4.034785461E1,4.606890635E1
6.400481392E1,1.285686779E1,1.829852676E1,-4.040649414E1,4.618246312E1
6.401480192E1,1.274697971E1,1.825080299E1,-4.067907715E1,4.637202410E1
6.402478992E1,1.287484932E1,1.813050652E1,-4.031733704E1,4.604307415E1
6.403477792E1,1.284133625E1,1.811264229E1,-4.035260010E1,4.605757334E1
6.404476592E1,1.282788944E1,1.828029251E1,-4.042797852E1,4.618598585E1
6.405475392E1,1.278993893E1,1.822914124E1,-4.055352783E1,4.626524341E1
6.406474192E1,1.263789654E1,1.840174866E1,-4.054479980E1,4.628413955E1
6.407472992E1,1.268434238E1,1.829685020E1,-4.049832153E1,4.621451413E1
6.408471792E1,1.261452293E1,1.832165146E1,-4.075846863E1,4.643341325E1
6.409470592E1,1.269050503E1,1.835570526E1,-4.078936768E1,4.649465936E1
6.410469392E1,1.272804546E1,1.826549530E1,-4.068460083E1,4.637745362E1
6.411468192E1,1.274253941E1,1.829237938E1,-4.078364563E1,4.647891140E1
6.412466992E1,1.283117676E1,1.829998779E1,-4.065206909E1,4.639094062E1
6.413465792E1,1.284014988E1,1.828640175E1,-4.057757568E1,4.632279769E1
6.414464692E1,1.273604298E1,1.836096573E1,-4.031410217E1,4.609293533E1
6.415463492E1,1.263803577E1,1.847498512E1,-4.038255310E1,4.617137228E1
6.416462350E1,1.263036919E1,1.847686005E1,-4.031565857E1,4.611152685E1
6.417461150E1,1.283913898E1,1.828468323E1,-4.031874084E1,4.609527084E1
6.418459950E1,1.259130478E1,1.838117409E1,-4.040785217E1,4.614328807E1
6.419458750E1,1.262005997E1,1.838757896E1,-4.041885376E1,4.616332649E1
6.420457550E1,1.267495346E1,1.852479362E1,-4.038545227E1,4.620397363E1
6.421456350E1,1.251079082E1,1.845363808E1,-4.041941833E1,4.616043786E1
6.422455150E1,1.252304745E1,1.843167114E1,-4.026011658E1,4.601554308E1
6.423453950E1,1.268086624E1,1.827985573E1,-4.036351013E1,4.608872361E1
6.424452750E1,1.262845612E1,1.828055191E1,-4.021394348E1,4.594363647E1
6.425451550E1,1.264353657E1,1.814358902E1,-4.028158569E1,4.595274731E1
6.426450350E1,1.260089016E1,1.831260300E1,-4.029010010E1,4.601549769E1
6.427449150E1,1.266449833E1,1.827735138E1,-4.032975769E1,4.605366920E1
6.428447950E1,1.261807728E1,1.844639587E1,-4.030270386E1,4.608463229E1
6.429446750E1,1.263720989E1,1.839219093E1,-4.040361023E1,4.615651071E1
6.430445550E1,1.261561584E1,1.840622711E1,-4.033053589E1,4.609224539E1
6.431444350E1,1.265288258E1,1.840528679E1,-4.043664551E1,4.619493824E1
6.432443150E1,1.260624599E1,1.843119621E1,-4.030511475E1,4.607742079E1
6.433441950E1,1.249159622E1,1.844735718E1,-4.038491821E1,4.612251708E1
6.434440750E1,1.258047104E1,1.831154442E1,-4.040518188E1,4.611029856E1
6.435439550E1,1.266110992E1,1.850436401E1,-4.026199341E1,4.608408950E1
6.436438350E1,1.252084446E1,1.849624634E1,-4.046513367E1,4.622023061E1
6.437437150E1,1.257747555E1,1.849499512E1,-4.033967590E1,4.612534214E1
6.438435950E1,1.257752132E1,1.849526978E1,-4.033970642E1,4.612549144E1
6.439434750E1,1.257295322E1,1.836657333E1,-4.034468079E1,4.607714658E1
6.440433550E1,1.248418331E1,1.824284744E1,-4.038494873E1,4.603911815E1
6.441432350E1,1.267150784E1,1.826990891E1,-4.032618713E1,4.604951738E1
6.442431150E1,1.250918770E1,1.838486099E1,-4.042266846E1,4.613539873E1
6.443429950E1,1.265984917E1,1.835448265E1,-4.014929199E1,4.592520508E1
6.444428750E1,1.259187698E1,1.838308334E1,-4.054696655E1,4.626607413E1
6.445427550E1,1.256671333E1,1.833139229E1,-4.042236328E1,4.612948819E1
6.446426350E1,1.284153271E1,1.831806564E1,-4.033416748E1,4.612267943E1
6.447425150E1,1.265602970E1,1.845777512E1,-4.025544739E1,4.605828475E1
6.448423950E1,1.272124672E1,1.832182312E1,-4.021255493E1,4.598444188E1
6.449422750E1,1.259844589E1,1.840377426E1,-4.027810669E1,4.604069531E1
6.450421550E1,1.251669884E1,1.852084351E1,-4.015293884E1,4.595593424E1
6.451420350E1,1.259686184E1,1.850166893E1,-4.025283813E1,4.605739527E1
6.452419150E1,1.270291138E1,1.839069748E1,-4.034567261E1,4.612325888E1
6.453417950E1,1.255766296E1,1.851639175E1,-4.034542847E1,4.613355894E1
6.454416750E1,1.255403900E1,1.847755432E1,-4.016169739E1,4.595634718E1
6.455415550E1,1.238317680E1,1.858990479E1,-4.017813110E1,4.596966224E1
6.456414350E1,1.256182957E1,1.858627319E1,-4.014851379E1,4.599078465E1
6.457413150E1,1.258212185E1,1.858276367E1,-4.013529968E1,4.598337935E1
6.458411950E1,1.255006218E1,1.860676193E1,-4.027427673E1,4.610567228E1
6.459410750E1,1.267874146E1,1.858895302E1,-4.030827332E1,4.616336813E1
6.460409550E1,1.251258945E1,1.856515312E1,-4.041384888E1,4.620074660E1
6.461408350E1,1.254948521E1,1.847842026E1,-4.035124207E1,4.612119177E1
6.462407150E1,1.259749317E1,1.850179863E1,-4.033262634E1,4.612736861E1
6.463405950E1,1.252917767E1,1.850146484E1,-4.036636353E1,4.613813822E1
6.464404750E1,1.245078754E1,1.851882553E1,-4.037861633E1,4.613460379E1
6.465403550E1,1.249516296E1,1.847478676E1,-4.033837891E1,4.609372686E1
6.466402350E1,1.240771484E1,1.851478004E1,-4.029962158E1,4.605223086E1
6.467401150E1,1.256179428E1,1.853305054E1,-4.033541870E1,4.613262012E1
6.468399950E1,1.263753223E1,1.834741783E1,-4.041177368E1,4.614592522E1
6.469398750E1,1.251557541E1,1.844736481E1,-4.039118958E1,4.613451085E1
6.470397550E1,1.261074352E1,1.849913788E1,-4.034938049E1,4.614457130E1
6.471396350E1,1.247299767E1,1.854088974E1,-4.055145264E1,4.630076213E1
6.472395150E1,1.267571449E1,1.856335068E1,-4.039823914E1,4.623082793E1
6.473393950E1,1.249290848E1,1.848329926E1,-4.044746399E1,4.619201724E1
6.474392750E1,1.267409992E1,1.844380379E1,-4.030323792E1,4.609943268E1
6.475391550E1,1.256845665E1,1.852604675E1,-4.042945862E1,4.621386843E1
6.476390350E1,1.251574993E1,1.856568718E1,-4.033683777E1,4.613446887E1
6.477389150E1,1.248405838E1,1.856669617E1,-4.036216736E1,4.614843956E1
6.478387950E1,1.257367611E1,1.852064514E1,-4.043209839E1,4.621543257E1
6.479386750E1,1.254203892E1,1.863245010E1,-4.039280701E1,4.621741874E1
6.480385550E1,1.261273956E1,1.848683929E1,-4.031230164E1,4.610776604E1
6.481384350E1,1.261788464E1,1.838797760E1,-4.040437317E1,4.615021239E1
6.482383150E1,1.260745144E1,1.843460464E1,-4.032537842E1,4.609683964E1
6.483381950E1,1.249500465E1,1.845527649E1,-4.004907227E1,4.583285460E1
6.484380750E1,1.262348843E1,1.853496361E1,-4.006776428E1,4.591647929E1
6.485379550E1,1.246285915E1,1.860768127E1,-4.030216980E1,4.610676253E1
6.486378350E1,1.248369694E1,1.863486290E1,-4.022624207E1,4.605704458E1
6.487377150E1,1.260030460E1,1.857200432E1,-4.030142212E1,4.612907592E1
6.488375950E1,1.256204700E1,1.844558716E1,-4.058894348E1,4.631961834E1
6.489374750E1,1.251384830E1,1.855094910E1,-4.045542908E1,4.623176239E1
6.490373650E1,1.243328094E1,1.868181992E1,-4.026306152E1,4.609458747E1
6.491372450E1,1.236153412E1,1.863765717E1,-4.029734802E1,4.608737406E1
6.492371250E1,1.244590759E1,1.878613091E1,-4.030259705E1,4.617487043E1
6.493370050E1,1.235198498E1,1.877083969E1,-4.021751404E1,4.606912622E1
6.494368850E1,1.237370968E1,1.873449326E1,-4.025920105E1,4.609656384E1
6.495367650E1,1.245799637E1,1.850732231E1,-4.038026428E1,4.613337616E1
6.496366450E1,1.246152878E1,1.858971786E1,-4.024861145E1,4.605234015E1
6.497365250E1,1.261877537E1,1.854803276E1,-4.024372864E1,4.607407846E1
6.498364050E1,1.246649551E1,1.862072372E1,-4.040614319E1,4.620390968E1
6.499362850E1,1.247298622E1,1.850846672E1,-4.036190796E1,4.612182065E1
6.500361650E1,1.248212528E1,1.853248215E1,-4.037561035E1,4.614592352E1
6.501360450E1,1.244204521E1,1.857359505E1,-4.037763977E1,4.615340416E1
6.502359250E1,1.255991650E1,1.856727219E1,-4.030262756E1,4.611720815E1
6.503358050E1,1.249299240E1,1.853767014E1,-4.042192078E1,4.619146839E1
6.504356850E1,1.243547726E1,1.846166611E1,-4.038134766E1,4.610994956E1
6.505355650E1,1.238046551E1,1.856763077E1,-4.045021057E1,4.619796937E1
6.506354450E1,1.243730164E1,1.860082245E1,-4.039384460E1,4.617726442E1
6.507353250E1,1.252257633E1,1.849728966E1,-4.020799255E1,4.599616623E1
6.508352050E1,1.240038586E1,1.854782677E1,-4.011119080E1,4.589879164E1
6.509350850E1,1.246910381E1,1.858006859E1,-4.031179810E1,4.610573245E1
6.510349650E1,1.244118786E1,1.861044312E1,-4.030345154E1,4.610314473E1
6.511348450E1,1.248237610E1,1.856591797E1,-4.051792908E1,4.628396698E1
6.512347250E1,1.247256088E1,1.864443588E1,-4.038233948E1,4.619429733E1
6.513346050E1,1.253587532E1,1.869468498E1,-4.046835327E1,4.630687890E1
6.514344850E1,1.254671192E1,1.870246887E1,-4.041210938E1,4.626381854E1
6.515343650E1,1.250078392E1,1.874365616E1,-4.043350220E1,4.628674049E1
6.516342450E1,1.230361366E1,1.869889832E1,-4.034013367E1,4.613408817E1
6.517341229E1,1.257137489E1,1.867335510E1,-4.045527649E1,4.629646912E1
6.518340029E1,1.252928543E1,1.859983444E1,-4.037577820E1,4.618593184E1
6.519338829E1,1.253742695E1,1.859424019E1,-4.044113159E1,4.624303155E1
6.520337629E1,1.250602341E1,1.869842911E1,-4.021536255E1,4.607935826E1
6.521336429E1,1.255908871E1,1.875498962E1,-4.023164368E1,4.613096030E1
6.522335229E1,1.263750458E1,1.860160446E1,-4.022549438E1,4.608488482E1
6.523334029E1,1.263750458E1,1.860160446E1,-4.022549438E1,4.608488482E1
6.524332829E1,1.263468266E1,1.862287903E1,-4.033850098E1,4.619135731E1
6.525331629E1,1.263372707E1,1.852792740E1,-4.022235107E1,4.605141344E1
6.526330429E1,1.255191231E1,1.860695267E1,-4.030487061E1,4.613297936E1
6.527329229E1,1.257146168E1,1.861227226E1,-4.027197266E1,4.611171336E1
6.528328029E1,1.261991405E1,1.866417503E1,-4.029997253E1,4.617035246E1
6.529326829E1,1.251672840E1,1.875542450E1,-4.040011597E1,4.626665979E1
6.530325629E1,1.236000443E1,1.864472580E1,-4.037995911E1,4.616206892E1
6.531324429E1,1.255058384E1,1.863184357E1,-4.038113403E1,4.620929274E1
6.532323229E1,1.252060795E1,1.858710098E1,-4.029689026E1,4.610949263E1
6.533322029E1,1.241933441E1,1.861791992E1,-4.015847778E1,4.597358097E1
6.534320829E1,1.252966785E1,1.859994888E1,-4.021383667E1,4.604457986E1
6.535319629E1,1.264332199E1,1.859357834E1,-4.018518066E1,4.604805633E1
6.536318429E1,1.252357674E1,1.873205757E1,-4.000619507E1,4.591541788E1
6.537317229E1,1.249647141E1,1.865931892E1,-4.012440491E1,4.598151639E1
6.538316029E1,1.256204605E1,1.861738586E1,-4.005078125E1,4.591815693E1
6.539314829E1,1.247663689E1,1.863719368E1,-3.995520020E1,4.581953163E1
6.540313629E1,1.250348091E1,1.845997810E1,-4.001655579E1,4.580865162E1
6.541312429E1,1.260844803E1,1.846481895E1,-3.989840698E1,4.573625892E1
6.542311229E1,1.250012589E1,1.842359161E1,-3.989320374E1,4.568533221E1
6.543310029E1,1.252361393E1,1.849014854E1,-3.999743652E1,4.580962156E1
6.544308829E1,1.247795677E1,1.851412201E1,-3.996089172E1,4.577493841E1
6.545307629E1,1.246606541E1,1.862092590E1,-3.998078918E1,4.583235944E1
6.546306429E1,1.250482750E1,1.866671371E1,-3.993322754E1,4.582007828E1
6.547305229E1,1.253739643E1,1.848473167E1,-3.988824463E1,4.571590176E1
6.548304029E1,1.256294155E1,1.855174828E1,-4.011083984E1,4.594425250E1
6.549302829E1,1.260719585E1,1.851657867E1,-4.010000610E1,4.593272866E1
6.550301629E1,1.245237255E1,1.866809464E1,-4.019221497E1,4.603230912E1
6.551300429E1,1.260016727E1,1.854251099E1,-4.021539307E1,4.604201091E1
6.552299229E1,1.242510128E1,1.869326782E1,-4.018870544E1,4.603209151E1
6.553298029E1,1.252340603E1,1.885504913E1,-4.017837524E1,4.611562006E1
6.554296829E1,1.238893223E1,1.882234573E1,-4.022285461E1,4.610471097E1
6.555295629E1,1.235385799E1,1.873432350E1,-3.987471008E1,4.575571209E1
6.556294429E1,1.235926723E1,1.872174835E1,-3.998365784E1,4.584700908E1
6.557293229E1,1.243726254E1,1.862718391E1,-4.004936218E1,4.588691416E1
6.558292029E1,1.248255920E1,1.854447937E1,-4.024188232E1,4.603391242E1
6.559290929E1,1.236773109E1,1.856352615E1,-4.009309387E1,4.588051277E1
6.560289729E1,1.231750298E1,1.858519936E1,-3.998822021E1,4.578414868E1
6.561288529E1,1.255197144E1,1.852166939E1,-3.995407104E1,4.579227027E1
6.562287329E1,1.257496357E1,1.850161171E1,-4.002690125E1,4.585403110E1
6.563286129E1,1.246109295E1,1.852721024E1,-4.008184814E1,4.588126968E1
6.564284929E1,1.245053768E1,1.862849426E1,-4.025936890E1,4.607443403E1
6.565283729E1,1.248522663E1,1.856679344E1,-4.020597839E1,4.601225273E1
6.566282529E1,1.261534977E1,1.848576736E1,-4.008833313E1,4.591236324E1
6.567281329E1,1.258048058E1,1.856557846E1,-4.006916809E1,4.591826899E1
6.568280129E1,1.248131847E1,1.863074684E1,-4.016772461E1,4.600363180E1
6.569278929E1,1.271310425E1,1.853287506E1,-4.022790527E1,4.608009158E1
6.570277729E1,1.259278011E1,1.849326324E1,-4.031542969E1,4.610762157E1
6.571276529E1,1.247686100E1,1.863078499E1,-4.016986084E1,4.600430338E1
6.572275329E1,1.254694939E1,1.851178551E1,-4.009017944E1,4.590571456E1
6.573274129E1,1.258748436E1,1.851581573E1,-4.029650879E1,4.609868561E1
6.574272929E1,1.251723862E1,1.869415283E1,-4.019136047E1,4.605972285E1
6.575271729E1,1.259785843E1,1.859446526E1,-4.032054138E1,4.615415726E1
6.576270529E1,1.260957146E1,1.866142273E1,-4.023970032E1,4.611380999E1
6.577269329E1,1.258812523E1,1.848997307E1,-4.042510986E1,4.620096869E1
6.578268129E1,1.261120033E1,1.850769806E1,-4.036352539E1,4.616049657E1
6.579266929E1,1.234902668E1,1.864162827E1,-4.026150513E1,4.605428926E1
6.580265729E1,1.227373314E1,1.870049667E1,-4.028392029E1,4.607762293E1
6.581264529E1,1.237835026E1,1.871172905E1,-4.024267578E1,4.607412846E1
6.582263329E1,1.250920773E1,1.866392517E1,-4.020794678E1,4.605975863E1
6.583262129E1,1.256296730E1,1.847899437E1,-4.008441162E1,4.589184498E1
6.584260929E1,1.262949657E1,1.854676437E1,-4.012001038E1,4.596848796E1
6.585259729E1,1.248246384E1,1.847940063E1,-4.012797546E1,4.590811003E1
6.586258529E1,1.241591454E1,1.856999969E1,-4.008143616E1,4.588596024E1
6.587257329E1,1.252152538E1,1.853081322E1,-4.000172424E1,4.582922189E1
6.588256129E1,1.255222702E1,1.842763901E1,-4.002388000E1,4.581536045E1
6.589254929E1,1.237009907E1,1.843795395E1,-4.014898682E1,4.587939231E1
6.590253729E1,1.246037865E1,1.859463120E1,-4.020768738E1,4.601825148E1
6.591252529E1,1.245339108E1,1.847886658E1,-4.020492554E1,4.596728725E1
6.592251329E1,1.230762768E1,1.855651855E1,-4.016310120E1,4.592272616E1
6.593250129E1,1.231804752E1,1.845643806E1,-4.006504822E1,4.579937215E1
6.594248929E1,1.230084038E1,1.851670074E1,-4.004383850E1,4.580052273E1
6.595247729E1,1.231090927E1,1.852894974E1,-4.013026428E1,4.588375068E1
6.596246529E1,1.230861187E1,1.860502815E1,-4.018951416E1,4.596570512E1
6.597245329E1,1.239255619E1,1.858563614E1,-4.027137756E1,4.605198335E1
6.598244129E1,1.229681969E1,1.853947830E1,-4.024006653E1,4.598028908E1
6.599242929E1,1.235972691E1,1.875642776E1,-4.032508850E1,4.615928070E1
6.600241729E1,1.243359947E1,1.871880341E1,-4.033470154E1,4.617224431E1
6.601240529E1,1.234160995E1,1.867475510E1,-4.039344788E1,4.618108320E1
6.602239329E1,1.227895927E1,1.867694283E1,-4.010244751E1,4.591086288E1
6.603238129E1,1.232309818E1,1.861725426E1,-4.047123718E1,4.622101193E1
6.604236929E1,1.234169674E1,1.872434998E1,-4.027877808E1,4.610096229E1
6.605235729E1,1.240363312E1,1.872037888E1,-4.029949951E1,4.613406941E1
6.606234529E1,1.234541702E1,1.868011475E1,-4.018084717E1,4.599844006E1
6.607233329E1,1.250174618E1,1.862404251E1,-4.025593567E1,4.608350001E1
6.608232129E1,1.250174618E1,1.862404251E1,-4.025593567E1,4.608350001E1
6.609230929E1,1.242447090E1,1.861756897E1,-4.024040222E1,4.604640401E1
6.610229729E1,1.255593491E1,1.858625221E1,-4.039257812E1,4.620238782E1
6.611228529E1,1.242189312E1,1.867682838E1,-4.036689758E1,4.618023135E1
6.612227329E1,1.235027504E1,1.860738754E1,-4.065892029E1,4.638870513E1
6.613226229E1,1.233772945E1,1.866297531E1,-4.056523132E1,4.632563230E1
6.614225029E1,1.234164715E1,1.866143036E1,-4.038917542E1,4.617196907E1
6.615223829E1,1.237486649E1,1.868843269E1,-4.026315308E1,4.608162685E1
6.616222629E1,1.233889961E1,1.875333977E1,-4.021408081E1,4.605549361E1
6.617221450E1,1.236241531E1,1.859787750E1,-4.001722717E1,4.582672616E1
6.618220250E1,1.237530804E1,1.869122696E1,-4.011476135E1,4.595328381E1
6.619219050E1,1.220223713E1,1.874631882E1,-4.005372620E1,4.587613805E1
6.620217850E1,1.239448452E1,1.878933334E1,-4.021076965E1,4.608219060E1
6.621216650E1,1.241993427E1,1.878544235E1,-3.992095947E1,4.583481883E1
6.622215450E1,1.244033146E1,1.875660706E1,-4.022183228E1,4.609086620E1
6.623214250E1,1.234131050E1,1.883312988E1,-4.012487793E1,4.601087431E1
6.624213050E1,1.236468410E1,1.880288315E1,-4.022097778E1,4.608861987E1
6.625211850E1,1.222022629E1,1.876401520E1,-4.023536682E1,4.604679077E1
6.626210650E1,1.230955887E1,1.875947189E1,-4.023925781E1,4.607212709E1
6.627209450E1,1.238799191E1,1.874925995E1,-4.016694641E1,4.602586964E1
6.628208250E1,1.238793659E1,1.870430374E1,-4.027236938E1,4.609962784E1
6.629207050E1,1.240436077E1,1.879079056E1,-4.028431702E1,4.614962810E1
6.630205850E1,1.223417187E1,1.881409454E1,-4.016340637E1,4.600808979E1
6.631204650E1,1.236994171E1,1.873354340E1,-4.023797607E1,4.607662992E1
6.632203450E1,1.230485916E1,1.880819321E1,-4.029995728E1,4.614373465E1
6.633202250E1,1.254463005E1,1.873492050E1,-4.025794983E1,4.614181958E1
6.634201050E1,1.241563034E1,1.883283043E1,-4.030226135E1,4.618544845E1
6.635199850E1,1.242645454E1,1.877621841E1,-4.017037964E1,4.605021771E1
6.636198650E1,1.243414211E1,1.866478729E1,-4.033721924E1,4.615271856E1
6.637197450E1,1.246704769E1,1.860933113E1,-4.035700989E1,4.615650258E1
6.638196250E1,1.250030804E1,1.860606766E1,-4.028202820E1,4.609864695E1
6.639195050E1,1.251464272E1,1.882874298E1,-4.035537720E1,4.625682991E1
6.640193850E1,1.239485168E1,1.866767502E1,-4.030855560E1,4.611826204E1
6.641192650E1,1.241991520E1,1.882048416E1,-4.019782257E1,4.609045299E1
6.642191450E1,1.247063541E1,1.872942352E1,-4.010230255E1,4.598372237E1
6.643190250E1,1.245712662E1,1.872455215E1,-4.029503632E1,4.614627622E1
6.644189050E1,1.253870964E1,1.868260193E1,-4.037970734E1,4.622531362E1
6.645187850E1,1.250222969E1,1.877162552E1,-4.048696136E1,4.634515846E1
6.646186650E1,1.249493599E1,1.879941940E1,-4.028993988E1,4.618247342E1
6.647185450E1,1.242915440E1,1.852697372E1,-4.030310822E1,4.606596538E1
6.648184250E1,1.250624275E1,1.850780106E1,-4.036772919E1,4.613565180E1
6.649183050E1,1.260724735E1,1.832535172E1,-4.026737213E1,4.600241798E1
6.650181850E1,1.251806831E1,1.849256325E1,-4.030808258E1,4.608056479E1
6.651180650E1,1.250367928E1,1.854098320E1,-4.034774017E1,4.613079438E1
6.652179450E1,1.243980885E1,1.859032822E1,-4.038768768E1,4.616832750E1
6.653178250E1,1.257939911E1,1.842137718E1,-4.044188690E1,4.618587052E1
6.654177050E1,1.263062286E1,1.840455437E1,-4.034300995E1,4.610660156E1
6.655175850E1,1.253755856E1,1.853911018E1,-4.030811310E1,4.610458722E1
6.656174650E1,1.260937023E1,1.842533493E1,-4.016954803E1,4.595739086E1
6.657173450E1,1.248774719E1,1.849648094E1,-4.024855804E1,4.602184331E1
6.658172250E1,1.253398705E1,1.848615265E1,-4.009239960E1,4.589378146E1
6.659171050E1,1.262535000E1,1.846750641E1,-4.003549957E1,4.586163409E1
6.660169950E1,1.245759392E1,1.865612221E1,-4.002651215E1,4.588424802E1
6.661168750E1,1.256617641E1,1.855763435E1,-4.014061737E1,4.597351134E1
6.662167550E1,1.261501503E1,1.852288055E1,-4.018296051E1,4.600984703E1
6.663166350E1,1.243325710E1,1.849139595E1,-4.018573761E1,4.595009373E1
6.664165150E1,1.243657589E1,1.864473534E1,-4.022811127E1,4.604992412E1
6.665163950E1,1.238333416E1,1.867416382E1,-4.021825409E1,4.603888923E1
6.666162750E1,1.238834286E1,1.862528610E1,-4.022945404E1,4.603022152E1
6.667161550E1,1.242445946E1,1.858563423E1,-4.031876373E1,4.610201407E1
6.668160350E1,1.239970875E1,1.852038002E1,-4.007155609E1,4.585288280E1
6.669159150E1,1.254964733E1,1.831443596E1,-4.034156036E1,4.604729857E1
6.670157950E1,1.245614433E1,1.842361069E1,-4.036716461E1,4.608788280E1
6.671156750E1,1.236827183E1,1.857747841E1,-4.039514923E1,4.615045973E1
6.672155550E1,1.245206261E1,1.856816292E1,-4.020194244E1,4.600029036E1
6.673154350E1,1.242200661E1,1.851514626E1,-4.032143402E1,4.607531802E1
6.674153150E1,1.245531559E1,1.864453125E1,-4.019005585E1,4.602166904E1
6.675151950E1,1.241252995E1,1.853952217E1,-4.012038422E1,4.590675344E1
6.676150750E1,1.250426197E1,1.858556747E1,-4.015027618E1,4.597634787E1
6.677149550E1,1.246563816E1,1.854253197E1,-4.029206085E1,4.607241902E1
6.678148350E1,1.259285259E1,1.840775108E1,-4.038199615E1,4.613166862E1
6.679147150E1,1.257261276E1,1.840826416E1,-4.037116241E1,4.611686823E1
6.680145950E1,1.257268143E1,1.847416687E1,-4.030237579E1,4.608306255E1
6.681144750E1,1.263695431E1,1.822349930E1,-4.044579315E1,4.612646447E1
6.682143550E1,1.271810055E1,1.815289307E1,-4.029244232E1,4.598650363E1
6.683142350E1,1.264994812E1,1.816394043E1,-4.044176483E1,4.610299624E1
6.684141150E1,1.258128834E1,1.836300468E1,-4.042072296E1,4.614459450E1
6.685139950E1,1.254585266E1,1.846983147E1,-4.030788422E1,4.607883053E1
6.686138750E1,1.257757568E1,1.847322845E1,-4.046337128E1,4.622488502E1
6.687137550E1,1.258477116E1,1.850768661E1,-4.051049042E1,4.628186214E1
6.688136350E1,1.255403805E1,1.855573082E1,-4.045720673E1,4.624613058E1
6.689135150E1,1.261775112E1,1.849148750E1,-4.039003754E1,4.617897666E1
6.690133950E1,1.254219246E1,1.855627251E1,-4.035146332E1,4.615064932E1
6.691132750E1,1.265410328E1,1.847522354E1,-4.050981903E1,4.628720830E1
6.692131550E1,1.262007618E1,1.848644257E1,-4.027931976E1,4.608078213E1
6.693130350E1,1.262007618E1,1.848644257E1,-4.027931976E1,4.608078213E1
6.694129150E1,1.246528530E1,1.833773041E1,-4.030136871E1,4.599843491E1
6.695127950E1,1.249623394E1,1.848874855E1,-4.040325165E1,4.615639099E1
6.696126750E1,1.252015018E1,1.856693268E1,-4.052727509E1,4.630275559E1
6.697125550E1,1.244600391E1,1.851965141E1,-4.043038177E1,4.617895920E1
6.698124350E1,1.255909157E1,1.847238731E1,-4.031005096E1,4.608535649E1
6.699123150E1,1.256165123E1,1.841107941E1,-4.037764740E1,4.612068230E1
6.700121950E1,1.250025654E1,1.856041718E1,-4.023972321E1,4.604324948E1
6.701120750E1,1.237332916E1,1.870848846E1,-4.027634430E1,4.610087554E1
6.702119550E1,1.226880455E1,1.861473656E1,-4.022995758E1,4.599436345E1
6.703118350E1,1.236383629E1,1.860490799E1,-4.032367706E1,4.609778716E1
6.704117150E1,1.233486271E1,1.851376915E1,-4.024982452E1,4.598866013E1
6.705115950E1,1.238487530E1,1.842010689E1,-4.024680328E1,4.596183905E1
6.706114750E1,1.249784374E1,1.842821693E1,-4.030258942E1,4.604447840E1
6.707113550E1,1.241876221E1,1.835543442E1,-4.017905426E1,4.588577153E1
6.708112350E1,1.246605206E1,1.850024986E1,-4.027117157E1,4.603725620E1
6.709111150E1,1.249910545E1,1.844664764E1,-4.033115387E1,4.607720064E1
6.710110050E1,1.242265797E1,1.848683548E1,-4.031122589E1,4.605518917E1
6.711108850E1,1.244313431E1,1.854232025E1,-4.011447906E1,4.591100807E1
6.712107650E1,1.255454159E1,1.834664536E1,-4.034465790E1,4.606416537E1
6.713106450E1,1.253764057E1,1.851748466E1,-4.011788177E1,4.592966479E1
6.714105250E1,1.244122314E1,1.848838425E1,-4.016277313E1,4.593095613E1
6.715104050E1,1.225056553E1,1.855795479E1,-4.033406830E1,4.605769325E1
6.716102850E1,1.229738522E1,1.854006195E1,-4.041129303E1,4.613059922E1
6.717101563E1,1.231080818E1,1.860554314E1,-4.043972015E1,4.618542194E1
6.718100362E1,1.244804382E1,1.855439377E1,-4.045742035E1,4.621712004E1
6.719099162E1,1.252339840E1,1.849934769E1,-4.029850006E1,4.607635488E1
6.720097962E1,1.243818474E1,1.832062912E1,-4.027976227E1,4.596534716E1
6.721096762E1,1.251990032E1,1.846059418E1,-4.012631226E1,4.590928421E1
6.722095563E1,1.256635380E1,1.833470154E1,-4.013244629E1,4.587687624E1
6.723094362E1,1.250733280E1,1.835152817E1,-4.020452881E1,4.593055733E1
6.724093162E1,1.242834663E1,1.836626244E1,-4.024603271E1,4.595134976E1
6.725091962E1,1.230906391E1,1.835969353E1,-4.034838867E1,4.600634597E1
6.726090762E1,1.233541489E1,1.854978180E1,-4.007153320E1,4.584740602E1
6.727089562E1,1.249550915E1,1.847231102E1,-4.016279602E1,4.593924474E1
6.728088362E1,1.249121952E1,1.843544960E1,-4.010708618E1,4.587455427E1
6.729087162E1,1.238303280E1,1.859057617E1,-4.007849121E1,4.588283428E1
6.730085962E1,1.227980328E1,1.854387283E1,-3.991999817E1,4.569764810E1
6.731084762E1,1.231930351E1,1.861502647E1,-3.994628906E1,4.576014051E1
6.732083562E1,1.228405476E1,1.859281540E1,-4.003529358E1,4.581937928E1
6.733082362E1,1.225252914E1,1.867265320E1,-3.987145996E1,4.570039133E1
6.734081163E1,1.225778008E1,1.869602966E1,-3.993722534E1,4.576873022E1
6.735079962E1,1.219596100E1,1.850075912E1,-4.007632446E1,4.579444656E1
6.736078762E1,1.233598328E1,1.841221809E1,-4.021470642E1,4.591741359E1
6.737077562E1,1.225800800E1,1.836049271E1,-4.027168274E1,4.592575403E1
6.738076362E1,1.232051182E1,1.845726585E1,-4.002568054E1,4.576593468E1
6.739075163E1,1.227372265E1,1.854110336E1,-4.012132263E1,4.587087650E1
6.740073962E1,1.233650112E1,1.838577652E1,-4.023344421E1,4.592337173E1
6.741072762E1,1.235827637E1,1.852028656E1,-4.005691528E1,4.582886068E1
6.742071562E1,1.235106945E1,1.844564438E1,-4.027008057E1,4.598336767E1
6.743070362E1,1.226980019E1,1.854520798E1,-4.018238831E1,4.592490681E1
6.744069163E1,1.234058094E1,1.862563515E1,-4.032391357E1,4.610013263E1
6.745067962E1,1.225182819E1,1.870042038E1,-4.000143433E1,4.582496879E1
6.746066762E1,1.231806564E1,1.857411957E1,-4.003523254E1,4.582087411E1
6.747065562E1,1.228923607E1,1.859248161E1,-3.989979553E1,4.570229074E1
6.748064362E1,1.232363605E1,1.860648346E1,-3.996839905E1,4.577713572E1
6.749063162E1,1.235170078E1,1.859757614E1,-3.998864746E1,4.579875846E1
6.750061962E1,1.228351593E1,1.856266403E1,-4.011576843E1,4.587735974E1
6.751060762E1,1.236452579E1,1.864470673E1,-3.988497925E1,4.573093216E1
6.752059562E1,1.230097485E1,1.868039131E1,-3.991210938E1,4.575202156E1
6.753058362E1,1.230383587E1,1.860367966E1,-3.985250854E1,4.566950527E1
6.754057162E1,1.243227959E1,1.869459534E1,-3.972695923E1,4.563201464E1
6.755055962E1,1.241488934E1,1.852587318E1,-3.977093506E1,4.559676227E1
6.756054763E1,1.240893555E1,1.850944328E1,-3.968597412E1,4.551436821E1
6.757053562E1,1.243527317E1,1.846136665E1,-3.993064880E1,4.571558587E1
6.758052362E1,1.237443447E1,1.851461983E1,-3.995552063E1,4.574233711E1
6.759051162E1,1.247083187E1,1.838914490E1,-3.977891541E1,4.556363033E1
6.760049962E1,1.237140179E1,1.854796791E1,-4.003834534E1,4.582736948E1
6.761048763E1,1.239367676E1,1.836800575E1,-3.996360779E1,4.569547906E1
6.762047662E1,1.221594334E1,1.845349884E1,-4.013160706E1,4.582910403E1
6.763046462E1,1.226114559E1,1.835349464E1,-4.005474854E1,4.573367837E1
6.764045262E1,1.233017349E1,1.838039780E1,-3.977175903E1,4.551554699E1
6.765044062E1,1.233351135E1,1.843840027E1,-3.997537231E1,4.571783567E1
6.766042863E1,1.238191319E1,1.848470688E1,-4.012194824E1,4.587773854E1
6.767041662E1,1.239297009E1,1.849654388E1,-4.006109619E1,4.583229507E1
6.768040462E1,1.233534813E1,1.846293068E1,-4.004237366E1,4.578681372E1
6.769039262E1,1.232196140E1,1.853453445E1,-3.990290833E1,4.569028117E1
6.770038062E1,1.214138794E1,1.852775574E1,-4.003376770E1,4.575361833E1
6.771036863E1,1.225732708E1,1.862274933E1,-4.013647461E1,4.591280272E1
6.772035662E1,1.242937183E1,1.847018433E1,-4.001345825E1,4.578988791E1
6.773034462E1,1.234583950E1,1.860288048E1,-3.993182373E1,4.574972635E1
6.774033262E1,1.241502571E1,1.858662415E1,-3.978031921E1,4.562969710E1
6.775032062E1,1.238373947E1,1.853383636E1,-4.010282898E1,4.588133592E1
6.776030863E1,1.232352924E1,1.858156967E1,-4.007267761E1,4.585808103E1
6.777029662E1,1.242384911E1,1.855508041E1,-3.986788940E1,4.569564138E1
6.778028462E1,1.242384911E1,1.855508041E1,-3.986788940E1,4.569564138E1
6.779027262E1,1.246910286E1,1.845445061E1,-3.988081360E1,4.567849129E1
6.780026062E1,1.248777866E1,1.838002777E1,-3.993893433E1,4.570435988E1
6.781024862E1,1.238296223E1,1.839020920E1,-4.002494812E1,4.575515293E1
6.782023662E1,1.241169548E1,1.836705017E1,-4.004095459E1,4.576763880E1
6.783022462E1,1.254923820E1,1.831807327E1,-3.993907166E1,4.569644004E1
6.784021262E1,1.249403763E1,1.838343811E1,-4.014328003E1,4.588610579E1
6.785020062E1,1.245940971E1,1.835907555E1,-3.995674133E1,4.570376049E1
6.786018862E1,1.251064014E1,1.832006073E1,-3.998417664E1,4.572608799E1
6.787017662E1,1.238539791E1,1.837898254E1,-4.001097107E1,4.573907396E1
6.788016463E1,1.250005436E1,1.843670845E1,-3.993270874E1,4.572510038E1
6.789015262E1,1.235797691E1,1.839913559E1,-4.000245667E1,4.573231159E1
6.790014062E1,1.229471493E1,1.850093269E1,-4.000622559E1,4.575961769E1
6.791012862E1,1.251051903E1,1.842694473E1,-4.017059326E1,4.593192726E1
6.792011662E1,1.237618256E1,1.860620689E1,-4.020024109E1,4.599369754E1
6.793010463E1,1.240662193E1,1.852713013E1,-3.996975708E1,4.576855143E1
6.794009262E1,1.227373791E1,1.857139587E1,-4.011044312E1,4.587362024E1
6.795008062E1,1.228669834E1,1.855714226E1,-4.013916016E1,4.589643410E1
6.796006862E1,1.247331715E1,1.847112656E1,-4.021861267E1,4.598155024E1
6.797005662E1,1.233613205E1,1.845869827E1,-4.027593994E1,4.598972748E1
6.798004463E1,1.253801537E1,1.832874298E1,-4.028903198E1,4.600381231E1
6.799003262E1,1.242158127E1,1.846585464E1,-4.036520386E1,4.609374308E1
6.800002062E1,1.233417988E1,1.847408485E1,-4.030216980E1,4.601835172E1
6.801000862E1,1.243112659E1,1.848395920E1,-4.015336609E1,4.591821495E1
6.801999662E1,1.241364861E1,1.851111984E1,-4.020407867E1,4.596877388E1
6.802998462E1,1.244721794E1,1.841184616E1,-4.027420807E1,4.599936031E1
6.803997262E1,1.243547535E1,1.836877823E1,-4.025212860E1,4.595962269E1
6.804996062E1,1.245293903E1,1.844274521E1,-4.034288788E1,4.607341038E1
6.805994862E1,1.253203964E1,1.859680939E1,-4.032212067E1,4.613856036E1
6.806993662E1,1.231899643E1,1.855222702E1,-3.995444489E1,4.574167101E1
6.807992462E1,1.242669773E1,1.843240929E1,-4.014217377E1,4.588649740E1
6.808991262E1,1.240728951E1,1.848176003E1,-4.019867706E1,4.595051604E1
6.809990063E1,1.243682861E1,1.837616730E1,-4.025962067E1,4.596950388E1
6.810988862E1,1.250802422E1,1.837493134E1,-4.014070892E1,4.588425966E1
6.811987662E1,1.238129234E1,1.841069031E1,-4.022396088E1,4.593709771E1
6.812986462E1,1.239757633E1,1.843283272E1,-4.011357880E1,4.585377220E1
6.813985262E1,1.241513538E1,1.844594574E1,-4.030530548E1,4.603157776E1
6.814984063E1,1.236703777E1,1.841517258E1,-4.003400421E1,4.576880704E1
6.815982862E1,1.246596909E1,1.837913513E1,-4.008158112E1,4.582276877E1
6.816981675E1,1.234250259E1,1.838289452E1,-4.004505157E1,4.575887167E1
6.817980575E1,1.237806511E1,1.836696815E1,-4.001258087E1,4.573367078E1
6.818979375E1,1.240909100E1,1.835771942E1,-3.993405914E1,4.566968887E1
6.819978175E1,1.246239281E1,1.828383827E1,-3.989527130E1,4.562063841E1
6.820976975E1,1.250809574E1,1.838825798E1,-4.008341217E1,4.583950722E1
6.821975775E1,1.255459309E1,1.846004677E1,-4.003717804E1,4.584066709E1
6.822974575E1,1.244622231E1,1.852565002E1,-4.008199310E1,4.587672972E1
6.823973375E1,1.249946499E1,1.841875458E1,-4.016864777E1,4.592393067E1
6.824972175E1,1.243449497E1,1.846699142E1,-4.024874115E1,4.599573460E1
6.825970975E1,1.245060730E1,1.858001137E1,-4.010329437E1,4.591850024E1
6.826969775E1,1.238552761E1,1.848858643E1,-3.994283295E1,4.572372498E1
6.827968575E1,1.241236115E1,1.843861771E1,-4.001740265E1,4.577599641E1
6.828967375E1,1.241151619E1,1.848077583E1,-4.003639984E1,4.580936718E1
6.829966175E1,1.247433758E1,1.840260887E1,-4.009790802E1,4.584874414E1
6.830964975E1,1.253147125E1,1.842965889E1,-4.007402802E1,4.585431081E1
6.831963775E1,1.243761158E1,1.844685364E1,-4.018819427E1,4.593551513E1
6.832962575E1,1.246642780E1,1.852535439E1,-4.009444427E1,4.589297374E1
6.833961375E1,1.253545284E1,1.843478203E1,-4.006389618E1,4.584860460E1
6.834960175E1,1.252397633E1,1.849187851E1,-4.007689667E1,4.587981256E1
6.835958975E1,1.255161381E1,1.849839020E1,-4.009819794E1,4.590859317E1
6.836957775E1,1.253455830E1,1.850433731E1,-4.018334198E1,4.598072013E1
6.837956575E1,1.239744568E1,1.851381302E1,-4.026566315E1,4.601936071E1
6.838955375E1,1.245645905E1,1.848831558E1,-4.006966400E1,4.585367115E1
6.839954175E1,1.240760612E1,1.850434113E1,-3.991851044E1,4.571484229E1
6.840952975E1,1.227137756E1,1.856247902E1,-4.007268524E1,4.583636588E1
6.841951775E1,1.226542950E1,1.856843567E1,-4.009000397E1,4.585232799E1
6.842950575E1,1.236309242E1,1.837799835E1,-3.995020294E1,4.567948766E1
6.843949375E1,1.255578136E1,1.827688599E1,-4.006525421E1,4.579210415E1
6.844948175E1,1.241393852E1,1.835053253E1,-4.016280365E1,4.586827565E1
6.845946975E1,1.254802799E1,1.846724892E1,-4.025971222E1,4.603625438E1
6.846945775E1,1.241657829E1,1.847140884E1,-4.009798431E1,4.586079706E1
6.847944575E1,1.237091351E1,1.850749016E1,-4.006801605E1,4.583680403E1
6.848943375E1,1.243347740E1,1.838313293E1,-4.003760529E1,4.577707695E1
6.849942175E1,1.242986679E1,1.842993736E1,-4.016619110E1,4.590737509E1
6.850940975E1,1.258676052E1,1.832625008E1,-4.027811432E1,4.600656992E1
6.851939775E1,1.270378780E1,1.832572174E1,-4.022509003E1,4.599213160E1
6.852938575E1,1.273017406E1,1.812684631E1,-4.025176239E1,4.594392522E1
6.853937375E1,1.277247238E1,1.823064232E1,-4.001316071E1,4.578804866E1
6.854936175E1,1.259517384E1,1.820548439E1,-4.010616302E1,4.581028682E1
6.855934975E1,1.262422466E1,1.827492142E1,-4.010457611E1,4.584452886E1
6.856933775E1,1.245101452E1,1.843471527E1,-4.006766510E1,4.582885855E1
6.857932575E1,1.246074009E1,1.837160110E1,-3.998331451E1,4.573238689E1
6.858931375E1,1.243529034E1,1.827685547E1,-4.002658844E1,4.572535045E1
6.859930175E1,1.243064499E1,1.836757469E1,-4.003240204E1,4.576551046E1
6.860928975E1,1.243851376E1,1.838211823E1,-4.015328217E1,4.587924328E1
6.861927775E1,1.243851376E1,1.838211823E1,-4.015328217E1,4.587924328E1
6.862926575E1,1.250706863E1,1.853043556E1,-4.020240021E1,4.600039989E1
6.863925375E1,1.253006172E1,1.846055222E1,-4.003147125E1,4.582917330E1
6.864924175E1,1.254638672E1,1.845391464E1,-3.999866486E1,4.580231409E1
6.865922975E1,1.248399734E1,1.838235855E1,-4.021018219E1,4.594148504E1
6.866921775E1,1.246439648E1,1.842702103E1,-4.023186493E1,4.597302730E1
6.867920575E1,1.240436840E1,1.845098686E1,-4.019710541E1,4.593598322E1
6.868919375E1,1.240517521E1,1.849006462E1,-4.009014130E1,4.585837209E1
6.869918175E1,1.232753086E1,1.845026207E1,-4.020676422E1,4.592345889E1
6.870916975E1,1.230414391E1,1.851326180E1,-4.025301361E1,4.598301778E1
6.871915775E1,1.242963696E1,1.838522339E1,-4.023532867E1,4.594990737E1
6.872914575E1,1.240981293E1,1.841062164E1,-4.026982880E1,4.598492750E1
6.873913375E1,1.243556499E1,1.848377228E1,-4.048809052E1,4.621232074E1
6.874912175E1,1.248916721E1,1.842585373E1,-4.039687347E1,4.612373326E1
6.875910975E1,1.246852016E1,1.841921616E1,-4.043698883E1,4.615064013E1
6.876909775E1,1.249133110E1,1.835411263E1,-4.019449615E1,4.591845298E1
6.877908575E1,1.239534378E1,1.828040314E1,-4.025438690E1,4.591550230E1
6.878907375E1,1.228053379E1,1.826547241E1,-4.032913971E1,4.594429782E1
6.879906175E1,1.240426159E1,1.828185272E1,-4.032607269E1,4.598134386E1
6.880904975E1,1.229217529E1,1.815215111E1,-4.031546783E1,4.589046862E1
6.881903775E1,1.232983112E1,1.822487640E1,-4.039231110E1,4.599684393E1
6.882902575E1,1.250226116E1,1.833800888E1,-4.015765381E1,4.588274472E1
6.883901475E1,1.245086288E1,1.819449043E1,-4.034303284E1,4.597416413E1
6.884900275E1,1.250759220E1,1.825252151E1,-4.029827881E1,4.597331486E1
6.885899075E1,1.254256725E1,1.822468567E1,-4.014624023E1,4.583858381E1
6.886897875E1,1.244341660E1,1.818682098E1,-4.028982544E1,4.592242489E1
6.887896675E1,1.256896019E1,1.822368050E1,-4.020413208E1,4.589611669E1
6.888895475E1,1.251665306E1,1.807333565E1,-4.043914795E1,4.602865143E1
6.889894275E1,1.247279549E1,1.827795601E1,-4.051347351E1,4.616271048E1
6.890893075E1,1.241845036E1,1.842531204E1,-4.032794189E1,4.604403252E1
6.891891875E1,1.253501225E1,1.835989189E1,-4.035037231E1,4.606912967E1
6.892890675E1,1.247547722E1,1.845023537E1,-4.037947083E1,4.611453546E1
6.893889475E1,1.249110603E1,1.829628181E1,-4.035136414E1,4.603275188E1
6.894888275E1,1.239078236E1,1.814648247E1,-4.025111389E1,4.585824335E1
6.895887075E1,1.252140617E1,1.835601807E1,-4.022856140E1,4.595722102E1
6.896885875E1,1.241797447E1,1.845455933E1,-4.006411743E1,4.582477884E1
6.897884675E1,1.259347343E1,1.828588676E1,-4.015887451E1,4.588795517E1
6.898883475E1,1.247778320E1,1.836576271E1,-4.006852722E1,4.580920418E1
6.899882275E1,1.242813301E1,1.830050278E1,-4.040208435E1,4.606186396E1
6.900881075E1,1.232842064E1,1.834337425E1,-4.031372070E1,4.597461703E1
6.901879875E1,1.233506012E1,1.832217407E1,-4.051747131E1,4.614673610E1
6.902878675E1,1.243871975E1,1.830869484E1,-4.025445557E1,4.593855950E1
6.903877475E1,1.239348030E1,1.815444756E1,-4.034834290E1,4.594748192E1
6.904876275E1,1.242906094E1,1.823282814E1,-4.034085083E1,4.598153785E1
6.905875075E1,1.251170254E1,1.818129921E1,-4.028633118E1,4.593572489E1
6.906873875E1,1.257561207E1,1.813593864E1,-4.019200134E1,4.585253822E1
6.907872675E1,1.277702618E1,1.810609818E1,-4.013208008E1,4.584394224E1
6.908871475E1,1.264847374E1,1.824489403E1,-3.996284485E1,4.571530394E1
6.909870275E1,1.263243008E1,1.814030647E1,-4.009400940E1,4.578404305E1
6.910869075E1,1.265207577E1,1.824266624E1,-4.000389099E1,4.575129711E1
6.911867875E1,1.262819386E1,1.813018608E1,-4.017962646E1,4.585386909E1
6.912866675E1,1.246868229E1,1.831361008E1,-4.026420593E1,4.595718259E1
6.913865475E1,1.241396141E1,1.838586807E1,-4.026890564E1,4.597533408E1
6.914864275E1,1.239129162E1,1.834455109E1,-4.027209473E1,4.595550322E1
6.915863075E1,1.263007832E1,1.820812988E1,-4.015313721E1,4.586206820E1
6.916861904E1,1.254424381E1,1.822447395E1,-4.018698120E1,4.587464400E1
6.917860704E1,1.262475014E1,1.825383759E1,-4.014486694E1,4.587152978E1
6.918859504E1,1.275826359E1,1.812092209E1,-4.019761658E1,4.590195514E1
6.919858304E1,1.269952488E1,1.799151802E1,-4.028750610E1,4.591356881E1
6.920857104E1,1.263532352E1,1.820554733E1,-4.010670471E1,4.582184105E1
6.921855904E1,1.256534195E1,1.829318619E1,-4.016227722E1,4.588613070E1
6.922854704E1,1.257038879E1,1.836658478E1,-3.996310425E1,4.574271321E1
6.923853504E1,1.266842747E1,1.828532028E1,-4.008152771E1,4.584071177E1
6.924852304E1,1.259309387E1,1.818388939E1,-4.001654053E1,4.572267886E1
6.925851104E1,1.272397518E1,1.823607254E1,-4.000840759E1,4.577255252E1
6.926849904E1,1.259850025E1,1.833989906E1,-4.014761353E1,4.590103461E1
6.927848704E1,1.251952934E1,1.826240730E1,-3.995509338E1,4.568001338E1
6.928847504E1,1.270415115E1,1.826905060E1,-3.988311768E1,4.567074273E1
6.929846304E1,1.260596848E1,1.821457291E1,-3.999156189E1,4.571658484E1
6.930845104E1,1.261619854E1,1.824053574E1,-4.005517578E1,4.578539851E1
6.931843904E1,1.269557667E1,1.828318405E1,-3.997036743E1,4.575022141E1
6.932842704E1,1.264551163E1,1.820831108E1,-4.007598877E1,4.579886934E1
6.933841504E1,1.281129932E1,1.818226433E1,-4.009237671E1,4.584891271E1
6.934840304E1,1.273732758E1,1.819923782E1,-4.006359863E1,4.580986473E1
6.935839104E1,1.269198704E1,1.822534370E1,-4.024061584E1,4.596255924E1
6.936837904E1,1.268921280E1,1.818090057E1,-4.018458557E1,4.589512158E1
6.937836704E1,1.254720211E1,1.829820633E1,-4.017597961E1,4.589516286E1
6.938835504E1,1.265775299E1,1.815649033E1,-3.991012573E1,4.563655320E1
6.939834304E1,1.246046162E1,1.834860039E1,-3.999586487E1,4.573405128E1
6.940833104E1,1.250958443E1,1.834430885E1,-3.997570801E1,4.572811608E1
6.941831904E1,1.261268330E1,1.831901741E1,-4.009231567E1,4.584822739E1
6.942830704E1,1.258810139E1,1.823178482E1,-4.006510925E1,4.578287075E1
6.943829504E1,1.265616322E1,1.814419937E1,-4.008532715E1,4.578453768E1
6.944828304E1,1.269381905E1,1.802403069E1,-4.026960754E1,4.590904068E1
6.945827104E1,1.266292381E1,1.821120644E1,-4.018424988E1,4.589958189E1
6.946825904E1,1.266292381E1,1.821120644E1,-4.018424988E1,4.589958189E1
6.947824704E1,1.258233643E1,1.828825378E1,-4.020651245E1,4.592754141E1
6.948823504E1,1.244183540E1,1.836340714E1,-4.011042786E1,4.583514386E1
6.949822304E1,1.268534660E1,1.818939018E1,-4.007911682E1,4.580510385E1
6.950821104E1,1.269052124E1,1.815749168E1,-4.007618713E1,4.579131587E1
6.951819904E1,1.261920547E1,1.811516380E1,-3.980680847E1,4.551906751E1
6.952818704E1,1.265947056E1,1.809947014E1,-3.998602295E1,4.568079515E1
6.953817504E1,1.244824409E1,1.827417946E1,-4.006813049E1,4.576417264E1
6.954816304E1,1.261164284E1,1.825658417E1,-4.009307861E1,4.582369860E1
6.955815104E1,1.245565605E1,1.839412880E1,-4.011419678E1,4.585451041E1
6.956813904E1,1.257504463E1,1.822136307E1,-4.011175537E1,4.581596598E1
6.957812704E1,1.260260487E1,1.826189995E1,-4.029077148E1,4.599640101E1
6.958811504E1,1.252915764E1,1.821634674E1,-4.035533142E1,4.601486557E1
6.959810304E1,1.255842304E1,1.820488739E1,-4.013990784E1,4.582951140E1
6.960809204E1,1.257796288E1,1.809859085E1,-3.993469238E1,4.561297838E1
6.961808004E1,1.255765343E1,1.806772614E1,-4.001620483E1,4.566655271E1
6.962806804E1,1.258023357E1,1.804636574E1,-4.000801086E1,4.565714102E1
6.963805604E1,1.256738567E1,1.814908981E1,-4.024311066E1,4.590028975E1
6.964804404E1,1.271810055E1,1.815027618E1,-4.040810394E1,4.608684705E1
6.965803204E1,1.257746506E1,1.824939346E1,-4.035520172E1,4.604101753E1
6.966802004E1,1.275939369E1,1.817920494E1,-4.009116364E1,4.583216143E1
6.967800804E1,1.271477318E1,1.820315552E1,-3.997922516E1,4.573137623E1
6.968799604E1,1.259002113E1,1.822583389E1,-3.992133331E1,4.565525716E1
6.969798404E1,1.264629745E1,1.807987785E1,-3.995490265E1,4.564214136E1
6.970797204E1,1.263085365E1,1.808681488E1,-4.003240204E1,4.570847350E1
6.971796004E1,1.254125977E1,1.816456985E1,-4.016002655E1,4.582643917E1
6.972794804E1,1.254992676E1,1.834560204E1,-3.996616364E1,4.573134605E1
6.973793604E1,1.265253735E1,1.822526550E1,-3.995348358E1,4.570041416E1
6.974792404E1,1.269417477E1,1.822950554E1,-4.010645294E1,4.584740465E1
6.975791204E1,1.270957279E1,1.812877846E1,-4.015283966E1,4.585233235E1
6.976790004E1,1.276348114E1,1.808258057E1,-4.009618378E1,4.579945550E1
6.977788804E1,1.268961811E1,1.813945770E1,-4.016776276E1,4.586409814E1
6.978787604E1,1.257705402E1,1.815336418E1,-4.023596954E1,4.589836777E1
6.979786404E1,1.257597542E1,1.831478500E1,-4.034008026E1,4.605332326E1
6.980785204E1,1.255981827E1,1.839997101E1,-4.012871552E1,4.589794959E1
6.981784004E1,1.262569332E1,1.824059677E1,-4.016463470E1,4.588382486E1
6.982782804E1,1.259047318E1,1.838772964E1,-3.992771149E1,4.572582160E1
6.983781604E1,1.245907497E1,1.827685928E1,-4.022965240E1,4.590966202E1
6.984780404E1,1.239200783E1,1.828345490E1,-4.000089264E1,4.569374129E1
6.985779204E1,1.245945072E1,1.824671173E1,-4.023564911E1,4.590302670E1
6.986778004E1,1.246946526E1,1.821351624E1,-4.013655853E1,4.580571000E1
6.987776804E1,1.254880428E1,1.813806915E1,-4.015123749E1,4.581030357E1
6.988775604E1,1.261533260E1,1.816736603E1,-4.020204926E1,4.588468774E1
6.989774404E1,1.253543377E1,1.812647438E1,-4.047827911E1,4.608901445E1
6.990773204E1,1.242155647E1,1.830738258E1,-4.029074860E1,4.596520145E1
6.991772004E1,1.237641716E1,1.821381950E1,-4.032401276E1,4.594502070E1
6.992770804E1,1.253474426E1,1.807446098E1,-4.023250580E1,4.585259509E1
6.993769604E1,1.247467327E1,1.803152466E1,-4.045336151E1,4.601334385E1
6.994768404E1,1.238129616E1,1.820557404E1,-4.029589081E1,4.591838669E1
6.995767204E1,1.237069035E1,1.836744690E1,-4.029306793E1,4.597747719E1
6.996766004E1,1.238694859E1,1.831822014E1,-4.014795685E1,4.583505343E1
6.997764804E1,1.241580963E1,1.817358971E1,-4.026978302E1,4.589212477E1
6.998763604E1,1.230656815E1,1.819173241E1,-4.041225433E1,4.599501112E1
6.999762404E1,1.232489300E1,1.817344856E1,-4.025218964E1,4.585210999E1
7.000761204E1,1.250598717E1,1.818635559E1,-4.021219635E1,4.587116720E1
7.001760004E1,1.258711052E1,1.821040726E1,-4.009986115E1,4.580451012E1
7.002758804E1,1.252429008E1,1.820436096E1,-4.006723785E1,4.575631267E1
7.003757604E1,1.268402481E1,1.800004005E1,-4.015105438E1,4.579293718E1
7.004756404E1,1.269745827E1,1.807164001E1,-4.020779419E1,4.587457175E1
7.005755204E1,1.263255310E1,1.823725891E1,-4.032586670E1,4.602558566E1
7.006754004E1,1.254630280E1,1.823944473E1,-4.025996399E1,4.594509504E1
7.007752804E1,1.262460613E1,1.811737061E1,-4.001629639E1,4.570474564E1
7.008751604E1,1.256669235E1,1.816186523E1,-3.999024963E1,4.568364227E1
7.009750404E1,1.253730679E1,1.812272263E1,-4.017207336E1,4.581934761E1
7.010749204E1,1.256765079E1,1.817332268E1,-4.006561279E1,4.575444057E1
7.011748004E1,1.253483963E1,1.822515488E1,-4.011410522E1,4.580851354E1
7.012746804E1,1.259538555E1,1.820414734E1,-4.011357117E1,4.581629960E1
7.013745604E1,1.272837067E1,1.818471909E1,-4.034152222E1,4.604491115E1
7.014744404E1,1.271452141E1,1.821133804E1,-4.001866150E1,4.576904146E1
7.015743204E1,1.270535088E1,1.816936493E1,-4.003028870E1,4.575998007E1
7.016742004E1,1.263378429E1,1.826603317E1,-4.009848022E1,4.583828738E1
7.017740742E1,1.268933678E1,1.823548508E1,-4.004292297E1,4.579288006E1
7.018739542E1,1.260007000E1,1.825067329E1,-4.004165649E1,4.577317003E1
7.019738342E1,1.248970413E1,1.830978394E1,-4.015377808E1,4.586465732E1
7.020737142E1,1.271406555E1,1.824747849E1,-4.003076172E1,4.579388406E1
7.021735942E1,1.264877415E1,1.817644119E1,-4.010433960E1,4.581192592E1
7.022734742E1,1.268381119E1,1.796445274E1,-3.998255920E1,4.563119184E1
7.023733542E1,1.272998047E1,1.814722824E1,-4.005357361E1,4.577841254E1
7.024732342E1,1.267092228E1,1.812862015E1,-3.993414307E1,4.565013606E1
7.025731142E1,1.264317608E1,1.823694992E1,-4.020167542E1,4.591961400E1
7.026729942E1,1.250941753E1,1.823813248E1,-4.026969910E1,4.594304810E1
7.027728742E1,1.255304432E1,1.815604401E1,-4.055723572E1,4.617477910E1
7.028727542E1,1.252998352E1,1.831274033E1,-4.027082825E1,4.597930570E1
7.029726342E1,1.251780987E1,1.823517609E1,-4.029383850E1,4.596531988E1
7.030725142E1,1.260907364E1,1.832021904E1,-4.003834534E1,4.580052686E1
7.031723942E1,1.260907364E1,1.832021904E1,-4.003834534E1,4.580052686E1
7.032722742E1,1.243111610E1,1.836719513E1,-4.009230042E1,4.581789014E1
7.033721542E1,1.259069824E1,1.834414673E1,-3.989376831E1,4.567872756E1
7.034720342E1,1.260416603E1,1.839557457E1,-4.017999268E1,4.595317156E1
7.035719142E1,1.243027592E1,1.840233994E1,-4.025230408E1,4.597179416E1
7.036717942E1,1.270042706E1,1.821100998E1,-4.027818298E1,4.599210537E1
7.037716742E1,1.253757763E1,1.830018806E1,-4.027668762E1,4.598151043E1
7.038715542E1,1.242970657E1,1.840402222E1,-4.022958374E1,4.595242156E1
7.039714342E1,1.263172340E1,1.829537773E1,-4.032617188E1,4.604868533E1
7.040713142E1,1.255622959E1,1.831913376E1,-4.012332153E1,4.585990072E1
7.041711942E1,1.258131123E1,1.826437378E1,-4.012388611E1,4.584542483E1
7.042710742E1,1.261291218E1,1.831267929E1,-4.001847839E1,4.578120127E1
7.043709542E1,1.246945381E1,1.825903130E1,-4.036138916E1,4.602087827E1
7.044708342E1,1.259225655E1,1.826481438E1,-4.021238708E1,4.592607586E1
7.045707142E1,1.252589798E1,1.825203323E1,-4.006155396E1,4.577076515E1
7.046705942E1,1.246049881E1,1.821774292E1,-4.016290283E1,4.582803674E1
7.047704742E1,1.254202938E1,1.820642281E1,-4.021070862E1,4.588766087E1
7.048703542E1,1.259877777E1,1.811435509E1,-4.037144470E1,4.600774510E1
7.049702342E1,1.253719616E1,1.829432297E1,-4.011242676E1,4.583525194E1
7.050701142E1,1.260653973E1,1.820920181E1,-4.016371155E1,4.586527662E1
7.051699942E1,1.256251526E1,1.837872314E1,-4.010501099E1,4.586944691E1
7.052698742E1,1.266317272E1,1.831754875E1,-3.989454651E1,4.568876642E1
7.053697542E1,1.239548492E1,1.824120331E1,-3.982200623E1,4.552122279E1
7.054696442E1,1.237348557E1,1.838465500E1,-3.999505615E1,4.572420804E1
7.055695242E1,1.247734451E1,1.837271500E1,-3.997811890E1,4.573281943E1
7.056694042E1,1.244911480E1,1.832680893E1,-4.004672241E1,4.576671674E1
7.057692842E1,1.258616447E1,1.834857750E1,-3.997709656E1,4.575205003E1
7.058691642E1,1.246924591E1,1.832485199E1,-4.017219543E1,4.588123342E1
7.059690442E1,1.246045399E1,1.824810600E1,-4.007769775E1,4.576546890E1
7.060689242E1,1.243447208E1,1.825202560E1,-4.007707214E1,4.575941702E1
7.061688042E1,1.234195423E1,1.830187035E1,-4.024098206E1,4.589791857E1
7.062686842E1,1.244807720E1,1.831795502E1,-4.029310608E1,4.597865265E1
7.063685642E1,1.259931755E1,1.831015396E1,-4.032514954E1,4.604478500E1
7.064684442E1,1.263456821E1,1.829569817E1,-4.025291443E1,4.598545428E1
7.065683242E1,1.260711479E1,1.829171371E1,-4.030824280E1,4.602478214E1
7.066682042E1,1.265706921E1,1.824586868E1,-4.021644592E1,4.593991345E1
7.067680842E1,1.256074047E1,1.819746399E1,-4.008821106E1,4.578192397E1
7.068679642E1,1.252549744E1,1.808189583E1,-4.028767395E1,4.590141300E1
7.069678442E1,1.264366436E1,1.810257912E1,-4.032879639E1,4.597801037E1
7.070677242E1,1.258728218E1,1.815397453E1,-4.019422913E1,4.586482878E1
7.071676042E1,1.252072716E1,1.819584846E1,-4.036009216E1,4.600863560E1
7.072674842E1,1.260059643E1,1.822275543E1,-4.007093811E1,4.578781417E1
7.073673642E1,1.243272400E1,1.815340042E1,-4.015660095E1,4.578942206E1
7.074672442E1,1.252932072E1,1.814337540E1,-3.992634583E1,4.561007607E1
7.075671242E1,1.246881962E1,1.815456009E1,-4.001202393E1,4.567298516E1
7.076670042E1,1.229539204E1,1.820956230E1,-3.995913696E1,4.560150712E1
7.077668842E1,1.251072407E1,1.812063026E1,-4.000114441E1,4.566143900E1
7.078667642E1,1.243561459E1,1.820820236E1,-4.001583862E1,4.568862533E1
7.079666442E1,1.241655159E1,1.826055717E1,-4.005584717E1,4.573936591E1
7.080665242E1,1.240575600E1,1.829015160E1,-4.017005920E1,4.584829423E1
7.081664042E1,1.238717175E1,1.819309235E1,-4.030090332E1,4.591942336E1
7.082662842E1,1.234995270E1,1.846249390E1,-4.025398254E1,4.597573407E1
7.083661642E1,1.231226635E1,1.827576447E1,-4.040495300E1,4.602342552E1
7.084660442E1,1.242029572E1,1.830357170E1,-4.009838867E1,4.579481692E1
7.085659242E1,1.256851101E1,1.822801018E1,-4.018459320E1,4.588059889E1
7.086658042E1,1.243408298E1,1.839466667E1,-4.028122711E1,4.599508060E1
7.087656842E1,1.240510178E1,1.831730652E1,-4.037529755E1,4.603884143E1
7.088655642E1,1.229234409E1,1.845346260E1,-4.021566010E1,4.592310227E1
7.089654442E1,1.243017006E1,1.824353600E1,-4.036309052E1,4.600559541E1
7.090653242E1,1.229182625E1,1.835137177E1,-3.996547699E1,4.566290824E1
7.091652042E1,1.224365425E1,1.837396240E1,-3.999883270E1,4.568824993E1
7.092650842E1,1.228349781E1,1.845929337E1,-3.979920197E1,4.555882249E1
7.093649642E1,1.227469730E1,1.854956627E1,-4.011801910E1,4.587166946E1
7.094648442E1,1.229147053E1,1.847092438E1,-4.017534637E1,4.589459392E1
7.095647242E1,1.242070866E1,1.825932312E1,-4.024549103E1,4.590616987E1
7.096646042E1,1.227688599E1,1.829881859E1,-4.016413116E1,4.581185571E1
7.097644842E1,1.232679558E1,1.835244560E1,-4.048310089E1,4.612638731E1
7.098643642E1,1.234530067E1,1.838751030E1,-4.028409576E1,4.597080982E1
7.099642442E1,1.242887878E1,1.828964996E1,-4.019425201E1,4.587555143E1
7.100641242E1,1.242662048E1,1.836132050E1,-4.009125519E1,4.581340120E1
7.101640042E1,1.235077763E1,1.834287834E1,-4.036128998E1,4.602213188E1
7.102638842E1,1.229580021E1,1.842556953E1,-4.021063995E1,4.590842930E1
7.103637642E1,1.252519512E1,1.827336693E1,-4.020030975E1,4.590055943E1
7.104636442E1,1.257457829E1,1.826191330E1,-3.997542572E1,4.571271331E1
7.105635242E1,1.271529198E1,1.826681900E1,-4.004627228E1,4.581549137E1
7.106634042E1,1.262345314E1,1.818817902E1,-4.015264130E1,4.585189231E1
7.107632842E1,1.267616081E1,1.813253403E1,-4.001371002E1,4.572276056E1
7.108631642E1,1.261192322E1,1.824014664E1,-4.019422150E1,4.590576215E1
7.109630442E1,1.254320812E1,1.816539192E1,-4.033774567E1,4.598311928E1
7.110629242E1,1.262066174E1,1.812695694E1,-4.005413055E1,4.574058422E1
7.111628042E1,1.237143230E1,1.824383163E1,-4.026494598E1,4.590376461E1
7.112626842E1,1.241290188E1,1.814878845E1,-4.021845245E1,4.583647645E1
7.113625642E1,1.246983051E1,1.828059006E1,-4.049761200E1,4.614903275E1
7.114624442E1,1.236709213E1,1.811916733E1,-4.052996063E1,4.608608143E1
7.115623242E1,1.252520370E1,1.822243500E1,-4.041190338E1,4.606582030E1
7.116622042E1,1.252520370E1,1.822243500E1,-4.041190338E1,4.606582030E1
7.117620937E1,1.252169323E1,1.809351349E1,-4.040045929E1,4.600396877E1
7.118619738E1,1.250464725E1,1.815174484E1,-4.042023468E1,4.603962875E1
7.119618537E1,1.251084232E1,1.817272949E1,-4.028154755E1,4.592790378E1
7.120617337E1,1.253826904E1,1.811079216E1,-4.035187531E1,4.597263125E1
7.121616137E1,1.258242607E1,1.813686180E1,-4.017383575E1,4.583885122E1
7.122614937E1,1.248862743E1,1.800638962E1,-4.028382111E1,4.585828306E1
7.123613738E1,1.262798595E1,1.826974106E1,-4.022507477E1,4.594895111E1
7.124612537E1,1.265470219E1,1.831568909E1,-4.025121307E1,4.599745763E1
7.125611337E1,1.258713150E1,1.821192360E1,-4.006608582E1,4.577555323E1
7.126610137E1,1.250614738E1,1.817350388E1,-4.027116394E1,4.591782454E1
7.127608937E1,1.235736752E1,1.817436981E1,-4.033389282E1,4.593294199E1
7.128607737E1,1.259245396E1,1.819309616E1,-4.039379883E1,4.605667843E1
7.129606537E1,1.241771412E1,1.835373878E1,-4.021409607E1,4.591549710E1
7.130605337E1,1.230659008E1,1.835424423E1,-4.039231873E1,4.604204440E1
7.131604137E1,1.241191483E1,1.819105339E1,-4.017652893E1,4.581619288E1
7.132602937E1,1.232124805E1,1.821213341E1,-4.041734314E1,4.601148317E1
7.133601737E1,1.213241291E1,1.836052132E1,-4.026274109E1,4.588455629E1
7.134600537E1,1.243224907E1,1.819606018E1,-4.031526184E1,4.594537801E1
7.135599338E1,1.242252827E1,1.816745949E1,-4.040057373E1,4.600632729E1
7.136598137E1,1.256449699E1,1.808582306E1,-4.031094360E1,4.593403699E1
7.137596937E1,1.251107979E1,1.802091217E1,-4.037515259E1,4.595033557E1
7.138595737E1,1.245095730E1,1.791480255E1,-4.047158813E1,4.597734153E1
7.139594537E1,1.253011417E1,1.806914902E1,-4.032362366E1,4.592921219E1
7.140593338E1,1.227130508E1,1.803888130E1,-4.026763916E1,4.579813239E1
7.141592137E1,1.246504307E1,1.801369667E1,-4.011210632E1,4.570395650E1
7.142590937E1,1.238350391E1,1.810928154E1,-4.036152649E1,4.593854664E1
7.143589737E1,1.234348679E1,1.810640144E1,-4.035035706E1,4.591682430E1
7.144588537E1,1.247779274E1,1.805748558E1,-4.040487671E1,4.598175898E1
7.145587338E1,1.252578735E1,1.805437088E1,-4.035769653E1,4.595214169E1
7.146586137E1,1.254405403E1,1.804842949E1,-4.037910461E1,4.597359229E1
7.147584937E1,1.247835350E1,1.810211563E1,-4.014884949E1,4.577473115E1
7.148583737E1,1.244671917E1,1.794934464E1,-4.035731506E1,4.588913455E1
7.149582537E1,1.226213169E1,1.815149498E1,-4.031965637E1,4.588585113E1
7.150581337E1,1.227036572E1,1.816955566E1,-4.021368408E1,4.580212894E1
7.151580137E1,1.224062729E1,1.830130005E1,-4.024406433E1,4.587325205E1
7.152578937E1,1.236158371E1,1.828946686E1,-4.026937866E1,4.592315546E1
7.153577737E1,1.225698280E1,1.821563721E1,-4.043243408E1,4.600896426E1
7.154576537E1,1.233678722E1,1.826854706E1,-4.018069458E1,4.583038673E1
7.155575337E1,1.224853897E1,1.814897919E1,-4.034783936E1,4.590599409E1
7.156574137E1,1.241743279E1,1.829684067E1,-4.008267212E1,4.577758862E1
7.157573037E1,1.233598328E1,1.822078133E1,-4.028971863E1,4.590680541E1
7.158571837E1,1.245036507E1,1.822216606E1,-4.014852905E1,4.581444435E1
7.159570637E1,1.254479122E1,1.811448097E1,-4.019409180E1,4.583744346E1
7.160569438E1,1.254054451E1,1.825515938E1,-4.005833435E1,4.577320451E1
7.161568237E1,1.255368996E1,1.821046829E1,-3.996983337E1,4.568154843E1
7.162567037E1,1.251887608E1,1.828885269E1,-4.003355408E1,4.575904111E1
7.163565837E1,1.250356388E1,1.814064407E1,-3.992703247E1,4.560252185E1
7.164564637E1,1.257740879E1,1.823090553E1,-4.003942871E1,4.575710852E1
7.165563437E1,1.262475491E1,1.813702011E1,-4.003890991E1,4.573237630E1
7.166562237E1,1.264292526E1,1.815300369E1,-4.021884918E1,4.590131732E1
7.167561037E1,1.263592720E1,1.821318626E1,-4.001576996E1,4.574547689E1
7.168559837E1,1.257020760E1,1.808899689E1,-3.992000580E1,4.559417496E1
7.169558637E1,1.255565071E1,1.814218140E1,-3.987985992E1,4.557615976E1
7.170557437E1,1.263943672E1,1.811916542E1,-3.995207977E1,4.565334812E1
7.171556237E1,1.245516968E1,1.820410156E1,-4.003936005E1,4.571291851E1
7.172555038E1,1.256686878E1,1.828959084E1,-3.995790863E1,4.570634295E1
7.173553837E1,1.251585102E1,1.814596939E1,-4.008855438E1,4.574948004E1
7.174552637E1,1.254408836E1,1.819925308E1,-4.001613617E1,4.571496603E1
7.175551437E1,1.246393490E1,1.821728897E1,-3.992380524E1,4.561939845E1
7.176550237E1,1.244699574E1,1.812217140E1,-4.001813507E1,4.565952183E1
7.177549038E1,1.255396461E1,1.813755035E1,-4.014321136E1,4.580447772E1
7.178547837E1,1.244079876E1,1.825568390E1,-4.007611847E1,4.576176067E1
7.179546637E1,1.235051727E1,1.820718384E1,-4.010074615E1,4.573955249E1
7.180545437E1,1.237046242E1,1.822138214E1,-3.997298431E1,4.563865229E1
7.181544237E1,1.243744278E1,1.803416252E1,-4.022499847E1,4.580361889E1
7.182543038E1,1.244579792E1,1.803668022E1,-4.014197540E1,4.573399073E1
7.183541837E1,1.241839695E1,1.811437607E1,-4.037474823E1,4.596158720E1
7.184540637E1,1.251169109E1,1.805175972E1,-4.035935211E1,4.594872954E1
7.185539437E1,1.244306660E1,1.809647751E1,-4.032141876E1,4.591436829E1
7.186538237E1,1.242100334E1,1.805646896E1,-4.024953461E1,4.582949303E1
7.187537037E1,1.246540642E1,1.812810898E1,-4.003453827E1,4.568127567E1
7.188535837E1,1.249597931E1,1.809242249E1,-4.002310944E1,4.566546331E1
7.189534638E1,1.250482273E1,1.814790344E1,-4.014264679E1,4.579464032E1
7.190533437E1,1.254744530E1,1.821260834E1,-4.011595917E1,4.580859817E1
7.191532237E1,1.260362148E1,1.815345573E1,-4.024854279E1,4.591671184E1
7.192531037E1,1.264910507E1,1.804232788E1,-4.012000275E1,4.577270010E1
7.193529837E1,1.263296986E1,1.810857201E1,-3.988181305E1,4.558586754E1
7.194528638E1,1.258389473E1,1.817373276E1,-3.998995209E1,4.569283573E1
7.195527437E1,1.261585140E1,1.825476074E1,-4.021614838E1,4.593184719E1
7.196526237E1,1.236881351E1,1.829492569E1,-4.006296539E1,4.574639931E1
7.197525037E1,1.249518871E1,1.829735184E1,-4.016841888E1,4.587400899E1
7.198523837E1,1.242763996E1,1.825649643E1,-3.997458649E1,4.566961202E1
7.199522638E1,1.228455067E1,1.845678139E1,-4.003376007E1,4.576313920E1
7.200521437E1,1.249118328E1,1.837561989E1,-4.000888824E1,4.576466109E1
7.201520237E1,1.249118328E1,1.837561989E1,-4.000888824E1,4.576466109E1
7.202519037E1,1.244731712E1,1.829117393E1,-4.011454010E1,4.581134221E1
7.203517837E1,1.240067577E1,1.837124443E1,-3.995731354E1,4.569317549E1
7.204516637E1,1.249234772E1,1.838353348E1,-4.014078522E1,4.588350131E1
7.205515437E1,1.240283775E1,1.833776474E1,-4.015697479E1,4.585506106E1
7.206514237E1,1.268884182E1,1.824047470E1,-4.002217865E1,4.577659236E1
7.207513037E1,1.241786003E1,1.831213379E1,-3.996207428E1,4.567827572E1
7.208511837E1,1.219199467E1,1.841076279E1,-3.985112762E1,4.555999663E1
7.209510637E1,1.228492355E1,1.823330688E1,-3.993997955E1,4.559138947E1
7.210509437E1,1.251586056E1,1.813349533E1,-4.002716827E1,4.569074981E1
7.211508238E1,1.247206783E1,1.819454384E1,-3.973699188E1,4.544911908E1
7.212507037E1,1.255054474E1,1.811378479E1,-3.999034882E1,4.566019460E1
7.213505837E1,1.261807251E1,1.809297180E1,-4.007613373E1,4.574568698E1
7.214504637E1,1.263333988E1,1.808127213E1,-4.027854156E1,4.592270233E1
7.215503437E1,1.250148582E1,1.814672470E1,-4.006429291E1,4.572459219E1
7.216502238E1,1.255851364E1,1.820948792E1,-4.005480194E1,4.575684510E1
7.217501025E1,1.259321404E1,1.811514473E1,-3.997977448E1,4.566322235E1
7.218499825E1,1.262924480E1,1.812936020E1,-3.997220612E1,4.567218834E1
7.219498625E1,1.265302467E1,1.828940582E1,-3.989498138E1,4.567505817E1
7.220497425E1,1.256766129E1,1.812043381E1,-4.000981903E1,4.568459095E1
7.221496225E1,1.262894821E1,1.806763840E1,-3.993596649E1,4.561591071E1
7.222495025E1,1.252744961E1,1.809931183E1,-3.999619293E1,4.565323134E1
7.223493825E1,1.241746712E1,1.825787544E1,-4.007047272E1,4.575135287E1
7.224492625E1,1.238401508E1,1.831957436E1,-3.999436188E1,4.570032403E1
7.225491425E1,1.225693989E1,1.817634201E1,-3.998017120E1,4.559633838E1
7.226490225E1,1.241841793E1,1.820759964E1,-3.995919037E1,4.563409562E1
7.227489025E1,1.239615154E1,1.825637436E1,-3.999916840E1,4.568252675E1
7.228487825E1,1.238695431E1,1.824234200E1,-3.993433380E1,4.561765771E1
7.229486625E1,1.229638672E1,1.831575394E1,-3.992813873E1,4.561714843E1
7.230485425E1,1.223795986E1,1.826869583E1,-4.006259918E1,4.570038033E1
7.231484225E1,1.224008465E1,1.839766884E1,-3.999239349E1,4.569119640E1
7.232483025E1,1.226837254E1,1.853185654E1,-3.982767487E1,4.560906003E1
7.233481825E1,1.238217831E1,1.836978149E1,-3.976827240E1,4.552233190E1
7.234480625E1,1.243750286E1,1.832900238E1,-3.994519806E1,4.567562428E1
7.235479425E1,1.235778809E1,1.828269577E1,-4.004094696E1,4.571924457E1
7.236478225E1,1.230583477E1,1.824119949E1,-4.014043427E1,4.577586036E1
7.237477025E1,1.249622536E1,1.804499626E1,-3.989476776E1,4.553427317E1
7.238475825E1,1.237087727E1,1.832184219E1,-3.998177338E1,4.568665788E1
7.239474625E1,1.234596539E1,1.830050278E1,-3.986400604E1,4.556830303E1
7.240473425E1,1.233254337E1,1.839109039E1,-3.997754669E1,4.570041653E1
7.241472225E1,1.219016647E1,1.828540993E1,-3.997910309E1,4.562110322E1
7.242471025E1,1.232591629E1,1.835058594E1,-4.008628082E1,4.577752862E1
7.243469825E1,1.229480934E1,1.827993011E1,-3.999225616E1,4.565850123E1
7.244468625E1,1.232014561E1,1.846319580E1,-3.988472748E1,4.564501148E1
7.245467425E1,1.217353916E1,1.839945984E1,-4.008003998E1,4.575089926E1
7.246466225E1,1.218414497E1,1.828435516E1,-4.014119720E1,4.576119257E1
7.247465025E1,1.223129559E1,1.826890182E1,-4.014014435E1,4.576667515E1
7.248463825E1,1.228680134E1,1.829473877E1,-3.989984894E1,4.558136570E1
7.249462625E1,1.242588425E1,1.832116127E1,-3.982105255E1,4.556077014E1
7.250461425E1,1.216035557E1,1.842456818E1,-4.010079193E1,4.577567557E1
7.251460225E1,1.205264664E1,1.826087189E1,-4.010874176E1,4.568847665E1
7.252459025E1,1.231529331E1,1.831439400E1,-4.016669464E1,4.583063206E1
7.253457825E1,1.218797970E1,1.829016495E1,-4.018547821E1,4.580338025E1
7.254456625E1,1.242772293E1,1.824684334E1,-3.996494293E1,4.565733515E1
7.255455425E1,1.237335873E1,1.827516365E1,-4.003127289E1,4.571197241E1
7.256454225E1,1.233238602E1,1.837568283E1,-3.993567657E1,4.565754842E1
7.257453025E1,1.240167809E1,1.830936623E1,-3.992171478E1,4.563746073E1
7.258451825E1,1.235357857E1,1.826092148E1,-3.986391449E1,4.555440522E1
7.259450625E1,1.243230343E1,1.826618004E1,-3.965006256E1,4.539100090E1
7.260449425E1,1.252487755E1,1.823351097E1,-3.993202972E1,4.564975879E1
7.261448225E1,1.248564148E1,1.831667137E1,-4.006018829E1,4.578439013E1
7.262447025E1,1.256992340E1,1.825656891E1,-3.991948700E1,4.566038463E1
7.263445825E1,1.250067806E1,1.817464447E1,-3.992691803E1,4.561516674E1
7.264444625E1,1.251747322E1,1.820446777E1,-4.000576019E1,4.570066336E1
7.265443425E1,1.231336498E1,1.832780266E1,-4.006491852E1,4.574631136E1
7.266442225E1,1.238645077E1,1.827526093E1,-4.007128143E1,4.575059475E1
7.267441025E1,1.247675419E1,1.824515533E1,-4.007048798E1,4.576242012E1
7.268439825E1,1.243179607E1,1.840142822E1,-4.009812164E1,4.583690078E1
7.269438625E1,1.239438534E1,1.829455566E1,-4.001625824E1,4.571227930E1
7.270437425E1,1.238860607E1,1.835714340E1,-4.011487579E1,4.582210748E1
7.271436225E1,1.242041874E1,1.828310966E1,-3.999541473E1,4.569652175E1
7.272435025E1,1.250313377E1,1.835315323E1,-4.002443695E1,4.577250420E1
7.273433925E1,1.232412910E1,1.823567963E1,-4.007305145E1,4.571951030E1
7.274432725E1,1.226483250E1,1.822395706E1,-4.017470551E1,4.578805182E1
7.275431525E1,1.241833210E1,1.820550156E1,-4.033043671E1,4.595867039E1
7.276430325E1,1.240744019E1,1.820028114E1,-4.036896515E1,4.598747822E1
7.277429125E1,1.243541813E1,1.813905334E1,-4.033557892E1,4.594152595E1
7.278427925E1,1.236365032E1,1.816842270E1,-4.034999847E1,4.594642325E1
7.279426725E1,1.216285992E1,1.831103897E1,-4.036597443E1,4.596347682E1
7.280425525E1,1.230344486E1,1.838252068E1,-4.002941132E1,4.573451205E1
7.281424325E1,1.214001560E1,1.840786362E1,-4.015711212E1,4.581291385E1
7.282423125E1,1.238965321E1,1.828243637E1,-4.014247894E1,4.581669567E1
7.283421925E1,1.229787922E1,1.822225571E1,-4.024233246E1,4.585557499E1
7.284420725E1,1.218964958E1,1.831404495E1,-4.019681549E1,4.582331039E1
7.285419525E1,1.225714493E1,1.833188629E1,-4.004726410E1,4.571738202E1
7.286418325E1,1.225714493E1,1.833188629E1,-4.004726410E1,4.571738202E1
7.287417125E1,1.236698437E1,1.811586380E1,-4.031064606E1,4.589199286E1
7.288415925E1,1.231851101E1,1.815265083E1,-4.018306732E1,4.578147382E1
7.289414725E1,1.224526691E1,1.829674530E1,-4.016284943E1,4.580144020E1
7.290413525E1,1.237101173E1,1.818839073E1,-4.029103851E1,4.590454523E1
7.291412325E1,1.229605675E1,1.820415306E1,-4.015000153E1,4.576687473E1
7.292411125E1,1.220299530E1,1.816446114E1,-4.007813263E1,4.566308638E1
7.293409925E1,1.239206696E1,1.811599731E1,-3.996459198E1,4.559518938E1
7.294408725E1,1.228921223E1,1.821357918E1,-4.010572052E1,4.572994667E1
7.295407525E1,1.225892353E1,1.827146912E1,-4.012548065E1,4.576223320E1
7.296406325E1,1.241481781E1,1.830932999E1,-4.008158112E1,4.578091754E1
7.297405125E1,1.233586884E1,1.815770721E1,-4.020537567E1,4.580773105E1
7.298403925E1,1.234710789E1,1.806388283E1,-4.022150421E1,4.578781865E1
7.299402725E1,1.223383331E1,1.816753769E1,-4.007547760E1,4.567023109E1
7.300401525E1,1.228036404E1,1.822693825E1,-4.031264496E1,4.591446354E1
7.301400325E1,1.253946781E1,1.820984077E1,-4.016147614E1,4.584518207E1
7.302399125E1,1.245368481E1,1.831716919E1,-4.022818756E1,4.592297929E1
7.303397925E1,1.235016251E1,1.829397583E1,-4.010646820E1,4.577908755E1
7.304396725E1,1.223536873E1,1.839689636E1,-4.010250092E1,4.578603088E1
7.305395525E1,1.233738995E1,1.829338264E1,-4.008425140E1,4.575594224E1
7.306394325E1,1.232257652E1,1.824791908E1,-4.023218536E1,4.586350599E1
7.307393125E1,1.226872540E1,1.827103615E1,-4.028324127E1,4.590307084E1
7.308391925E1,1.231857777E1,1.822510910E1,-4.024237823E1,4.586230441E1
7.309390725E1,1.222787476E1,1.829367828E1,-4.020392609E1,4.583159673E1
7.310389525E1,1.232135010E1,1.815770721E1,-4.034796906E1,4.592903881E1
7.311388325E1,1.223503876E1,1.825519562E1,-4.021501923E1,4.582789665E1
7.312387125E1,1.226841545E1,1.815226746E1,-4.028127289E1,4.585411407E1
7.313385925E1,1.225870323E1,1.815824127E1,-4.034535980E1,4.591019047E1
7.314384725E1,1.257620335E1,1.802846909E1,-4.047853851E1,4.606190040E1
7.315383525E1,1.241681957E1,1.824926186E1,-4.031362152E1,4.596086429E1
7.316382325E1,1.245035839E1,1.803967094E1,-4.023546600E1,4.581848837E1
7.317381062E1,1.230798626E1,1.820011902E1,-4.016674042E1,4.578316168E1
7.318379862E1,1.227916718E1,1.817296410E1,-4.044194794E1,4.600636612E1
7.319378662E1,1.222794533E1,1.828615189E1,-4.031729889E1,4.592810237E1
7.320377462E1,1.216991043E1,1.823534966E1,-4.026125336E1,4.584324616E1
7.321376263E1,1.226533699E1,1.810718918E1,-4.011524200E1,4.568962062E1
7.322375062E1,1.218250656E1,1.831696701E1,-4.009235382E1,4.573096961E1
7.323373862E1,1.214384651E1,1.826529694E1,-3.987601471E1,4.551033541E1
7.324372662E1,1.234138203E1,1.825634384E1,-3.998601532E1,4.565616302E1
7.325371462E1,1.224142742E1,1.828370476E1,-4.007355499E1,4.571691388E1
7.326370263E1,1.232190990E1,1.809964371E1,-4.018825531E1,4.576595275E1
7.327369062E1,1.220836639E1,1.825560188E1,-4.027518463E1,4.587375837E1
7.328367862E1,1.223812675E1,1.819821548E1,-4.033084869E1,4.590777875E1
7.329366662E1,1.236089897E1,1.817009163E1,-4.023195648E1,4.584271344E1
7.330365462E1,1.214209843E1,1.827802658E1,-4.020224762E1,4.580106466E1
7.331364262E1,1.221809864E1,1.832891846E1,-4.014333344E1,4.578993782E1
7.332363062E1,1.244287586E1,1.826984978E1,-4.016271210E1,4.584382198E1
7.333361862E1,1.231817818E1,1.833359909E1,-4.024193573E1,4.590502980E1
7.334360662E1,1.227411842E1,1.848661995E1,-4.015886688E1,4.588184488E1
7.335359462E1,1.218165207E1,1.833014679E1,-4.018350983E1,4.581595127E1
7.336358262E1,1.218536472E1,1.840187836E1,-4.001975250E1,4.570221910E1
7.337357062E1,1.210922337E1,1.839125061E1,-3.978668976E1,4.547364150E1
7.338355863E1,1.226127052E1,1.825766945E1,-3.992128754E1,4.557839891E1
7.339354662E1,1.224194145E1,1.820150757E1,-3.995943451E1,4.558416846E1
7.340353462E1,1.233483696E1,1.814058304E1,-4.000577545E1,4.562555233E1
7.341352262E1,1.225712585E1,1.821642303E1,-4.018108368E1,4.578858688E1
7.342351062E1,1.239354134E1,1.825836563E1,-4.016104889E1,4.582442177E1
7.343349863E1,1.243903637E1,1.803320694E1,-3.985692596E1,4.548077314E1
7.344348662E1,1.252506733E1,1.815908432E1,-3.981642914E1,4.551898158E1
7.345347462E1,1.243304634E1,1.805810165E1,-4.008200836E1,4.568635541E1
7.346346262E1,1.234517002E1,1.807118988E1,-4.007794952E1,4.566413434E1
7.347345062E1,1.251047993E1,1.818110657E1,-4.010266876E1,4.577432453E1
7.348343863E1,1.254127502E1,1.813867378E1,-4.032161713E1,4.595789240E1
7.349342662E1,1.257562637E1,1.812561417E1,-4.018770599E1,4.584469414E1
7.350341462E1,1.267674828E1,1.802054214E1,-4.017215729E1,4.581748691E1
7.351340262E1,1.257625008E1,1.803008842E1,-4.031145477E1,4.591578749E1
7.352339062E1,1.261732388E1,1.811960983E1,-4.019268036E1,4.585813643E1
7.353337862E1,1.250658035E1,1.825840759E1,-4.018062592E1,4.587228683E1
7.354336662E1,1.244052315E1,1.826285934E1,-4.011092377E1,4.579503088E1
7.355335462E1,1.256342316E1,1.814916992E1,-4.012740326E1,4.579782159E1
7.356334262E1,1.248625088E1,1.820767784E1,-4.017388153E1,4.584066700E1
7.357333062E1,1.263946724E1,1.814730644E1,-4.002281952E1,4.572643596E1
7.358331862E1,1.262241364E1,1.810584641E1,-4.009717560E1,4.577041065E1
7.359330662E1,1.253799343E1,1.819836044E1,-4.009416962E1,4.578126297E1
7.360329463E1,1.269992065E1,1.806794739E1,-3.984174347E1,4.555330098E1
7.361328262E1,1.259759235E1,1.800404358E1,-3.997211456E1,4.561375736E1
7.362327062E1,1.258922005E1,1.820949173E1,-4.002674103E1,4.574072636E1
7.363325862E1,1.256673050E1,1.813571548E1,-4.022048187E1,4.587498287E1
7.364324662E1,1.262439537E1,1.818496323E1,-4.019052887E1,4.588405885E1
7.365323463E1,1.244711399E1,1.826803589E1,-4.026567841E1,4.593448203E1
7.366322262E1,1.250484657E1,1.806704903E1,-4.011571503E1,4.573904285E1
7.367321062E1,1.255529213E1,1.806609535E1,-4.027144623E1,4.588908959E1
7.368319862E1,1.248728943E1,1.812816620E1,-4.017734528E1,4.581246425E1
7.369318662E1,1.249672604E1,1.814927864E1,-4.032068634E1,4.594912647E1
7.370317462E1,1.249672604E1,1.814927864E1,-4.032068634E1,4.594912647E1
7.371316262E1,1.253107929E1,1.819872284E1,-4.025197601E1,4.591778560E1
7.372315062E1,1.256238270E1,1.811349106E1,-4.010071564E1,4.576001980E1
7.373313862E1,1.261544704E1,1.812949181E1,-4.001598358E1,4.570674917E1
7.374312662E1,1.245033836E1,1.811176682E1,-4.011061859E1,4.573738893E1
7.375311462E1,1.252872753E1,1.802397919E1,-3.989835358E1,4.553802211E1
7.376310262E1,1.252359486E1,1.815892410E1,-4.011376190E1,4.577882531E1
7.377309063E1,1.251690578E1,1.810235977E1,-4.007445526E1,4.572013040E1
7.378307862E1,1.259434986E1,1.799662018E1,-4.004027557E1,4.566967981E1
7.379306662E1,1.247298813E1,1.807090378E1,-3.998461151E1,4.561690645E1
7.380305462E1,1.248979568E1,1.809774399E1,-4.013666534E1,4.576543716E1
7.381304262E1,1.248668766E1,1.809671593E1,-4.008597565E1,4.571973250E1
7.382303063E1,1.255208492E1,1.795233154E1,-4.016776276E1,4.575248855E1
7.383301862E1,1.252845287E1,1.797515106E1,-3.989331818E1,4.551422879E1
7.384300662E1,1.265924644E1,1.802060699E1,-3.998841095E1,4.565163532E1
7.385299462E1,1.246043491E1,1.805665207E1,-3.990271759E1,4.553605158E1
7.386298262E1,1.248849392E1,1.798748589E1,-4.014778900E1,4.573135785E1
7.387297063E1,1.257386303E1,1.793969345E1,-3.984963226E1,4.547447442E1
7.388295862E1,1.267804337E1,1.803665733E1,-3.989565277E1,4.558198001E1
7.389294662E1,1.257424545E1,1.816343689E1,-3.999497223E1,4.569047923E1
7.390293462E1,1.259277821E1,1.797973824E1,-4.009719086E1,4.571251212E1
7.391292262E1,1.253264427E1,1.815881920E1,-3.988823700E1,4.558378372E1
7.392291062E1,1.255007839E1,1.816753197E1,-3.991191864E1,4.561277162E1
7.393289862E1,1.247446918E1,1.812967682E1,-4.007352448E1,4.571854030E1
7.394288662E1,1.243822479E1,1.823717880E1,-4.015674591E1,4.582432071E1
7.395287462E1,1.231123924E1,1.814529610E1,-3.996346283E1,4.558395270E1
7.396286362E1,1.250840569E1,1.805228615E1,-3.994548798E1,4.558494552E1
7.397285163E1,1.233123493E1,1.800117683E1,-4.003188324E1,4.559225151E1
7.398283862E1,1.225352097E1,1.813881111E1,-4.013271332E1,4.571432951E1
7.399282762E1,1.240055656E1,1.817520905E1,-3.996871185E1,4.562466388E1
7.400281562E1,1.254524422E1,1.808259964E1,-4.008213043E1,4.572680551E1
7.401280362E1,1.253992176E1,1.806709099E1,-4.021411896E1,4.583497331E1
7.402279163E1,1.243581772E1,1.806095314E1,-4.024677277E1,4.583285185E1
7.403277962E1,1.256046486E1,1.805029869E1,-4.021584320E1,4.583549503E1
7.404276762E1,1.248407364E1,1.812187576E1,-4.011032867E1,4.575033270E1
7.405275562E1,1.247169781E1,1.811664009E1,-4.007831573E1,4.571681623E1
7.406274362E1,1.266875648E1,1.810973549E1,-4.005202484E1,4.574521400E1
7.407273162E1,1.259633827E1,1.816316795E1,-3.996984100E1,4.567446330E1
7.408271962E1,1.245037937E1,1.809169197E1,-4.029337311E1,4.588983745E1
7.409270762E1,1.254579163E1,1.794577026E1,-4.019777679E1,4.577454333E1
7.410269562E1,1.257478333E1,1.791318893E1,-4.035436249E1,4.590732061E1
7.411268362E1,1.261476707E1,1.796541786E1,-4.038347626E1,4.596426592E1
7.412267162E1,1.258892345E1,1.797861099E1,-4.032071686E1,4.590720700E1
7.413265962E1,1.236049747E1,1.815963173E1,-4.041661835E1,4.600062131E1
7.414264763E1,1.254396629E1,1.808655548E1,-4.011734772E1,4.575889168E1
7.415263562E1,1.251245689E1,1.810606003E1,-4.015354156E1,4.578971377E1
7.416262362E1,1.246554565E1,1.810113144E1,-4.002500153E1,4.566225504E1
7.417261162E1,1.244930172E1,1.817667770E1,-4.028052521E1,4.591184419E1
7.418260025E1,1.251840496E1,1.805695724E1,-4.039699554E1,4.598566534E1
7.419258825E1,1.257095146E1,1.805119896E1,-4.017890167E1,4.580631773E1
7.420257625E1,1.253036594E1,1.809693527E1,-4.036298370E1,4.597477124E1
7.421256425E1,1.271310806E1,1.794015503E1,-4.012926483E1,4.575838912E1
7.422255225E1,1.283017826E1,1.812066650E1,-4.026258087E1,4.597877170E1
7.423254025E1,1.259207153E1,1.816122246E1,-4.024304962E1,4.591179924E1
7.424252825E1,1.261711121E1,1.822789001E1,-4.011846161E1,4.583599493E1
7.425251625E1,1.264332962E1,1.812600327E1,-4.003354645E1,4.572844431E1
7.426250425E1,1.256766701E1,1.817875671E1,-4.008823395E1,4.577641260E1
7.427249225E1,1.256245232E1,1.803891563E1,-4.003736115E1,4.567502570E1
7.428248025E1,1.251295948E1,1.819890976E1,-4.020902252E1,4.587526527E1
7.429246825E1,1.259246635E1,1.798019218E1,-4.025569916E1,4.585170482E1
7.430245625E1,1.255534077E1,1.804701424E1,-4.032979584E1,4.593281765E1
7.431244425E1,1.257382202E1,1.796408844E1,-4.024988556E1,4.583516948E1
7.432243225E1,1.258627605E1,1.795680618E1,-4.025829315E1,4.584311727E1
7.433242025E1,1.260421848E1,1.790293503E1,-4.013404083E1,4.571785909E1
7.434240825E1,1.253249836E1,1.800164413E1,-4.014147186E1,4.574341996E1
7.435239625E1,1.249485016E1,1.805691719E1,-4.023435211E1,4.583641160E1
7.436238425E1,1.255700970E1,1.812573433E1,-4.031557465E1,4.595178230E1
7.437237225E1,1.247605324E1,1.816100693E1,-4.022231293E1,4.586184181E1
7.438236025E1,1.232956314E1,1.819896698E1,-4.026190948E1,4.587201633E1
7.439234825E1,1.237254620E1,1.808722878E1,-4.027030182E1,4.584675509E1
7.440233625E1,1.242396832E1,1.808697510E1,-4.032782745E1,4.591108062E1
7.441232425E1,1.242853832E1,1.796060371E1,-4.037454987E1,4.590377030E1
7.442231225E1,1.252181721E1,1.805025864E1,-4.032506561E1,4.592078679E1
7.443230025E1,1.240347767E1,1.806218529E1,-4.032044220E1,4.588928911E1
7.444228825E1,1.254275036E1,1.797827339E1,-4.018625641E1,4.577634875E1
7.445227625E1,1.253595161E1,1.796250153E1,-4.039173126E1,4.594881389E1
7.446226425E1,1.254629707E1,1.810299873E1,-4.027678680E1,4.590585680E1
7.447225225E1,1.254318333E1,1.796301460E1,-4.034629059E1,4.591104993E1
7.448224025E1,1.246524143E1,1.808419418E1,-4.012191010E1,4.574044155E1
7.449222825E1,1.251662159E1,1.806923866E1,-4.014975739E1,4.577298570E1
7.450221625E1,1.241093540E1,1.820289612E1,-4.014958954E1,4.579701174E1
7.451220425E1,1.241208649E1,1.814674377E1,-4.043993378E1,4.602990815E1
7.452219225E1,1.259482002E1,1.813925362E1,-4.014777374E1,4.582036392E1
7.453218025E1,1.260246563E1,1.803158569E1,-4.021988678E1,4.584320577E1
7.454216825E1,1.258413029E1,1.810045242E1,-4.011205292E1,4.577077127E1
7.455215625E1,1.241844654E1,1.807511330E1,-4.022360992E1,4.581338593E1
7.456214425E1,1.241844654E1,1.807511330E1,-4.022360992E1,4.581338593E1
7.457213225E1,1.253033733E1,1.821931648E1,-4.009050751E1,4.578429468E1
7.458212025E1,1.255821991E1,1.819641113E1,-4.007367706E1,4.576808778E1
7.459210825E1,1.238063812E1,1.832681274E1,-3.998651886E1,4.569544787E1
7.460209625E1,1.247527981E1,1.816136932E1,-3.986196136E1,4.554606356E1
7.461208425E1,1.253426552E1,1.819215584E1,-3.999929047E1,4.569469974E1
7.462207225E1,1.230434036E1,1.815428543E1,-4.003168488E1,4.564548899E1
7.463206025E1,1.241480160E1,1.821219063E1,-3.999576569E1,4.566697339E1
7.464204825E1,1.241028309E1,1.817414474E1,-3.997356415E1,4.563113514E1
7.465203625E1,1.252929115E1,1.821251678E1,-3.992142487E1,4.563331094E1
7.466202425E1,1.244650269E1,1.815409851E1,-4.006703949E1,4.571492508E1
7.467201225E1,1.253561497E1,1.813117409E1,-3.993025970E1,4.561037992E1
7.468200025E1,1.245564938E1,1.827861786E1,-4.014453888E1,4.583486745E1
7.469198825E1,1.245762539E1,1.815691948E1,-4.000063324E1,4.566088934E1
7.470197625E1,1.251376152E1,1.820676231E1,-4.025110626E1,4.591548733E1
7.471196425E1,1.243615532E1,1.838128090E1,-4.000357819E1,4.574730281E1
7.472195225E1,1.229794407E1,1.839715576E1,-4.015660858E1,4.585027787E1
7.473194025E1,1.234089279E1,1.837105370E1,-4.014508820E1,4.584126258E1
7.474192825E1,1.242332745E1,1.830978775E1,-4.017237091E1,4.586291287E1
7.475191625E1,1.239977455E1,1.828181648E1,-4.006510162E1,4.575141081E1
7.476190425E1,1.245272636E1,1.828505707E1,-4.010251617E1,4.579984181E1
7.477189225E1,1.259848309E1,1.825379753E1,-4.008106232E1,4.580845399E1
7.478188025E1,1.267333698E1,1.804594612E1,-4.002715302E1,4.569948162E1
7.479186825E1,1.247724915E1,1.828193665E1,-3.996971893E1,4.568905104E1
7.480185625E1,1.248532104E1,1.814908791E1,-3.995539093E1,4.562571531E1
7.481184425E1,1.248535919E1,1.824926758E1,-4.009796906E1,4.579046935E1
7.482183225E1,1.238579464E1,1.822670364E1,-4.013573456E1,4.578752912E1
7.483182025E1,1.224476051E1,1.847754860E1,-4.010982513E1,4.582741575E1
7.484180825E1,1.227923203E1,1.850772285E1,-4.031270599E1,4.602640122E1
7.485179625E1,1.219445610E1,1.846149063E1,-4.025063324E1,4.593087058E1
7.486178425E1,1.220671082E1,1.843823624E1,-4.017116547E1,4.585515107E1
7.487177225E1,1.221066761E1,1.841511154E1,-4.021674347E1,4.588685206E1
7.488176025E1,1.243341064E1,1.823966026E1,-4.025617218E1,4.591115665E1
7.489174825E1,1.256542587E1,1.819675446E1,-4.014692688E1,4.583434889E1
7.490173625E1,1.254652596E1,1.810107613E1,-4.031715393E1,4.594058306E1
7.491172425E1,1.258068466E1,1.820273972E1,-4.030758667E1,4.598168008E1
7.492171225E1,1.250303555E1,1.824848557E1,-4.038861084E1,4.604967979E1
7.493170025E1,1.247046661E1,1.833856201E1,-4.024641418E1,4.595203204E1
7.494168825E1,1.240391064E1,1.828853989E1,-4.031790161E1,4.597674282E1
7.495167625E1,1.230911255E1,1.834901047E1,-4.028979492E1,4.595071285E1
7.496166425E1,1.243231487E1,1.841975403E1,-4.026217651E1,4.598796200E1
7.497165225E1,1.239127254E1,1.818561172E1,-4.032791138E1,4.594127279E1
7.498164025E1,1.234551239E1,1.827050781E1,-4.035090637E1,4.598280958E1
7.499162825E1,1.238960075E1,1.817903709E1,-4.029525757E1,4.590955651E1
7.500161625E1,1.225874519E1,1.825678253E1,-4.033538818E1,4.594051025E1
7.501160425E1,1.234849930E1,1.826055908E1,-4.001338196E1,4.568374097E1
7.502159225E1,1.234994125E1,1.833923721E1,-4.017500305E1,4.585716455E1
7.503158025E1,1.227234650E1,1.818124199E1,-4.024801636E1,4.583743960E1
7.504156825E1,1.235360336E1,1.817324829E1,-4.007107544E1,4.570087041E1
7.505155625E1,1.236340141E1,1.808135223E1,-4.022804260E1,4.580485132E1
7.506154425E1,1.246084309E1,1.806091690E1,-4.030198669E1,4.588811895E1
7.507153225E1,1.234644985E1,1.815096664E1,-4.030050659E1,4.589142889E1
7.508152025E1,1.239815235E1,1.822419930E1,-4.030665588E1,4.593976633E1
7.509150825E1,1.239840412E1,1.807681656E1,-4.030451965E1,4.587969078E1
7.510149625E1,1.251232910E1,1.798973083E1,-4.033369446E1,4.590202287E1
7.511148425E1,1.243919563E1,1.813298798E1,-4.014953613E1,4.577689475E1
7.512147225E1,1.254007339E1,1.808884430E1,-4.026097107E1,4.588469811E1
7.513146025E1,1.238073444E1,1.816723251E1,-4.044839478E1,4.603698038E1
7.514144825E1,1.253721046E1,1.813728714E1,-4.037989807E1,4.600737983E1
7.515143625E1,1.247160244E1,1.814663315E1,-4.023100281E1,4.586256370E1
7.516142425E1,1.254255009E1,1.801014709E1,-4.038012695E1,4.595906454E1
7.517141225E1,1.243626976E1,1.818146896E1,-4.033796692E1,4.596061569E1
7.518139950E1,1.230247211E1,1.816198158E1,-4.064166260E1,4.618390557E1
7.519138750E1,1.261516666E1,1.790607643E1,-4.061796570E1,4.614747166E1
7.520137550E1,1.257549572E1,1.790377235E1,-4.055455017E1,4.607992726E1
7.521136350E1,1.257201004E1,1.788793182E1,-4.031890869E1,4.586554196E1
7.522135150E1,1.254236317E1,1.799952698E1,-4.029565430E1,4.588064516E1
7.523133950E1,1.257713127E1,1.791731262E1,-4.025686646E1,4.582389791E1
7.524132750E1,1.264551449E1,1.798711395E1,-4.030830383E1,4.591518989E1
7.525131550E1,1.271622753E1,1.783271790E1,-4.028857422E1,4.585714211E1
7.526130350E1,1.271683502E1,1.800280571E1,-4.048988342E1,4.610042913E1
7.527129150E1,1.264012718E1,1.799933052E1,-4.046846008E1,4.605914650E1
7.528127950E1,1.261193085E1,1.797331047E1,-4.030757141E1,4.589990198E1
7.529126750E1,1.254824543E1,1.814155579E1,-4.026106262E1,4.590781712E1
7.530125550E1,1.252072716E1,1.814758682E1,-4.021590424E1,4.586308395E1
7.531124350E1,1.255633831E1,1.804586792E1,-4.037685394E1,4.597396345E1
7.532123150E1,1.260889244E1,1.812189484E1,-4.030384064E1,4.595418165E1
7.533121950E1,1.254304981E1,1.795560455E1,-4.047328949E1,4.601976744E1
7.534120750E1,1.245020199E1,1.815361404E1,-4.029065704E1,4.591185334E1
7.535119550E1,1.248039722E1,1.819446754E1,-4.021753693E1,4.587209654E1
7.536118350E1,1.265506744E1,1.796455765E1,-4.008876801E1,4.571635794E1
7.537117250E1,1.249953747E1,1.813093376E1,-4.007183075E1,4.572440066E1
7.538115950E1,1.247737694E1,1.801433945E1,-4.019596100E1,4.578118218E1
7.539114850E1,1.250626373E1,1.795484734E1,-4.031102753E1,4.586678663E1
7.540113650E1,1.253308582E1,1.799578094E1,-4.035788727E1,4.593131216E1
7.541112450E1,1.253308582E1,1.799578094E1,-4.035788727E1,4.593131216E1
7.542111250E1,1.258933926E1,1.781180573E1,-4.042464447E1,4.593368880E1
7.543110050E1,1.269149876E1,1.789341736E1,-4.023079681E1,4.582319869E1
7.544108850E1,1.259032440E1,1.795262337E1,-4.025899506E1,4.584320710E1
7.545107650E1,1.260655785E1,1.791944695E1,-4.037227631E1,4.593422007E1
7.546106450E1,1.289429474E1,1.772275162E1,-4.011580658E1,4.571254422E1
7.547105250E1,1.272783852E1,1.772736359E1,-4.027167511E1,4.580464069E1
7.548104050E1,1.267026711E1,1.772719193E1,-4.014934540E1,4.568105666E1
7.549102850E1,1.260827541E1,1.779283524E1,-4.033269501E1,4.585062574E1
7.550101650E1,1.268807888E1,1.787273598E1,-4.012168121E1,4.571839171E1
7.551100450E1,1.272972012E1,1.789828110E1,-4.006610870E1,4.569121696E1
7.552099250E1,1.260573292E1,1.777968025E1,-4.029978180E1,4.581587002E1
7.553098050E1,1.261369419E1,1.799884796E1,-4.034966278E1,4.594735134E1
7.554096850E1,1.251024914E1,1.798934364E1,-4.018019867E1,4.576648537E1
7.555095650E1,1.252896976E1,1.805833435E1,-4.032790375E1,4.592840454E1
7.556094450E1,1.240573978E1,1.802727699E1,-4.035250092E1,4.590435083E1
7.557093250E1,1.244231987E1,1.796229553E1,-4.013539886E1,4.569798274E1
7.558092050E1,1.255648708E1,1.801548767E1,-4.010170746E1,4.572056545E1
7.559090850E1,1.247331429E1,1.792059326E1,-4.003678131E1,4.560345480E1
7.560089650E1,1.249139690E1,1.807999802E1,-3.998763275E1,4.562819411E1
7.561088450E1,1.257884979E1,1.806554604E1,-4.021860504E1,4.584896517E1
7.562087250E1,1.251446819E1,1.804853058E1,-4.027848053E1,4.587719874E1
7.563086050E1,1.253694916E1,1.805991936E1,-4.006023407E1,4.569636895E1
7.564084850E1,1.244773388E1,1.806924057E1,-4.011858368E1,4.572684430E1
7.565083650E1,1.252247524E1,1.818516922E1,-3.996137238E1,4.565549307E1
7.566082450E1,1.253724098E1,1.795315552E1,-3.992536163E1,4.553605940E1
7.567081250E1,1.251316071E1,1.797899246E1,-3.993717194E1,4.554998423E1
7.568080050E1,1.267145443E1,1.802842712E1,-3.995330048E1,4.562736198E1
7.569078850E1,1.257515526E1,1.804162216E1,-4.007396698E1,4.571167782E1
7.570077650E1,1.255003929E1,1.800090599E1,-4.026231384E1,4.585400766E1
7.571076450E1,1.265116882E1,1.781687164E1,-4.023025513E1,4.578172578E1
7.572075250E1,1.250243568E1,1.795908165E1,-4.028096008E1,4.584097792E1
7.573074050E1,1.260830021E1,1.804626465E1,-3.994369507E1,4.560850444E1
7.574072850E1,1.259271431E1,1.784659195E1,-4.019421387E1,4.574551482E1
7.575071650E1,1.270213223E1,1.781709671E1,-4.007604980E1,4.566051759E1
7.576070450E1,1.279923916E1,1.780639839E1,-4.010743713E1,4.571099277E1
7.577069250E1,1.261235523E1,1.785175514E1,-4.023007202E1,4.578444453E1
7.578068050E1,1.276173401E1,1.785063744E1,-4.016403198E1,4.576741829E1
7.579066850E1,1.265360832E1,1.780788803E1,-4.023521423E1,4.578326271E1
7.580065650E1,1.256900787E1,1.789312553E1,-4.020021057E1,4.576243908E1
7.581064450E1,1.254437351E1,1.782353973E1,-4.015571594E1,4.568940138E1
7.582063250E1,1.267674828E1,1.774817276E1,-4.017764282E1,4.571586777E1
7.583062050E1,1.274102592E1,1.771702957E1,-4.028486633E1,4.581590700E1
7.584060850E1,1.247744751E1,1.777972984E1,-4.038948059E1,4.585973868E1
7.585059650E1,1.253590012E1,1.774180603E1,-4.035655212E1,4.583199507E1
7.586058450E1,1.270484734E1,1.758315468E1,-4.035958862E1,4.582004876E1
7.587057250E1,1.261195087E1,1.772120476E1,-4.024903870E1,4.575027343E1
7.588056050E1,1.255093002E1,1.787994766E1,-4.044064331E1,4.596372487E1
7.589054850E1,1.262332535E1,1.776742554E1,-4.024893188E1,4.577123847E1
7.590053650E1,1.263900661E1,1.772341347E1,-4.049449158E1,4.597464215E1
7.591052450E1,1.275542355E1,1.775580788E1,-4.034999084E1,4.589217040E1
7.592051250E1,1.275109291E1,1.767620468E1,-4.044895935E1,4.594732740E1
7.593050050E1,1.260699272E1,1.778460503E1,-4.034207153E1,4.585532877E1
7.594048850E1,1.267958260E1,1.774897766E1,-4.027378845E1,4.580148534E1
7.595047650E1,1.261092758E1,1.779004669E1,-4.030200195E1,4.582327593E1
7.596046450E1,1.265202618E1,1.780000877E1,-4.046202087E1,4.597922587E1
7.597045250E1,1.258411312E1,1.787556839E1,-4.039721680E1,4.593289642E1
7.598044050E1,1.253920841E1,1.782172966E1,-4.045298767E1,4.594877591E1
7.599042850E1,1.256289864E1,1.785551834E1,-4.028607178E1,4.582154009E1
7.600041650E1,1.271656990E1,1.778145218E1,-4.039761353E1,4.593319464E1
7.601040450E1,1.280213642E1,1.782786560E1,-4.016880798E1,4.577401691E1
7.602039250E1,1.261669445E1,1.784396935E1,-4.037979126E1,4.591422179E1
7.603038050E1,1.264364624E1,1.776776314E1,-4.054292297E1,4.603567965E1
7.604036850E1,1.277048779E1,1.774783134E1,-4.058105469E1,4.609656034E1
7.605035650E1,1.268049717E1,1.774765015E1,-4.042929077E1,4.593801962E1
7.606034450E1,1.255867100E1,1.781506920E1,-4.032170105E1,4.583597368E1
7.607033250E1,1.266088486E1,1.773847961E1,-4.031170654E1,4.582559709E1
7.608032050E1,1.266740131E1,1.774021721E1,-4.021073914E1,4.573928185E1
7.609030850E1,1.261088848E1,1.785229492E1,-4.018464661E1,4.574434135E1
7.610029650E1,1.273674488E1,1.778961754E1,-4.033715820E1,4.588879487E1
7.611028450E1,1.276671505E1,1.786450195E1,-4.023542786E1,4.583687487E1
7.612027250E1,1.274681568E1,1.783184624E1,-4.008824158E1,4.568942069E1
7.613026050E1,1.275617313E1,1.785296440E1,-4.000859070E1,4.563042429E1
7.614024850E1,1.279682350E1,1.781485367E1,-3.996501160E1,4.558870315E1
7.615023650E1,1.262551785E1,1.790077591E1,-4.014125061E1,4.572921910E1
7.616022450E1,1.269645596E1,1.782795715E1,-4.008894348E1,4.567449441E1
7.617021250E1,1.268292618E1,1.784344101E1,-3.996081543E1,4.556436956E1
7.618020087E1,1.265018082E1,1.781358337E1,-4.014183044E1,4.570248766E1
7.619018887E1,1.279049778E1,1.784452438E1,-4.029753113E1,4.589024841E1
7.620017687E1,1.260150337E1,1.790468025E1,-4.020840454E1,4.578308921E1
7.621016487E1,1.258899784E1,1.779080963E1,-4.035543823E1,4.586455242E1
7.622015288E1,1.267617226E1,1.775890160E1,-4.038192749E1,4.589949887E1
7.623014087E1,1.268097401E1,1.776421928E1,-4.034623718E1,4.587148835E1
7.624012887E1,1.269412994E1,1.776519775E1,-4.029161072E1,4.582747081E1
7.625011687E1,1.256124973E1,1.782288361E1,-3.997808838E1,4.553776153E1
7.626010487E1,1.250841045E1,1.790556145E1,-4.002644348E1,4.559808812E1
7.627009287E1,1.250841045E1,1.790556145E1,-4.002644348E1,4.559808812E1
7.628008087E1,1.255524349E1,1.776561356E1,-4.005563354E1,4.558184883E1
7.629006887E1,1.271189976E1,1.781087494E1,-4.005229187E1,4.563995777E1
7.630005687E1,1.281422043E1,1.780896378E1,-3.999240112E1,4.561529988E1
7.631004487E1,1.264807606E1,1.793939209E1,-4.008238220E1,4.569893849E1
7.632003287E1,1.264723778E1,1.802460861E1,-4.000901794E1,4.566793904E1
7.633002087E1,1.276205349E1,1.800370216E1,-4.009863281E1,4.577011748E1
7.634000888E1,1.264684105E1,1.797351837E1,-4.000030518E1,4.564005221E1
7.634999687E1,1.275409222E1,1.804045486E1,-3.995475769E1,4.565640746E1
7.635998487E1,1.269252968E1,1.802366829E1,-4.008169556E1,4.574380009E1
7.636997287E1,1.268316269E1,1.788909912E1,-4.001345825E1,4.562849246E1
7.637996087E1,1.264448452E1,1.785541916E1,-4.012963867E1,4.570652997E1
7.638994888E1,1.264348602E1,1.779703712E1,-4.023063660E1,4.577222291E1
7.639993687E1,1.274153328E1,1.781228638E1,-4.014201355E1,4.572751325E1
7.640992487E1,1.254358673E1,1.791174698E1,-4.018415833E1,4.574864838E1
7.641991287E1,1.266996098E1,1.794792557E1,-4.010208130E1,4.572562594E1
7.642990087E1,1.275736427E1,1.790775681E1,-4.004530334E1,4.568440015E1
7.643988888E1,1.273710251E1,1.777657700E1,-4.017355347E1,4.574007945E1
7.644987687E1,1.280582714E1,1.789117050E1,-4.006823730E1,4.571156124E1
7.645986487E1,1.286685658E1,1.777650642E1,-4.022523499E1,4.582171656E1
7.646985287E1,1.279161453E1,1.771134186E1,-4.032043457E1,4.585907191E1
7.647984087E1,1.269053555E1,1.794834900E1,-4.016748047E1,4.578885685E1
7.648982887E1,1.268734360E1,1.785609245E1,-3.999990845E1,4.560483967E1
7.649981687E1,1.266071701E1,1.790013504E1,-4.011132812E1,4.571244069E1
7.650980487E1,1.259087944E1,1.795959091E1,-4.007014465E1,4.568034198E1
7.651979287E1,1.259780693E1,1.797545624E1,-4.005178833E1,4.567239336E1
7.652978087E1,1.270953846E1,1.785432816E1,-3.996833801E1,4.558264412E1
7.653976887E1,1.264097691E1,1.788354874E1,-4.005673218E1,4.565257282E1
7.654975687E1,1.273691177E1,1.786188889E1,-4.030390930E1,4.588770098E1
7.655974488E1,1.264999008E1,1.791646194E1,-4.038237000E1,4.595386452E1
7.656973287E1,1.251950836E1,1.788394165E1,-4.029222107E1,4.582615560E1
7.657972087E1,1.260432529E1,1.799560165E1,-4.016970825E1,4.578554527E1
7.658970887E1,1.245899487E1,1.798321533E1,-4.005673218E1,4.564169562E1
7.659969687E1,1.248548603E1,1.815430260E1,-4.002305603E1,4.568709969E1
7.660968488E1,1.257035446E1,1.809137917E1,-3.986553955E1,4.554748133E1
7.661967287E1,1.252621841E1,1.789804077E1,-4.003018188E1,4.560330550E1
7.662966087E1,1.250171471E1,1.793512344E1,-4.016629028E1,4.573065054E1
7.663964887E1,1.256743050E1,1.772141838E1,-4.036070251E1,4.583639696E1
7.664963687E1,1.260892582E1,1.782701111E1,-4.024250793E1,4.578478765E1
7.665962487E1,1.249196053E1,1.784463120E1,-4.047227478E1,4.596177723E1
7.666961287E1,1.251461506E1,1.782366562E1,-4.034132385E1,4.584453137E1
7.667960087E1,1.248169994E1,1.799200439E1,-4.015887451E1,4.574101286E1
7.668958887E1,1.250064850E1,1.796349335E1,-4.037879944E1,4.592821301E1
7.669957687E1,1.256117725E1,1.769424438E1,-4.040562439E1,4.586375411E1
7.670956487E1,1.261824799E1,1.771578217E1,-4.042027283E1,4.590062718E1
7.671955287E1,1.259102345E1,1.764433289E1,-4.044815063E1,4.589018680E1
7.672954088E1,1.248526001E1,1.787105942E1,-4.022904968E1,4.575623368E1
7.673952887E1,1.258105373E1,1.778537178E1,-4.022419739E1,4.574481848E1
7.674951687E1,1.262114334E1,1.780571747E1,-4.025555420E1,4.579133627E1
7.675950487E1,1.258141232E1,1.780594254E1,-4.022543335E1,4.575400544E1
7.676949287E1,1.244276905E1,1.786619568E1,-4.015509033E1,4.567772684E1
7.677948088E1,1.251514435E1,1.783773804E1,-4.024588013E1,4.576619499E1
7.678946887E1,1.254922390E1,1.792270851E1,-4.024037170E1,4.580386464E1
7.679945687E1,1.255442619E1,1.796466446E1,-4.039042664E1,4.595355645E1
7.680944487E1,1.275743771E1,1.787784767E1,-4.017596436E1,4.578731010E1
7.681943287E1,1.262765789E1,1.771978760E1,-4.052052307E1,4.599305824E1
7.682942088E1,1.250100327E1,1.775042915E1,-4.030648804E1,4.578171901E1
7.683940887E1,1.255846214E1,1.787571144E1,-4.040370178E1,4.593163560E1
7.684939687E1,1.249712658E1,1.796626472E1,-4.043283081E1,4.597584853E1
7.685938487E1,1.261317253E1,1.794039345E1,-4.026612854E1,4.585096450E1
7.686937287E1,1.253753185E1,1.799080849E1,-4.037956238E1,4.594962408E1
7.687936087E1,1.244538784E1,1.799193764E1,-4.048486328E1,4.601762329E1
7.688934887E1,1.262613010E1,1.780122948E1,-4.077005005E1,4.624391758E1
7.689933687E1,1.255024719E1,1.777763748E1,-4.064767456E1,4.610625279E1
7.690932487E1,1.252368355E1,1.787773514E1,-4.030300903E1,4.583436048E1
7.691931287E1,1.257999134E1,1.788852310E1,-4.032423401E1,4.587264206E1
7.692930087E1,1.247696114E1,1.787830734E1,-4.025453186E1,4.577920672E1
7.693928887E1,1.254294586E1,1.790796280E1,-4.039840698E1,4.593530134E1
7.694927787E1,1.247342587E1,1.792334747E1,-4.037687683E1,4.590343037E1
7.695926487E1,1.251858997E1,1.794322586E1,-4.039457703E1,4.593904986E1
7.696925387E1,1.257151699E1,1.795555305E1,-4.041763306E1,4.597858183E1
7.697924188E1,1.242769814E1,1.792002487E1,-4.031643677E1,4.583655796E1
7.698922987E1,1.248333931E1,1.787666321E1,-4.028419495E1,4.580638831E1
7.699921787E1,1.242132282E1,1.793870544E1,-4.024926758E1,4.578307498E1
7.700920587E1,1.244908333E1,1.801000214E1,-4.016090393E1,4.574098881E1
7.701919387E1,1.253301334E1,1.799501419E1,-4.036515808E1,4.593738071E1
7.702918187E1,1.244964027E1,1.806116867E1,-4.041352844E1,4.598317777E1
7.703916987E1,1.257207680E1,1.800311470E1,-4.030485535E1,4.589826378E1
7.704915787E1,1.261886501E1,1.801740837E1,-4.042724609E1,4.602417827E1
7.705914587E1,1.254178619E1,1.800399971E1,-4.048478699E1,4.604843519E1
7.706913387E1,1.252471733E1,1.794160843E1,-4.038847351E1,4.593472161E1
7.707912187E1,1.260387993E1,1.784275627E1,-4.047073364E1,4.599023834E1
7.708910987E1,1.258114147E1,1.784477234E1,-4.033471680E1,4.586513272E1
7.709909788E1,1.241871357E1,1.791538239E1,-4.052752686E1,4.601810302E1
7.710908587E1,1.244645214E1,1.801614761E1,-4.045489502E1,4.600102474E1
7.711907387E1,1.256797123E1,1.793929100E1,-4.038671875E1,4.594408682E1
7.712906187E1,1.256797123E1,1.793929100E1,-4.038671875E1,4.594408682E1
7.713904987E1,1.244285583E1,1.790233040E1,-4.031140137E1,4.582932658E1
7.714903788E1,1.266518021E1,1.785839844E1,-4.031230164E1,4.587385800E1
7.715902587E1,1.252158737E1,1.785425568E1,-4.049409485E1,4.599278545E1
7.716901387E1,1.253767872E1,1.786018372E1,-4.032852173E1,4.585378081E1
7.717900167E1,1.265194225E1,1.793025970E1,-4.022688293E1,4.582322519E1
7.718898967E1,1.255673504E1,1.789440155E1,-4.020179749E1,4.576096287E1
7.719897767E1,1.266648102E1,1.792097092E1,-4.015863037E1,4.576370323E1
7.720896567E1,1.262125969E1,1.791280365E1,-4.021878052E1,4.580081917E1
7.721895367E1,1.255232525E1,1.778918076E1,-4.034526062E1,4.584491112E1
7.722894167E1,1.276818562E1,1.765077400E1,-4.015377808E1,4.568262559E1
7.723892967E1,1.273828697E1,1.768599319E1,-4.016551208E1,4.569821300E1
7.724891767E1,1.281100368E1,1.768076706E1,-4.030451965E1,4.583869156E1
7.725890567E1,1.277063560E1,1.773139191E1,-4.028692627E1,4.583151559E1
7.726889367E1,1.286817551E1,1.781165695E1,-4.043240356E1,4.601765229E1
7.727888167E1,1.279448318E1,1.787570953E1,-4.005751038E1,4.569293084E1
7.728886967E1,1.269726086E1,1.771632576E1,-4.034016418E1,4.585212621E1
7.729885767E1,1.277652359E1,1.768490219E1,-4.031141663E1,4.583672797E1
7.730884567E1,1.282241058E1,1.779337120E1,-4.008392334E1,4.569178462E1
7.731883367E1,1.265106678E1,1.780551720E1,-4.033102417E1,4.586586360E1
7.732882167E1,1.275180149E1,1.792806435E1,-4.019239807E1,4.581978607E1
7.733880967E1,1.267157364E1,1.793823814E1,-4.023081970E1,4.583522685E1
7.734879767E1,1.269076633E1,1.785131836E1,-4.042585754E1,4.597798468E1
7.735878567E1,1.274208736E1,1.783009338E1,-4.039358521E1,4.595557361E1
7.736877367E1,1.271313858E1,1.789676476E1,-4.016864014E1,4.577595146E1
7.737876167E1,1.275620461E1,1.786643219E1,-4.001876831E1,4.564462698E1
7.738874967E1,1.288970566E1,1.779111481E1,-4.001502991E1,4.564943479E1
7.739873767E1,1.285628891E1,1.776983070E1,-4.021455383E1,4.580678321E1
7.740872567E1,1.268435955E1,1.802865982E1,-4.025708008E1,4.589725535E1
7.741871367E1,1.261598492E1,1.795746040E1,-4.023112488E1,4.582768670E1
7.742870167E1,1.270350170E1,1.788168716E1,-4.007107544E1,4.568177731E1
7.743868967E1,1.246797657E1,1.780104446E1,-4.017239380E1,4.567437846E1
7.744867767E1,1.261896896E1,1.787140274E1,-4.014312744E1,4.571756877E1
7.745866567E1,1.268346882E1,1.795585251E1,-4.019841003E1,4.581697491E1
7.746865367E1,1.282622433E1,1.783498001E1,-4.040490723E1,4.599081507E1
7.747864167E1,1.278448200E1,1.778360367E1,-4.002641296E1,4.562689201E1
7.748862967E1,1.263665390E1,1.775958252E1,-4.001823425E1,4.556914379E1
7.749861767E1,1.275662899E1,1.765493774E1,-4.038439941E1,4.588385474E1
7.750860567E1,1.273466682E1,1.768548775E1,-4.024212646E1,4.576436341E1
7.751859367E1,1.262149429E1,1.768749237E1,-4.012460327E1,4.563039877E1
7.752858167E1,1.276222610E1,1.789059639E1,-4.000308228E1,4.564202500E1
7.753856967E1,1.268111229E1,1.784997368E1,-4.007942200E1,4.567047445E1
7.754855767E1,1.274468803E1,1.768986702E1,-4.007940674E1,4.562584041E1
7.755854567E1,1.269197083E1,1.785844803E1,-4.024151611E1,4.581909982E1
7.756853367E1,1.269927883E1,1.771999359E1,-4.032064819E1,4.583693409E1
7.757852167E1,1.281083584E1,1.766328812E1,-4.008183289E1,4.563619824E1
7.758850967E1,1.256956577E1,1.782558060E1,-4.003314209E1,4.558944804E1
7.759849767E1,1.264245701E1,1.777370071E1,-4.029879761E1,4.582280267E1
7.760848567E1,1.282016277E1,1.786376190E1,-4.024078369E1,4.585620171E1
7.761847367E1,1.282222939E1,1.784859085E1,-4.014970398E1,4.577095685E1
7.762846167E1,1.279947948E1,1.806739616E1,-4.005509949E1,4.576754826E1
7.763844967E1,1.272869778E1,1.802459335E1,-4.029951477E1,4.594514777E1
7.764843767E1,1.273478413E1,1.802526855E1,-4.026145935E1,4.591372499E1
7.765842567E1,1.275821781E1,1.799305153E1,-4.022595215E1,4.587645639E1
7.766841367E1,1.254090118E1,1.789986229E1,-4.028082275E1,4.582820043E1
7.767840167E1,1.255511379E1,1.794778633E1,-4.017198181E1,4.575524057E1
7.768838967E1,1.248213577E1,1.794717026E1,-3.996093750E1,4.554976575E1
7.769837767E1,1.255621433E1,1.797010422E1,-4.016960144E1,4.576221196E1
7.770836567E1,1.257878208E1,1.826065445E1,-4.030940247E1,4.600570820E1
7.771835367E1,1.262217808E1,1.817774200E1,-4.048846436E1,4.614179699E1
7.772834167E1,1.257988453E1,1.834566498E1,-4.048699951E1,4.619538990E1
7.773832967E1,1.265023708E1,1.851469994E1,-4.071975708E1,4.648570994E1
7.774831767E1,1.256136227E1,1.844329071E1,-4.085462952E1,4.655151498E1
7.775830567E1,1.262613583E1,1.836657333E1,-4.096241760E1,4.663335692E1
7.776829367E1,1.262033749E1,1.841888237E1,-4.076820374E1,4.648198126E1
7.777828167E1,1.260362339E1,1.832634354E1,-4.072442627E1,4.640242542E1
7.778826967E1,1.277234268E1,1.835442352E1,-4.067849731E1,4.641936820E1
7.779825767E1,1.277234268E1,1.835442352E1,-4.067849731E1,4.641936820E1
7.780824567E1,1.283201981E1,1.810326958E1,-4.094715881E1,4.657315661E1
7.781823367E1,1.277569294E1,1.819535446E1,-4.102102661E1,4.665848131E1
7.782822167E1,1.281164360E1,1.806793022E1,-4.079391479E1,4.641908873E1
7.783820967E1,1.278817844E1,1.815242767E1,-4.057815552E1,4.625618708E1
7.784819767E1,1.265253830E1,1.798052406E1,-4.025953674E1,4.587173716E1
7.785818567E1,1.278208351E1,1.792041016E1,-4.037377930E1,4.598439750E1
7.786817467E1,1.268864918E1,1.796229172E1,-4.040280151E1,4.600034904E1
7.787816267E1,1.283378792E1,1.792226028E1,-4.041050720E1,4.603175663E1
7.788815067E1,1.276319599E1,1.778067398E1,-4.019761658E1,4.577007666E1
7.789813867E1,1.287407494E1,1.794486618E1,-4.024526978E1,4.590688148E1
7.790812667E1,1.283391380E1,1.792929840E1,-4.021697998E1,4.586474205E1
7.791811467E1,1.277866650E1,1.783711433E1,-4.042453003E1,4.599564755E1
7.792810267E1,1.281342888E1,1.785670280E1,-4.019447327E1,4.581093184E1
7.793809067E1,1.263538265E1,1.782585144E1,-4.035792542E1,4.589309336E1
7.794807867E1,1.266561794E1,1.788407326E1,-4.026283264E1,4.584052406E1
7.795806667E1,1.264843941E1,1.790363503E1,-4.035748291E1,4.592656740E1
7.796805467E1,1.268613338E1,1.788169479E1,-4.018003845E1,4.577257344E1
7.797804267E1,1.278533554E1,1.785012436E1,-4.017518616E1,4.578359234E1
7.798803067E1,1.278533554E1,1.785012436E1,-4.017518616E1,4.578359234E1
7.799801867E1,1.272790146E1,1.795022202E1,-4.009519958E1,4.573658247E1
7.800800667E1,1.276337337E1,1.797106934E1,-4.012702942E1,4.578254605E1
7.801799467E1,1.272809124E1,1.797521400E1,-4.008287048E1,4.573564399E1
7.802798267E1,1.272710991E1,1.782584000E1,-4.026315308E1,4.583515456E1
7.803797067E1,1.269213963E1,1.785055733E1,-4.023721313E1,4.581229230E1
7.804795867E1,1.279733944E1,1.782242203E1,-4.021041870E1,4.580707801E1
7.805794667E1,1.271802139E1,1.797503090E1,-4.001937866E1,4.567713293E1
7.806793467E1,1.282089329E1,1.770281982E1,-3.990092468E1,4.549559237E1
7.807792267E1,1.268634510E1,1.772495270E1,-4.018295288E1,4.571418820E1
7.808791067E1,1.277488422E1,1.782400513E1,-3.993919373E1,4.556349439E1
7.809789867E1,1.310626602E1,1.781769180E1,-3.987361145E1,4.559768898E1
7.810788667E1,1.296801472E1,1.788097572E1,-3.996681213E1,4.566448040E1
7.811787467E1,1.283219147E1,1.782594872E1,-4.007986450E1,4.570366642E1
7.812786267E1,1.304725361E1,1.775762367E1,-4.001963806E1,4.568517764E1
7.813785067E1,1.291872692E1,1.782942200E1,-4.016213989E1,4.580152044E1
7.814783867E1,1.288211441E1,1.771264076E1,-4.009103394E1,4.568344904E1
7.815782667E1,1.288840580E1,1.772199821E1,-4.000521851E1,4.561356961E1
7.816781467E1,1.290153885E1,1.786357880E1,-3.996998596E1,4.564161401E1
7.817780292E1,1.299744034E1,1.772238541E1,-4.018577576E1,4.580297996E1
7.818779092E1,1.300664616E1,1.764604568E1,-4.028413391E1,4.586248159E1
7.819777892E1,1.276560020E1,1.776533127E1,-4.001461792E1,4.560413568E1
7.820776692E1,1.273796368E1,1.783502007E1,-4.004324341E1,4.564871304E1
7.821775492E1,1.272649574E1,1.774439621E1,-3.992633057E1,4.550757259E1
7.822774292E1,1.278364086E1,1.781158447E1,-3.990969849E1,4.553523963E1
7.823773092E1,1.269867039E1,1.775461197E1,-4.009016418E1,4.564760388E1
7.824771892E1,1.263810349E1,1.759317207E1,-4.024203491E1,4.570188986E1
7.825770692E1,1.264581966E1,1.769839859E1,-3.996189880E1,4.549838924E1
7.826769492E1,1.267719460E1,1.779289436E1,-4.007139587E1,4.564006047E1
7.827768292E1,1.255908394E1,1.792831612E1,-3.988398743E1,4.549601698E1
7.828767092E1,1.259497070E1,1.786368942E1,-3.990802002E1,4.550159062E1
7.829765892E1,1.256268787E1,1.776392937E1,-3.997747803E1,4.551458077E1
7.830764692E1,1.265672207E1,1.773255730E1,-3.999375916E1,4.554269396E1
7.831763492E1,1.253996086E1,1.776570892E1,-4.008546448E1,4.560389780E1
7.832762292E1,1.279994392E1,1.777962112E1,-3.994331360E1,4.555679744E1
7.833761092E1,1.284823036E1,1.777580643E1,-3.987200928E1,4.550641099E1
7.834759892E1,1.289231968E1,1.772994423E1,-3.998558044E1,4.560054246E1
7.835758692E1,1.282516003E1,1.775718307E1,-3.997399902E1,4.558204557E1
7.836757492E1,1.282286739E1,1.782342148E1,-3.996714783E1,4.560124107E1
7.837756292E1,1.274460220E1,1.774915123E1,-4.013485718E1,4.569752745E1
7.838755092E1,1.274063301E1,1.777141380E1,-4.024119568E1,4.579847932E1
7.839753892E1,1.262074852E1,1.782663345E1,-4.031277466E1,4.584966689E1
7.840752692E1,1.290314770E1,1.792920685E1,-4.035913086E1,4.600877223E1
7.841751492E1,1.268921566E1,1.758702850E1,-4.025942993E1,4.572900025E1
7.842750292E1,1.259959698E1,1.763132858E1,-4.034432983E1,4.579605377E1
7.843749092E1,1.275957584E1,1.760169220E1,-4.034361267E1,4.582830378E1
7.844747892E1,1.275117111E1,1.767853355E1,-4.034053040E1,4.585282222E1
7.845746692E1,1.287768650E1,1.770306778E1,-4.021736145E1,4.578940467E1
7.846745492E1,1.278855228E1,1.756796646E1,-4.027066040E1,4.575922425E1
7.847744292E1,1.276219082E1,1.753940582E1,-4.038114929E1,4.583820993E1
7.848743092E1,1.278935719E1,1.763863754E1,-4.018243408E1,4.570904944E1
7.849741992E1,1.271801376E1,1.769056702E1,-4.023170471E1,4.575253107E1
7.850740792E1,1.271268559E1,1.774068069E1,-4.019627380E1,4.573931082E1
7.851739592E1,1.274435329E1,1.764456177E1,-4.019084167E1,4.570615774E1
7.852738392E1,1.276305962E1,1.764970207E1,-3.994267273E1,4.549532700E1
7.853737192E1,1.272464657E1,1.767717361E1,-4.008831787E1,4.562315560E1
7.854735992E1,1.264683628E1,1.766460991E1,-4.022833252E1,4.571979493E1
7.855734792E1,1.262539005E1,1.774406052E1,-4.036621094E1,4.586592573E1
7.856733592E1,1.257448673E1,1.783156967E1,-4.029026794E1,4.581908210E1
7.857732392E1,1.272187233E1,1.761933517E1,-4.032490540E1,4.580813250E1
7.858731192E1,1.260452271E1,1.771776962E1,-4.041297913E1,4.589119997E1
7.859729992E1,1.263514614E1,1.767819405E1,-4.047360229E1,4.593776165E1
7.860728792E1,1.267735195E1,1.766874313E1,-4.038079834E1,4.586402306E1
7.861727592E1,1.266392994E1,1.772900391E1,-4.001148987E1,4.555888522E1
7.862726392E1,1.255481434E1,1.774949646E1,-4.033305359E1,4.581946311E1
7.863725192E1,1.266753387E1,1.768058586E1,-4.022659302E1,4.573016856E1
7.864723992E1,1.267991161E1,1.770801163E1,-4.033729553E1,4.584158860E1
7.865722792E1,1.263843822E1,1.767184639E1,-4.029544067E1,4.577932737E1
7.866721592E1,1.256922722E1,1.769339561E1,-4.033992004E1,4.580775994E1
7.867720392E1,1.260564804E1,1.763489532E1,-4.038119507E1,4.583157002E1
7.868719192E1,1.276263809E1,1.765278435E1,-4.014485168E1,4.567400621E1
7.869717992E1,1.258492756E1,1.749956131E1,-4.027732849E1,4.568236244E1
7.870716792E1,1.253523350E1,1.757752228E1,-4.037419128E1,4.578402221E1
7.871715592E1,1.259626865E1,1.759711456E1,-4.039823914E1,4.582948996E1
7.872714392E1,1.262670612E1,1.760908699E1,-4.018110657E1,4.565123193E1
7.873713192E1,1.270634460E1,1.773720932E1,-4.027700806E1,4.580717374E1
7.874711992E1,1.254745579E1,1.774097061E1,-4.023501587E1,4.572786007E1
7.875710792E1,1.255615902E1,1.771198845E1,-4.036636353E1,4.583464812E1
7.876709592E1,1.271980000E1,1.789799118E1,-4.018899536E1,4.579614338E1
7.877708392E1,1.256672001E1,1.767164230E1,-4.014479065E1,4.562689568E1
7.878707192E1,1.259906197E1,1.770785522E1,-4.017430115E1,4.567580291E1
7.879705992E1,1.249611568E1,1.771953773E1,-4.037045288E1,4.582475740E1
7.880704792E1,1.254095745E1,1.767658997E1,-4.033976746E1,4.579338691E1
7.881703592E1,1.256847858E1,1.772357559E1,-4.038920593E1,4.586261813E1
7.882702392E1,1.248326397E1,1.780104637E1,-4.053862000E1,4.600096567E1
7.883701192E1,1.253313065E1,1.769446182E1,-4.054722595E1,4.598098385E1
7.884699992E1,1.253313065E1,1.769446182E1,-4.054722595E1,4.598098385E1
7.885698792E1,1.257080269E1,1.762463188E1,-4.057722473E1,4.599091102E1
7.886697592E1,1.243110275E1,1.777499390E1,-4.059797668E1,4.602910421E1
7.887696392E1,1.272895241E1,1.770320129E1,-4.056361389E1,4.605253888E1
7.888695192E1,1.257812309E1,1.758196068E1,-4.051699829E1,4.592343272E1
7.889693992E1,1.266533661E1,1.752830696E1,-4.043009949E1,4.585024799E1
7.890692792E1,1.264898300E1,1.746093369E1,-4.061366272E1,4.598206798E1
7.891691592E1,1.237213802E1,1.769891930E1,-4.058070374E1,4.596863125E1
7.892690492E1,1.252450275E1,1.764283180E1,-4.045930481E1,4.588123831E1
7.893689292E1,1.257911777E1,1.756361198E1,-4.027391815E1,4.570233203E1
7.894688092E1,1.265365696E1,1.749722099E1,-4.028279877E1,4.570526943E1
7.895686892E1,1.268456459E1,1.754150772E1,-4.035216522E1,4.579191970E1
7.896685692E1,1.256342888E1,1.766910172E1,-4.061383820E1,4.603825316E1
7.897684492E1,1.256879520E1,1.767323494E1,-4.018770599E1,4.566584675E1
7.898683292E1,1.257268047E1,1.760313034E1,-4.032498932E1,4.576076109E1
7.899682092E1,1.248400211E1,1.778786278E1,-4.030625153E1,4.579139966E1
7.900680892E1,1.248096657E1,1.775772858E1,-4.045389557E1,4.590892198E1
7.901679692E1,1.257158947E1,1.763999176E1,-4.041858673E1,4.585712948E1
7.902678492E1,1.265837002E1,1.773357773E1,-4.025229645E1,4.577074917E1
7.903677292E1,1.251048660E1,1.762222481E1,-4.024575043E1,4.568123805E1
7.904676092E1,1.263144970E1,1.768936539E1,-4.049245453E1,4.595765489E1
7.905674892E1,1.264237499E1,1.772206497E1,-4.036826324E1,4.586390639E1
7.906673692E1,1.253694630E1,1.775586700E1,-4.035323334E1,4.583480420E1
7.907672492E1,1.264095592E1,1.787019348E1,-4.002947235E1,4.562341765E1
7.908671292E1,1.257363510E1,1.773245430E1,-4.035506439E1,4.583740238E1
7.909670092E1,1.250861645E1,1.786697006E1,-4.020838165E1,4.574284709E1
7.910668892E1,1.237774277E1,1.777305984E1,-4.049053192E1,4.591920456E1
7.911667692E1,1.253994083E1,1.761715317E1,-4.043210602E1,4.585160192E1
7.912666492E1,1.260642910E1,1.754043770E1,-4.028871918E1,4.571400116E1
7.913665292E1,1.255162621E1,1.767904663E1,-4.030446625E1,4.576616665E1
7.914664092E1,1.243775177E1,1.781375885E1,-4.040647125E1,4.587712494E1
7.915662892E1,1.249018097E1,1.771862984E1,-4.034474945E1,4.580014489E1
7.916661692E1,1.249332523E1,1.767866325E1,-4.032083893E1,4.576448800E1
7.917660492E1,1.251525497E1,1.762906075E1,-4.022098541E1,4.566336669E1
7.918659350E1,1.242100334E1,1.776888084E1,-4.033350372E1,4.579089400E1
7.919658150E1,1.241450405E1,1.774981689E1,-4.026020050E1,4.571717024E1
7.920657050E1,1.243144131E1,1.787707520E1,-4.046059418E1,4.594769017E1
7.921655850E1,1.250842667E1,1.772738266E1,-4.048412323E1,4.593130814E1
7.922654650E1,1.242160320E1,1.782366371E1,-4.047396088E1,4.593605037E1
7.923653450E1,1.243277359E1,1.780300140E1,-4.034990692E1,4.582178201E1
7.924652250E1,1.241465569E1,1.780197906E1,-4.042183685E1,4.587983249E1
7.925651050E1,1.248942566E1,1.765403938E1,-4.051570892E1,4.592573929E1
7.926649850E1,1.244107342E1,1.774856949E1,-4.052909088E1,4.596084458E1
7.927648650E1,1.237660694E1,1.765975189E1,-4.051805878E1,4.589945886E1
7.928647450E1,1.238432693E1,1.774235725E1,-4.037596893E1,4.580809603E1
7.929646250E1,1.237042236E1,1.775778961E1,-4.027002716E1,4.571697200E1
7.930645050E1,1.248912811E1,1.779959106E1,-4.046790314E1,4.593968815E1
7.931643850E1,1.241145039E1,1.784019661E1,-4.024723053E1,4.574009490E1
7.932642650E1,1.254359627E1,1.767834282E1,-4.030673981E1,4.576569552E1
7.933641450E1,1.250456524E1,1.756497955E1,-4.047571564E1,4.586039920E1
7.934640250E1,1.253129864E1,1.750043106E1,-4.035785675E1,4.573898921E1
7.935639050E1,1.255738831E1,1.755455017E1,-4.042554474E1,4.582657417E1
7.936637850E1,1.256462860E1,1.751098633E1,-4.044351959E1,4.582775154E1
7.937636650E1,1.244425488E1,1.767691040E1,-4.025089264E1,4.568880606E1
7.938635450E1,1.252362061E1,1.766194534E1,-4.055260468E1,4.597063337E1
7.939634250E1,1.239437771E1,1.772583389E1,-4.059273529E1,4.599560788E1
7.940633050E1,1.251407528E1,1.767407990E1,-4.044252777E1,4.587562787E1
7.941631850E1,1.247559452E1,1.762038040E1,-4.032962799E1,4.574491401E1
7.942630650E1,1.248792648E1,1.766979408E1,-4.055406952E1,4.596523127E1
7.943629450E1,1.257252026E1,1.769796181E1,-4.049057770E1,4.594314965E1
7.944628350E1,1.259105110E1,1.767660522E1,-4.070626068E1,4.613021351E1
7.945627150E1,1.263293743E1,1.757089615E1,-4.050482941E1,4.592350928E1
7.946625950E1,1.265877628E1,1.771899033E1,-4.049599457E1,4.597969999E1
7.947624750E1,1.267713356E1,1.752444839E1,-4.057003021E1,4.597546474E1
7.948623550E1,1.268679047E1,1.769359970E1,-4.058980560E1,4.606029138E1
7.949622350E1,1.267172337E1,1.768070030E1,-4.053582001E1,4.600361334E1
7.950621150E1,1.275631332E1,1.759835815E1,-4.033148956E1,4.581544270E1
7.951619950E1,1.275234509E1,1.773329163E1,-4.038188934E1,4.591066242E1
7.952618750E1,1.265928173E1,1.777603912E1,-4.031034088E1,4.583850524E1
7.953617550E1,1.273544884E1,1.764642906E1,-4.031125641E1,4.581032099E1
7.954616350E1,1.252238941E1,1.775381660E1,-4.027237701E1,4.575885260E1
7.955615150E1,1.256582355E1,1.764902306E1,-4.045163727E1,4.588815636E1
7.956613950E1,1.264332104E1,1.782079315E1,-4.032555389E1,4.586485073E1
7.957612750E1,1.243975449E1,1.779269028E1,-4.067340851E1,4.610480971E1
7.958611550E1,1.255068779E1,1.777254295E1,-4.040024567E1,4.588641299E1
7.959610350E1,1.253764725E1,1.764477921E1,-4.056223297E1,4.597635887E1
7.960609150E1,1.262019444E1,1.772996521E1,-4.029236603E1,4.579405785E1
7.961607950E1,1.251768398E1,1.769297218E1,-4.049768829E1,4.593252044E1
7.962606750E1,1.257130718E1,1.767277145E1,-4.057189178E1,4.600481516E1
7.963605550E1,1.261701298E1,1.757047081E1,-4.043181610E1,4.585457681E1
7.964604350E1,1.253608894E1,1.766373444E1,-4.050226593E1,4.593032316E1
7.965603250E1,1.260120392E1,1.763617706E1,-4.047806549E1,4.591621574E1
7.966602050E1,1.257400990E1,1.767989159E1,-4.051804352E1,4.596081094E1
7.967600850E1,1.260055733E1,1.756641579E1,-4.057610321E1,4.597578885E1
7.968599650E1,1.261977100E1,1.782582855E1,-4.039693451E1,4.592309987E1
7.969598450E1,1.261977100E1,1.782582855E1,-4.039693451E1,4.592309987E1
7.970597250E1,1.248275280E1,1.765759659E1,-4.028929901E1,4.572567604E1
7.971596050E1,1.246257496E1,1.770463181E1,-4.034223175E1,4.578499126E1
7.972594850E1,1.253928089E1,1.760873795E1,-4.040235138E1,4.582195123E1
7.973593650E1,1.242469501E1,1.767645836E1,-4.043340302E1,4.584419599E1
7.974592450E1,1.248509407E1,1.777883339E1,-4.038533020E1,4.585781707E1
7.975591250E1,1.253049278E1,1.774557495E1,-4.033416748E1,4.581226633E1
7.976590050E1,1.254423237E1,1.769565582E1,-4.060241699E1,4.603314313E1
7.977588850E1,1.259454632E1,1.756586838E1,-4.060269165E1,4.599740099E1
7.978587650E1,1.251311111E1,1.774145317E1,-4.060861206E1,4.604776307E1
7.979586450E1,1.248040390E1,1.772240448E1,-4.035238647E1,4.580566773E1
7.980585250E1,1.246949100E1,1.772390366E1,-4.038807678E1,4.583472170E1
7.981584050E1,1.256899548E1,1.768932343E1,-4.012036133E1,4.561288418E1
7.982582850E1,1.253723335E1,1.776079559E1,-4.020602417E1,4.570724734E1
7.983581750E1,1.249655914E1,1.781397057E1,-4.024777222E1,4.575352124E1
7.984580550E1,1.265758610E1,1.779311562E1,-3.999493408E1,4.556757840E1
7.985579350E1,1.257635403E1,1.786820984E1,-4.023329163E1,4.578378925E1
7.986578150E1,1.242393494E1,1.795051575E1,-4.031108093E1,4.584275756E1
7.987576950E1,1.252311802E1,1.786386299E1,-4.015707397E1,4.570051068E1
7.988575750E1,1.253321457E1,1.776807213E1,-4.037501526E1,4.585768978E1
7.989574550E1,1.256766796E1,1.774324417E1,-4.024230957E1,4.574070912E1
7.990573350E1,1.266371059E1,1.781334305E1,-4.044526672E1,4.597286544E1
7.991572150E1,1.256470299E1,1.786163139E1,-4.046154785E1,4.597876131E1
7.992570950E1,1.273165894E1,1.778297043E1,-4.034660339E1,4.589311040E1
7.993569750E1,1.260771847E1,1.788847542E1,-4.024842834E1,4.581362354E1
7.994568550E1,1.261969948E1,1.789678955E1,-4.028262329E1,4.585020862E1
7.995567350E1,1.265395832E1,1.781214523E1,-4.019003296E1,4.574531592E1
7.996566150E1,1.260797119E1,1.772388077E1,-4.014318848E1,4.565711848E1
7.997564950E1,1.246226501E1,1.774300003E1,-4.016023254E1,4.563952648E1
7.998563750E1,1.244688416E1,1.786706734E1,-4.038748169E1,4.588361034E1
7.999562650E1,1.247594261E1,1.774253464E1,-4.054263306E1,4.597990620E1
8.000561450E1,1.249602413E1,1.777402878E1,-4.040716553E1,4.587816195E1
8.001560250E1,1.252471733E1,1.781939697E1,-4.037847900E1,4.587832843E1
8.002559050E1,1.265888691E1,1.770642662E1,-4.036795044E1,4.586214544E1
8.003557850E1,1.251908779E1,1.765022659E1,-4.016212463E1,4.562076625E1
8.004556650E1,1.262086964E1,1.758784866E1,-4.029440308E1,4.574120342E1
8.005555450E1,1.264012241E1,1.762520981E1,-4.029531860E1,4.576170251E1
8.006554250E1,1.268761730E1,1.761091232E1,-4.028248596E1,4.575804346E1
8.007553050E1,1.280698681E1,1.764415359E1,-4.004977417E1,4.559955568E1
8.008551850E1,1.265336990E1,1.761957741E1,-4.006088257E1,4.555690497E1
8.009550650E1,1.262869740E1,1.768416977E1,-4.013677979E1,4.564181142E1
8.010549450E1,1.262279892E1,1.772552109E1,-4.015098572E1,4.566870706E1
8.011548250E1,1.260891628E1,1.768730545E1,-4.016059875E1,4.565850672E1
8.012547050E1,1.266528702E1,1.776773071E1,-4.018389893E1,4.572578575E1
8.013545850E1,1.274608421E1,1.763435745E1,-4.025845337E1,4.576217098E1
8.014544750E1,1.276122093E1,1.756366158E1,-4.018151855E1,4.567149440E1
8.015543550E1,1.268491936E1,1.764125061E1,-4.030818176E1,4.579159769E1
8.016542350E1,1.278823376E1,1.747623825E1,-4.037767029E1,4.581827238E1
8.017541150E1,1.265930176E1,1.770061302E1,-4.041323853E1,4.589988530E1
8.018539867E1,1.269790459E1,1.770160675E1,-4.046343994E1,4.595512631E1
8.019538667E1,1.264443302E1,1.767623711E1,-4.051623535E1,4.597712879E1
8.020537467E1,1.282892227E1,1.758365440E1,-4.046401978E1,4.594674140E1
8.021536267E1,1.271362877E1,1.772010422E1,-4.028585815E1,4.581035710E1
8.022535067E1,1.273703289E1,1.762677956E1,-4.042471313E1,4.590308047E1
8.023533867E1,1.257465935E1,1.766632652E1,-4.036572266E1,4.582153114E1
8.024532667E1,1.265465736E1,1.770558167E1,-4.040873718E1,4.589655778E1
8.025531467E1,1.271962643E1,1.762997055E1,-4.030839539E1,4.579706865E1
8.026530267E1,1.272250748E1,1.769878197E1,-4.040858459E1,4.591255589E1
8.027529067E1,1.274525738E1,1.764779282E1,-4.019338989E1,4.570989792E1
8.028527867E1,1.262878609E1,1.769924736E1,-4.041229248E1,4.589011853E1
8.029526767E1,1.268284512E1,1.770779037E1,-4.029399109E1,4.580421507E1
8.030525567E1,1.287261391E1,1.766456985E1,-4.009043884E1,4.566163054E1
8.031524367E1,1.267171288E1,1.769174194E1,-4.032429504E1,4.582159765E1
8.032523167E1,1.266110229E1,1.770320892E1,-4.056306458E1,4.603335014E1
8.033521967E1,1.262617493E1,1.772020340E1,-4.032896423E1,4.582413401E1
8.034520767E1,1.262337399E1,1.759470367E1,-4.037477112E1,4.581533925E1
8.035519567E1,1.268234158E1,1.769260788E1,-4.036514282E1,4.586082115E1
8.036518367E1,1.250700283E1,1.769797516E1,-4.047953796E1,4.591553591E1
8.037517167E1,1.255775642E1,1.762265396E1,-4.044255066E1,4.586780007E1
8.038515967E1,1.267484379E1,1.764004517E1,-4.032630920E1,4.580430190E1
8.039514767E1,1.256556129E1,1.771788025E1,-4.036711121E1,4.584016010E1
8.040513567E1,1.269205284E1,1.783034134E1,-4.026188660E1,4.582607107E1
8.041512367E1,1.262970066E1,1.762357330E1,-4.049789429E1,4.593668595E1
8.042511167E1,1.264396000E1,1.767867661E1,-4.033880615E1,4.582166096E1
8.043510067E1,1.255147743E1,1.770511246E1,-4.047850037E1,4.592950669E1
8.044508867E1,1.260561848E1,1.758369637E1,-4.063732910E1,4.603781610E1
8.045507667E1,1.257456875E1,1.753332138E1,-4.044035339E1,4.583622280E1
8.046506467E1,1.256796932E1,1.763653946E1,-4.031250000E1,4.576132683E1
8.047505267E1,1.255943203E1,1.760372925E1,-4.016105652E1,4.561294857E1
8.048504067E1,1.268503666E1,1.770162773E1,-4.047428894E1,4.596113407E1
8.049502867E1,1.256741524E1,1.768885040E1,-4.048028564E1,4.592917243E1
8.050501667E1,1.261127853E1,1.771092224E1,-4.060015869E1,4.605533627E1
8.051500467E1,1.267370319E1,1.760459518E1,-4.054908752E1,4.598666136E1
8.052499267E1,1.268845654E1,1.758355713E1,-4.061723328E1,4.604278499E1
8.053498067E1,1.264133930E1,1.761083984E1,-4.059239197E1,4.601833792E1
8.054496867E1,1.258747482E1,1.759774590E1,-4.065937805E1,4.605768347E1
8.055495667E1,1.258758354E1,1.759851265E1,-4.065939331E1,4.605801962E1
8.056494467E1,1.257373810E1,1.758604240E1,-4.056852722E1,4.596926341E1
8.057493367E1,1.261155128E1,1.755259323E1,-4.068896484E1,4.607316589E1
8.058492167E1,1.258815670E1,1.741425323E1,-4.047703552E1,4.582693869E1
8.059490967E1,1.278167629E1,1.749083138E1,-4.033422852E1,4.578373533E1
8.060489767E1,1.262378216E1,1.750673103E1,-4.033137512E1,4.574347305E1
8.061488567E1,1.264931774E1,1.768819427E1,-4.037362671E1,4.585746602E1
8.062487367E1,1.263626003E1,1.763616943E1,-4.059901428E1,4.603248310E1
8.063486167E1,1.270023346E1,1.756594467E1,-4.040507507E1,4.585224568E1
8.064484967E1,1.270589924E1,1.753680801E1,-4.041674805E1,4.585295011E1
8.065483767E1,1.266601944E1,1.759329224E1,-4.029786682E1,4.575882484E1
8.066482567E1,1.254889393E1,1.768245125E1,-4.057945251E1,4.600908375E1
8.067481367E1,1.258669853E1,1.773707008E1,-4.035755920E1,4.584496941E1
8.068480167E1,1.263649273E1,1.770284843E1,-4.022164917E1,4.572584448E1
8.069479067E1,1.278827190E1,1.768249893E1,-4.013562012E1,4.568455613E1
8.070477867E1,1.263048458E1,1.765641403E1,-4.033274841E1,4.580402484E1
8.071476667E1,1.258916855E1,1.774344635E1,-4.039593506E1,4.588189864E1
8.072475467E1,1.280115414E1,1.771630096E1,-4.042387390E1,4.595461292E1
8.073474267E1,1.266169167E1,1.765323067E1,-4.033210754E1,4.581084902E1
8.074473067E1,1.270632553E1,1.757054901E1,-4.048591614E1,4.592694532E1
8.075471867E1,1.260691071E1,1.760123634E1,-4.057659912E1,4.599128303E1
8.076470667E1,1.262752056E1,1.755910110E1,-4.058299255E1,4.598647183E1
8.077469467E1,1.273392200E1,1.762241745E1,-4.061723328E1,4.607018565E1
8.078468267E1,1.258830452E1,1.754803467E1,-4.063197327E1,4.601473876E1
8.079467067E1,1.252724457E1,1.769804955E1,-4.047273254E1,4.591508351E1
8.080465867E1,1.271150684E1,1.771412086E1,-4.035792542E1,4.587084726E1
8.081464667E1,1.263995457E1,1.773869324E1,-4.041384888E1,4.590979057E1
8.082463567E1,1.277360344E1,1.774496651E1,-4.054974365E1,4.606875830E1
8.083462367E1,1.272375679E1,1.766256714E1,-4.033406067E1,4.583335810E1
8.084461167E1,1.269541168E1,1.750071335E1,-4.058750916E1,4.598689319E1
8.085459967E1,1.284175110E1,1.761082268E1,-4.042434692E1,4.592580398E1
8.086458767E1,1.280896473E1,1.757748413E1,-4.031866455E1,4.581083100E1
8.087457567E1,1.269444752E1,1.764756012E1,-4.008966064E1,4.560445446E1
8.088456367E1,1.267646027E1,1.773805618E1,-4.041427612E1,4.591998472E1
8.089455167E1,1.270142555E1,1.787752342E1,-4.030537415E1,4.588523989E1
8.090453967E1,1.279168892E1,1.783761787E1,-4.048924255E1,4.605634244E1
8.091452767E1,1.274116325E1,1.801345825E1,-4.049682617E1,4.611740289E1
8.092451567E1,1.291065216E1,1.800355530E1,-4.049223328E1,4.615662356E1
8.093450367E1,1.285712051E1,1.810240746E1,-4.039469910E1,4.609484156E1
8.094449267E1,1.281405926E1,1.801129532E1,-4.057740784E1,4.620749831E1
8.095448067E1,1.284802246E1,1.799990463E1,-4.050488281E1,4.614882208E1
8.096446867E1,1.288108540E1,1.801498413E1,-4.066756439E1,4.630672530E1
8.097445667E1,1.293707466E1,1.809486961E1,-4.049707794E1,4.620395577E1
8.098444467E1,1.277302647E1,1.801976585E1,-4.052719879E1,4.615534648E1
8.099443267E1,1.272111893E1,1.810899162E1,-4.039220428E1,4.605749246E1
8.100442067E1,1.287089348E1,1.810099411E1,-4.052492523E1,4.621228681E1
8.101440867E1,1.267352104E1,1.787144661E1,-4.019072723E1,4.577446117E1
8.102439667E1,1.286099243E1,1.771561050E1,-3.992569733E1,4.553360615E1
8.103438467E1,1.270606041E1,1.771744537E1,-4.013527679E1,4.567485397E1
8.104437267E1,1.285909748E1,1.760385132E1,-4.006729889E1,4.561403742E1
8.105436067E1,1.279168129E1,1.767357445E1,-4.015898895E1,4.570259005E1
8.106434967E1,1.276176357E1,1.766421890E1,-4.028704071E1,4.580319736E1
8.107433767E1,1.274572754E1,1.775846672E1,-4.003188324E1,4.561105553E1
8.108432567E1,1.274990654E1,1.769261551E1,-4.012540436E1,4.566877309E1
8.109431367E1,1.281371021E1,1.767857742E1,-3.994817352E1,4.552559540E1
8.110430167E1,1.267824936E1,1.772798347E1,-4.020279694E1,4.573056184E1
8.111428967E1,1.268867588E1,1.764356041E1,-4.004341888E1,4.556065315E1
8.112427767E1,1.260349655E1,1.765467072E1,-4.003383636E1,4.553288457E1
8.113426567E1,1.269239807E1,1.777678490E1,-3.968206024E1,4.529654463E1
8.114425367E1,1.265935421E1,1.772594833E1,-3.987862396E1,4.543977489E1
8.115424167E1,1.260906887E1,1.767736626E1,-4.005089569E1,4.555822803E1
8.116422967E1,1.263407707E1,1.758097076E1,-4.012514496E1,4.559317596E1
8.117421867E1,1.265619278E1,1.768738747E1,-3.984859467E1,4.539750420E1
8.118420717E1,1.265995502E1,1.763137436E1,-4.017304230E1,4.566194423E1
8.119419517E1,1.258913231E1,1.773313904E1,-4.001250458E1,4.554065211E1
8.120418317E1,1.242271233E1,1.772695160E1,-4.012149811E1,4.558841086E1
8.121417117E1,1.248079586E1,1.786669540E1,-3.990409088E1,4.546785171E1
8.122415917E1,1.272486019E1,1.775719070E1,-3.998334503E1,4.556213086E1
8.123414717E1,1.255296040E1,1.777809525E1,-4.008969879E1,4.561602169E1
8.124413517E1,1.256835270E1,1.775611115E1,-4.023532867E1,4.573974908E1
8.125412317E1,1.261656094E1,1.777919579E1,-4.019408417E1,4.572572377E1
8.126411117E1,1.270938969E1,1.774893570E1,-4.014426422E1,4.569589976E1
8.127409917E1,1.278283596E1,1.775454712E1,-4.011611176E1,4.569384270E1
8.128408717E1,1.268825912E1,1.768461037E1,-4.057541656E1,4.604456312E1
8.129407617E1,1.267528152E1,1.769462776E1,-4.038382721E1,4.587609523E1
8.130406417E1,1.257816887E1,1.766827774E1,-4.049150848E1,4.593409006E1
8.131405217E1,1.250820827E1,1.771152687E1,-4.040300751E1,4.585364188E1
8.132404017E1,1.251107883E1,1.786777496E1,-4.025049591E1,4.578085732E1
8.133402817E1,1.252497292E1,1.766091347E1,-4.026319122E1,4.571550479E1
8.134401617E1,1.265073872E1,1.775321579E1,-4.034682465E1,4.585939511E1
8.135400417E1,1.261489105E1,1.770044327E1,-4.026853180E1,4.576019910E1
8.136399217E1,1.273663235E1,1.778020859E1,-4.045846558E1,4.599179337E1
8.137398017E1,1.296478367E1,1.779613876E1,-4.047706604E1,4.607798873E1
8.138694375E1,1.283618546E1,1.801437759E1,-4.062244415E1,4.625438818E1
8.139693175E1,1.283673477E1,1.804144669E1,-4.065328217E1,4.629216898E1
8.140691975E1,1.283083439E1,1.803968620E1,-4.065274811E1,4.628937803E1
8.141690875E1,1.294552517E1,1.796649742E1,-4.063600922E1,4.627814707E1
8.142689675E1,1.294623852E1,1.802949142E1,-4.067183685E1,4.633428499E1
8.143688475E1,1.296800041E1,1.796689224E1,-4.066806793E1,4.631274124E1
8.144687275E1,1.297914982E1,1.798946571E1,-4.068158722E1,4.633649475E1
8.145686175E1,1.295789337E1,1.795505333E1,-4.062181854E1,4.626470666E1
8.146684975E1,1.296922112E1,1.796480942E1,-4.060710907E1,4.625875464E1
8.147683775E1,1.295671558E1,1.798128700E1,-4.060375214E1,4.625870565E1
8.148682575E1,1.299759483E1,1.797850990E1,-4.060974884E1,4.627435565E1
8.149681475E1,1.301227570E1,1.805823517E1,-4.056288910E1,4.626842496E1
8.150680275E1,1.297944832E1,1.804735947E1,-4.058423615E1,4.627368027E1
8.151679075E1,1.299203587E1,1.803653526E1,-4.056920624E1,4.625981080E1
8.152677875E1,1.296421337E1,1.798889542E1,-4.050922394E1,4.618082298E1
8.153676775E1,1.290410519E1,1.791774368E1,-4.048740387E1,4.611714802E1
8.154675575E1,1.290410519E1,1.791774368E1,-4.048740387E1,4.611714802E1
8.155674375E1,1.290410519E1,1.791774368E1,-4.048740387E1,4.611714802E1
8.156673175E1,1.303400326E1,1.808032608E1,-4.060384369E1,4.631906254E1
8.157672075E1,1.301369381E1,1.824483490E1,-4.108110809E1,4.679623563E1
8.158670875E1,1.297447300E1,1.811444855E1,-4.081359100E1,4.649967104E1
8.159669675E1,1.297359371E1,1.821674728E1,-4.076830292E1,4.649966170E1
8.160668575E1,1.296358490E1,1.822821045E1,-4.086638641E1,4.658737735E1
8.161667375E1,1.304115391E1,1.815048790E1,-4.083061981E1,4.654730304E1
8.162666175E1,1.285214806E1,1.802854156E1,-4.109175873E1,4.667696065E1
8.163664975E1,1.288792133E1,1.803171158E1,-4.099869537E1,4.660616012E1
8.164663875E1,1.299428368E1,1.805764389E1,-4.080242157E1,4.647329897E1
8.165662675E1,1.296692944E1,1.799604797E1,-4.089362335E1,4.652190272E1
8.166661475E1,1.290227222E1,1.799691963E1,-4.087339020E1,4.648646869E1
8.167660375E1,1.297514915E1,1.802660942E1,-4.096886444E1,4.660215656E1
8.168659175E1,1.297514915E1,1.802660942E1,-4.096886444E1,4.660215656E1
8.169657975E1,1.302453423E1,1.804333305E1,-4.056514740E1,4.626804019E1
8.170656775E1,1.302035999E1,1.800461578E1,-4.073456573E1,4.640043976E1
8.171655675E1,1.297783375E1,1.810922813E1,-4.060829926E1,4.631848746E1
8.172654475E1,1.291602898E1,1.819037247E1,-4.060095978E1,4.632657326E1
8.173653275E1,1.295746231E1,1.807879639E1,-4.086209869E1,4.652364794E1
8.174652175E1,1.292065620E1,1.800545120E1,-4.089154816E1,4.651084111E1
8.175650975E1,1.303602028E1,1.786537361E1,-4.107068634E1,4.664665771E1
8.176649775E1,1.302338886E1,1.786565590E1,-4.129125214E1,4.683756848E1
8.177648675E1,1.296571636E1,1.801953125E1,-4.089989471E1,4.653616545E1
8.178647475E1,1.301983070E1,1.798289680E1,-4.089348602E1,4.653147073E1
8.179646275E1,1.281078815E1,1.794868469E1,-4.074736786E1,4.633162595E1
8.180645175E1,1.279890823E1,1.783983994E1,-4.075998688E1,4.629739162E1
8.181643975E1,1.275991917E1,1.768828392E1,-4.049623871E1,4.599604629E1
8.182642775E1,1.274801445E1,1.773478127E1,-4.055263519E1,4.606029266E1
8.183641675E1,1.276979828E1,1.778814316E1,-4.055933380E1,4.609279058E1
8.184640475E1,1.295517349E1,1.758891678E1,-4.060343170E1,4.610688864E1
8.185639275E1,1.289734364E1,1.768461418E1,-4.058425140E1,4.611039485E1
8.186638175E1,1.269008350E1,1.780903625E1,-4.069591522E1,4.619910721E1
8.187636975E1,1.272828102E1,1.782391357E1,-4.065837860E1,4.618229946E1
8.188635775E1,1.278351498E1,1.774150848E1,-4.030251312E1,4.585272012E1
8.189634675E1,1.293430901E1,1.765935898E1,-4.049308014E1,4.603084670E1
8.190633475E1,1.293495941E1,1.761888504E1,-4.067185211E1,4.617291240E1
8.191632275E1,1.289431953E1,1.779113579E1,-4.045792389E1,4.603945693E1
8.192631208E1,1.289045906E1,1.774900055E1,-4.039632416E1,4.596796668E1
8.193630008E1,1.296374226E1,1.773931122E1,-4.029325104E1,4.589431179E1