"Time (s)","Magnetic Field x (µT)","Magnetic Field y (µT)","Magnetic Field z (µT)","Absolute field (µT)"
6.275499996E-3,1.866772270E1,8.726961136E0,-3.752095795E1,4.280731254E1
1.626349997E-2,1.867820549E1,8.740449905E0,-3.751456451E1,4.280903381E1
2.625149995E-2,1.860244560E1,8.793825150E0,-3.755654144E1,4.282378017E1
3.623949998E-2,1.862105751E1,8.831779480E0,-3.754976654E1,4.283373762E1
4.622749996E-2,1.881099892E1,8.695783615E0,-3.760146332E1,4.293413999E1
5.621549999E-2,1.881787872E1,8.835969925E0,-3.754685211E1,4.291798024E1
6.620349997E-2,1.911949158E1,8.777187347E0,-3.757836151E1,4.306654421E1
7.619149995E-2,1.953466988E1,8.862488747E0,-3.737006378E1,4.308907867E1
8.617949998E-2,1.976342201E1,8.959488869E0,-3.728192902E1,4.313707827E1
9.616749996E-2,1.992777634E1,9.103046417E0,-3.681995392E1,4.284496155E1
1.061563333E-1,2.038022423E1,8.988197327E0,-3.679818726E1,4.301450704E1
1.161443333E-1,2.048899078E1,9.290318489E0,-3.647406006E1,4.285400586E1
1.261323333E-1,2.080279160E1,9.319040298E0,-3.658119202E1,4.310202153E1
1.361203333E-1,2.095555687E1,9.630220413E0,-3.641583252E1,4.310440078E1
1.461083333E-1,2.108759689E1,9.663081169E0,-3.640859985E1,4.316998985E1
1.560963333E-1,2.130455971E1,9.670075417E0,-3.606478882E1,4.298911043E1
1.660843333E-1,2.150545120E1,9.889065742E0,-3.613883972E1,4.320062255E1
1.760723333E-1,2.158654976E1,1.003360271E1,-3.606990051E1,4.321677958E1
1.860603333E-1,2.192407799E1,1.008961773E1,-3.617063904E1,4.348310833E1
1.960483333E-1,2.209266663E1,1.015386295E1,-3.602119446E1,4.345932928E1
2.060363333E-1,2.213293076E1,1.002097225E1,-3.574644470E1,4.322146246E1
2.160243333E-1,2.218221474E1,1.022989559E1,-3.564466858E1,4.321161664E1
2.260123333E-1,2.218221474E1,1.022989559E1,-3.564466858E1,4.321161664E1
2.360003333E-1,2.221530151E1,1.030644035E1,-3.569290161E1,4.328655172E1
2.459893333E-1,2.242954636E1,1.032128334E1,-3.550866699E1,4.324903318E1
2.559773333E-1,2.245037270E1,1.040682125E1,-3.537942505E1,4.317435442E1
2.659653333E-1,2.257982635E1,1.053086185E1,-3.527658081E1,4.318778489E1
2.759533333E-1,2.276816750E1,1.070153999E1,-3.501416016E1,4.311500691E1
2.859413333E-1,2.278266907E1,1.077101040E1,-3.505931091E1,4.317661354E1
2.959293333E-1,2.282267761E1,1.083046150E1,-3.517138672E1,4.330357899E1
3.059173333E-1,2.289613342E1,1.099861240E1,-3.499755859E1,4.324386093E1
3.159053333E-1,2.283492851E1,1.135938740E1,-3.495220947E1,4.326807818E1
3.258933333E-1,2.265215302E1,1.149823189E1,-3.488902283E1,4.315754032E1
3.358813333E-1,2.239760971E1,1.156085777E1,-3.494276428E1,4.308483641E1
3.458693333E-1,2.198125648E1,1.174231720E1,-3.492465210E1,4.290441672E1
3.558573333E-1,2.185508919E1,1.163896084E1,-3.514375305E1,4.299062353E1
3.658463333E-1,2.155896568E1,1.162204266E1,-3.531768799E1,4.297906422E1
3.758343333E-1,2.144248390E1,1.168509293E1,-3.561856079E1,4.318568496E1
3.858223333E-1,2.118063164E1,1.154500675E1,-3.580549622E1,4.317337023E1
3.958103333E-1,2.099370384E1,1.139496136E1,-3.596929932E1,4.317836540E1
4.057983333E-1,2.075521088E1,1.118207550E1,-3.597803497E1,4.301437657E1
4.157863333E-1,2.068782806E1,1.097018909E1,-3.628232574E1,4.318261734E1
4.257743333E-1,2.066348648E1,1.088065147E1,-3.593361664E1,4.285549037E1
4.357623333E-1,2.068651199E1,1.068822956E1,-3.610131073E1,4.295898819E1
4.457503333E-1,2.082829666E1,1.047659683E1,-3.606089020E1,4.294141154E1
4.557383333E-1,2.121228790E1,9.834046364E0,-3.610889435E1,4.301769260E1
4.657263333E-1,2.130521202E1,9.272701263E0,-3.604175568E1,4.288243463E1
4.757143333E-1,2.164252472E1,8.508922577E0,-3.622914886E1,4.305057337E1
4.857023333E-1,2.167615318E1,7.899676800E0,-3.628662109E1,4.299976024E1
4.956903333E-1,2.198885345E1,6.930646896E0,-3.645564270E1,4.313417934E1
5.056793333E-1,2.214771271E1,6.175897598E0,-3.636463165E1,4.302382276E1
5.156673333E-1,2.222686577E1,5.138551712E0,-3.653557587E1,4.307303773E1
5.256553333E-1,2.228226662E1,4.272121906E0,-3.649246216E1,4.297034123E1
5.356433333E-1,2.220523643E1,3.378746986E0,-3.647354126E1,4.283465499E1
5.456313333E-1,2.224829674E1,2.448322296E0,-3.654712677E1,4.285642851E1
5.556193333E-1,2.224398422E1,1.433054924E0,-3.662494659E1,4.287464511E1
5.656073333E-1,2.240762901E1,3.891105652E-1,-3.652239990E1,4.285019183E1
5.755953333E-1,2.288101196E1,-7.628469467E-1,-3.621176147E1,4.284173564E1
5.855833333E-1,2.303254509E1,-1.776045799E0,-3.581043243E1,4.261501547E1
5.955713333E-1,2.332033539E1,-2.978553772E0,-3.571425629E1,4.275766513E1
6.055593333E-1,2.330769730E1,-4.117594719E0,-3.575689697E1,4.288075350E1
6.155473333E-1,2.334449005E1,-5.154524803E0,-3.563476562E1,4.291119741E1
6.255353333E-1,2.314632797E1,-5.971137047E0,-3.528488922E1,4.261960093E1
6.355243333E-1,2.319961929E1,-6.920552254E0,-3.522867584E1,4.274547906E1
6.455123333E-1,2.300331879E1,-7.756606102E0,-3.513318634E1,4.270431355E1
6.555003333E-1,2.302655411E1,-8.308018684E0,-3.520027924E1,4.287545949E1
6.654883333E-1,2.291582108E1,-8.912728310E0,-3.496131134E1,4.274183983E1
6.754763333E-1,2.306382942E1,-9.336329460E0,-3.487220001E1,4.283897302E1
6.854643333E-1,2.298931885E1,-9.583260536E0,-3.485196686E1,4.283698469E1
6.954523333E-1,2.300658417E1,-9.972298622E0,-3.477193451E1,4.287000215E1
7.054403333E-1,2.304148483E1,-1.038860416E1,-3.453734589E1,4.279791327E1
7.154283333E-1,2.312924767E1,-1.091241169E1,-3.447142792E1,4.292228057E1
7.254163333E-1,2.288205719E1,-1.121348476E1,-3.445311737E1,4.285263211E1
7.354043333E-1,2.285434341E1,-1.157896519E1,-3.424394989E1,4.276729535E1
7.453923333E-1,2.263958549E1,-1.219322300E1,-3.406122589E1,4.267777674E1
7.553803333E-1,2.264261627E1,-1.267901134E1,-3.395998383E1,4.274021411E1
7.653693333E-1,2.236161613E1,-1.306412411E1,-3.369103241E1,4.249469237E1
7.753573333E-1,2.235563660E1,-1.372149658E1,-3.331740570E1,4.240405026E1
7.853453333E-1,2.218145943E1,-1.439065361E1,-3.333974457E1,4.255169352E1
7.953333333E-1,2.208112717E1,-1.501299286E1,-3.308332062E1,4.251437680E1
8.053213333E-1,2.178625488E1,-1.566592407E1,-3.286981964E1,4.243214727E1
8.153093333E-1,2.181546783E1,-1.624128151E1,-3.259672546E1,4.245280171E1
8.252973333E-1,2.161044502E1,-1.673978043E1,-3.274363708E1,4.265415985E1
8.352853333E-1,2.173704338E1,-1.701111031E1,-3.252737427E1,4.266036809E1
8.452733333E-1,2.172841644E1,-1.725341606E1,-3.214419556E1,4.246238047E1
8.552613333E-1,2.181312370E1,-1.745268440E1,-3.211301422E1,4.256353182E1
8.652493333E-1,2.186027718E1,-1.760886955E1,-3.192942047E1,4.251390239E1
8.752373333E-1,2.199117470E1,-1.757937622E1,-3.188373566E1,4.253491310E1
8.852253333E-1,2.223088837E1,-1.754616928E1,-3.147830963E1,4.234341072E1
8.952143333E-1,2.243798637E1,-1.760450745E1,-3.147467804E1,4.247395994E1
9.052023333E-1,2.281747627E1,-1.789630318E1,-3.095981598E1,4.241963103E1
9.151903333E-1,2.299444962E1,-1.806677628E1,-3.065445709E1,4.236565658E1
9.251783333E-1,2.310343742E1,-1.841138077E1,-3.027747345E1,4.230216497E1
9.351663333E-1,2.341014099E1,-1.887964821E1,-3.015382385E1,4.258789629E1
9.451543333E-1,2.349217987E1,-1.910858154E1,-2.968408203E1,4.240477720E1
9.551423333E-1,2.371805191E1,-1.932396317E1,-2.916189575E1,4.226556166E1
9.651303333E-1,2.399910736E1,-1.961977196E1,-2.900758362E1,4.245388690E1
9.751183333E-1,2.433066750E1,-2.009049034E1,-2.859413147E1,4.258208000E1
9.851063333E-1,2.452240753E1,-2.049647713E1,-2.834020996E1,4.271558903E1
9.950943333E-1,2.470850372E1,-2.060031319E1,-2.789010620E1,4.257629720E1
1.005082333E0,2.488491821E1,-2.094846153E1,-2.771170044E1,4.273213704E1
1.015070333E0,2.500691986E1,-2.102531242E1,-2.713086700E1,4.246756112E1
1.025059333E0,2.502978706E1,-2.112374687E1,-2.705678558E1,4.248261490E1
1.035047333E0,2.518350983E1,-2.122447395E1,-2.672388458E1,4.241289272E1
1.045035333E0,2.518786430E1,-2.162394905E1,-2.665872955E1,4.257595028E1
1.055023333E0,2.526093102E1,-2.164605522E1,-2.631525421E1,4.241649380E1
1.065011333E0,2.526093102E1,-2.164605522E1,-2.631525421E1,4.241649380E1
1.074999333E0,2.537067795E1,-2.202155304E1,-2.606381226E1,4.251990601E1
1.084987333E0,2.530404663E1,-2.209894943E1,-2.593907166E1,4.244400759E1
1.094975333E0,2.525368881E1,-2.223631668E1,-2.573867035E1,4.236368409E1
1.104963583E0,2.542000580E1,-2.247600555E1,-2.568211365E1,4.255488787E1
1.114951583E0,2.534179497E1,-2.279773712E1,-2.536130524E1,4.248692968E1
1.124939583E0,2.553807449E1,-2.307363129E1,-2.527093506E1,4.269901484E1
1.134927583E0,2.545094490E1,-2.319108582E1,-2.519071960E1,4.266320911E1
1.144915583E0,2.551753235E1,-2.324736404E1,-2.502091980E1,4.263368175E1
1.154904583E0,2.525870323E1,-2.346491241E1,-2.506462860E1,4.262440393E1
1.164892583E0,2.528817177E1,-2.344596481E1,-2.503581238E1,4.261451395E1
1.174880583E0,2.515722656E1,-2.367613983E1,-2.488286591E1,4.257467159E1
1.184868583E0,2.509988403E1,-2.377638245E1,-2.483989716E1,4.257159888E1
1.194856583E0,2.495307541E1,-2.383958435E1,-2.488067627E1,4.254444507E1
1.204844583E0,2.497162437E1,-2.393402863E1,-2.475511169E1,4.253510674E1
1.214832583E0,2.482282448E1,-2.428956604E1,-2.471045685E1,4.262349483E1
1.224820583E0,2.471304703E1,-2.436570358E1,-2.440902710E1,4.242903261E1
1.234808583E0,2.462766647E1,-2.461771965E1,-2.436481476E1,4.249939147E1
1.244796583E0,2.457107544E1,-2.464108467E1,-2.408052063E1,4.231775367E1
1.254784583E0,2.445202065E1,-2.488591194E1,-2.409882355E1,4.240239643E1
1.264772583E0,2.446772766E1,-2.506696892E1,-2.387431335E1,4.239110126E1
1.274760583E0,2.445346642E1,-2.550364494E1,-2.377818298E1,4.258884726E1
1.284748583E0,2.438872528E1,-2.575950050E1,-2.357138824E1,4.259075170E1
1.294737583E0,2.435579109E1,-2.612318993E1,-2.331606293E1,4.265283580E1
1.304725583E0,2.445119476E1,-2.616808891E1,-2.304388428E1,4.258697460E1
1.314713583E0,2.431805801E1,-2.654382515E1,-2.272788239E1,4.257345695E1
1.324701583E0,2.432464790E1,-2.672740364E1,-2.257340240E1,4.260987089E1
1.334689583E0,2.424230766E1,-2.713512230E1,-2.238752747E1,4.272242654E1
1.344677583E0,2.430243301E1,-2.723546410E1,-2.228768158E1,4.276820671E1
1.354665583E0,2.449498367E1,-2.756231880E1,-2.181742096E1,4.284490052E1
1.364653583E0,2.445079231E1,-2.772868919E1,-2.154783630E1,4.279054450E1
1.374641583E0,2.435513306E1,-2.789191246E1,-2.157278442E1,4.285459502E1
1.384629583E0,2.438570786E1,-2.791148186E1,-2.142332458E1,4.280972323E1
1.394617583E0,2.435758018E1,-2.795691872E1,-2.125936890E1,4.274156972E1
1.404605583E0,2.425245476E1,-2.797663689E1,-2.116055298E1,4.264554813E1
1.414594583E0,2.424133301E1,-2.830588722E1,-2.092832947E1,4.274178812E1
1.424582583E0,2.429270363E1,-2.835556221E1,-2.077816010E1,4.273061309E1
1.434570583E0,2.418120193E1,-2.863538933E1,-2.090634918E1,4.291609820E1
1.444558583E0,2.387727547E1,-2.870955849E1,-2.078274536E1,4.273506215E1
1.454546583E0,2.382905769E1,-2.866702843E1,-2.083777618E1,4.270638624E1
1.464534583E0,2.348810577E1,-2.878422356E1,-2.102648163E1,4.268882252E1
1.474522583E0,2.355554008E1,-2.896634102E1,-2.092013550E1,4.279678084E1
1.484510583E0,2.330606842E1,-2.896879005E1,-2.087187958E1,4.263799924E1
1.494498583E0,2.323962784E1,-2.911931801E1,-2.089952850E1,4.271773958E1
1.504486583E0,2.325312805E1,-2.920205879E1,-2.059075928E1,4.263153257E1
1.514474583E0,2.314057350E1,-2.944941902E1,-2.076429749E1,4.282418093E1
1.524462583E0,2.299895287E1,-2.936329460E1,-2.063414001E1,4.262537550E1
1.534451583E0,2.277696228E1,-2.949631310E1,-2.057204437E1,4.256796338E1
1.544439583E0,2.266607857E1,-2.955830002E1,-2.052459717E1,4.252885264E1
1.554427583E0,2.262856102E1,-2.961819458E1,-2.051110840E1,4.254403356E1
1.564415583E0,2.243498611E1,-2.972647858E1,-2.047262573E1,4.249847685E1
1.574403583E0,2.243212700E1,-2.983216858E1,-2.035202789E1,4.251309967E1
1.584391583E0,2.239945984E1,-2.995460129E1,-2.010327911E1,4.246358170E1
1.594379583E0,2.245963097E1,-3.033221817E1,-2.004025269E1,4.273277676E1
1.604367583E0,2.228702545E1,-3.030466080E1,-1.991808319E1,4.256540858E1
1.614355583E0,2.231418228E1,-3.048664856E1,-1.991011047E1,4.270563160E1
1.624343583E0,2.225668716E1,-3.036360168E1,-1.998123932E1,4.262110223E1
1.634331583E0,2.228777695E1,-3.049130630E1,-1.972169495E1,4.260762858E1
1.644319583E0,2.222776222E1,-3.053962326E1,-1.955223846E1,4.253271719E1
1.654307583E0,2.239922714E1,-3.053307724E1,-1.936114502E1,4.253055512E1
1.664296583E0,2.234400940E1,-3.052939224E1,-1.943041992E1,4.253045691E1
1.674284583E0,2.263242531E1,-3.068072128E1,-1.928524780E1,4.272533343E1
1.684272583E0,2.262172508E1,-3.068008423E1,-1.912030792E1,4.264500192E1
1.694260583E0,2.279257202E1,-3.070066452E1,-1.898014069E1,4.268814685E1
1.704248583E0,2.298172760E1,-3.071652985E1,-1.893782806E1,4.278207967E1
1.714236583E0,2.302519417E1,-3.074860764E1,-1.889024353E1,4.280744957E1
1.724224583E0,2.328041267E1,-3.092306137E1,-1.863124847E1,4.295738305E1
1.734212583E0,2.337203217E1,-3.087464523E1,-1.863890839E1,4.297562695E1
1.744200583E0,2.327730942E1,-3.080084991E1,-1.855231476E1,4.283356011E1
1.754188583E0,2.357037163E1,-3.062783051E1,-1.841252899E1,4.280943405E1
1.764176583E0,2.365428162E1,-3.079271698E1,-1.835314178E1,4.294827437E1
1.774164583E0,2.377919006E1,-3.078134155E1,-1.815476990E1,4.292477767E1
1.784153583E0,2.398354530E1,-3.074823761E1,-1.813175964E1,4.300494471E1
1.794141583E0,2.412549782E1,-3.073815155E1,-1.808186340E1,4.305609585E1
1.804129583E0,2.412792206E1,-3.064798737E1,-1.782708740E1,4.288660394E1
1.814117583E0,2.419566917E1,-3.058108139E1,-1.765576935E1,4.280606426E1
1.824105583E0,2.424517822E1,-3.062331390E1,-1.764037323E1,4.285789063E1
1.834093583E0,2.433119392E1,-3.061470032E1,-1.748023224E1,4.283486188E1
1.844081583E0,2.428270531E1,-3.067372894E1,-1.761249542E1,4.290369937E1
1.854069583E0,2.433200264E1,-3.061185837E1,-1.745692444E1,4.282378353E1
1.864057583E0,2.425471115E1,-3.071537399E1,-1.763244629E1,4.292584740E1
1.874045583E0,2.422494125E1,-3.068498230E1,-1.760554504E1,4.287623041E1
1.884033583E0,2.418879509E1,-3.074663162E1,-1.760966492E1,4.290167202E1
1.894022583E0,2.411533737E1,-3.071726227E1,-1.769988251E1,4.287639839E1
1.904010583E0,2.411533737E1,-3.071726227E1,-1.769988251E1,4.287639839E1
1.913998583E0,2.408385277E1,-3.073048401E1,-1.761000824E1,4.283114523E1
1.923986583E0,2.424909973E1,-3.073612595E1,-1.754194641E1,4.290044475E1
1.933974583E0,2.409776688E1,-3.087131119E1,-1.761643219E1,4.294273985E1
1.943962583E0,2.417874527E1,-3.070846176E1,-1.753861237E1,4.283951762E1
1.953950583E0,2.432007599E1,-3.091073608E1,-1.731835175E1,4.297516735E1
1.963938583E0,2.424112129E1,-3.077061462E1,-1.734529114E1,4.284065605E1
1.973926583E0,2.418988609E1,-3.077481461E1,-1.691799164E1,4.264338453E1
1.983914583E0,2.424837494E1,-3.066072464E1,-1.683044434E1,4.255969430E1
1.993902583E0,2.447738457E1,-3.084329224E1,-1.665437317E1,4.275300196E1
2.003890583E0,2.424123764E1,-3.081590271E1,-1.663287354E1,4.259002165E1
2.013879583E0,2.427788162E1,-3.077008820E1,-1.670352936E1,4.260541933E1
2.023867583E0,2.427967834E1,-3.080318069E1,-1.659664917E1,4.258858398E1
2.033855583E0,2.416321182E1,-3.096232224E1,-1.661219788E1,4.264377237E1
2.043843583E0,2.408687210E1,-3.082742691E1,-1.672437286E1,4.254658982E1
2.053831583E0,2.386327362E1,-3.092898560E1,-1.693687439E1,4.257834769E1
2.063819583E0,2.397931290E1,-3.092239380E1,-1.675469208E1,4.256667231E1
2.073807583E0,2.376440430E1,-3.100894547E1,-1.695252228E1,4.258743503E1
2.083795583E0,2.366245651E1,-3.109290695E1,-1.702400970E1,4.262038969E1
2.093783583E0,2.353476143E1,-3.125267792E1,-1.702545166E1,4.266709361E1
2.103771333E0,2.338065720E1,-3.122732544E1,-1.695056152E1,4.253378094E1
2.113759333E0,2.329619980E1,-3.144573212E1,-1.691707611E1,4.263489718E1
2.123748333E0,2.321392632E1,-3.140959549E1,-1.688605499E1,4.255100371E1
2.133736333E0,2.320703697E1,-3.163359070E1,-1.682202911E1,4.268760112E1
2.143724333E0,2.310090446E1,-3.139941025E1,-1.686257935E1,4.247259508E1
2.153712333E0,2.293235970E1,-3.151353836E1,-1.712834930E1,4.257201629E1
2.163700333E0,2.301291084E1,-3.160712433E1,-1.703761292E1,4.264838365E1
2.173688333E0,2.291505241E1,-3.168983078E1,-1.711432648E1,4.268776374E1
2.183676333E0,2.278150177E1,-3.157310104E1,-1.731555176E1,4.261086558E1
2.193664333E0,2.273053360E1,-3.164731216E1,-1.736093140E1,4.265713849E1
2.203652333E0,2.280005836E1,-3.157560349E1,-1.754022980E1,4.271441277E1
2.213640333E0,2.265589905E1,-3.161585617E1,-1.748484039E1,4.264471558E1
2.223628333E0,2.259537506E1,-3.154267120E1,-1.754928589E1,4.258483904E1
2.233616333E0,2.257793045E1,-3.162698364E1,-1.756050110E1,4.264270438E1
2.243605333E0,2.260972977E1,-3.137301636E1,-1.740698242E1,4.240836088E1
2.253593333E0,2.271795273E1,-3.148022461E1,-1.735596466E1,4.252457439E1
2.263581333E0,2.269845200E1,-3.142520142E1,-1.749769592E1,4.253154558E1
2.273569333E0,2.295565033E1,-3.166746140E1,-1.725772095E1,4.275065994E1
2.283557333E0,2.294883728E1,-3.145645142E1,-1.714185333E1,4.254410187E1
2.293545333E0,2.308553123E1,-3.157546997E1,-1.707632446E1,4.267965456E1
2.303533333E0,2.319475746E1,-3.150234604E1,-1.704987335E1,4.267426345E1
2.313521333E0,2.330155563E1,-3.164239120E1,-1.698029327E1,4.280810409E1
2.323509333E0,2.337999344E1,-3.156551361E1,-1.656074524E1,4.262937984E1
2.333497333E0,2.338583565E1,-3.159637070E1,-1.643096161E1,4.260521622E1
2.343485333E0,2.342246246E1,-3.170458603E1,-1.638854980E1,4.268930882E1
2.353474333E0,2.361546707E1,-3.197285080E1,-1.616133118E1,4.290853177E1
2.363462333E0,2.354778862E1,-3.196764755E1,-1.621609497E1,4.288811694E1
2.373450333E0,2.368435287E1,-3.196643066E1,-1.618770599E1,4.295163659E1
2.383438333E0,2.361628723E1,-3.199509811E1,-1.628372192E1,4.297179221E1
2.393426333E0,2.362728500E1,-3.213080978E1,-1.647380829E1,4.315117488E1
2.403414333E0,2.343983078E1,-3.199557877E1,-1.626605225E1,4.286872034E1
2.413402333E0,2.333223915E1,-3.210900497E1,-1.649854279E1,4.298352589E1
2.423390333E0,2.317829895E1,-3.198051834E1,-1.645112610E1,4.278582295E1
2.433378333E0,2.305250740E1,-3.214093018E1,-1.643353271E1,4.283127931E1
2.443366333E0,2.301184845E1,-3.207027435E1,-1.622758484E1,4.267765429E1
2.453354333E0,2.315394402E1,-3.228981018E1,-1.641505432E1,4.299059168E1
2.463343333E0,2.290710068E1,-3.222304535E1,-1.642156219E1,4.281036811E1
2.473331333E0,2.289874077E1,-3.233173370E1,-1.626474762E1,4.282797390E1
2.483319333E0,2.273330879E1,-3.229744720E1,-1.627380371E1,4.271726948E1
2.493307333E0,2.296530342E1,-3.247708130E1,-1.624156952E1,4.296457321E1
2.503295333E0,2.278620148E1,-3.234236908E1,-1.612165070E1,4.272174431E1
2.513283333E0,2.289061737E1,-3.265496063E1,-1.616486359E1,4.303056626E1
2.523271333E0,2.296242714E1,-3.258193970E1,-1.609896088E1,4.298874732E1
2.533259333E0,2.299681473E1,-3.267325592E1,-1.600728607E1,4.304216941E1
2.543247333E0,2.258717728E1,-3.254000092E1,-1.601361084E1,4.272549554E1
2.553235333E0,2.266513443E1,-3.264015198E1,-1.589318848E1,4.279814575E1
2.563223333E0,2.246393776E1,-3.253664398E1,-1.592853546E1,4.262604771E1
2.573211333E0,2.247176743E1,-3.264511108E1,-1.589160919E1,4.269926055E1
2.583200333E0,2.237381935E1,-3.270183563E1,-1.616992950E1,4.279561270E1
2.593188333E0,2.257482338E1,-3.297864914E1,-1.580951691E1,4.297853853E1
2.603176333E0,2.257132721E1,-3.309954453E1,-1.571814728E1,4.303608734E1
2.613164333E0,2.260599327E1,-3.322615814E1,-1.580937958E1,4.318500896E1
2.623152333E0,2.269483757E1,-3.322151184E1,-1.555446625E1,4.313543696E1
2.633140333E0,2.270047379E1,-3.317985535E1,-1.543235779E1,4.306241955E1
2.643128333E0,2.268867302E1,-3.305573654E1,-1.514085388E1,4.285677377E1
2.653116333E0,2.277165985E1,-3.315045547E1,-1.508528137E1,4.295424199E1
2.663104333E0,2.256570435E1,-3.321385956E1,-1.505509949E1,4.288388392E1
2.673092333E0,2.263682556E1,-3.320827484E1,-1.509323883E1,4.293042334E1
2.683080333E0,2.250798607E1,-3.317312622E1,-1.500933075E1,4.280590788E1
2.693069333E0,2.261301804E1,-3.320363235E1,-1.505400085E1,4.290049799E1
2.703057333E0,2.274855614E1,-3.326990891E1,-1.502931213E1,4.301469363E1
2.713045333E0,2.274532127E1,-3.325238037E1,-1.488983154E1,4.295087337E1
2.723033333E0,2.264926147E1,-3.325140762E1,-1.496380615E1,4.292505852E1
2.733021333E0,2.264926147E1,-3.325140762E1,-1.496380615E1,4.292505852E1
2.743009333E0,2.293356323E1,-3.334606934E1,-1.465235901E1,4.304184345E1
2.752997333E0,2.290595055E1,-3.344498825E1,-1.461473846E1,4.309107088E1
2.762985333E0,2.296893692E1,-3.355594254E1,-1.441566467E1,4.314376816E1
2.772973333E0,2.275138474E1,-3.345144272E1,-1.432481384E1,4.291648656E1
2.782961333E0,2.277143478E1,-3.352423477E1,-1.436597443E1,4.299760203E1
2.792949333E0,2.280361176E1,-3.370996857E1,-1.429794312E1,4.313696637E1
2.802938333E0,2.276148605E1,-3.347155762E1,-1.433654022E1,4.294143456E1
2.812926333E0,2.260661316E1,-3.359401703E1,-1.433500671E1,4.295473613E1
2.822914333E0,2.266191101E1,-3.363513947E1,-1.435553741E1,4.302285755E1
2.832902333E0,2.246126175E1,-3.387941742E1,-1.439103699E1,4.312105228E1
2.842890333E0,2.231342125E1,-3.361019516E1,-1.440093994E1,4.283597854E1
2.852878333E0,2.224767876E1,-3.386406708E1,-1.433189392E1,4.297833678E1
2.862866333E0,2.219844627E1,-3.391050339E1,-1.433892059E1,4.299183528E1
2.872854333E0,2.215190697E1,-3.395256805E1,-1.448263550E1,4.304916481E1
2.882842333E0,2.206014442E1,-3.387735748E1,-1.471926880E1,4.302304262E1
2.892830333E0,2.193322945E1,-3.402302170E1,-1.478871155E1,4.309685080E1
2.902818333E0,2.180272865E1,-3.392287445E1,-1.491000366E1,4.299335526E1
2.912807333E0,2.170013428E1,-3.400577164E1,-1.496878052E1,4.302734854E1
2.922795333E0,2.175623322E1,-3.392894745E1,-1.495893097E1,4.299158958E1
2.932783333E0,2.146141052E1,-3.402319717E1,-1.515087891E1,4.298510462E1
2.942771333E0,2.141464806E1,-3.381112289E1,-1.544097900E1,4.289758752E1
2.952759333E0,2.143343163E1,-3.411385345E1,-1.565040588E1,4.322131642E1
2.962747333E0,2.126681900E1,-3.379988861E1,-1.571933746E1,4.291628631E1
2.972735333E0,2.106047440E1,-3.383860016E1,-1.584033966E1,4.288951857E1
2.982723333E0,2.099752235E1,-3.382605743E1,-1.576640320E1,4.282146163E1
2.992711333E0,2.089906693E1,-3.391564560E1,-1.563470459E1,4.279586431E1
3.002699333E0,2.077937317E1,-3.378331757E1,-1.593190765E1,4.274249146E1
3.012687333E0,2.068798828E1,-3.397760010E1,-1.602845764E1,4.288801257E1
3.022676333E0,2.067527390E1,-3.380366898E1,-1.621918488E1,4.281608278E1
3.032664333E0,2.044733238E1,-3.369884491E1,-1.648039246E1,4.272363380E1
3.042652333E0,2.040747643E1,-3.362826157E1,-1.648714447E1,4.265150645E1
3.052640333E0,2.031440544E1,-3.371918869E1,-1.674765778E1,4.278016825E1
3.062628333E0,2.035443878E1,-3.361964417E1,-1.694660187E1,4.279919353E1
3.072616333E0,2.025055885E1,-3.366095734E1,-1.710715485E1,4.284623589E1
3.082604333E0,2.007657242E1,-3.339967346E1,-1.733966064E1,4.265291055E1
3.092592333E0,2.004235840E1,-3.351591492E1,-1.749058533E1,4.278940591E1
3.102580833E0,1.996911240E1,-3.331659698E1,-1.771594238E1,4.269210347E1
3.112568833E0,1.985414886E1,-3.313993454E1,-1.799941254E1,4.261949484E1
3.122557833E0,1.985237503E1,-3.315163803E1,-1.808877563E1,4.266557983E1
3.132545833E0,1.977118492E1,-3.326226425E1,-1.843194580E1,4.286040833E1
3.142533833E0,1.967174721E1,-3.294882965E1,-1.864788818E1,4.266552176E1
3.152521833E0,1.955831146E1,-3.299810028E1,-1.877455902E1,4.270698111E1
3.162509833E0,1.945385170E1,-3.282636642E1,-1.893327332E1,4.259684867E1
3.172497833E0,1.952055168E1,-3.283766937E1,-1.929033661E1,4.279581234E1
3.182485833E0,1.929175377E1,-3.258859634E1,-1.946423340E1,4.257986328E1
3.192473833E0,1.933730507E1,-3.268263245E1,-1.943563843E1,4.265946404E1
3.202461833E0,1.928878975E1,-3.255316162E1,-1.956710815E1,4.259856175E1
3.212449833E0,1.918567848E1,-3.266040802E1,-1.978516388E1,4.273459045E1
3.222437833E0,1.918806458E1,-3.249329376E1,-1.993589020E1,4.267828112E1
3.232426833E0,1.919362450E1,-3.260214996E1,-2.016988373E1,4.287329720E1
3.242414833E0,1.917968369E1,-3.245800781E1,-2.039346313E1,4.286345618E1
3.252402833E0,1.915116501E1,-3.244178009E1,-2.046528625E1,4.287265047E1
3.262390833E0,1.905961800E1,-3.231857300E1,-2.066748047E1,4.283577883E1
3.272378833E0,1.895962906E1,-3.217079163E1,-2.079950714E1,4.274396876E1
3.282366833E0,1.890521622E1,-3.195146942E1,-2.089316559E1,4.260079772E1
3.292354833E0,1.899226379E1,-3.197271347E1,-2.086013031E1,4.263924867E1
3.302342833E0,1.900472641E1,-3.181861115E1,-2.110625458E1,4.265064622E1
3.312330833E0,1.912858963E1,-3.188061523E1,-2.093927002E1,4.267000818E1
3.322318833E0,1.935549355E1,-3.174804688E1,-2.104320526E1,4.272458424E1
3.332306833E0,1.945907593E1,-3.175608826E1,-2.098062134E1,4.274682736E1
3.342295833E0,1.956951904E1,-3.171210480E1,-2.106047821E1,4.280382470E1
3.352283833E0,1.979197693E1,-3.174260330E1,-2.108409882E1,4.294012620E1
3.362271833E0,1.981256485E1,-3.162008667E1,-2.105014801E1,4.284245953E1
3.372259833E0,2.015892601E1,-3.179278183E1,-2.094571686E1,4.307999918E1
3.382247833E0,2.020459366E1,-3.162246704E1,-2.091294861E1,4.295995165E1
3.392235833E0,2.031029129E1,-3.158095932E1,-2.096868134E1,4.300640093E1
3.402223833E0,2.033592606E1,-3.144099426E1,-2.102158356E1,4.294173942E1
3.412211833E0,2.040976906E1,-3.141614532E1,-2.112023926E1,4.300694556E1
3.422199833E0,2.038009262E1,-3.124690628E1,-2.122255707E1,4.291985853E1
3.432187833E0,2.033505630E1,-3.123461914E1,-2.131228638E1,4.293401330E1
3.442176833E0,2.031755447E1,-3.117411041E1,-2.147363281E1,4.296213549E1
3.452164833E0,2.039049339E1,-3.119305420E1,-2.146298218E1,4.300509801E1
3.462152833E0,2.035937881E1,-3.118633652E1,-2.148425293E1,4.299610465E1
3.472140833E0,2.047274971E1,-3.112302399E1,-2.140900421E1,4.296651678E1
3.482128833E0,2.047125244E1,-3.118810654E1,-2.139962769E1,4.300830421E1
3.492116833E0,2.054075432E1,-3.129263687E1,-2.120692444E1,4.302191714E1
3.502104833E0,2.054065704E1,-3.128002167E1,-2.128090668E1,4.304921993E1
3.512092833E0,2.057606316E1,-3.111634064E1,-2.126725006E1,4.294062127E1
3.522080833E0,2.053931046E1,-3.103689575E1,-2.121509552E1,4.283961309E1
3.532068833E0,2.062630844E1,-3.114793015E1,-2.129711914E1,4.300238872E1
3.542056833E0,2.050373459E1,-3.129557800E1,-2.133128357E1,4.306785336E1
3.552045833E0,2.068113327E1,-3.109891129E1,-2.144998169E1,4.306916845E1
3.562033833E0,2.050973320E1,-3.124935913E1,-2.149057007E1,4.311631018E1
3.572021833E0,2.050973320E1,-3.124935913E1,-2.149057007E1,4.311631018E1
3.582009833E0,2.062213707E1,-3.121206665E1,-2.130458832E1,4.305056475E1
3.591997833E0,2.061014748E1,-3.122642899E1,-2.133364868E1,4.306962517E1
3.601985833E0,2.072610092E1,-3.136762238E1,-2.110479736E1,4.311509555E1
3.611973833E0,2.076575089E1,-3.126954651E1,-2.123107147E1,4.312492718E1
3.621961833E0,2.087883759E1,-3.132419968E1,-2.086554718E1,4.304070635E1
3.631949833E0,2.079858780E1,-3.135420609E1,-2.086562347E1,4.302373457E1
3.641937833E0,2.107657242E1,-3.131378937E1,-2.075592804E1,4.307648846E1
3.651925833E0,2.110460281E1,-3.148012924E1,-2.071840668E1,4.319323063E1
3.661914833E0,2.118717957E1,-3.130130386E1,-2.086191559E1,4.317276599E1
3.671902833E0,2.123275375E1,-3.148754883E1,-2.071286011E1,4.325873481E1
3.681890833E0,2.144097900E1,-3.142220306E1,-2.068573761E1,4.330092570E1
3.691878833E0,2.150667191E1,-3.154231262E1,-2.053123474E1,4.334727237E1
3.701866833E0,2.139216042E1,-3.131616211E1,-2.050453949E1,4.311337004E1
3.711854833E0,2.148129272E1,-3.138399124E1,-2.032370758E1,4.312138603E1
3.721842833E0,2.165843582E1,-3.137482071E1,-2.037807465E1,4.322884619E1
3.731830833E0,2.172845078E1,-3.138008881E1,-2.023038483E1,4.319842609E1
3.741818833E0,2.191022873E1,-3.128311539E1,-2.017136383E1,4.319230661E1
3.751806833E0,2.204661942E1,-3.134618378E1,-1.981897736E1,4.314427573E1
3.761795833E0,2.222698402E1,-3.115211487E1,-1.972526550E1,4.305321334E1
3.771783833E0,2.232669830E1,-3.124132156E1,-1.983285522E1,4.321855824E1
3.781771833E0,2.256146622E1,-3.113763809E1,-1.986802673E1,4.328176002E1
3.791759833E0,2.259696579E1,-3.105383301E1,-1.974477386E1,4.318355593E1
3.801747833E0,2.270646858E1,-3.096757507E1,-1.966115570E1,4.314087928E1
3.811735833E0,2.279796791E1,-3.105778503E1,-1.969746399E1,4.327035290E1
3.821723833E0,2.283842468E1,-3.079487610E1,-1.957807922E1,4.304903276E1
3.831711833E0,2.283963585E1,-3.088155365E1,-1.959131622E1,4.311773409E1
3.841699833E0,2.291526794E1,-3.057513046E1,-1.984905243E1,4.305732214E1
3.851687833E0,2.291778946E1,-3.043407059E1,-1.986875916E1,4.296772413E1
3.861676833E0,2.286308670E1,-3.030660629E1,-2.010094452E1,4.295647901E1
3.871664833E0,2.295828247E1,-3.034434128E1,-2.025070953E1,4.310397915E1
3.881652833E0,2.300713158E1,-3.010520172E1,-2.023406219E1,4.295426110E1
3.891640833E0,2.307232857E1,-3.009376144E1,-2.033538818E1,4.302899994E1
3.901628833E0,2.295587540E1,-2.988585854E1,-2.041921234E1,4.286118277E1
3.911616833E0,2.289259720E1,-2.971359444E1,-2.068601990E1,4.283550070E1
3.921604833E0,2.288720703E1,-2.932025719E1,-2.096472931E1,4.269685705E1
3.931592833E0,2.277745247E1,-2.922187614E1,-2.142594910E1,4.279955235E1
3.941580833E0,2.260331535E1,-2.879041290E1,-2.179501343E1,4.260070833E1
3.951568833E0,2.234321785E1,-2.843509674E1,-2.231197357E1,4.249233196E1
3.961557833E0,2.222029877E1,-2.804861450E1,-2.311320496E1,4.259913962E1
3.971545833E0,2.213148689E1,-2.771475601E1,-2.377632904E1,4.269922992E1
3.981533833E0,2.175591469E1,-2.707239914E1,-2.453979492E1,4.252571168E1
3.991521833E0,2.158751678E1,-2.661663055E1,-2.516837311E1,4.251955912E1
4.001509833E0,2.136216927E1,-2.605495262E1,-2.594895935E1,4.252706577E1
4.011497833E0,2.117767715E1,-2.553816414E1,-2.669628906E1,4.258384303E1
4.021485833E0,2.093753052E1,-2.465080070E1,-2.741407776E1,4.239780441E1
4.031473833E0,2.067076111E1,-2.395990181E1,-2.832315826E1,4.246832412E1
4.041461833E0,2.059285927E1,-2.291831589E1,-2.901441193E1,4.232199375E1
4.051449833E0,2.030001259E1,-2.217503357E1,-2.992147064E1,4.241599970E1
4.061438833E0,2.006290436E1,-2.116346741E1,-3.071257782E1,4.235179949E1
4.071426833E0,2.004642868E1,-2.009440231E1,-3.128267670E1,4.224038552E1
4.081414833E0,2.002944756E1,-1.891885376E1,-3.197360992E1,4.220679482E1
4.091402833E0,2.031888771E1,-1.785479355E1,-3.221145630E1,4.206220117E1
4.101390833E0,2.050174904E1,-1.668980026E1,-3.271667480E1,4.206247683E1
4.111378458E0,2.061098289E1,-1.583779240E1,-3.313563538E1,4.211435166E1
4.121366458E0,2.069277573E1,-1.474620724E1,-3.341157532E1,4.197588546E1
4.131354458E0,2.086970139E1,-1.413397598E1,-3.376055145E1,4.213179972E1
4.141342458E0,2.097883797E1,-1.347192955E1,-3.389969635E1,4.208080252E1
4.151330458E0,2.127563286E1,-1.294832897E1,-3.402003479E1,4.216247791E1
4.161319458E0,2.134824371E1,-1.221126270E1,-3.415142822E1,4.208541904E1
4.171307458E0,2.174719238E1,-1.168647289E1,-3.417308044E1,4.215819555E1
4.181295458E0,2.167657280E1,-1.110325527E1,-3.445324707E1,4.219220686E1
4.191283458E0,2.157395172E1,-1.068391609E1,-3.456543732E1,4.212304491E1
4.201271458E0,2.149849701E1,-1.009290314E1,-3.452280426E1,4.190317508E1
4.211259458E0,2.161091805E1,-9.665592194E0,-3.453774261E1,4.187255803E1
4.221247458E0,2.164704132E1,-9.052276611E0,-3.466776276E1,4.186158005E1
4.231235458E0,2.160473251E1,-8.510243416E0,-3.480332184E1,4.183849807E1
4.241223458E0,2.151605988E1,-8.053965569E0,-3.485236359E1,4.174319635E1
4.251211458E0,2.163257790E1,-7.503096581E0,-3.523621368E1,4.202208514E1
4.261200458E0,2.144876289E1,-6.898081779E0,-3.518364716E1,4.177944458E1
4.271188458E0,2.129585266E1,-6.466299057E0,-3.564121246E1,4.201930973E1
4.281176458E0,2.083037949E1,-5.880968094E0,-3.569976044E1,4.174881304E1
4.291164458E0,2.064511108E1,-5.452831268E0,-3.585318756E1,4.173014544E1
4.301152458E0,2.042222214E1,-4.972978592E0,-3.615068817E1,4.181710091E1
4.311140458E0,2.030609512E1,-4.576887131E0,-3.637261200E1,4.190766396E1
4.321128458E0,2.031325722E1,-4.078632355E0,-3.621994781E1,4.172706892E1
4.331116458E0,2.016393471E1,-3.618830681E0,-3.648641205E1,4.184421660E1
4.341104458E0,2.000426292E1,-3.182078362E0,-3.667237091E1,4.189461715E1
4.351093458E0,1.992094803E1,-2.636586189E0,-3.661775970E1,4.176908046E1
4.361081458E0,1.982973862E1,-2.238675117E0,-3.664009857E1,4.172202084E1
4.371069458E0,1.984261894E1,-1.924614906E0,-3.670517731E1,4.176965059E1
4.381057458E0,1.951541138E1,-1.384738922E0,-3.686432648E1,4.173424672E1
4.391045458E0,1.926736259E1,-1.136348724E0,-3.692568970E1,4.166568263E1
4.401033458E0,1.922736168E1,-9.504642487E-1,-3.704560852E1,4.174891532E1
4.411021458E0,1.905211830E1,-7.448453903E-1,-3.727728271E1,4.187044080E1
4.421009458E0,1.905211830E1,-7.448453903E-1,-3.727728271E1,4.187044080E1
4.430997458E0,1.876965904E1,-2.891874313E-1,-3.720974731E1,4.167672042E1
4.440985458E0,1.863342667E1,1.887969971E-1,-3.731268311E1,4.170703243E1
4.450974458E0,1.845129395E1,5.270109177E-1,-3.735676575E1,4.166840453E1
4.460962458E0,1.845747566E1,8.149108887E-1,-3.736149597E1,4.168001762E1
4.470950458E0,1.819522095E1,1.053560257E0,-3.753737640E1,4.172805629E1
4.480938458E0,1.822531700E1,1.371261597E0,-3.764505768E1,4.184725685E1
4.490926458E0,1.824295235E1,1.400422096E0,-3.770355988E1,4.190853039E1
4.500914458E0,1.796975708E1,1.658261299E0,-3.762909698E1,4.173261243E1
4.510902458E0,1.790069199E1,1.884970665E0,-3.764661407E1,4.172835294E1
4.520890458E0,1.794023132E1,1.848674774E0,-3.763422394E1,4.173253299E1
4.530878458E0,1.790593338E1,1.841422081E0,-3.767394257E1,4.175331405E1
4.540867458E0,1.801370430E1,2.194717407E0,-3.754605865E1,4.170152093E1
4.550855458E0,1.802582550E1,2.110340118E0,-3.758684540E1,4.173912873E1
4.560843458E0,1.837884712E1,2.115590096E0,-3.744634247E1,4.176704810E1
4.570831458E0,1.817379379E1,1.990961075E0,-3.761075592E1,4.181889128E1
4.580819458E0,1.819793510E1,1.980072975E0,-3.745001984E1,4.168440376E1
4.590807458E0,1.819324684E1,1.917242050E0,-3.741246796E1,4.164568172E1
4.600795458E0,1.825852203E1,1.758434296E0,-3.752539825E1,4.176866328E1
4.610783458E0,1.833001709E1,1.619498253E0,-3.747006989E1,4.174468156E1
4.620771458E0,1.835443687E1,1.609395027E0,-3.747937775E1,4.176337225E1
4.630759458E0,1.829753876E1,1.553687096E0,-3.746454620E1,4.172296838E1
4.640748458E0,1.852489090E1,1.526107788E0,-3.730233002E1,4.167690503E1
4.650736458E0,1.846074486E1,1.360864639E0,-3.733154297E1,4.166887512E1
4.660724458E0,1.856303596E1,1.231839180E0,-3.717030334E1,4.156603400E1
4.670712458E0,1.855096245E1,1.169049263E0,-3.732083130E1,4.169351668E1
4.680700458E0,1.859765244E1,8.657045364E-1,-3.727194214E1,4.166317068E1
4.690688458E0,1.860882950E1,7.392721176E-1,-3.713326263E1,4.154171701E1
4.700676458E0,1.858063316E1,4.878873825E-1,-3.708919525E1,4.148597796E1
4.710664458E0,1.863550568E1,5.058956146E-2,-3.743721771E1,4.181901363E1
4.720652458E0,1.849266624E1,-1.704216003E-3,-3.741847992E1,4.173872719E1
4.730641458E0,1.850300789E1,-3.615903854E-1,-3.720931244E1,4.155749007E1
4.740629458E0,1.847248077E1,-6.139326096E-1,-3.735799408E1,4.168008134E1
4.750617458E0,1.834036064E1,-9.001665115E-1,-3.751696014E1,4.176962325E1
4.760605458E0,1.836412048E1,-1.053249359E0,-3.747968292E1,4.175017230E1
4.770593458E0,1.817433739E1,-1.333028793E0,-3.753749847E1,4.172705713E1
4.780581458E0,1.806318855E1,-1.359340668E0,-3.771398163E1,4.183863045E1
4.790569458E0,1.788838005E1,-1.588762283E0,-3.750463104E1,4.158263647E1
4.800557458E0,1.794773293E1,-1.719412804E0,-3.738150787E1,4.150246533E1
4.810545458E0,1.784657860E1,-2.011529922E0,-3.772472382E1,4.178159173E1
4.820534458E0,1.777714348E1,-1.924239159E0,-3.750365448E1,4.154820846E1
4.830522458E0,1.758881760E1,-2.224484444E0,-3.764353180E1,4.160949798E1
4.840510458E0,1.744531250E1,-2.124474525E0,-3.757186127E1,4.147887510E1
4.850498458E0,1.723563957E1,-2.199180603E0,-3.766263580E1,4.147743727E1
4.860486458E0,1.726626968E1,-2.264628410E0,-3.746164703E1,4.131134964E1
4.870474458E0,1.712352753E1,-2.328644753E0,-3.759674835E1,4.137817381E1
4.880462458E0,1.718931198E1,-2.273290634E0,-3.747852325E1,4.129503605E1
4.890450458E0,1.730657196E1,-2.379391670E0,-3.752953339E1,4.139619323E1
4.900438458E0,1.698047256E1,-2.400353432E0,-3.764875031E1,4.137060000E1
4.910426458E0,1.706070137E1,-2.682832718E0,-3.756787872E1,4.134743806E1
4.920415458E0,1.699970055E1,-2.755489349E0,-3.753482819E1,4.129704429E1
4.930403458E0,1.682655716E1,-3.003242493E0,-3.766371918E1,4.136070881E1
4.940391458E0,1.686041641E1,-3.043537140E0,-3.754182434E1,4.126651590E1
4.950379458E0,1.669757462E1,-3.366407394E0,-3.771047974E1,4.137900408E1
4.960367458E0,1.673722458E1,-3.393719673E0,-3.761686707E1,4.131199230E1
4.970355458E0,1.664961052E1,-3.683201790E0,-3.768493652E1,4.136338896E1
4.980343458E0,1.650918198E1,-3.791462898E0,-3.772065735E1,4.134944100E1
4.990331458E0,1.652617645E1,-4.102149010E0,-3.781265259E1,4.146973391E1
5.000319458E0,1.649406052E1,-4.202898979E0,-3.791043091E1,4.155621691E1
5.010308458E0,1.630611801E1,-4.381426811E0,-3.783106995E1,4.142796445E1
5.020296458E0,1.635992813E1,-4.426200867E0,-3.784609222E1,4.146764039E1
5.030284458E0,1.641135597E1,-4.634616852E0,-3.784151459E1,4.150653568E1
5.040272458E0,1.662174988E1,-4.824237823E0,-3.747368622E1,4.127751202E1
5.050260458E0,1.676203728E1,-4.962009430E0,-3.749311066E1,4.136811306E1
5.060248458E0,1.672246552E1,-4.968683243E0,-3.756330872E1,4.141655258E1
5.070236458E0,1.669463348E1,-5.114231110E0,-3.773576355E1,4.157949011E1
5.080224458E0,1.669289017E1,-5.157108307E0,-3.768499756E1,4.153802341E1
5.090212458E0,1.670690155E1,-5.285598755E0,-3.777384949E1,4.164038687E1
5.100200458E0,1.661849785E1,-5.221250534E0,-3.762762451E1,4.146412973E1
5.110189375E0,1.654733467E1,-5.400859833E0,-3.750956726E1,4.135155629E1
5.120177375E0,1.655513573E1,-5.663267136E0,-3.764781189E1,4.151509188E1
5.130165375E0,1.651255608E1,-5.703031540E0,-3.747274780E1,4.134484133E1
5.140153375E0,1.646987534E1,-5.738357544E0,-3.745983124E1,4.132099342E1
5.150141375E0,1.656231689E1,-5.956815720E0,-3.748165131E1,4.140855200E1
5.160129375E0,1.649516487E1,-6.070503235E0,-3.739536285E1,4.132014807E1
5.170117375E0,1.646689415E1,-6.321649551E0,-3.721573639E1,4.118413397E1
5.180105375E0,1.638539314E1,-6.415090561E0,-3.736589813E1,4.130187452E1
5.190093375E0,1.636905289E1,-6.428596497E0,-3.746399689E1,4.138627560E1
5.200082375E0,1.616807938E1,-6.430017471E0,-3.746382904E1,4.130726815E1
5.210070375E0,1.619308853E1,-6.517562866E0,-3.765808868E1,4.150694382E1
5.220058375E0,1.593128967E1,-6.423593521E0,-3.766283417E1,4.139514008E1
5.230046375E0,1.610928917E1,-6.584167480E0,-3.781562042E1,4.162789458E1
5.240034375E0,1.600425339E1,-6.435062408E0,-3.776213837E1,4.151536160E1
5.250022375E0,1.611362648E1,-6.348491669E0,-3.769580841E1,4.148404846E1
5.260010375E0,1.611362648E1,-6.348491669E0,-3.769580841E1,4.148404846E1
5.269998375E0,1.620123482E1,-6.391935349E0,-3.770883942E1,4.153665149E1
5.279986375E0,1.641711044E1,-6.456762314E0,-3.778484344E1,4.170018812E1
5.289975375E0,1.617326355E1,-6.415534973E0,-3.784209442E1,4.165042200E1
5.299963375E0,1.612722206E1,-6.519281387E0,-3.770650482E1,4.152552019E1
5.309951375E0,1.600204468E1,-6.589439392E0,-3.770801544E1,4.148952366E1
5.319939375E0,1.600543213E1,-6.781692505E0,-3.771202850E1,4.152544166E1
5.329927375E0,1.586567688E1,-6.805147171E0,-3.782469940E1,4.157809057E1
5.339915375E0,1.596491241E1,-6.983631134E0,-3.810193634E1,4.189757851E1
5.349903375E0,1.586946297E1,-7.110202789E0,-3.794651031E1,4.174125637E1
5.359891375E0,1.582188416E1,-7.263792038E0,-3.796762848E1,4.176883414E1
5.369879375E0,1.575590229E1,-7.524591446E0,-3.775858307E1,4.160022270E1
5.379867375E0,1.585403347E1,-7.624938965E0,-3.779676056E1,4.169034877E1
5.389856375E0,1.575027275E1,-7.541971207E0,-3.786005402E1,4.169335812E1
5.399844375E0,1.581147480E1,-7.527919769E0,-3.776377106E1,4.162661067E1
5.409832375E0,1.596604156E1,-7.683074951E0,-3.765317535E1,4.161376861E1
5.419820375E0,1.591566467E1,-7.664106369E0,-3.773461151E1,4.166470706E1
5.429808375E0,1.585985661E1,-7.550737381E0,-3.793811798E1,4.180728982E1
5.439796375E0,1.614063644E1,-7.716772079E0,-3.776758575E1,4.179065984E1
5.449784375E0,1.597693825E1,-7.572734833E0,-3.763532257E1,4.158156291E1
5.459772375E0,1.616127586E1,-7.498512268E0,-3.748253632E1,4.150126567E1
5.469760375E0,1.626324272E1,-7.527219772E0,-3.760980988E1,4.166113177E1
5.479749375E0,1.647188759E1,-7.647781372E0,-3.743640900E1,4.160884953E1
5.489737375E0,1.646104622E1,-7.550054550E0,-3.762865448E1,4.175984919E1
5.499725375E0,1.660207367E1,-7.604404449E0,-3.757456207E1,4.177683009E1
5.509713375E0,1.662951660E1,-7.492168427E0,-3.734798431E1,4.156375034E1
5.519701375E0,1.657614326E1,-7.492372513E0,-3.737929535E1,4.157061332E1
5.529689375E0,1.655703354E1,-7.656856537E0,-3.740460968E1,4.161571382E1
5.539677375E0,1.669029236E1,-7.705235481E0,-3.750935364E1,4.177185803E1
5.549665375E0,1.668119431E1,-7.773341179E0,-3.745768738E1,4.173446322E1
5.559653375E0,1.700655556E1,-7.830515862E0,-3.725581360E1,4.169574987E1
5.569642375E0,1.692822266E1,-7.906476021E0,-3.714790344E1,4.158177264E1
5.579630375E0,1.704206085E1,-7.941031456E0,-3.701937866E1,4.152019045E1
5.589618375E0,1.701788330E1,-7.911458015E0,-3.718827820E1,4.165534246E1
5.599606375E0,1.709590721E1,-7.796763420E0,-3.700869751E1,4.150546054E1
5.609594375E0,1.711753464E1,-7.699868202E0,-3.693133545E1,4.142730380E1
5.619582375E0,1.724439812E1,-7.716185570E0,-3.714448547E1,4.167279193E1
5.629570375E0,1.721324158E1,-7.388993263E0,-3.719461060E1,4.164531143E1
5.639558375E0,1.741077232E1,-7.226904869E0,-3.711749268E1,4.163017427E1
5.649546375E0,1.747232056E1,-7.220059395E0,-3.726412964E1,4.178548314E1
5.659535375E0,1.743560600E1,-7.154187202E0,-3.721209717E1,4.171238338E1
5.669523375E0,1.708231735E1,-7.101861000E0,-3.742518616E1,4.174789282E1
5.679511375E0,1.701616478E1,-7.059208870E0,-3.732345581E1,4.162238157E1
5.689499375E0,1.662530899E1,-7.055115700E0,-3.745092773E1,4.157820998E1
5.699487375E0,1.632218742E1,-7.025219917E0,-3.780763245E1,4.177540650E1
5.709475375E0,1.568304253E1,-7.197817802E0,-3.788070679E1,4.162588558E1
5.719463375E0,1.543064499E1,-7.176327705E0,-3.784716797E1,4.149713975E1
5.729451375E0,1.496793365E1,-7.361073494E0,-3.786651611E1,4.137749972E1
5.739439375E0,1.497598839E1,-7.379015923E0,-3.794837952E1,4.145852882E1
5.749427375E0,1.508880520E1,-7.338995934E0,-3.807723999E1,4.161020438E1
5.759416375E0,1.523063087E1,-7.221350670E0,-3.806027222E1,4.162576538E1
5.769404375E0,1.519868755E1,-7.143319130E0,-3.801663208E1,4.156069569E1
5.779392375E0,1.535488701E1,-7.224539757E0,-3.782173157E1,4.145419048E1
5.789380375E0,1.541214657E1,-7.124512672E0,-3.797244263E1,4.159566494E1
5.799368375E0,1.542758083E1,-6.948971748E0,-3.789012146E1,4.149650302E1
5.809356375E0,1.549191380E1,-7.025593758E0,-3.790452576E1,4.154649725E1
5.819344375E0,1.569463825E1,-6.969996452E0,-3.793273926E1,4.163886680E1
5.829332375E0,1.565946198E1,-6.792462349E0,-3.786708069E1,4.153639481E1
5.839320375E0,1.577810669E1,-6.530274391E0,-3.774391174E1,4.142699613E1
5.849309375E0,1.567643929E1,-6.549103737E0,-3.795074463E1,4.158004962E1
5.859297375E0,1.563131523E1,-6.558949471E0,-3.795625305E1,4.156964012E1
5.869285375E0,1.556619644E1,-6.680693626E0,-3.810594177E1,4.170133016E1
5.879273375E0,1.552604866E1,-6.627938271E0,-3.804382324E1,4.162115135E1
5.889261375E0,1.566718578E1,-6.678024292E0,-3.795945740E1,4.160501322E1
5.899249375E0,1.559635925E1,-6.411163330E0,-3.782707214E1,4.141541771E1
5.909237375E0,1.546343899E1,-6.309013367E0,-3.780116272E1,4.132613577E1
5.919225375E0,1.541472626E1,-5.996507645E0,-3.770005798E1,4.116875346E1
5.929213375E0,1.547484970E1,-6.190267563E0,-3.769375610E1,4.121419215E1
5.939202375E0,1.555256748E1,-6.065692902E0,-3.780773926E1,4.132916807E1
5.949190375E0,1.560287189E1,-6.037332535E0,-3.790278625E1,4.143090877E1
5.959178375E0,1.560457039E1,-5.951889038E0,-3.792199707E1,4.143676462E1
5.969166375E0,1.581372356E1,-5.895423889E0,-3.786978149E1,4.146022463E1
5.979154375E0,1.586308765E1,-5.930931091E0,-3.768923950E1,4.131939336E1
5.989142375E0,1.599953842E1,-5.917709351E0,-3.760510254E1,4.129344077E1
5.999130375E0,1.587699127E1,-6.012386322E0,-3.762142944E1,4.127468467E1
6.009118375E0,1.584813881E1,-6.005994797E0,-3.800604248E1,4.161363649E1
6.019106375E0,1.580547619E1,-5.896654129E0,-3.800204468E1,4.157810731E1
6.029094375E0,1.583048153E1,-5.928071976E0,-3.807569885E1,4.165939301E1
6.039083375E0,1.581792736E1,-5.740274429E0,-3.780499268E1,4.138085364E1
6.049071375E0,1.590965080E1,-5.755651474E0,-3.803677368E1,4.162980500E1
6.059059375E0,1.585088444E1,-5.599737167E0,-3.784950256E1,4.141488184E1
6.069047375E0,1.591149902E1,-5.608915329E0,-3.791560364E1,4.149974375E1
6.079035375E0,1.584718609E1,-5.392772675E0,-3.788230896E1,4.141599493E1
6.089023375E0,1.568878651E1,-5.274055481E0,-3.804495239E1,4.148942137E1
6.099011375E0,1.568878651E1,-5.274055481E0,-3.804495239E1,4.148942137E1
6.108999250E0,1.564771080E1,-5.028434753E0,-3.780387878E1,4.122219379E1
6.118987250E0,1.554093742E1,-5.034257889E0,-3.814862061E1,4.149917761E1
6.128976250E0,1.549742794E1,-4.674989700E0,-3.788935852E1,4.120229715E1
6.138964250E0,1.543535423E1,-4.614622116E0,-3.795584106E1,4.123336960E1
6.148952250E0,1.525899124E1,-4.319498062E0,-3.802029419E1,4.119511679E1
6.158940250E0,1.506672478E1,-4.018133163E0,-3.810865784E1,4.117549504E1
6.168928250E0,1.481205559E1,-3.780444145E0,-3.832334900E1,4.125976039E1
6.178916250E0,1.488144970E1,-3.636427879E0,-3.832374573E1,4.127215332E1
6.188904250E0,1.472684765E1,-3.646336555E0,-3.831378174E1,4.120827202E1
6.198892250E0,1.469581413E1,-3.567819595E0,-3.858166504E1,4.143960867E1
6.208880250E0,1.460991478E1,-3.274909019E0,-3.851841736E1,4.132605854E1
6.218869250E0,1.434603500E1,-3.178849220E0,-3.866273499E1,4.136086168E1
6.228857250E0,1.436880589E1,-3.046879768E0,-3.846545410E1,4.117447289E1
6.238845250E0,1.420988750E1,-2.879878044E0,-3.863240051E1,4.126350651E1
6.248833250E0,1.412994480E1,-2.830972672E0,-3.867687988E1,4.127433566E1
6.258821250E0,1.408056831E1,-2.623491287E0,-3.880187988E1,4.136098395E1
6.268809250E0,1.392020226E1,-2.343492508E0,-3.875454712E1,4.124535017E1
6.278797250E0,1.401840591E1,-2.214141846E0,-3.867053223E1,4.119257447E1
6.288785250E0,1.373461533E1,-1.989691734E0,-3.882199097E1,4.122797004E1
6.298773250E0,1.375437164E1,-1.949018478E0,-3.892970276E1,4.133404371E1
6.308761250E0,1.346792603E1,-1.862646103E0,-3.896162415E1,4.126575624E1
6.318750250E0,1.345270538E1,-1.773539543E0,-3.897534180E1,4.126981939E1
6.328738250E0,1.336155891E1,-1.654748917E0,-3.894012451E1,4.120197504E1
6.338726250E0,1.337181473E1,-1.560727119E0,-3.883589172E1,4.110313594E1
6.348714250E0,1.326437187E1,-1.497016907E0,-3.901077271E1,4.123135952E1
6.358702250E0,1.341156006E1,-1.526423454E0,-3.915301514E1,4.141447218E1
6.368690250E0,1.336601448E1,-1.439529419E0,-3.897923279E1,4.123230744E1
6.378678250E0,1.352061272E1,-1.532789230E0,-3.901081848E1,4.131586099E1
6.388666250E0,1.371767616E1,-1.551298141E0,-3.904519653E1,4.141386890E1
6.398654250E0,1.388040066E1,-1.571346283E0,-3.895960999E1,4.138823337E1
6.408643250E0,1.381971550E1,-1.269985199E0,-3.878495789E1,4.119308628E1
6.418631250E0,1.373022270E1,-9.828472137E-1,-3.906842041E1,4.142253586E1
6.428619250E0,1.356960869E1,-4.851942062E-1,-3.888628387E1,4.118874563E1
6.438607250E0,1.332109451E1,-1.052312851E-1,-3.908910370E1,4.129673910E1
6.448595250E0,1.306861496E1,7.365608215E-2,-3.949163055E1,4.159787261E1
6.458583250E0,1.302692795E1,4.642419815E-1,-3.936864471E1,4.147055050E1
6.468571250E0,1.277562904E1,7.825660706E-1,-3.937453461E1,4.140269415E1
6.478559250E0,1.269876099E1,9.897308350E-1,-3.942476654E1,4.143127218E1
6.488547250E0,1.267148018E1,1.264152527E0,-3.917948151E1,4.119704192E1
6.498536250E0,1.260308838E1,1.446557045E0,-3.922544098E1,4.122578785E1
6.508524250E0,1.259619904E1,1.520358086E0,-3.934915924E1,4.134406912E1
6.518512250E0,1.256594467E1,1.539102554E0,-3.927881622E1,4.126859830E1
6.528500250E0,1.263409424E1,1.543236732E0,-3.939653778E1,4.140155922E1
6.538488250E0,1.260841846E1,1.733947754E0,-3.948107147E1,4.148172845E1
6.548476250E0,1.263858604E1,1.676381111E0,-3.952799225E1,4.153319494E1
6.558464250E0,1.267943954E1,1.674548149E0,-3.935097504E1,4.137718617E1
6.568452250E0,1.262202263E1,1.861049652E0,-3.953751373E1,4.154508338E1
6.578440250E0,1.250641155E1,1.810559273E0,-3.962258148E1,4.158890980E1
6.588429250E0,1.250565529E1,1.857537270E0,-3.954555511E1,4.151737935E1
6.598417250E0,1.248608589E1,2.034461975E0,-3.949126434E1,4.146807611E1
6.608405250E0,1.252732372E1,2.035017014E0,-3.950873566E1,4.149717252E1
6.618393250E0,1.244590378E1,2.189647675E0,-3.955465698E1,4.152428165E1
6.628381250E0,1.219050598E1,2.278985977E0,-3.968746948E1,4.158001259E1
6.638369250E0,1.216154671E1,2.340292931E0,-3.961177063E1,4.150268138E1
6.648357250E0,1.192655849E1,2.599116325E0,-3.981936646E1,4.164829106E1
6.658345250E0,1.200968552E1,2.959455490E0,-3.950700378E1,4.139799839E1
6.668333250E0,1.185914707E1,3.324507713E0,-3.945114136E1,4.132897622E1
6.678321250E0,1.157909775E1,3.678851128E0,-3.958224487E1,4.140487362E1
6.688310250E0,1.108580780E1,4.266139030E0,-3.953390503E1,4.127983435E1
6.698298250E0,1.087765408E1,4.714137554E0,-3.969224548E1,4.142488144E1
6.708286250E0,1.071120644E1,4.908975601E0,-3.974147034E1,4.145132627E1
6.718274250E0,1.062389183E1,5.367588520E0,-3.948765564E1,4.124261185E1
6.728262250E0,1.049864674E1,5.421942234E0,-3.979953003E1,4.151652239E1
6.738250250E0,1.071156883E1,5.311004639E0,-3.956907654E1,4.133589596E1
6.748238250E0,1.074111271E1,5.121367455E0,-3.976605225E1,4.150829818E1
6.758226250E0,1.067872047E1,5.126734257E0,-3.954246521E1,4.127862679E1
6.768214250E0,1.065905285E1,5.173584461E0,-3.948022461E1,4.121977097E1
6.778203250E0,1.054320335E1,5.410751343E0,-3.952142334E1,4.125988693E1
6.788191250E0,1.041667080E1,5.533911705E0,-3.929991150E1,4.103186875E1
6.798179250E0,1.021678448E1,5.774870396E0,-3.942955017E1,4.113904763E1
6.808167250E0,1.018291283E1,5.823369980E0,-3.939050293E1,4.110006171E1
6.818155250E0,1.038972569E1,5.950263023E0,-3.951417542E1,4.128828028E1
6.828143250E0,1.030543423E1,6.022029400E0,-3.966412354E1,4.142112394E1
6.838131250E0,1.033965969E1,6.051394939E0,-3.938948059E1,4.117109574E1
6.848119250E0,1.016236591E1,6.101844788E0,-3.951110840E1,4.125086517E1
6.858107250E0,1.001598740E1,6.322635651E0,-3.936738586E1,4.111066522E1
6.868096250E0,1.004762745E1,6.354124069E0,-3.969894409E1,4.144075135E1
6.878084250E0,1.000360298E1,6.433374405E0,-3.954730225E1,4.129708820E1
6.888072250E0,1.001744556E1,6.323835373E0,-3.961701965E1,4.135031264E1
6.898060250E0,1.001697540E1,6.453200817E0,-3.927934265E1,4.104692871E1
6.908048250E0,9.961366653E0,6.526074886E0,-3.948193359E1,4.123883557E1
6.918036250E0,9.901734352E0,6.741753578E0,-3.949261475E1,4.126938580E1
6.928024250E0,9.904706001E0,6.531940937E0,-3.967478943E1,4.141084845E1
6.938012250E0,9.935952187E0,6.563025475E0,-3.952755737E1,4.128225092E1
6.948000250E0,9.935952187E0,6.563025475E0,-3.952755737E1,4.128225092E1
6.957989250E0,1.000657558E1,6.624028683E0,-3.947041321E1,4.125436740E1
6.967977250E0,9.897517204E0,6.606852531E0,-3.947714233E1,4.123173673E1
6.977965250E0,9.764730453E0,6.675406933E0,-3.962094116E1,4.134888145E1
6.987953250E0,9.837189674E0,6.629564285E0,-3.941165161E1,4.115822768E1
6.997941250E0,9.888988495E0,6.654089928E0,-3.940713501E1,4.117027199E1
7.007929250E0,9.963495255E0,6.756388664E0,-3.945977783E1,4.125523109E1
7.017917250E0,9.850401878E0,6.622014999E0,-3.940913391E1,4.115776155E1
7.027905250E0,9.858221054E0,6.636778831E0,-3.952908325E1,4.127686735E1
7.037893250E0,9.768010139E0,6.691958427E0,-3.944140625E1,4.118034551E1
7.047882250E0,9.843581200E0,6.618566990E0,-3.928642273E1,4.103808634E1
7.057870250E0,9.997260094E0,6.453860760E0,-3.939569092E1,4.115359026E1
7.067858250E0,9.711379051E0,6.604879856E0,-3.932283020E1,4.103925311E1
7.077846250E0,9.765558243E0,6.551178455E0,-3.939230347E1,4.111006737E1
7.087834250E0,9.799776077E0,6.677136421E0,-3.936753845E1,4.111475217E1
7.097822250E0,9.829687119E0,6.713388920E0,-3.942106628E1,4.117903358E1
7.107810875E0,9.768446922E0,6.684704304E0,-3.937371826E1,4.111444414E1
7.117798875E0,9.850353241E0,6.775297165E0,-3.931785583E1,4.109535130E1
7.127786875E0,9.821693420E0,6.840247154E0,-3.925444031E1,4.103858826E1
7.137775875E0,9.764970779E0,6.716704845E0,-3.936453247E1,4.111003764E1
7.147763875E0,9.766631126E0,6.701607227E0,-3.932989502E1,4.107480085E1
7.157751875E0,9.849890709E0,6.621552944E0,-3.929574585E1,4.104900671E1
7.167739875E0,9.741100311E0,6.705996513E0,-3.937322998E1,4.111095552E1
7.177727875E0,9.809701920E0,6.597259045E0,-3.943907166E1,4.117273918E1
7.187715875E0,9.702972412E0,6.713033199E0,-3.931182861E1,4.104427314E1
7.197703875E0,9.726318359E0,6.600483418E0,-3.946851349E1,4.118168534E1
7.207691875E0,9.786535263E0,6.621337414E0,-3.938077545E1,4.111525090E1
7.217680875E0,9.862565041E0,6.688336849E0,-3.941568756E1,4.117766949E1
7.227668875E0,9.822517395E0,6.653284073E0,-3.947159576E1,4.121595455E1
7.237656875E0,9.890140533E0,6.583706379E0,-3.947652435E1,4.122567215E1
7.247644875E0,9.780763626E0,6.519017220E0,-3.937786102E1,4.109473034E1
7.257632875E0,9.748334885E0,6.535908222E0,-3.934976959E1,4.106278724E1
7.267620875E0,9.746462822E0,6.548509598E0,-3.954451752E1,4.125100461E1
7.277608875E0,9.918806076E0,6.428548813E0,-3.957273102E1,4.130024206E1
7.287596875E0,9.984787941E0,6.409656525E0,-3.950713348E1,4.125037313E1
7.297584875E0,9.894232750E0,6.358028889E0,-3.943401337E1,4.115047732E1
7.307573875E0,9.859017372E0,6.551994324E0,-3.945305634E1,4.119068472E1
7.317561875E0,9.972389221E0,6.463937283E0,-3.952625275E1,4.127415279E1
7.327549875E0,9.912862778E0,6.473904610E0,-3.943202972E1,4.117112165E1
7.337537875E0,9.941015244E0,6.423340321E0,-3.943439484E1,4.117225499E1
7.347525875E0,9.828722000E0,6.531896114E0,-3.945487213E1,4.118199094E1
7.357513875E0,9.893860817E0,6.562835693E0,-3.936417389E1,4.111565979E1
7.367501875E0,9.766801834E0,6.538544178E0,-3.933358002E1,4.105208271E1
7.377489875E0,9.874174118E0,6.583361626E0,-3.928249359E1,4.103601184E1
7.387477875E0,9.804055214E0,6.579503059E0,-3.950551605E1,4.123221020E1
7.397466875E0,9.910800934E0,6.610836029E0,-3.949040985E1,4.124826782E1
7.407454875E0,9.935647011E0,6.653375149E0,-3.929824066E1,4.107719807E1
7.417442875E0,1.006638622E1,6.512199879E0,-3.929758453E1,4.108577648E1
7.427430875E0,9.955738068E0,6.456224442E0,-3.940518951E1,4.115298914E1
7.437418875E0,1.017877483E1,6.282873631E0,-3.942618561E1,4.120080181E1
7.447406875E0,1.010461330E1,6.367814064E0,-3.963339996E1,4.139394471E1
7.457394875E0,1.022356987E1,6.481739998E0,-3.958779144E1,4.139719273E1
7.467382875E0,9.971852303E0,6.491328239E0,-3.964220428E1,4.138936507E1
7.477370875E0,9.986699104E0,6.621392250E0,-3.940312958E1,4.118474978E1
7.487359875E0,9.966657639E0,6.585632801E0,-3.952016449E1,4.128617475E1
7.497347875E0,1.008595276E1,6.727580547E0,-3.935350800E1,4.117870050E1
7.507335875E0,1.012505817E1,6.537216187E0,-3.940110016E1,4.120313935E1
7.517323875E0,1.028206921E1,6.423501015E0,-3.962604523E1,4.143918161E1
7.527311875E0,9.963274956E0,6.503363609E0,-3.951158905E1,4.126410371E1
7.537299875E0,1.028230762E1,6.450456619E0,-3.952614594E1,4.134791957E1
7.547287875E0,1.012982273E1,6.539810181E0,-3.952397919E1,4.132223804E1
7.557275875E0,1.012878895E1,6.572620392E0,-3.947765350E1,4.128288787E1
7.567263875E0,1.007077122E1,6.539691448E0,-3.938294220E1,4.117285676E1
7.577252875E0,1.014791775E1,6.410964489E0,-3.937374115E1,4.116275249E1
7.587240875E0,1.013079548E1,6.460945606E0,-3.950919342E1,4.129592232E1
7.597228875E0,1.013051796E1,6.586786747E0,-3.948766327E1,4.129514141E1
7.607216875E0,9.972174644E0,6.611672878E0,-3.944149017E1,4.121637578E1
7.617204875E0,1.003228569E1,6.582399845E0,-3.943579865E1,4.122083161E1
7.627192875E0,9.853014946E0,6.690345764E0,-3.954521942E1,4.129972166E1
7.637180875E0,1.006105137E1,6.626404762E0,-3.942336273E1,4.122299751E1
7.647168875E0,9.963386536E0,6.544435024E0,-3.945395660E1,4.121545090E1
7.657157875E0,9.883586884E0,6.598063469E0,-3.938999176E1,4.114354363E1
7.667145875E0,9.986692429E0,6.530441761E0,-3.954004669E1,4.130128312E1
7.677133875E0,9.886650085E0,6.673604012E0,-3.965421295E1,4.140941252E1
7.687121875E0,1.003555107E1,6.595299721E0,-3.975054169E1,4.152488204E1
7.697109875E0,1.007762432E1,6.499134064E0,-3.962454987E1,4.139930202E1
7.707097875E0,9.994225502E0,6.589416981E0,-3.949213409E1,4.126661623E1
7.717085875E0,9.961177826E0,6.658612251E0,-3.940837860E1,4.118959195E1
7.727073875E0,1.000926685E1,6.566591740E0,-3.956281281E1,4.133426795E1
7.737061875E0,1.014371681E1,6.526276588E0,-3.949080658E1,4.129177983E1
7.747050875E0,9.937606812E0,6.504628658E0,-3.965076447E1,4.139141633E1
7.757038875E0,1.008143711E1,6.595292568E0,-3.952761078E1,4.132269682E1
7.767026875E0,9.875551224E0,6.724776268E0,-3.972852325E1,4.148619876E1
7.777014875E0,9.869132996E0,6.692071915E0,-3.963819122E1,4.139287156E1
7.787002875E0,9.869132996E0,6.692071915E0,-3.963819122E1,4.139287156E1
7.796990875E0,1.002408123E1,6.608273029E0,-3.951039886E1,4.129434701E1
7.806978875E0,1.003131771E1,6.596791267E0,-3.941947174E1,4.120727778E1
7.816966875E0,9.995891571E0,6.596503258E0,-3.956224823E1,4.133525358E1
7.826954875E0,9.884082794E0,6.613166332E0,-3.936962128E1,4.112658679E1
7.836943875E0,9.896525383E0,6.633933544E0,-3.943991852E1,4.120021191E1
7.846931875E0,9.822541237E0,6.745620251E0,-3.970555878E1,4.145500099E1
7.856919875E0,9.981576920E0,6.541196346E0,-3.982184601E1,4.157160746E1
7.866907875E0,9.914514542E0,6.636417389E0,-3.978639984E1,4.153669759E1
7.876895875E0,9.875801086E0,6.621513844E0,-3.972319794E1,4.146454325E1
7.886883875E0,9.845560074E0,6.806740761E0,-3.967508698E1,4.144127531E1
7.896871875E0,9.920307159E0,6.727909565E0,-3.968300629E1,4.145380862E1
7.906859875E0,9.932531357E0,6.659669876E0,-3.962302399E1,4.138828834E1
7.916847875E0,9.982654572E0,6.497772694E0,-3.963758087E1,4.138855228E1
7.926836875E0,9.884387016E0,6.698876858E0,-3.953833771E1,4.130201214E1
7.936824875E0,9.892190933E0,6.718616486E0,-3.954283905E1,4.131139515E1
7.946812875E0,9.951317787E0,6.647506237E0,-3.929644012E1,4.107831875E1
7.956800875E0,9.929142952E0,6.671302795E0,-3.945662689E1,4.123008084E1
7.966788875E0,9.845513344E0,6.721368313E0,-3.934978485E1,4.111589100E1
7.976776875E0,1.000212002E1,6.721819401E0,-3.953545380E1,4.133131220E1
7.986764875E0,9.897732735E0,6.675467491E0,-3.979137421E1,4.154371722E1
7.996752875E0,9.918291092E0,6.794195175E0,-3.969672394E1,4.147726459E1
8.006741875E0,9.837439537E0,6.767247200E0,-3.954626465E1,4.130953763E1
8.016729875E0,9.985221863E0,6.696083069E0,-3.989799500E1,4.167003946E1
8.026717875E0,1.004449749E1,6.693971634E0,-3.974435425E1,4.153690986E1
8.036705875E0,1.003107548E1,6.510003567E0,-3.964808655E1,4.141223718E1
8.046693875E0,1.003430748E1,6.406262875E0,-3.963519287E1,4.138449039E1
8.056681875E0,1.008452415E1,6.533720493E0,-3.981636047E1,4.159001914E1
8.066669875E0,9.973009109E0,6.660642624E0,-3.998062134E1,4.174056963E1
8.076657875E0,1.010054588E1,6.539924622E0,-3.960343933E1,4.139111074E1
8.086645875E0,9.964415550E0,6.505894661E0,-3.968675232E1,4.143253012E1
8.096634875E0,1.001229000E1,6.517168045E0,-3.952265930E1,4.128873973E1
8.106622875E0,1.003068542E1,6.574585438E0,-3.971066284E1,4.148224400E1
8.116610875E0,9.998315811E0,6.649360180E0,-3.973411560E1,4.150879729E1
8.126598875E0,9.985107422E0,6.609392166E0,-3.952777100E1,4.130170838E1
8.136586875E0,9.899391174E0,6.633570194E0,-3.949072266E1,4.124947727E1
8.146574875E0,9.872604370E0,6.599887848E0,-3.963363647E1,4.137453295E1
8.156562875E0,9.976825714E0,6.671396255E0,-3.969711304E1,4.147174174E1
8.166550875E0,9.947149277E0,6.731963158E0,-3.973999023E1,4.151544207E1
8.176538875E0,1.004378033E1,6.612445354E0,-3.979249573E1,4.156975671E1
8.186527875E0,1.006307411E1,6.654524803E0,-3.977963257E1,4.156882640E1
8.196515875E0,9.909715652E0,6.725600243E0,-3.972268677E1,4.148889016E1
8.206503875E0,9.882747650E0,6.636450768E0,-3.962562561E1,4.137513003E1
8.216491875E0,9.939258575E0,6.731579781E0,-3.963468933E1,4.141269885E1
8.226479875E0,9.916459084E0,6.736516476E0,-3.956486511E1,4.134120664E1
8.236467875E0,1.001657581E1,6.752592564E0,-3.949665833E1,4.130272771E1
8.246455875E0,9.969116211E0,6.774098873E0,-3.967126465E1,4.146180088E1
8.256443875E0,9.980683327E0,6.762328148E0,-3.947894287E1,4.127868762E1
8.266431875E0,9.876365662E0,6.630136967E0,-3.935040283E1,4.110906856E1
8.276420875E0,9.943773270E0,6.673849106E0,-3.945350647E1,4.123103275E1
8.286408875E0,9.950175285E0,6.716548920E0,-3.958834839E1,4.136853086E1
8.296396875E0,9.888390541E0,6.804677010E0,-3.965702820E1,4.143384827E1
8.306384875E0,9.880346298E0,6.822467327E0,-3.956713867E1,4.134883029E1
8.316372875E0,9.935704231E0,6.727037907E0,-3.949412537E1,4.127659380E1
8.326360875E0,9.951710701E0,6.704953671E0,-3.960693359E1,4.138480565E1
8.336348875E0,1.010306454E1,6.676050663E0,-3.950373840E1,4.131811846E1
8.346336875E0,1.006174946E1,6.656723022E0,-3.962989807E1,4.142559094E1
8.356324875E0,1.003857231E1,6.768110275E0,-3.948977661E1,4.130402774E1
8.366313875E0,9.889500618E0,6.736870766E0,-3.961166382E1,4.137960320E1
8.376301875E0,9.901260376E0,6.803834915E0,-3.955473328E1,4.133889272E1
8.386289875E0,9.858957291E0,6.757703304E0,-3.959133911E1,4.135625376E1
8.396277875E0,9.941951752E0,6.756952286E0,-3.947564697E1,4.126530641E1
8.406265875E0,9.969742775E0,6.857962608E0,-3.940753174E1,4.122354885E1
8.416253875E0,9.900302887E0,6.818941593E0,-3.950721741E1,4.129569214E1
8.426241875E0,9.960783005E0,6.760796547E0,-3.965727234E1,4.144423744E1
8.436229875E0,1.014483643E1,6.772531033E0,-3.966729736E1,4.150035377E1
8.446218875E0,1.003779125E1,6.772956371E0,-3.969676208E1,4.150256753E1
8.456206875E0,1.003462601E1,6.788294315E0,-3.956086731E1,4.137435052E1
8.466194875E0,1.000553989E1,6.729325294E0,-3.966180420E1,4.145423211E1
8.476182875E0,9.990428925E0,6.769228935E0,-3.965061951E1,4.144638413E1
8.486170875E0,9.952332497E0,6.738307953E0,-3.965330505E1,4.143474771E1
8.496158875E0,9.998317719E0,6.671729088E0,-3.955621338E1,4.134213762E1
8.506146875E0,9.935812950E0,6.638469219E0,-3.950643921E1,4.127406439E1
8.516134875E0,9.934244156E0,6.663170338E0,-3.958189392E1,4.134988963E1
8.526122875E0,9.749765396E0,6.808418751E0,-3.959803772E1,4.134509744E1
8.536111875E0,9.889513016E0,6.820775986E0,-3.953633118E1,4.132126493E1
8.546099875E0,9.825224876E0,6.792494774E0,-3.966006470E1,4.141972671E1
8.556087875E0,9.930201530E0,6.843817711E0,-3.973506165E1,4.152495475E1
8.566075875E0,9.709786415E0,6.959845066E0,-3.992593384E1,4.167492758E1
8.576063875E0,9.688546181E0,6.860325813E0,-3.966529846E1,4.140371843E1
8.586051875E0,9.795415878E0,6.895761967E0,-3.966366577E1,4.143317617E1
8.596039875E0,9.933736801E0,6.771143913E0,-3.951477051E1,4.130308227E1
8.606027875E0,9.874805450E0,6.623154640E0,-3.995497131E1,4.168666085E1
8.616015875E0,9.931192398E0,6.684889793E0,-3.964381409E1,4.141193462E1
8.626004875E0,9.931192398E0,6.684889793E0,-3.964381409E1,4.141193462E1
8.635992875E0,9.839182854E0,6.688935757E0,-3.993064880E1,4.166543045E1
8.645980875E0,1.000529194E1,6.729777813E0,-3.958523560E1,4.138099387E1
8.655968875E0,9.792789459E0,6.762065411E0,-3.964656067E1,4.139413034E1
8.665956875E0,9.870658875E0,6.739893436E0,-3.955607605E1,4.132238162E1
8.675944875E0,9.785342216E0,6.836225986E0,-3.980641174E1,4.155763857E1
8.685932875E0,9.743867874E0,6.909817696E0,-3.992813110E1,4.167666248E1
8.695920875E0,9.975631714E0,6.687357903E0,-3.976313782E1,4.153722563E1
8.705908875E0,9.995561600E0,6.805773258E0,-3.982516479E1,4.162059048E1
8.715897875E0,9.928020477E0,6.694281578E0,-3.983964539E1,4.160019640E1
8.725885875E0,9.931459427E0,6.656982899E0,-3.959416199E1,4.135996822E1
8.735873875E0,9.919796944E0,6.807607651E0,-3.976828003E1,4.154830911E1
8.745861875E0,9.879035950E0,6.809771061E0,-3.956640625E1,4.134572332E1
8.755849875E0,9.767270088E0,6.774276733E0,-3.988456726E1,4.161813422E1
8.765837875E0,9.669713020E0,6.637320042E0,-3.958427429E1,4.128525328E1
8.775825875E0,9.917773247E0,6.633774281E0,-3.984988403E1,4.159786587E1
8.785813875E0,9.806578636E0,6.645012856E0,-3.964704895E1,4.137890369E1
8.795801875E0,9.963232040E0,6.497221470E0,-3.986080933E1,4.159764416E1
8.805790875E0,9.815870285E0,6.613112926E0,-3.985549927E1,4.157577893E1
8.815778875E0,9.906254768E0,6.551247120E0,-3.977453613E1,4.150983554E1
8.825766875E0,9.763167381E0,6.750456333E0,-3.981182861E1,4.154358910E1
8.835754875E0,9.897939682E0,6.682132244E0,-3.981436157E1,4.156685565E1
8.845742875E0,9.879828453E0,6.779138088E0,-3.956843567E1,4.134282072E1
8.855730875E0,9.761933327E0,6.744089127E0,-3.973132324E1,4.146511940E1
8.865718875E0,9.571385384E0,6.862998962E0,-3.970553589E1,4.141547722E1
8.875706875E0,9.719362259E0,6.882880211E0,-3.993502808E1,4.167309096E1
8.885694875E0,9.724843025E0,6.822671890E0,-3.982771301E1,4.156161868E1
8.895683875E0,9.701285362E0,6.799597740E0,-3.976240540E1,4.148973789E1
8.905671875E0,9.784605026E0,6.812635422E0,-3.968644714E1,4.143868463E1
8.915659875E0,9.853456497E0,6.716180801E0,-3.976350403E1,4.151305749E1
8.925647875E0,9.787711143E0,6.840013981E0,-3.959033203E1,4.135189803E1
8.935635875E0,9.979743004E0,6.711648941E0,-3.978665161E1,4.156463820E1
8.945623875E0,9.847690582E0,6.763010502E0,-3.979418945E1,4.154868030E1
8.955611875E0,9.937092781E0,6.721586227E0,-3.966816711E1,4.144259906E1
8.965599875E0,9.806340218E0,6.848330975E0,-3.986741638E1,4.162300848E1
8.975587875E0,9.878570557E0,6.858914852E0,-3.987338257E1,4.164753902E1
8.985576875E0,9.847059250E0,6.743990898E0,-3.969700623E1,4.145236172E1
8.995564875E0,9.878730774E0,6.705682755E0,-3.973941040E1,4.149429168E1
9.005552875E0,9.912327766E0,6.782991886E0,-3.975082397E1,4.152578991E1
9.015540875E0,9.757767677E0,6.764441967E0,-3.971745300E1,4.145416479E1
9.025528875E0,9.824051857E0,6.887021542E0,-3.963691711E1,4.141289967E1
9.035516875E0,9.752630234E0,6.890034199E0,-3.963041687E1,4.139029245E1
9.045504875E0,9.702939034E0,6.770488262E0,-3.968734741E1,4.141342876E1
9.055492875E0,9.810313225E0,6.802036285E0,-3.964781189E1,4.140602530E1
9.065480875E0,9.844366074E0,6.588078022E0,-3.951562500E1,4.125286577E1
9.075469875E0,9.990694046E0,6.761811733E0,-3.965205383E1,4.144660949E1
9.085457875E0,9.752988815E0,6.836102962E0,-3.965545654E1,4.140541424E1
9.095445875E0,9.778972626E0,6.805909157E0,-3.969526672E1,4.144469695E1
9.105433875E0,9.806191444E0,6.833436489E0,-3.965095520E1,4.141322848E1
9.115421500E0,9.802924156E0,6.693981647E0,-3.976097107E1,4.149507842E1
9.125409500E0,9.777269363E0,6.714340210E0,-3.960807800E1,4.134582450E1
9.135397500E0,9.885677338E0,6.743451118E0,-3.957621765E1,4.134583114E1
9.145385500E0,9.733110428E0,6.880861759E0,-3.947285461E1,4.123331115E1
9.155373500E0,9.848046303E0,6.823527336E0,-3.948049927E1,4.125838537E1
9.165362500E0,9.771794319E0,6.875423431E0,-3.940373230E1,4.117539958E1
9.175350500E0,9.889554977E0,6.671764374E0,-3.955084229E1,4.131083227E1
9.185338500E0,9.854781151E0,6.656002522E0,-3.964993286E1,4.139488201E1
9.195326500E0,9.862513542E0,6.720952988E0,-3.969584656E1,4.145118353E1
9.205314500E0,9.842150688E0,6.816985607E0,-3.958494568E1,4.135585989E1
9.215302500E0,9.697798729E0,6.762753487E0,-3.969772339E1,4.142090507E1
9.225290500E0,9.796667099E0,6.733998299E0,-3.963873291E1,4.138297435E1
9.235278500E0,9.825960159E0,6.723596096E0,-3.942094421E1,4.117969257E1
9.245267500E0,9.638988495E0,6.800136566E0,-3.938713074E1,4.111566641E1
9.255255500E0,9.833491325E0,6.973489285E0,-3.924562073E1,4.105539978E1
9.265243500E0,9.742377281E0,6.693698883E0,-3.948593140E1,4.121720876E1
9.275231500E0,9.885698318E0,6.588939667E0,-3.941131592E1,4.116300499E1
9.285219500E0,9.773347855E0,6.500341415E0,-3.963734436E1,4.133874496E1
9.295207500E0,9.819355965E0,6.622818947E0,-3.950387573E1,4.124121337E1
9.305195500E0,9.831260681E0,6.640244484E0,-3.954286194E1,4.128419145E1
9.315183500E0,9.927260399E0,6.589684963E0,-3.979421997E1,4.153979285E1
9.325171500E0,9.904347420E0,6.518226624E0,-3.986601257E1,4.159185419E1
9.335159500E0,9.968452454E0,6.552021027E0,-3.965235901E1,4.140783258E1
9.345148500E0,9.768737793E0,6.596275806E0,-3.962741089E1,4.134332820E1
9.355136500E0,1.002049160E1,6.527852535E0,-3.958494568E1,4.135203786E1
9.365124500E0,9.740026474E0,6.480073452E0,-3.973619080E1,4.142250990E1
9.375112500E0,9.787210464E0,6.567797661E0,-3.967864990E1,4.139227842E1
9.385100500E0,9.706970215E0,6.590788841E0,-3.990556335E1,4.159468421E1
9.395088500E0,9.641669273E0,6.602266312E0,-3.978425598E1,4.146490963E1
9.405076500E0,9.864109039E0,6.446323395E0,-3.978411865E1,4.149255149E1
9.415064500E0,9.853603363E0,6.498623371E0,-3.971180725E1,4.142889378E1
9.425052500E0,9.865000725E0,6.499688625E0,-3.975856018E1,4.147658736E1
9.435041500E0,9.869205475E0,6.590823650E0,-3.972540283E1,4.146019541E1
9.445029500E0,9.722698212E0,6.564004898E0,-3.978256226E1,4.147612904E1
9.455017500E0,9.726487160E0,6.512434959E0,-3.971694946E1,4.140594687E1
9.465005500E0,9.608014107E0,6.496033192E0,-3.958363342E1,4.124774439E1
9.474993500E0,9.608014107E0,6.496033192E0,-3.958363342E1,4.124774439E1
9.484981500E0,9.799088478E0,6.465308189E0,-3.961560059E1,4.131849652E1
9.494969500E0,9.671183586E0,6.590644836E0,-3.979034424E1,4.147577469E1
9.504957500E0,9.775379181E0,6.598240852E0,-3.975621033E1,4.146867589E1
9.514946500E0,9.813461304E0,6.556705952E0,-3.991198730E1,4.162044145E1
9.524934500E0,9.869874001E0,6.710589886E0,-3.968272400E1,4.143868981E1
9.534922500E0,9.797651291E0,6.534440041E0,-3.970683289E1,4.141648772E1
9.544910500E0,9.917148590E0,6.634324551E0,-3.948870850E1,4.125193568E1
9.554898500E0,9.903619766E0,6.555590630E0,-3.978080750E1,4.151590175E1
9.564886500E0,1.002808666E1,6.465448380E0,-3.957551575E1,4.133504556E1
9.574874500E0,9.908067703E0,6.506107807E0,-3.962214661E1,4.135714867E1
9.584862500E0,1.016776752E1,6.507102013E0,-3.954158020E1,4.134322723E1
9.594850500E0,1.002969170E1,6.625834465E0,-3.963674927E1,4.141941924E1
9.604839500E0,1.000396252E1,6.554844379E0,-3.974493408E1,4.150548200E1
9.614827500E0,9.945837021E0,6.557083130E0,-3.974975586E1,4.149648303E1
9.624815500E0,1.005510044E1,6.601441383E0,-3.958191681E1,4.136921816E1
9.634803500E0,1.010851192E1,6.581679344E0,-3.981903839E1,4.160596513E1
9.644791500E0,1.002441025E1,6.630449295E0,-3.961191559E1,4.139511463E1
9.654779500E0,9.903354645E0,6.686858177E0,-3.960419464E1,4.136765329E1
9.664767500E0,9.940138817E0,6.689442635E0,-3.955948639E1,4.133410173E1
9.674755500E0,1.002321053E1,6.647878647E0,-3.964379120E1,4.142812113E1
9.684743500E0,9.935717583E0,6.632424831E0,-3.950981903E1,4.127630486E1
9.694731500E0,9.992991447E0,6.636879444E0,-3.963878632E1,4.141426599E1
9.704720500E0,9.863902092E0,6.645886898E0,-3.945468903E1,4.120845621E1
9.714708500E0,1.003027630E1,6.555893898E0,-3.970561981E1,4.147435873E1
9.724696500E0,1.006162453E1,6.563552856E0,-3.946375275E1,4.125171869E1
9.734684500E0,9.907079697E0,6.599473953E0,-3.948183441E1,4.123734391E1
9.744672500E0,9.915426254E0,6.543786526E0,-3.937458038E1,4.112778137E1
9.754660500E0,9.892018318E0,6.478040695E0,-3.934235382E1,4.108086954E1
9.764648500E0,9.984080315E0,6.520381927E0,-3.939452362E1,4.115975864E1
9.774636500E0,9.956990242E0,6.663402557E0,-3.959593964E1,4.136884122E1
9.784625500E0,9.846986771E0,6.698769569E0,-3.955495453E1,4.130897106E1
9.794613500E0,9.865203857E0,6.700069904E0,-3.948363495E1,4.124524958E1
9.804601500E0,9.882549286E0,6.709259987E0,-3.924785614E1,4.102527467E1
9.814589500E0,9.901306152E0,6.611306667E0,-3.932346344E1,4.108625094E1
9.824577500E0,9.915638924E0,6.761326313E0,-3.933698273E1,4.112704267E1
9.834565500E0,9.919106483E0,6.708180904E0,-3.932640839E1,4.110905935E1
9.844553500E0,9.818695068E0,6.732843876E0,-3.925547028E1,4.102109099E1
9.854541500E0,9.802026749E0,6.678471565E0,-3.944277191E1,4.118754626E1
9.864529500E0,9.847223282E0,6.690188408E0,-3.938043976E1,4.114055740E1
9.874518500E0,9.888948441E0,6.653941631E0,-3.963861847E1,4.139186290E1
9.884506500E0,9.804031372E0,6.682355404E0,-3.947164154E1,4.121630006E1
9.894494500E0,9.812818527E0,6.694601536E0,-3.966593170E1,4.140646369E1
9.904482500E0,9.757781029E0,6.670360088E0,-3.952225494E1,4.125186820E1
9.914470500E0,9.842151642E0,6.620146275E0,-3.988785553E1,4.161412386E1
9.924458500E0,9.755191803E0,6.699546814E0,-3.969434357E1,4.142087162E1
9.934446500E0,9.814812660E0,6.698610306E0,-3.983847809E1,4.157290300E1
9.944434500E0,9.784951210E0,6.712228775E0,-3.995224762E1,4.167710853E1
9.954422500E0,9.792280197E0,6.735709667E0,-3.980855560E1,4.154491106E1
9.964411500E0,9.675000191E0,6.794199944E0,-3.974858856E1,4.146947159E1
9.974399500E0,9.871577263E0,6.780074596E0,-3.973998260E1,4.150522457E1
9.984387500E0,9.605023384E0,6.884035587E0,-3.986945343E1,4.158388795E1
9.994375500E0,9.672496796E0,6.722823143E0,-3.986594391E1,4.156978505E1
1.000436350E1,9.644238472E0,6.823411465E0,-3.980382538E1,4.152005292E1
1.001435150E1,9.686769485E0,6.738000393E0,-3.991640472E1,4.162395366E1
1.002433950E1,9.657022476E0,6.811357021E0,-3.964019012E1,4.136420361E1
1.003432750E1,9.694684982E0,6.686456680E0,-3.975040436E1,4.145829551E1
1.004431550E1,9.724320412E0,6.705481052E0,-3.981963348E1,4.153467340E1
1.005430450E1,9.723432541E0,6.708188534E0,-3.972641754E1,4.144554481E1
1.006429250E1,9.604938507E0,6.784399509E0,-3.978777313E1,4.148915293E1
1.007428050E1,9.742092133E0,6.784246922E0,-3.980649567E1,4.153903541E1
1.008426850E1,9.826003075E0,6.719548225E0,-4.005030060E1,4.178192483E1
1.009425650E1,9.801877022E0,6.645669937E0,-4.000812531E1,4.172399564E1
1.010424450E1,9.672739983E0,6.760634899E0,-4.004553986E1,4.174821368E1
1.011423233E1,9.774063110E0,6.789338112E0,-4.004077911E1,4.177189742E1
1.012422033E1,9.686022758E0,6.717394829E0,-3.974343109E1,4.145458654E1
1.013420833E1,9.631656647E0,6.918317318E0,-3.989315033E1,4.161844984E1
1.014419733E1,9.474985123E0,6.876690388E0,-3.991303253E1,4.159464364E1
1.015418533E1,9.695784569E0,6.706004143E0,-3.968637848E1,4.140033051E1
1.016417333E1,9.629227638E0,6.592202187E0,-4.000690460E1,4.167411151E1
1.017416133E1,9.689262390E0,6.660174847E0,-3.996634674E1,4.165991606E1
1.018414933E1,9.678447723E0,6.776585579E0,-3.995397186E1,4.166430523E1
1.019413733E1,9.608072281E0,6.853577614E0,-3.990937042E1,4.161783784E1
1.020412533E1,9.764139175E0,6.611137390E0,-3.994356537E1,4.164773662E1
1.021411333E1,9.830346107E0,6.625971317E0,-3.954888153E1,4.128744641E1
1.022410133E1,9.744210243E0,6.644012928E0,-3.974181366E1,4.145484645E1
1.023409033E1,9.869637489E0,6.699590683E0,-3.948688507E1,4.124934366E1
1.024407833E1,9.800989151E0,6.660086155E0,-3.960434723E1,4.133909113E1
1.025406633E1,9.881877899E0,6.760655403E0,-3.952651215E1,4.130015902E1
1.026405433E1,9.763865471E0,6.588915348E0,-3.958226776E1,4.129773354E1
1.027404233E1,9.826479912E0,6.539938450E0,-3.955719757E1,4.128077497E1
1.028403033E1,9.805211067E0,6.650092125E0,-3.966698456E1,4.139849699E1
1.029401833E1,9.751913071E0,6.701091766E0,-3.951622772E1,4.124968718E1
1.030400633E1,9.751913071E0,6.701091766E0,-3.951622772E1,4.124968718E1
1.031399533E1,9.734986305E0,6.842079163E0,-3.970207977E1,4.144682309E1
1.032398333E1,9.786375046E0,6.805335045E0,-3.950717926E1,4.126624449E1
1.033397133E1,9.742447853E0,6.796754837E0,-3.984963226E1,4.158250062E1
1.034395933E1,9.792395592E0,6.757187843E0,-3.976950836E1,4.151101534E1
1.035394733E1,9.747611046E0,6.693027496E0,-3.977243805E1,4.149288332E1
1.036393533E1,9.967430115E0,6.594392776E0,-3.983048248E1,4.158488925E1
1.037392333E1,9.894928932E0,6.549509525E0,-3.989623260E1,4.162349180E1
1.038391133E1,9.822967529E0,6.684756279E0,-3.978409576E1,4.152048812E1
1.039389933E1,9.768767357E0,6.760253906E0,-3.993672943E1,4.166619981E1
1.040388833E1,9.795214653E0,6.805712700E0,-3.980153656E1,4.155028602E1
1.041387633E1,9.674151421E0,6.838507175E0,-3.987128448E1,4.159415479E1
1.042386433E1,9.832100868E0,6.790629864E0,-3.971668243E1,4.147526642E1
1.043385233E1,9.820265770E0,6.856471539E0,-3.980389404E1,4.156679928E1
1.044384033E1,9.847159386E0,6.896914959E0,-3.972889709E1,4.150806245E1
1.045382833E1,9.724094391E0,6.834218502E0,-3.979766846E1,4.153455151E1
1.046381633E1,9.821130753E0,6.808253288E0,-3.968005371E1,4.144048244E1
1.047380433E1,9.747632980E0,6.724254608E0,-3.960560608E1,4.133806940E1
1.048379233E1,9.776393890E0,6.714997292E0,-3.957565308E1,4.131466305E1
1.049378133E1,9.731909752E0,6.771025181E0,-3.972976685E1,4.146096023E1
1.050376933E1,9.689153671E0,6.833756924E0,-3.963825989E1,4.137356136E1
1.051375733E1,9.641879082E0,6.689050198E0,-3.980635071E1,4.150005761E1
1.052374533E1,9.661642075E0,6.718775272E0,-3.961134338E1,4.132248532E1
1.053373333E1,9.737522125E0,6.664556026E0,-3.967192078E1,4.138957528E1
1.054372133E1,9.861542702E0,6.717742443E0,-3.953739929E1,4.129871706E1
1.055370933E1,9.745053291E0,6.682655334E0,-3.972541809E1,4.144554003E1
1.056369733E1,9.620663643E0,6.716769695E0,-3.968728638E1,4.138541850E1
1.057368533E1,9.764435768E0,6.757404327E0,-3.977525330E1,4.150996861E1
1.058367433E1,9.771122932E0,6.691989422E0,-3.960202026E1,4.133494375E1
1.059366233E1,9.866969109E0,6.762468338E0,-3.973489380E1,4.149638349E1
1.060365033E1,9.882753372E0,6.730185032E0,-3.964009094E1,4.140411833E1
1.061363833E1,9.745926857E0,6.689787865E0,-3.970123291E1,4.142371599E1
1.062362633E1,9.817792892E0,6.683290005E0,-3.960163879E1,4.134422835E1
1.063361433E1,9.801099777E0,6.757208824E0,-3.966920471E1,4.141699205E1
1.064360233E1,9.641887665E0,6.908168793E0,-3.967953491E1,4.141442122E1
1.065359033E1,9.818485260E0,6.757210732E0,-3.983697510E1,4.158181255E1
1.066357933E1,9.676395416E0,6.930721760E0,-3.973101807E1,4.147555098E1
1.067356733E1,9.782306671E0,6.798254967E0,-3.972299194E1,4.147078349E1
1.068355533E1,9.757564545E0,6.771044254E0,-3.970645142E1,4.144465454E1
1.069354333E1,9.690527916E0,6.820979595E0,-3.963786316E1,4.137139458E1
1.070353133E1,9.682855606E0,6.773571014E0,-3.956863403E1,4.129546896E1
1.071351933E1,9.642171860E0,6.736161232E0,-3.955017090E1,4.126212991E1
1.072350733E1,9.714602470E0,6.862531662E0,-3.944583130E1,4.120001758E1
1.073349533E1,9.823297501E0,6.632671356E0,-3.958853149E1,4.132482703E1
1.074348333E1,9.739659309E0,6.792437077E0,-3.951567078E1,4.126119729E1
1.075347233E1,9.907506943E0,6.810432434E0,-3.963595581E1,4.141919455E1
1.076346033E1,9.884095192E0,6.753005505E0,-3.954737854E1,4.131940913E1
1.077344833E1,9.921466827E0,6.729642391E0,-3.946389771E1,4.124467011E1
1.078343633E1,9.789343834E0,6.710974216E0,-3.943928528E1,4.118647413E1
1.079342433E1,9.830389977E0,6.735232830E0,-3.960238647E1,4.135636520E1
1.080341233E1,9.943929672E0,6.662799358E0,-3.947338867E1,4.124830961E1
1.081340033E1,9.723680496E0,6.723497391E0,-3.933839417E1,4.107632694E1
1.082338833E1,9.710925102E0,6.722848415E0,-3.943276978E1,4.116360151E1
1.083337633E1,9.718036652E0,6.823429585E0,-3.956854248E1,4.131185038E1
1.084336533E1,9.590336800E0,6.820581913E0,-3.960266876E1,4.131423811E1
1.085335333E1,9.649634361E0,6.783334732E0,-3.969860077E1,4.141386213E1
1.086334133E1,9.780615807E0,6.726548195E0,-3.958245087E1,4.132405247E1
1.087332933E1,9.958808899E0,6.665903568E0,-3.944390106E1,4.122418557E1
1.088331733E1,9.809074402E0,6.552615643E0,-3.941484833E1,4.114225299E1
1.089330533E1,9.788475990E0,6.526202202E0,-3.933182526E1,4.105359979E1
1.090329333E1,9.922513008E0,6.615629196E0,-3.946857452E1,4.123094941E1
1.091328133E1,9.850846291E0,6.652128220E0,-3.954296112E1,4.129086772E1
1.092327033E1,9.892484665E0,6.702665329E0,-3.937760162E1,4.115072885E1
1.093325833E1,9.931832314E0,6.750855446E0,-3.958937836E1,4.137069278E1
1.094324633E1,9.803546906E0,6.856308937E0,-3.959070587E1,4.135870520E1
1.095323433E1,9.854429245E0,6.853988647E0,-3.981063080E1,4.158092424E1
1.096322233E1,9.839797974E0,6.708079815E0,-3.975228119E1,4.149775679E1
1.097321033E1,9.977115631E0,6.646871567E0,-3.968752289E1,4.145869283E1
1.098319833E1,9.942634583E0,6.683605194E0,-3.958232880E1,4.135562010E1
1.099318633E1,1.008758831E1,6.706700802E0,-3.956682587E1,4.137962038E1
1.100317433E1,9.876564026E0,6.819464684E0,-3.964029694E1,4.141744508E1
1.101316333E1,9.902315140E0,6.739680290E0,-3.972177887E1,4.148853880E1
1.102315133E1,9.769384384E0,6.820052624E0,-3.953984833E1,4.129592710E1
1.103313933E1,9.981221199E0,6.694579124E0,-3.950508881E1,4.129278639E1
1.104312733E1,9.852556229E0,6.736229897E0,-3.954880524E1,4.131050294E1
1.105311533E1,9.835400581E0,6.840193272E0,-3.944699860E1,4.122607242E1
1.106310333E1,9.801022530E0,6.859346390E0,-3.950962067E1,4.128099806E1
1.107309133E1,9.807579994E0,6.888998508E0,-3.952939606E1,4.130641692E1
1.108307933E1,9.808496475E0,6.717542171E0,-3.956943512E1,4.131672992E1
1.109306833E1,9.942466736E0,6.649859428E0,-3.964640045E1,4.141147599E1
1.110305633E1,9.798855782E0,6.852649212E0,-3.954862213E1,4.131670229E1
1.111304446E1,1.001194382E1,6.668095589E0,-3.956206512E1,4.135044758E1
1.112303246E1,9.923444748E0,6.607022762E0,-3.958940887E1,4.134548102E1
1.113302046E1,9.989635468E0,6.717488766E0,-3.943650055E1,4.123293644E1
1.114300846E1,9.818229675E0,6.711104393E0,-3.967584991E1,4.141991819E1
1.115299646E1,9.818229675E0,6.711104393E0,-3.967584991E1,4.141991819E1
1.116298446E1,9.873671532E0,6.758213043E0,-3.954218292E1,4.131279539E1
1.117297246E1,9.864442825E0,6.637419224E0,-3.964084625E1,4.138549574E1
1.118296146E1,1.004734421E1,6.556745529E0,-3.957753754E1,4.135603360E1
1.119294946E1,9.978363037E0,6.576182842E0,-3.979767609E1,4.155320603E1
1.120293746E1,1.004589462E1,6.663039207E0,-3.962274933E1,4.141591910E1
1.121292546E1,1.007618332E1,6.669103622E0,-3.950234222E1,4.130909651E1
1.122291346E1,1.011983395E1,6.619972229E0,-3.960042572E1,4.140566131E1
1.123290146E1,9.925344467E0,6.619404793E0,-3.975757599E1,4.150896085E1
1.124288946E1,9.937707901E0,6.663762093E0,-3.985679626E1,4.161403576E1
1.125287746E1,9.884060860E0,6.795850277E0,-3.983717346E1,4.160382951E1
1.126286546E1,9.931898117E0,6.763876438E0,-3.961830139E1,4.140051243E1
1.127285446E1,9.873631477E0,6.721613407E0,-3.963534546E1,4.139600579E1
1.128284246E1,9.999959946E0,6.727662086E0,-3.966484070E1,4.145552103E1
1.129283046E1,9.939362526E0,6.624000549E0,-4.000222778E1,4.174741355E1
1.130281846E1,1.000994587E1,6.750716209E0,-3.985429382E1,4.164295765E1
1.131280646E1,9.945916176E0,6.625769615E0,-3.978898621E1,4.154498158E1
1.132279446E1,1.008740425E1,6.666751862E0,-3.954763794E1,4.135476963E1
1.133278246E1,9.942953110E0,6.692770004E0,-3.968563843E1,4.145606571E1
1.134277046E1,1.013129520E1,6.645518780E0,-3.971340942E1,4.152060874E1
1.135275846E1,1.013451099E1,6.516841412E0,-3.982975769E1,4.161234351E1
1.136274746E1,1.009474182E1,6.707238674E0,-3.959025574E1,4.140385504E1
1.137273546E1,1.001725101E1,6.570375443E0,-3.964326477E1,4.141380921E1
1.138272346E1,9.970417023E0,6.664707184E0,-3.969982910E1,4.147172492E1
1.139271146E1,1.005631351E1,6.528568268E0,-3.973452759E1,4.150402785E1
1.140269946E1,1.004300213E1,6.676725388E0,-3.969250488E1,4.148415960E1
1.141268746E1,1.009719944E1,6.685315132E0,-3.972502136E1,4.152979891E1
1.142267546E1,1.006119919E1,6.798295021E0,-3.976841736E1,4.158090383E1
1.143266346E1,1.002879333E1,6.641788960E0,-3.985153198E1,4.162733066E1
1.144265246E1,1.007922649E1,6.737712860E0,-3.979386902E1,4.159975472E1
1.145264046E1,9.939686775E0,6.726152897E0,-3.981787109E1,4.158727407E1
1.146262846E1,9.866503716E0,6.817100525E0,-3.972790527E1,4.149852061E1
1.147261646E1,9.867878914E0,6.591305733E0,-3.959439087E1,4.133444246E1
1.148260446E1,9.903986931E0,6.712363243E0,-3.974438477E1,4.150615494E1
1.149259246E1,9.876996040E0,6.677162647E0,-3.969796753E1,4.144958598E1
1.150258046E1,9.851128578E0,6.737453938E0,-3.968360901E1,4.143943585E1
1.151256846E1,9.880793571E0,6.773673058E0,-3.987559509E1,4.163623197E1
1.152255646E1,9.942823410E0,6.865993023E0,-3.981398010E1,4.160714613E1
1.153254446E1,9.953523636E0,6.768208027E0,-3.993777466E1,4.171219387E1
1.154253346E1,9.875409126E0,6.681387424E0,-3.969105530E1,4.144326862E1
1.155252146E1,9.873108864E0,6.658118248E0,-3.969792175E1,4.144555234E1
1.156250946E1,9.884069443E0,6.754891872E0,-3.946249390E1,4.123847497E1
1.157249746E1,9.808265686E0,6.661278248E0,-3.984774780E1,4.157424333E1
1.158248546E1,9.790938377E0,6.652766228E0,-3.965304565E1,4.138219185E1
1.159247346E1,9.835128784E0,6.673845768E0,-3.978439331E1,4.152189695E1
1.160246146E1,9.876207352E0,6.810728073E0,-3.991938782E1,4.168312623E1
1.161244946E1,9.960282326E0,6.733474255E0,-3.974581909E1,4.152441492E1
1.162243746E1,9.982649803E0,6.699206352E0,-3.972074890E1,4.150024766E1
1.163242646E1,9.841322899E0,6.643126011E0,-3.981427002E1,4.154706797E1
1.164241446E1,9.998875618E0,6.710945129E0,-3.969850159E1,4.148476017E1
1.165240246E1,9.855153084E0,6.706058025E0,-3.969834900E1,4.144941700E1
1.166239046E1,9.880393028E0,6.696247578E0,-3.954878235E1,4.131062918E1
1.167237846E1,9.874258995E0,6.777508736E0,-3.955194092E1,4.132543582E1
1.168236646E1,9.901352882E0,6.716910839E0,-3.976533508E1,4.152632363E1
1.169235446E1,9.767090797E0,6.793268681E0,-3.967041016E1,4.141601144E1
1.170234246E1,9.673534393E0,6.933308125E0,-3.937193298E1,4.113146163E1
1.171233046E1,9.697557449E0,6.916085243E0,-3.957170105E1,4.132546890E1
1.172231946E1,9.548492432E0,7.018771172E0,-3.961749268E1,4.135193565E1
1.173230746E1,9.655965805E0,6.816926956E0,-3.973910522E1,4.145967502E1
1.174229546E1,9.716681480E0,6.751708031E0,-3.959736633E1,4.132736237E1
1.175228346E1,9.704041481E0,6.729936600E0,-3.956686401E1,4.129161169E1
1.176227146E1,9.656594276E0,6.820466995E0,-3.961889648E1,4.134519974E1
1.177225946E1,9.877925873E0,6.712435722E0,-3.958383179E1,4.134622053E1
1.178224746E1,9.749955177E0,6.764802933E0,-3.954936218E1,4.129135786E1
1.179223546E1,9.724100113E0,6.783779144E0,-3.982629395E1,4.155371791E1
1.180222446E1,9.685620308E0,6.688381672E0,-3.994012451E1,4.163843460E1
1.181221246E1,9.756887436E0,6.763873577E0,-3.986128235E1,4.159168990E1
1.182220046E1,9.712919235E0,6.857055664E0,-3.976318359E1,4.150265994E1
1.183218846E1,9.626439095E0,7.010201454E0,-3.976010132E1,4.150514319E1
1.184217646E1,9.671261787E0,6.875322819E0,-3.982409668E1,4.155432643E1
1.185216446E1,9.739133835E0,6.937132835E0,-3.979255676E1,4.155023602E1
1.186215246E1,9.580149651E0,6.963304520E0,-3.974977112E1,4.147663416E1
1.187214046E1,9.562736511E0,6.972238064E0,-3.975549316E1,4.147960065E1
1.188212846E1,9.657476425E0,6.984615803E0,-3.978446960E1,4.153138248E1
1.189211746E1,9.692408562E0,6.993334770E0,-3.990290833E1,4.165443083E1
1.190210546E1,9.629082680E0,6.868088245E0,-3.985816956E1,4.157599728E1
1.191209346E1,9.632247925E0,6.872295856E0,-3.983720398E1,4.155732753E1
1.192208146E1,9.601808548E0,6.960581303E0,-3.972831726E1,4.146062725E1
1.193206946E1,9.679327011E0,6.959979057E0,-3.990715027E1,4.164986582E1
1.194205746E1,9.672899246E0,6.881059647E0,-3.991992188E1,4.164749841E1
1.195204546E1,9.671549797E0,7.082507610E0,-3.961636353E1,4.139030138E1
1.196203346E1,9.557967186E0,7.005618572E0,-3.986825562E1,4.159220160E1
1.197202146E1,9.598111153E0,7.053892136E0,-3.983331299E1,4.157612242E1
1.198200946E1,9.575075150E0,7.109592438E0,-4.001826477E1,4.175751290E1
1.199199846E1,9.620795250E0,6.989071846E0,-3.995968628E1,4.169152617E1
1.200198646E1,9.620795250E0,6.989071846E0,-3.995968628E1,4.169152617E1
1.201197446E1,9.828199387E0,6.940382957E0,-3.995414734E1,4.172644615E1
1.202196246E1,9.631937027E0,7.022291660E0,-3.986473083E1,4.160869567E1
1.203195046E1,9.495725632E0,6.982923985E0,-3.997743225E1,4.167883302E1
1.204193846E1,9.879680634E0,6.990167618E0,-4.001350403E1,4.180372038E1
1.205192646E1,9.789334297E0,6.912406921E0,-4.002313232E1,4.177874527E1
1.206191446E1,9.890416145E0,7.003938675E0,-3.993026733E1,4.172890770E1
1.207190246E1,9.676925659E0,7.053131580E0,-4.001159668E1,4.176502633E1
1.208189146E1,9.593088150E0,7.014615536E0,-3.971917725E1,4.145895817E1
1.209187946E1,9.626339912E0,7.055755615E0,-3.996638489E1,4.171045467E1
1.210186746E1,9.688233376E0,7.056799412E0,-3.990937805E1,4.167035805E1
1.211185608E1,9.800500870E0,6.930613041E0,-3.992558289E1,4.169095085E1
1.212184408E1,9.883213043E0,6.989406109E0,-4.005163574E1,4.184092761E1
1.213183208E1,9.596521378E0,6.954244614E0,-3.991545105E1,4.163769894E1
1.214182008E1,9.650229454E0,7.011807442E0,-3.994107056E1,4.168430747E1
1.215180808E1,9.488730431E0,6.887319565E0,-4.013017273E1,4.180791718E1
1.216179608E1,9.663334846E0,7.006044388E0,-4.002998352E1,4.177157262E1
1.217178508E1,9.577190399E0,6.978661537E0,-4.001686096E1,4.173455947E1
1.218177308E1,9.671821594E0,6.832289696E0,-4.003483582E1,4.174939993E1
1.219176108E1,9.727845192E0,6.783917427E0,-3.997425842E1,4.169644882E1
1.220174908E1,9.681328773E0,6.975348949E0,-3.993200684E1,4.167671760E1
1.221173708E1,9.739000320E0,6.818946362E0,-3.993489075E1,4.166703320E1
1.222172508E1,9.737664223E0,6.900152206E0,-3.976602173E1,4.151831751E1
1.223171308E1,9.731586456E0,6.799563885E0,-3.977992249E1,4.151361315E1
1.224170108E1,9.709224701E0,6.876831532E0,-3.971343994E1,4.145741391E1
1.225168908E1,9.585251808E0,6.964591503E0,-3.979342651E1,4.151986730E1
1.226167808E1,9.709930420E0,6.905723095E0,-3.974484253E1,4.149246037E1
1.227166608E1,9.603660583E0,7.030789375E0,-4.001350403E1,4.174617109E1
1.228165408E1,9.607756615E0,7.065423965E0,-3.996693420E1,4.170833289E1
1.229164208E1,9.536134720E0,6.992177486E0,-3.998275757E1,4.169471566E1
1.230163008E1,9.651054382E0,7.020180225E0,-3.978175354E1,4.153328419E1
1.231161808E1,9.668282509E0,6.815757275E0,-3.994496155E1,4.165969499E1
1.232160608E1,9.707821846E0,6.931807041E0,-3.991184998E1,4.165630231E1
1.233159408E1,9.754126549E0,6.805047512E0,-3.992108154E1,4.165506461E1
1.234158208E1,9.771595955E0,6.910529137E0,-3.987298584E1,4.163045160E1
1.235157108E1,9.556872368E0,6.892235756E0,-3.992440796E1,4.162685520E1
1.236155908E1,9.595652580E0,6.964806080E0,-3.983653259E1,4.156361872E1
1.237154708E1,9.578951836E0,6.955223083E0,-3.993463135E1,4.165220555E1
1.238153508E1,9.514859200E0,7.055422306E0,-3.999736023E1,4.171451012E1
1.239152308E1,9.694240570E0,6.805931568E0,-4.007356262E1,4.178743144E1
1.240151108E1,9.686293602E0,6.937120914E0,-3.997552490E1,4.171319361E1
1.241149908E1,9.614268303E0,6.988452911E0,-4.012921143E1,4.185243408E1
1.242148708E1,9.562712669E0,7.042316437E0,-3.994477844E1,4.167283311E1
1.243147508E1,9.595829964E0,6.948508263E0,-3.997132874E1,4.169015280E1
1.244146408E1,9.650207520E0,6.957166672E0,-3.996975708E1,4.170263966E1
1.245145208E1,9.400663376E0,6.934855461E0,-3.987766266E1,4.155349169E1
1.246144008E1,9.526435852E0,7.030062199E0,-4.004938507E1,4.176275852E1
1.247142808E1,9.604029655E0,6.984119892E0,-3.998496246E1,4.171106016E1
1.248141608E1,9.485133171E0,7.006291866E0,-4.001877594E1,4.171999886E1
1.249140408E1,9.479457855E0,6.915679455E0,-3.990885162E1,4.159811512E1
1.250139208E1,9.557179451E0,6.944164276E0,-3.976035309E1,4.147826870E1
1.251138008E1,9.566943169E0,6.838908672E0,-3.984745026E1,4.154655660E1
1.252136808E1,9.521921158E0,6.933907509E0,-3.986206818E1,4.156597810E1
1.253135608E1,9.573326111E0,6.873628139E0,-4.018791962E1,4.188035601E1
1.254134508E1,9.528649330E0,6.889482021E0,-3.994083405E1,4.163568595E1
1.255133308E1,9.533257484E0,6.909626007E0,-4.001407623E1,4.171033717E1
1.256132108E1,9.513108253E0,6.902434349E0,-3.993215179E1,4.162594834E1
1.257130908E1,9.676407814E0,6.823047638E0,-3.981778717E1,4.154085967E1
1.258129708E1,9.601127625E0,6.929644585E0,-3.961034393E1,4.134224198E1
1.259128508E1,9.554235458E0,6.903907299E0,-3.969408417E1,4.140733835E1
1.260127308E1,9.527822495E0,6.862000465E0,-3.965659332E1,4.135833466E1
1.261126108E1,9.473192215E0,6.886794567E0,-3.980939484E1,4.149647247E1
1.262124908E1,9.429939270E0,7.068310738E0,-3.993273163E1,4.163541553E1
1.263123808E1,9.566009521E0,6.960478306E0,-3.989411163E1,4.161125977E1
1.264122608E1,9.520454407E0,6.999159336E0,-3.994464874E1,4.165575887E1
1.265121408E1,9.617947578E0,6.867398262E0,-3.975856781E1,4.147782286E1
1.266120208E1,9.461717606E0,7.006310940E0,-3.983322906E1,4.153671425E1
1.267119008E1,9.537633896E0,6.959599495E0,-3.967800140E1,4.139741877E1
1.268117808E1,9.336794853E0,6.983517647E0,-3.963674164E1,4.131605674E1
1.269116608E1,9.482103348E0,6.975326538E0,-3.983130646E1,4.153430436E1
1.270115408E1,9.466402054E0,6.954470634E0,-3.976879120E1,4.146726640E1
1.271114208E1,9.485074997E0,6.949659348E0,-3.984024811E1,4.153925592E1
1.272113108E1,9.491600990E0,6.984509468E0,-3.979387665E1,4.150212622E1
1.273111908E1,9.451923370E0,7.105650902E0,-3.980332184E1,4.152268729E1
1.274110708E1,9.435914993E0,6.984609127E0,-3.975057220E1,4.144791004E1
1.275109508E1,9.508261681E0,6.928359985E0,-3.948995209E1,4.120516385E1
1.276108308E1,9.573400497E0,6.976547718E0,-3.964035797E1,4.137245696E1
1.277107108E1,9.542239189E0,7.080832481E0,-3.970447540E1,4.144439509E1
1.278105908E1,9.482851028E0,6.999268055E0,-3.971657562E1,4.142849981E1
1.279104708E1,9.503434181E0,6.834266186E0,-3.989019012E1,4.157222298E1
1.280103508E1,9.536178589E0,7.009063721E0,-3.971344757E1,4.143939664E1
1.281102308E1,9.480231285E0,6.956278801E0,-3.973235321E1,4.143578757E1
1.282101208E1,9.432258606E0,7.036759853E0,-3.959626007E1,4.130795690E1
1.283100008E1,9.374384880E0,6.973516464E0,-3.975203705E1,4.143348251E1
1.284098808E1,9.374384880E0,6.973516464E0,-3.975203705E1,4.143348251E1
1.285097608E1,9.356014252E0,6.977337837E0,-3.977922821E1,4.145606401E1
1.286096408E1,9.588912010E0,6.850645065E0,-3.950972748E1,4.122980884E1
1.287095208E1,9.422522545E0,6.917795658E0,-3.946218109E1,4.115705971E1
1.288094008E1,9.470081329E0,6.932933807E0,-3.963146210E1,4.133280537E1
1.289092808E1,9.501268387E0,6.965918541E0,-3.976146698E1,4.147013839E1
1.290091608E1,9.614610672E0,6.950450420E0,-3.978304291E1,4.151433490E1
1.291090408E1,9.448285103E0,7.118138790E0,-3.957369232E1,4.130393583E1
1.292089308E1,9.416753769E0,7.084540367E0,-3.956537628E1,4.128298638E1
1.293088108E1,9.318846703E0,7.028606892E0,-3.956272125E1,4.124865006E1
1.294086908E1,9.527858734E0,7.058043480E0,-3.958203888E1,4.131989680E1
1.295085708E1,9.279339790E0,7.063528538E0,-3.961853790E1,4.129925094E1
1.296084508E1,9.574960709E0,6.943398476E0,-3.955614471E1,4.128655035E1
1.297083308E1,9.469115257E0,6.927612782E0,-3.976772308E1,4.146236561E1
1.298082108E1,9.530401230E0,7.025009632E0,-3.961199188E1,4.134355099E1
1.299080908E1,9.537299156E0,6.944454193E0,-3.973792267E1,4.145223778E1
1.300079708E1,9.674947739E0,6.912652493E0,-3.961165619E1,4.135786121E1
1.301078608E1,9.731589317E0,6.963650227E0,-3.967388153E1,4.143927039E1
1.302077408E1,9.731238365E0,6.987236023E0,-3.970006561E1,4.146822491E1
1.303076208E1,9.636201859E0,6.972869873E0,-3.969432831E1,4.143811048E1
1.304075008E1,9.723171234E0,6.911734104E0,-3.983829498E1,4.158607789E1
1.305073808E1,9.476846695E0,6.950006008E0,-3.978733063E1,4.148668323E1
1.306072608E1,9.503542900E0,7.076477051E0,-3.955561066E1,4.129213230E1
1.307071408E1,9.650702477E0,6.960477352E0,-3.977136993E1,4.151320476E1
1.308070208E1,9.603587151E0,6.890141010E0,-3.973247528E1,4.145325706E1
1.309069008E1,9.525293350E0,6.851740360E0,-3.976656342E1,4.146151378E1
1.310067908E1,9.581015587E0,6.823127270E0,-3.976285553E1,4.146607777E1
1.311066671E1,9.555885315E0,6.827329636E0,-3.984049225E1,4.153543303E1
1.312065471E1,9.656757355E0,6.746568203E0,-3.970343781E1,4.141415360E1
1.313064271E1,9.750329018E0,6.645020485E0,-3.979888153E1,4.151115735E1
1.314063071E1,9.574316025E0,6.995067596E0,-3.973456573E1,4.146606097E1
1.315061871E1,9.425409317E0,6.988645554E0,-3.991312408E1,4.160212713E1
1.316060671E1,9.620856285E0,6.977593899E0,-3.982050323E1,4.155622902E1
1.317059471E1,9.562617302E0,6.863378048E0,-3.981067657E1,4.151432978E1
1.318058271E1,9.565941811E0,6.810414791E0,-3.999726105E1,4.168536774E1
1.319057071E1,9.493521690E0,6.878455162E0,-3.997127533E1,4.165504712E1
1.320055971E1,9.530208588E0,6.788398266E0,-3.983132172E1,4.151435193E1
1.321054771E1,9.593254089E0,6.763814926E0,-3.999073029E1,4.167779055E1
1.322053571E1,9.624219894E0,6.856710911E0,-3.981420135E1,4.153084062E1
1.323052371E1,9.629430771E0,6.785800934E0,-3.986631012E1,4.157037062E1
1.324051171E1,9.680450439E0,6.772169113E0,-3.966594696E1,4.138792993E1
1.325049971E1,9.533065796E0,6.769762993E0,-4.004270172E1,4.171482944E1
1.326048771E1,9.615609169E0,6.807557583E0,-3.992528534E1,4.162728900E1
1.327047571E1,9.745440483E0,6.823811054E0,-4.000032806E1,4.173205306E1
1.328046371E1,9.631937027E0,6.810076237E0,-3.989617157E1,4.160355580E1
1.329045171E1,9.721073151E0,6.742789268E0,-3.981575775E1,4.153623762E1
1.330044071E1,9.649671555E0,6.789363861E0,-3.977536774E1,4.148845022E1
1.331042871E1,9.668080330E0,6.801833153E0,-3.980826569E1,4.152631369E1
1.332041671E1,9.775809288E0,6.762798786E0,-3.966400909E1,4.140695005E1
1.333040471E1,9.751038551E0,6.571455479E0,-3.975778961E1,4.146020519E1
1.334039271E1,9.860058784E0,6.587721825E0,-3.979105377E1,4.152043832E1
1.335038071E1,9.707392693E0,6.656504631E0,-3.975827789E1,4.146399870E1
1.336036871E1,9.596667290E0,6.735518456E0,-3.954322052E1,4.124475144E1
1.337035671E1,9.632810593E0,6.693591595E0,-3.969013214E1,4.138721781E1
1.338034471E1,9.720120430E0,6.666114330E0,-3.985311127E1,4.155945499E1
1.339033271E1,9.842144012E0,6.597055435E0,-3.978531647E1,4.151217105E1
1.340032171E1,9.808615685E0,6.560415268E0,-3.955846405E1,4.128098919E1
1.341030971E1,9.730618477E0,6.689940929E0,-3.972013092E1,4.143825583E1
1.342029771E1,9.693301201E0,6.800641060E0,-3.992499542E1,4.164389591E1
1.343028571E1,9.729412079E0,6.720029354E0,-3.988253021E1,4.159851524E1
1.344027371E1,9.495804787E0,6.854298592E0,-3.991941071E1,4.160181569E1
1.345026171E1,9.597675323E0,6.713555813E0,-4.001941681E1,4.169821249E1
1.346024971E1,9.666380882E0,6.613133907E0,-3.979802704E1,4.148560492E1
1.347023771E1,9.619271278E0,6.730761528E0,-3.989087677E1,4.158263556E1
1.348022571E1,9.519375801E0,6.739481926E0,-3.978199005E1,4.145655394E1
1.349021371E1,9.606774330E0,6.749834538E0,-3.985688019E1,4.155022596E1
1.350020271E1,9.611660957E0,6.804358959E0,-3.992690277E1,4.162740554E1
1.351019071E1,9.719221115E0,6.679442883E0,-3.999175262E1,4.169434607E1
1.352017871E1,9.652583122E0,6.662033081E0,-3.995980072E1,4.164541655E1
1.353016671E1,9.708544731E0,6.680285454E0,-3.987696075E1,4.158189574E1
1.354015471E1,9.712813377E0,6.742123127E0,-3.983934784E1,4.155681177E1
1.355014271E1,9.696682930E0,6.764853477E0,-3.973126984E1,4.145313867E1
1.356013071E1,9.555194855E0,6.793766022E0,-3.978530121E1,4.147682724E1
1.357011871E1,9.803020477E0,6.710988045E0,-3.977014923E1,4.150664213E1
1.358010671E1,9.703690529E0,6.767038822E0,-3.985848236E1,4.157707350E1
1.359009571E1,9.773019791E0,6.624436855E0,-3.982883453E1,4.154192027E1
1.360008371E1,9.549609184E0,6.848639965E0,-3.986359406E1,4.155965635E1
1.361007171E1,9.551694870E0,6.767475128E0,-3.972534943E1,4.141421231E1
1.362005971E1,9.451839447E0,6.846788883E0,-3.970259857E1,4.138250984E1
1.363004771E1,9.594233513E0,6.754656792E0,-3.969855499E1,4.139625555E1
1.364003571E1,9.677408218E0,6.682424545E0,-3.976584625E1,4.146841636E1
1.365002371E1,9.679587364E0,6.830420017E0,-3.965413666E1,4.138598317E1
1.366001171E1,9.478719711E0,6.759342194E0,-3.960941315E1,4.128486943E1
1.366999971E1,9.732384682E0,6.895895958E0,-3.977694702E1,4.152683719E1
1.367998771E1,9.732384682E0,6.895895958E0,-3.977694702E1,4.152683719E1
1.368997671E1,9.563037872E0,6.903751850E0,-3.966030884E1,4.137696920E1
1.369996471E1,9.625330925E0,6.929686546E0,-3.958001709E1,4.131882505E1
1.370995271E1,9.539423943E0,6.973450661E0,-3.960255432E1,4.132785903E1
1.371994071E1,9.472598076E0,6.980164528E0,-3.945892334E1,4.117595709E1
1.372992871E1,9.431146622E0,7.047986031E0,-3.954968262E1,4.126497339E1
1.373991671E1,9.524786949E0,6.895711422E0,-3.967266846E1,4.137865422E1
1.374990471E1,9.459350586E0,7.029451847E0,-3.993634033E1,4.163896956E1
1.375989271E1,9.599870682E0,7.053466797E0,-3.998646545E1,4.172321093E1
1.376988071E1,9.486581802E0,6.967111588E0,-3.991162109E1,4.161097663E1
1.377986871E1,9.614508629E0,7.013640881E0,-3.976483154E1,4.150749044E1
1.378985771E1,9.604907036E0,6.873699665E0,-3.971101379E1,4.143026192E1
1.379984571E1,9.532639503E0,6.930160999E0,-3.978276062E1,4.149176292E1
1.380983371E1,9.395663261E0,6.981718063E0,-3.949549866E1,4.119365594E1
1.381982171E1,9.519884109E0,6.957847595E0,-3.948640442E1,4.120941604E1
1.382980971E1,9.636977196E0,6.841195107E0,-3.947679138E1,4.120789169E1
1.383979771E1,9.604959488E0,6.974081516E0,-3.969812012E1,4.143469320E1
1.384978571E1,9.521094322E0,6.945413113E0,-3.960980225E1,4.132585673E1
1.385977371E1,9.620653152E0,6.886123180E0,-3.939828491E1,4.113636486E1
1.386976171E1,9.610356331E0,6.820497990E0,-3.955561829E1,4.127378199E1
1.387974971E1,9.627631187E0,6.848562717E0,-3.974688721E1,4.146575860E1
1.388973871E1,9.591897011E0,6.762214184E0,-3.974127197E1,4.143791412E1
1.389972671E1,9.727619171E0,6.750813961E0,-3.970457458E1,4.143251509E1
1.390971471E1,9.782359123E0,6.652894974E0,-3.979740906E1,4.151854199E1
1.391970271E1,9.708808899E0,6.696231365E0,-3.971850586E1,4.143259819E1
1.392969071E1,9.642421722E0,6.781517029E0,-3.974522400E1,4.145658091E1
1.393967871E1,9.780695915E0,6.818922043E0,-3.964871216E1,4.140265796E1
1.394966671E1,9.613726616E0,6.905237675E0,-3.985626221E1,4.157676856E1
1.395965471E1,9.788805008E0,6.900789261E0,-3.977876282E1,4.154264757E1
1.396964271E1,9.510214806E0,6.900974751E0,-3.973536682E1,4.143630069E1
1.397963071E1,9.545653343E0,6.827726841E0,-3.964326477E1,4.134399344E1
1.398961971E1,9.706783295E0,6.853141785E0,-3.971549988E1,4.145489265E1
1.399960771E1,9.733408928E0,6.848345757E0,-3.984701538E1,4.158634059E1
1.400959571E1,9.814440727E0,6.808818340E0,-3.999523926E1,4.174089622E1
1.401958371E1,9.783010483E0,6.766414165E0,-3.992292786E1,4.165731416E1
1.402957171E1,9.644557953E0,6.754291058E0,-4.000199890E1,4.169889521E1
1.403955971E1,9.695668221E0,6.861485004E0,-3.996055603E1,4.168851157E1
1.404954771E1,9.683721542E0,6.931149006E0,-3.995759583E1,4.169442113E1
1.405953571E1,9.735043526E0,7.008503437E0,-3.991653442E1,4.167997017E1
1.406952371E1,9.491357803E0,6.877638817E0,-4.009863281E1,4.177664589E1
1.407951171E1,9.636750221E0,6.812350750E0,-3.989680481E1,4.160565000E1
1.408949971E1,9.728115082E0,6.771511555E0,-3.981214905E1,4.153909970E1
1.409948871E1,9.720781326E0,6.874812126E0,-3.971813965E1,4.146428883E1
1.410947671E1,9.752118111E0,6.837275505E0,-3.973599243E1,4.148254137E1
1.411946496E1,9.853910446E0,6.729636192E0,-3.977914429E1,4.153032476E1
1.412945296E1,9.702363968E0,6.869290829E0,-3.981851196E1,4.155522732E1
1.413944096E1,9.750031471E0,6.876748085E0,-3.982054138E1,4.156955970E1
1.414942896E1,9.711146355E0,6.897067547E0,-3.991940308E1,4.165854830E1
1.415941696E1,9.624715805E0,6.952278137E0,-3.982304382E1,4.155531428E1
1.416940496E1,9.714308739E0,6.891907215E0,-3.991293335E1,4.165223197E1
1.417939296E1,9.654520988E0,6.903412342E0,-3.997576904E1,4.170046748E1
1.418938096E1,9.703764915E0,6.893118382E0,-3.992988586E1,4.166622037E1
1.419936996E1,9.602180481E0,6.894500256E0,-3.991340637E1,4.162710670E1
1.420935796E1,9.625686646E0,6.915426731E0,-4.000849915E1,4.172717309E1
1.421934596E1,9.690559387E0,6.933379173E0,-3.983297729E1,4.157697401E1
1.422933396E1,9.821599007E0,6.766747475E0,-3.984861755E1,4.159525213E1
1.423932196E1,9.732977867E0,6.975891590E0,-3.963044739E1,4.140007587E1
1.424930996E1,9.749608040E0,6.840150833E0,-3.972290039E1,4.146988469E1
1.425929796E1,9.625335693E0,6.957594395E0,-3.981221008E1,4.154596585E1
1.426928596E1,9.583722115E0,6.976076126E0,-3.984037781E1,4.156644165E1
1.427927396E1,9.656347275E0,6.849842072E0,-3.971147156E1,4.143870597E1
1.428926196E1,9.756911278E0,6.794255257E0,-4.006079102E1,4.178787143E1
1.429925096E1,9.642740250E0,6.942327499E0,-3.985867310E1,4.159197244E1
1.430923896E1,9.663690567E0,6.876336098E0,-3.987062073E1,4.159732336E1
1.431922696E1,9.643215179E0,6.890738964E0,-3.992762756E1,4.164960174E1
1.432921496E1,9.732072830E0,6.912827969E0,-3.996492004E1,4.170965435E1
1.433920296E1,9.741742134E0,6.957921028E0,-3.993612671E1,4.169182679E1
1.434919096E1,9.622332573E0,6.910618782E0,-4.010862732E1,4.182162026E1
1.435917896E1,9.523310661E0,6.975696564E0,-3.981384277E1,4.152704980E1
1.436916696E1,9.657535553E0,6.904838085E0,-3.998213196E1,4.170750122E1
1.437915496E1,9.678053856E0,7.013141632E0,-4.014346313E1,4.188491989E1
1.438914296E1,9.646757126E0,6.940274715E0,-3.993571472E1,4.166639709E1
1.439913196E1,9.806010246E0,6.929043770E0,-3.988322449E1,4.165142351E1
1.440911996E1,9.817637444E0,6.874203682E0,-4.010037231E1,4.185308281E1
1.441910796E1,9.709647179E0,6.888265610E0,-3.971217346E1,4.145819789E1
1.442909596E1,9.803453445E0,6.830286503E0,-3.988517761E1,4.163637720E1
1.443908396E1,9.688276291E0,6.984085560E0,-3.986376953E1,4.161442382E1
1.444907196E1,9.754077911E0,6.788459778E0,-4.000227356E1,4.173017028E1
1.445905996E1,9.550185204E0,6.939739227E0,-3.995872498E1,4.166612197E1
1.446904796E1,9.628725052E0,6.898992538E0,-3.984265137E1,4.156615585E1
1.447903596E1,9.578434944E0,6.862203598E0,-3.985804749E1,4.156320733E1
1.448902396E1,9.568776131E0,6.977663994E0,-3.999740601E1,4.171380777E1
1.449901196E1,9.617572784E0,6.883244991E0,-3.988279724E1,4.159945052E1
1.450900096E1,9.673508644E0,6.918211460E0,-3.994105530E1,4.167404849E1
1.451898896E1,9.673508644E0,6.918211460E0,-3.994105530E1,4.167404849E1
1.452897696E1,9.727503777E0,6.762371063E0,-3.987840271E1,4.160097348E1
1.453896496E1,9.596738815E0,7.037124634E0,-3.985911560E1,4.159768762E1
1.454895296E1,9.528771400E0,6.881774426E0,-3.990759277E1,4.160255118E1
1.455894096E1,9.648301125E0,6.913393497E0,-4.000413513E1,4.172787500E1
1.456892896E1,9.540968895E0,6.967017174E0,-4.006881714E1,4.177414898E1
1.457891696E1,9.773507118E0,6.813114166E0,-4.007714844E1,4.181049860E1
1.458890496E1,9.635670662E0,6.805476189E0,-4.008049011E1,4.178045408E1
1.459889296E1,9.604234695E0,6.823508263E0,-4.010940552E1,4.180389934E1
1.460888196E1,9.621900558E0,6.773427010E0,-4.031666565E1,4.199873585E1
1.461886996E1,9.647101402E0,6.939713001E0,-4.016993713E1,4.189093018E1
1.462885796E1,9.630105972E0,6.860239506E0,-3.997372437E1,4.168573457E1
1.463884596E1,9.776586533E0,6.794218540E0,-4.005868530E1,4.179044530E1
1.464883396E1,9.744255066E0,6.794301987E0,-3.984655762E1,4.157957672E1
1.465882196E1,9.750313759E0,6.883083820E0,-4.004833984E1,4.178893377E1
1.466880996E1,9.785997391E0,6.735442638E0,-4.002050781E1,4.174653253E1
1.467879796E1,9.870709419E0,6.797331810E0,-3.970701599E1,4.147627928E1
1.468878596E1,9.589291573E0,6.771936893E0,-3.999420166E1,4.168152839E1
1.469877396E1,9.715585709E0,6.745693684E0,-3.995805359E1,4.167184944E1
1.470876296E1,9.659366608E0,6.831261635E0,-3.992939758E1,4.164524331E1
1.471875096E1,9.649435997E0,6.896943092E0,-4.002709961E1,4.174743276E1
1.472873896E1,9.636545181E0,6.762223244E0,-4.007238770E1,4.176585833E1
1.473872696E1,9.578984261E0,6.787913799E0,-4.000050354E1,4.168780393E1
1.474871496E1,9.632987976E0,6.893338680E0,-3.989370728E1,4.161514695E1
1.475870296E1,9.725555420E0,6.766055107E0,-3.985418701E1,4.157790462E1
1.476869096E1,9.650840759E0,6.714852333E0,-4.003540039E1,4.172602609E1
1.477867896E1,9.689898491E0,6.876266956E0,-3.992974854E1,4.166007679E1
1.478866696E1,9.722158432E0,6.711430550E0,-3.999645996E1,4.170468168E1
1.479865496E1,9.788387299E0,6.757750034E0,-3.977552795E1,4.151592870E1
1.480864396E1,9.643584251E0,6.828132629E0,-3.986824036E1,4.158243261E1
1.481863196E1,9.617545128E0,6.931802273E0,-3.985058594E1,4.157663114E1
1.482861996E1,9.583094597E0,6.967595577E0,-3.990106201E1,4.162304458E1
1.483860796E1,9.640085220E0,6.930243492E0,-3.995214844E1,4.167893572E1
1.484859596E1,9.526699066E0,6.798849106E0,-3.997325134E1,4.165144856E1
1.485858396E1,9.567543983E0,6.920870304E0,-4.000480652E1,4.171116024E1
1.486857196E1,9.389525414E0,6.833918095E0,-3.998167419E1,4.163411937E1
1.487855996E1,9.592153549E0,6.777822018E0,-3.971583557E1,4.141613063E1
1.488854796E1,9.545962334E0,6.736970425E0,-3.974621582E1,4.142793550E1
1.489853596E1,9.604315758E0,6.684681892E0,-3.978469849E1,4.146986963E1
1.490852396E1,9.705675125E0,6.622784615E0,-3.997674561E1,4.166775246E1
1.491851296E1,9.494032860E0,6.677803040E0,-3.994358826E1,4.159591273E1
1.492850096E1,9.468893051E0,6.773967266E0,-3.992378235E1,4.158671621E1
1.493848896E1,9.531676292E0,6.718025684E0,-3.979508972E1,4.146846860E1
1.494847696E1,9.382639885E0,6.719810009E0,-3.998039246E1,4.161275716E1
1.495846496E1,9.630434990E0,6.773751736E0,-3.978871155E1,4.149422318E1
1.496845296E1,9.564455032E0,6.770852566E0,-3.982319641E1,4.151156727E1
1.497844096E1,9.527730942E0,6.887592793E0,-3.981095886E1,4.151058946E1
1.498842896E1,9.397322655E0,6.953205585E0,-4.006262207E1,4.173332515E1
1.499841696E1,9.448124886E0,6.744062901E0,-3.991613770E1,4.156979068E1
1.500840496E1,9.524815559E0,6.679954529E0,-4.000935364E1,4.166644072E1
1.501839396E1,9.633621216E0,6.676128387E0,-3.985000610E1,4.153793850E1
1.502838196E1,9.550810814E0,6.631899357E0,-3.994598389E1,4.160386647E1
1.503836996E1,9.517800331E0,6.789775848E0,-3.991503906E1,4.159206562E1
1.504835796E1,9.584336281E0,6.773677349E0,-3.995605469E1,4.164406936E1
1.505834596E1,9.570961952E0,6.633846760E0,-3.973278809E1,4.140417472E1
1.506833396E1,9.568913460E0,6.594988346E0,-4.001095581E1,4.166454801E1
1.507832196E1,9.497823715E0,6.635615826E0,-3.988870239E1,4.153731613E1
1.508830996E1,9.598933220E0,6.572982788E0,-4.000782776E1,4.166497214E1
1.509829796E1,9.623965263E0,6.605774403E0,-3.976951599E1,4.144721179E1
1.510828596E1,9.671140671E0,6.642375469E0,-3.976733398E1,4.146194600E1
1.511827312E1,9.628077507E0,6.743547916E0,-3.982327271E1,4.152190222E1
1.512826212E1,9.667366028E0,6.621789455E0,-3.990771484E1,4.159244842E1
1.513825012E1,9.729296684E0,6.732624054E0,-3.993894958E1,4.165461721E1
1.514823812E1,9.647205353E0,6.673980713E0,-4.005691528E1,4.173927469E1
1.515822612E1,9.534034729E0,6.729237556E0,-3.973973083E1,4.141770954E1
1.516821412E1,9.678872108E0,6.706648827E0,-3.987849426E1,4.158069274E1
1.517820212E1,9.534347534E0,6.771741390E0,-3.994795227E1,4.162450186E1
1.518819012E1,9.542173386E0,6.777517796E0,-3.993206787E1,4.161199184E1
1.519817812E1,9.681625366E0,6.663288593E0,-4.005908203E1,4.174761476E1
1.520816612E1,9.583467484E0,6.710169792E0,-3.999734497E1,4.167321481E1
1.521815412E1,9.720559120E0,6.663835049E0,-3.998988342E1,4.169036751E1
1.522814312E1,9.658756256E0,6.691494942E0,-3.999369812E1,4.168409248E1
1.523813112E1,9.597928047E0,6.927162170E0,-3.974606323E1,4.147113865E1
1.524811912E1,9.667300224E0,6.777978897E0,-3.979702759E1,4.151145741E1
1.525810712E1,9.582785606E0,6.833108902E0,-3.979685974E1,4.150073737E1
1.526809512E1,9.850264549E0,6.735447407E0,-3.996243286E1,4.170599482E1
1.527808312E1,9.616934776E0,6.868521214E0,-3.995042419E1,4.166171398E1
1.528807112E1,9.657958031E0,6.902186871E0,-3.987403870E1,4.160354911E1
1.529805912E1,9.539951324E0,6.925895214E0,-3.984039307E1,4.154799171E1
1.530804712E1,9.526210785E0,6.806355953E0,-3.985112000E1,4.153536972E1
1.531803512E1,9.578616142E0,6.930812359E0,-3.966104126E1,4.138579758E1
1.532802312E1,9.657662392E0,6.893631458E0,-3.984838867E1,4.157747801E1
1.533801212E1,9.732195854E0,6.868476391E0,-3.985786438E1,4.159977112E1
1.534800012E1,9.697922707E0,6.834518433E0,-3.989074707E1,4.161768913E1
1.535798812E1,9.697922707E0,6.834518433E0,-3.989074707E1,4.161768913E1
1.536797612E1,9.512147903E0,6.895611286E0,-3.986836243E1,4.156340620E1
1.537796412E1,9.690563202E0,6.889823914E0,-3.983975220E1,4.157622570E1
1.538795212E1,9.627771378E0,6.785009861E0,-3.971458435E1,4.142437146E1
1.539794012E1,9.710960388E0,6.765429020E0,-3.976885986E1,4.149260171E1
1.540792812E1,9.653520584E0,6.983623028E0,-3.977209473E1,4.151844131E1
1.541791612E1,9.606629372E0,6.957019806E0,-3.982392883E1,4.155277079E1
1.542790412E1,9.575905800E0,6.865744591E0,-3.979948425E1,4.150705202E1
1.543789312E1,9.520932198E0,6.859557152E0,-3.987281799E1,4.156372564E1
1.544788112E1,9.476490021E0,6.947809696E0,-3.981243896E1,4.151031461E1
1.545786912E1,9.590739250E0,6.919776917E0,-3.994984436E1,4.166360110E1
1.546785712E1,9.464373589E0,6.976814270E0,-3.984683228E1,4.154540104E1
1.547784512E1,9.658746719E0,6.921438694E0,-3.955624390E1,4.130247127E1
1.548783312E1,9.591447830E0,6.873585224E0,-3.977276611E1,4.148632268E1
1.549782112E1,9.632627487E0,6.858011723E0,-3.970991516E1,4.143304477E1
1.550780912E1,9.522917747E0,6.925963402E0,-3.968972778E1,4.139963071E1
1.551779712E1,9.705341339E0,6.797664165E0,-3.959094238E1,4.132607660E1
1.552778512E1,9.799014091E0,6.829985619E0,-3.949050903E1,4.125735915E1
1.553777312E1,9.765211105E0,6.800890923E0,-3.981019592E1,4.155073001E1
1.554776212E1,9.690934181E0,6.730913162E0,-3.972222900E1,4.143760218E1
1.555775012E1,9.854493141E0,6.705495358E0,-3.965098572E1,4.140380866E1
1.556773812E1,9.603549957E0,6.835540771E0,-3.959884644E1,4.131611584E1
1.557772612E1,9.877685547E0,6.804928303E0,-3.956672668E1,4.134490998E1
1.558771412E1,9.721341133E0,6.813484669E0,-3.974407959E1,4.147915030E1
1.559770212E1,9.765361786E0,6.755773067E0,-3.964398193E1,4.138415233E1
1.560769012E1,9.655937195E0,6.820889950E0,-3.966218567E1,4.138659970E1
1.561767812E1,9.775466919E0,6.761417389E0,-3.961744690E1,4.136204320E1
1.562766612E1,9.709124565E0,6.770350933E0,-3.951969910E1,4.125422849E1
1.563765412E1,9.838176727E0,6.852776527E0,-3.950874329E1,4.128790457E1
1.564764212E1,9.781650543E0,6.626990795E0,-3.949308777E1,4.122258696E1
1.565763112E1,9.960751534E0,6.577019215E0,-3.971624756E1,4.147112336E1
1.566761912E1,9.707551956E0,6.658224106E0,-3.970591736E1,4.141410854E1
1.567760712E1,9.863381386E0,6.689795971E0,-3.981893921E1,4.156425847E1
1.568759512E1,9.597065926E0,6.720446587E0,-3.978937531E1,4.147845783E1
1.569758312E1,9.572833061E0,6.757773876E0,-3.972162628E1,4.141393769E1
1.570757112E1,9.694297791E0,6.660340309E0,-3.980751801E1,4.150877055E1
1.571755912E1,9.730176926E0,6.638001919E0,-3.974585724E1,4.145446393E1
1.572754712E1,9.703307152E0,6.555156231E0,-3.995636749E1,4.163694929E1
1.573753512E1,9.901229858E0,6.825981617E0,-3.998366547E1,4.175310625E1
1.574752312E1,9.762273788E0,6.653597832E0,-3.999948883E1,4.170769066E1
1.575751112E1,9.968105316E0,6.649378777E0,-3.973854828E1,4.150577768E1
1.576750012E1,9.799482346E0,6.762959480E0,-3.981595612E1,4.155812600E1
1.577748812E1,9.863346100E0,6.848326683E0,-3.982601166E1,4.159683136E1
1.578747612E1,9.815131187E0,6.804146767E0,-3.956377411E1,4.132705452E1
1.579746412E1,9.835990906E0,6.662022114E0,-3.984285736E1,4.157622564E1
1.580745212E1,9.686713219E0,6.688072205E0,-3.954923248E1,4.126384026E1
1.581744012E1,9.720049858E0,6.617087364E0,-3.965901947E1,4.136548126E1
1.582742812E1,9.660461426E0,6.658298016E0,-3.973101044E1,4.142717270E1
1.583741612E1,9.717523575E0,6.779645443E0,-3.972168732E1,4.145125209E1
1.584740412E1,9.694673538E0,6.771118164E0,-3.985024261E1,4.156773475E1
1.585739212E1,9.887158394E0,6.583610535E0,-3.963143158E1,4.137330296E1
1.586738112E1,9.633018494E0,6.667251110E0,-3.975418854E1,4.144445426E1
1.587736912E1,9.696973801E0,6.613519669E0,-3.959319305E1,4.129637853E1
1.588735712E1,9.703561783E0,6.598991394E0,-3.966707611E1,4.136644444E1
1.589734512E1,9.697238922E0,6.586112499E0,-3.968090057E1,4.137616694E1
1.590733312E1,9.688889503E0,6.588025093E0,-3.962191010E1,4.131794300E1
1.591732112E1,9.799329758E0,6.619036198E0,-3.944925690E1,4.118352066E1
1.592730912E1,9.692358017E0,6.678370476E0,-3.954454803E1,4.125910464E1
1.593729712E1,9.789117813E0,6.625286102E0,-3.953571320E1,4.126492289E1
1.594728512E1,9.751607895E0,6.577036858E0,-3.969747162E1,4.140338782E1
1.595727312E1,9.863256454E0,6.676055908E0,-3.965067291E1,4.140083831E1
1.596726112E1,9.804189682E0,6.685975075E0,-3.973729706E1,4.147140190E1
1.597725012E1,9.921077728E0,6.568460464E0,-3.958811188E1,4.133752603E1
1.598723812E1,9.772069931E0,6.532623768E0,-3.953688812E1,4.124723077E1
1.599722612E1,9.803485870E0,6.620035172E0,-3.942978668E1,4.116602092E1
1.600721412E1,9.788248062E0,6.491816521E0,-3.957038116E1,4.127673131E1
1.601720212E1,9.728873253E0,6.604480267E0,-3.968807220E1,4.139339573E1
1.602719012E1,9.748761177E0,6.541423798E0,-3.969696808E1,4.139659218E1
1.603717812E1,9.889594078E0,6.639590740E0,-3.961901093E1,4.137093500E1
1.604716612E1,9.867914200E0,6.651636124E0,-3.994715118E1,4.168206906E1
1.605715412E1,9.961668968E0,6.444593430E0,-3.975470734E1,4.148740036E1
1.606714212E1,9.960276604E0,6.611213207E0,-3.977858734E1,4.153614403E1
1.607713012E1,1.005665016E1,6.568228245E0,-3.971697235E1,4.149356248E1
1.608711912E1,1.007242107E1,6.435613155E0,-3.989188385E1,4.164412540E1
1.609710712E1,9.908206940E0,6.583800793E0,-3.982869720E1,4.156734438E1
1.610709512E1,9.989010811E0,6.594908237E0,-3.993828583E1,4.169340267E1
1.611708383E1,9.916275978E0,6.602239132E0,-3.981366730E1,4.155779343E1
1.612707183E1,9.871777534E0,6.556677341E0,-3.991889191E1,4.164084462E1
1.613705983E1,9.808156967E0,6.762499332E0,-4.005464935E1,4.178882955E1
1.614704783E1,9.923050880E0,6.584201336E0,-3.993520355E1,4.167300240E1
1.615703583E1,9.801867485E0,6.647462368E0,-3.989614105E1,4.161691282E1
1.616702383E1,9.904645920E0,6.638897896E0,-3.976805878E1,4.151717084E1
1.617701183E1,9.801334381E0,6.675037384E0,-3.972274017E1,4.145501618E1
1.618699983E1,9.845482826E0,6.702832222E0,-3.988167572E1,4.162222423E1
1.619698883E1,9.845482826E0,6.702832222E0,-3.988167572E1,4.162222423E1
1.620697683E1,9.751911163E0,6.739953995E0,-3.974814606E1,4.147820953E1
1.621696483E1,9.899346352E0,6.709333420E0,-3.967087555E1,4.143417165E1
1.622695283E1,9.833971024E0,6.636836052E0,-3.969303131E1,4.142814639E1
1.623694083E1,9.876232147E0,6.576217651E0,-3.981214142E1,4.154266728E1
1.624692883E1,9.781239510E0,6.659719467E0,-3.973497772E1,4.145953406E1
1.625691683E1,9.776144981E0,6.561596870E0,-3.998648834E1,4.168389154E1
1.626690483E1,9.783711433E0,6.559388638E0,-3.979920197E1,4.150569920E1
1.627689283E1,9.985355377E0,6.415410995E0,-3.996582794E1,4.169091296E1
1.628688083E1,9.807035446E0,6.516658306E0,-3.997960663E1,4.167749664E1
1.629686883E1,1.005015373E1,6.325440407E0,-4.002567291E1,4.175010513E1
1.630685783E1,9.937999725E0,6.437115669E0,-3.997061920E1,4.168753646E1
1.631684583E1,9.762829781E0,6.462099075E0,-3.990557098E1,4.158757225E1
1.632683383E1,9.924471855E0,6.509882450E0,-3.949945831E1,4.124416223E1
1.633682183E1,9.817925453E0,6.503549576E0,-3.969707489E1,4.140707152E1
1.634680983E1,9.819355965E0,6.561490059E0,-3.968444061E1,4.140444095E1
1.635679783E1,9.910846710E0,6.522571087E0,-3.982621002E1,4.155593605E1
1.636678583E1,9.821187019E0,6.486638546E0,-4.003659821E1,4.173082062E1
1.637677383E1,9.951920509E0,6.399181366E0,-3.992235565E1,4.163874067E1
1.638676183E1,9.859970093E0,6.469368458E0,-3.978160858E1,4.149274780E1
1.639674983E1,9.890192032E0,6.543738842E0,-3.973912811E1,4.147089003E1
1.640673783E1,9.768391609E0,6.522474766E0,-3.985114288E1,4.154609176E1
1.641672683E1,9.921360970E0,6.527371407E0,-3.975977325E1,4.149553651E1
1.642671483E1,9.807237625E0,6.493233681E0,-3.966172028E1,4.136902282E1
1.643670283E1,9.729914665E0,6.610590935E0,-3.966613007E1,4.137357884E1
1.644669083E1,9.648654938E0,6.526786804E0,-3.969008636E1,4.136421695E1
1.645667883E1,9.847853661E0,6.541075706E0,-3.942945099E1,4.116366721E1
1.646666683E1,9.700593948E0,6.650351048E0,-3.966922760E1,4.137603546E1
1.647665483E1,9.771422386E0,6.534740925E0,-3.966321564E1,4.136851712E1
1.648664283E1,9.669059753E0,6.539355278E0,-3.983293915E1,4.150803446E1
1.649663083E1,9.802996635E0,6.587844372E0,-3.977922821E1,4.149560740E1
1.650661883E1,9.857739449E0,6.569320202E0,-3.970931244E1,4.143863523E1
1.651660683E1,9.932833672E0,6.528429031E0,-3.987831879E1,4.161204008E1
1.652659583E1,9.918435097E0,6.482340336E0,-3.970401764E1,4.143434696E1
1.653658383E1,9.933047295E0,6.418245316E0,-3.968195343E1,4.140672324E1
1.654657183E1,9.922076225E0,6.368565083E0,-3.956902313E1,4.128818002E1
1.655655983E1,9.965051651E0,6.485428810E0,-3.945720673E1,4.120963727E1
1.656654783E1,9.905772209E0,6.498287201E0,-3.997383881E1,4.169244354E1
1.657653583E1,9.889719963E0,6.554529190E0,-3.998743439E1,4.171047018E1
1.658652383E1,9.717339516E0,6.589835644E0,-4.005463409E1,4.173998483E1
1.659651183E1,9.787361145E0,6.653776169E0,-3.983818817E1,4.155895105E1
1.660649983E1,9.847384453E0,6.558361053E0,-3.977425385E1,4.149667877E1
1.661648783E1,9.848136902E0,6.528432369E0,-3.956922150E1,4.129563560E1
1.662647583E1,9.993719101E0,6.547553539E0,-3.964107513E1,4.140241197E1
1.663646483E1,9.971512794E0,6.620489120E0,-3.979799652E1,4.155890363E1
1.664645283E1,9.796912193E0,6.669224739E0,-3.987255096E1,4.159661486E1
1.665644083E1,9.833793640E0,6.655107021E0,-3.988356781E1,4.161361470E1
1.666642883E1,9.794000626E0,6.581314087E0,-3.977104950E1,4.148460584E1
1.667641683E1,9.968650818E0,6.494619370E0,-3.965544891E1,4.140179596E1
1.668640483E1,9.784232140E0,6.608098030E0,-3.976261139E1,4.147846939E1
1.669639283E1,1.001443577E1,6.439289570E0,-3.964244843E1,4.139175149E1
1.670638083E1,9.977660179E0,6.555978298E0,-3.959021759E1,4.135117753E1
1.671636883E1,9.951856613E0,6.512602806E0,-3.968029022E1,4.142437540E1
1.672635683E1,9.894965172E0,6.542862415E0,-3.969855499E1,4.143301404E1
1.673634483E1,1.000213528E1,6.487802029E0,-3.953351593E1,4.129204726E1
1.674633383E1,9.882607460E0,6.410630226E0,-3.953850555E1,4.125597571E1
1.675632183E1,9.868226051E0,6.444436550E0,-3.966187286E1,4.137604146E1
1.676630983E1,9.891848564E0,6.349362850E0,-3.973882294E1,4.144076646E1
1.677629783E1,9.893452644E0,6.468338013E0,-3.966284943E1,4.138673008E1
1.678628583E1,9.743857384E0,6.478741169E0,-3.978917694E1,4.147403339E1
1.679627383E1,9.914372444E0,6.588449478E0,-3.974536896E1,4.148971922E1
1.680626183E1,9.962040901E0,6.618767262E0,-3.962398529E1,4.138973966E1
1.681624983E1,9.943514824E0,6.587738037E0,-3.979660797E1,4.154565905E1
1.682623783E1,9.851459503E0,6.442216873E0,-3.997522736E1,4.167219954E1
1.683622583E1,9.849035263E0,6.503203392E0,-3.989366913E1,4.160288435E1
1.684621383E1,9.764171600E0,6.475444794E0,-3.995639801E1,4.163873406E1
1.685620283E1,9.885430336E0,6.586255550E0,-3.966185760E1,4.140245698E1
1.686619083E1,9.880382538E0,6.520532131E0,-3.976712799E1,4.149173131E1
1.687617883E1,9.950380325E0,6.509969711E0,-3.989167023E1,4.162613515E1
1.688616683E1,9.725139618E0,6.625566006E0,-3.998200226E1,4.167777549E1
1.689615483E1,9.729498863E0,6.695263386E0,-3.985153961E1,4.156482779E1
1.690614283E1,9.655986786E0,6.740367889E0,-3.991898346E1,4.161965738E1
1.691613083E1,9.679976463E0,6.669382095E0,-3.985689545E1,4.155423825E1
1.692611883E1,9.588810921E0,6.701062202E0,-3.977140045E1,4.145616750E1
1.693610683E1,9.735980988E0,6.743241787E0,-3.961386871E1,4.134633273E1
1.694609483E1,9.693071365E0,6.545419216E0,-3.991043854E1,4.158895586E1
1.695608283E1,9.770272255E0,6.594314098E0,-3.966458893E1,4.137901416E1
1.696607183E1,9.827262878E0,6.611658096E0,-3.972772980E1,4.145577925E1
1.697605983E1,9.829728127E0,6.595449924E0,-3.967024994E1,4.139869859E1
1.698604783E1,9.799068451E0,6.612385273E0,-3.972031403E1,4.144211297E1
1.699603583E1,9.827598572E0,6.631647110E0,-3.963683319E1,4.137195889E1
1.700602383E1,9.745803833E0,6.610788822E0,-3.970473480E1,4.141435967E1
1.701601183E1,9.802822113E0,6.623082161E0,-3.971924591E1,4.144368510E1
1.702599983E1,9.712018967E0,6.660562038E0,-3.984389496E1,4.154783225E1
1.703598783E1,9.824328423E0,6.565387726E0,-3.973116302E1,4.145102001E1
1.704597583E1,9.824328423E0,6.565387726E0,-3.973116302E1,4.145102001E1
1.705596383E1,9.927977562E0,6.481035233E0,-3.981250763E1,4.154039383E1
1.706595183E1,9.808299065E0,6.412839413E0,-3.960524750E1,4.130257703E1
1.707594083E1,9.736905098E0,6.420011044E0,-3.968389130E1,4.136224234E1
1.708592883E1,9.789547920E0,6.450717449E0,-3.956519318E1,4.126562147E1
1.709591683E1,9.860726357E0,6.471344471E0,-3.959456635E1,4.131394326E1
1.710590483E1,9.746695518E0,6.396261692E0,-3.962931061E1,4.130850392E1
1.711589271E1,9.829973221E0,6.450726032E0,-3.963948822E1,4.134645409E1
1.712588071E1,9.874480247E0,6.553195000E0,-3.959984589E1,4.133518500E1
1.713586871E1,9.803389549E0,6.639078140E0,-3.974393463E1,4.147003913E1
1.714585671E1,9.849864006E0,6.652572155E0,-3.964286041E1,4.138638567E1
1.715584471E1,9.923958778E0,6.413521290E0,-3.977535248E1,4.149333534E1
1.716583271E1,9.920660019E0,6.598048210E0,-3.968560028E1,4.143549933E1
1.717582071E1,1.001654625E1,6.434626102E0,-3.985663605E1,4.159671921E1
1.718580971E1,9.819130898E0,6.507623196E0,-3.997013092E1,4.166984350E1
1.719579771E1,9.885869026E0,6.467738628E0,-3.996543121E1,4.167490542E1
1.720578571E1,9.859846115E0,6.481733799E0,-3.978456879E1,4.149748609E1
1.721577371E1,9.751434326E0,6.463383198E0,-3.991687775E1,4.159594839E1
1.722576171E1,9.824270248E0,6.515141487E0,-3.957775116E1,4.129602573E1
1.723574971E1,9.884461403E0,6.359408379E0,-3.976705170E1,4.146761451E1
1.724573771E1,9.930628777E0,6.477395058E0,-3.982843781E1,4.155572756E1
1.725572571E1,9.881340027E0,6.564212799E0,-3.969518280E1,4.142990837E1
1.726571371E1,9.961483955E0,6.606005192E0,-3.961765289E1,4.138150418E1
1.727570171E1,9.963400841E0,6.613577366E0,-3.966718292E1,4.143059453E1
1.728568971E1,9.861063004E0,6.636767387E0,-3.968027496E1,4.142235467E1
1.729567771E1,1.004335690E1,6.428704262E0,-3.986116791E1,4.160660961E1
1.730566671E1,1.000057697E1,6.516234875E0,-3.985031891E1,4.159952853E1
1.731565471E1,9.981269836E0,6.532835484E0,-3.953885651E1,4.129921138E1
1.732564271E1,9.896939278E0,6.507825375E0,-3.962581635E1,4.135827026E1
1.733563071E1,9.821208000E0,6.402157784E0,-3.964203644E1,4.133926467E1
1.734561871E1,9.835272789E0,6.349279881E0,-3.979846954E1,4.148450462E1
1.735560671E1,9.971467972E0,6.408742905E0,-3.966136932E1,4.139476266E1
1.736559471E1,9.740070343E0,6.524478436E0,-3.962265778E1,4.132060985E1
1.737558271E1,9.974260330E0,6.471563339E0,-3.967198944E1,4.141538057E1
1.738557071E1,9.870841980E0,6.535764217E0,-3.956481171E1,4.129799100E1
1.739555871E1,9.946998596E0,6.490483761E0,-3.956345367E1,4.130782041E1
1.740554771E1,9.959405899E0,6.501327991E0,-3.942870331E1,4.118348791E1
1.741553571E1,1.004125977E1,6.499927521E0,-3.963452911E1,4.140014316E1
1.742552371E1,9.978701591E0,6.574882030E0,-3.958023834E1,4.134487666E1
1.743551171E1,1.008613586E1,6.538982391E0,-3.965325165E1,4.143511547E1
1.744549971E1,1.008874607E1,6.462625027E0,-3.973738861E1,4.150431752E1
1.745548771E1,9.984957695E0,6.645098686E0,-3.970922089E1,4.148106725E1
1.746547571E1,9.784637451E0,6.594487190E0,-3.953760529E1,4.126073949E1
1.747546371E1,1.003165722E1,6.571000576E0,-3.950669098E1,4.128669068E1
1.748545171E1,9.926890373E0,6.634298801E0,-3.969855499E1,4.145518474E1
1.749543971E1,9.918107986E0,6.717012882E0,-3.955573273E1,4.132968811E1
1.750542771E1,9.762598991E0,6.845009327E0,-3.970932770E1,4.146074285E1
1.751541571E1,9.866753578E0,6.741222382E0,-3.977497101E1,4.153125599E1
1.752540471E1,9.892227173E0,6.637127399E0,-3.990749359E1,4.164751689E1
1.753539271E1,9.808503151E0,6.716770172E0,-3.964267731E1,4.138675633E1
1.754538071E1,9.736218452E0,6.664804459E0,-3.970330048E1,4.141938721E1
1.755536871E1,9.788825989E0,6.634175777E0,-3.968860626E1,4.141278630E1
1.756535671E1,9.671671867E0,6.738755226E0,-3.967156219E1,4.138580561E1
1.757534471E1,9.773610115E0,6.751818180E0,-3.959539032E1,4.133890949E1
1.758533271E1,9.769241333E0,6.741989136E0,-3.962535858E1,4.136497959E1
1.759532071E1,9.911205292E0,6.592830181E0,-3.961186981E1,4.136178949E1
1.760530871E1,9.712352753E0,6.664886951E0,-3.986087799E1,4.156489033E1
1.761529671E1,9.680427551E0,6.649536133E0,-3.962905121E1,4.133265910E1
1.762528471E1,9.598586082E0,6.713763237E0,-3.945891571E1,4.116082483E1
1.763527371E1,9.913066864E0,6.644976616E0,-3.948358917E1,4.124776870E1
1.764526171E1,9.676565170E0,6.616175652E0,-3.974507904E1,4.143767611E1
1.765524971E1,9.650277138E0,6.603415489E0,-3.945038605E1,4.114688207E1
1.766523771E1,9.666831970E0,6.488430023E0,-3.966223907E1,4.133570579E1
1.767522571E1,9.691126823E0,6.632139206E0,-3.945391083E1,4.116447849E1
1.768521371E1,9.625067711E0,6.659995556E0,-3.964330292E1,4.133508117E1
1.769520171E1,9.668935776E0,6.632228374E0,-3.946872711E1,4.117347680E1
1.770518971E1,9.728425026E0,6.681580067E0,-3.963021088E1,4.135020411E1
1.771517771E1,9.675311089E0,6.673810005E0,-3.986754608E1,4.156407842E1
1.772516571E1,9.633694649E0,6.568902493E0,-3.986435699E1,4.153463026E1
1.773515371E1,9.785556793E0,6.627737522E0,-3.968384552E1,4.140642005E1
1.774514271E1,9.540443420E0,6.616657257E0,-3.988884735E1,4.154419763E1
1.775513071E1,9.810890198E0,6.588964939E0,-3.948744965E1,4.121803859E1
1.776511871E1,9.823151588E0,6.585384369E0,-3.970363617E1,4.142753094E1
1.777510671E1,9.821641922E0,6.548779011E0,-3.959528351E1,4.131752210E1
1.778509471E1,9.846067429E0,6.517980576E0,-3.973207855E1,4.144957395E1
1.779508271E1,9.887175560E0,6.605013847E0,-3.960916901E1,4.135539527E1
1.780507071E1,9.993801117E0,6.731390476E0,-3.963382721E1,4.142496757E1
1.781505871E1,9.956009865E0,6.627426147E0,-3.958550262E1,4.135283458E1
1.782504671E1,9.882716179E0,6.488513470E0,-3.988135529E1,4.159677134E1
1.783503471E1,9.940102577E0,6.463026524E0,-3.968489838E1,4.141820264E1
1.784502271E1,9.846161842E0,6.559659958E0,-3.978046417E1,4.150254657E1
1.785501071E1,9.860698700E0,6.537123680E0,-3.958475494E1,4.131489064E1
1.786499971E1,9.792834282E0,6.651713848E0,-3.985243988E1,4.157357171E1
1.787498771E1,9.836417198E0,6.635248661E0,-3.961991119E1,4.135842104E1
1.788497571E1,9.836417198E0,6.635248661E0,-3.961991119E1,4.135842104E1
1.789496371E1,9.839160919E0,6.688515663E0,-3.972699738E1,4.147022606E1
1.790495171E1,1.002699757E1,6.653036594E0,-3.961234283E1,4.139977392E1
1.791493971E1,1.004591942E1,6.609547138E0,-3.957053375E1,4.135739053E1
1.792492771E1,1.002830505E1,6.629011154E0,-3.944551849E1,4.123662960E1
1.793491571E1,1.010784721E1,6.529397488E0,-3.945642853E1,4.125059223E1
1.794490371E1,1.003791809E1,6.466311455E0,-3.948856354E1,4.125432867E1
1.795489171E1,9.957006454E0,6.572657108E0,-3.953275299E1,4.129382954E1
1.796487971E1,1.013950443E1,6.422002316E0,-3.954262543E1,4.132397476E1
1.797486871E1,1.013428879E1,6.455973148E0,-3.967504120E1,4.145470170E1
1.798485671E1,1.015434170E1,6.512929916E0,-3.950333405E1,4.130426506E1
1.799484471E1,1.016803932E1,6.623803616E0,-3.971100616E1,4.152382218E1
1.800483271E1,9.942418098E0,6.618856430E0,-3.964356232E1,4.140377967E1
1.801482071E1,9.951538086E0,6.535644054E0,-3.957059479E1,4.132287170E1
1.802480871E1,1.003553391E1,6.610302925E0,-3.951438141E1,4.130126371E1
1.803479671E1,9.938436508E0,6.673545361E0,-3.970632172E1,4.147168567E1
1.804478471E1,9.926225662E0,6.622206211E0,-3.957663727E1,4.133634948E1
1.805477271E1,9.914759636E0,6.624776363E0,-3.959938812E1,4.135579355E1
1.806476071E1,9.761729240E0,6.736709118E0,-3.960759735E1,4.134533076E1
1.807474871E1,9.817019463E0,6.633099079E0,-3.962552643E1,4.135884693E1
1.808473671E1,9.691939354E0,6.681277752E0,-3.959557343E1,4.130838409E1
1.809472571E1,9.854148865E0,6.591702938E0,-3.963178253E1,4.136705191E1
1.810471371E1,9.846783638E0,6.689887047E0,-3.963506317E1,4.138419951E1
1.811470171E1,9.931664467E0,6.598522663E0,-3.944924927E1,4.121191245E1
1.812468887E1,9.894220352E0,6.670612812E0,-3.946443176E1,4.122904372E1
1.813467687E1,9.849887848E0,6.642980099E0,-3.965092468E1,4.139257546E1
1.814466487E1,9.819444656E0,6.633074284E0,-3.971469116E1,4.144485326E1
1.815465287E1,9.868132591E0,6.671124458E0,-3.963761902E1,4.138870358E1
1.816464087E1,9.834581375E0,6.631303787E0,-3.947404480E1,4.121763450E1
1.817462887E1,9.876446724E0,6.550599098E0,-3.963706970E1,4.137090576E1
1.818461687E1,9.687016487E0,6.626986980E0,-3.958657837E1,4.128985870E1
1.819460587E1,9.837363243E0,6.606974125E0,-3.951490784E1,4.125353032E1
1.820459387E1,9.672978401E0,6.885050297E0,-3.962915039E1,4.136955389E1
1.821458187E1,9.701404572E0,6.848025799E0,-3.968554688E1,4.142409128E1
1.822456987E1,9.868169785E0,6.690012932E0,-3.969981384E1,4.145132407E1
1.823455787E1,9.756565094E0,6.689076424E0,-3.962167358E1,4.134986485E1
1.824454587E1,9.762264252E0,6.617877483E0,-3.968455505E1,4.140002434E1
1.825453387E1,9.934940338E0,6.480212212E0,-3.957374573E1,4.131316425E1
1.826452187E1,9.789333344E0,6.663848400E0,-3.972637939E1,4.145386764E1
1.827450987E1,1.002062798E1,6.602772236E0,-3.962947083E1,4.140657610E1
1.828449787E1,9.826470375E0,6.657860756E0,-3.967790222E1,4.141524544E1
1.829448587E1,9.856695175E0,6.639350414E0,-3.962770081E1,4.137136794E1
1.830447387E1,1.000808907E1,6.630272865E0,-3.955851746E1,4.134003711E1
1.831446287E1,9.911572456E0,6.591011524E0,-3.962661743E1,4.137571160E1
1.832445087E1,1.011032581E1,6.566650867E0,-3.989015198E1,4.167209878E1
1.833443887E1,1.011455059E1,6.503892899E0,-3.982902527E1,4.160475947E1
1.834442687E1,9.809309006E0,6.536365032E0,-3.999035645E1,4.169142861E1
1.835441487E1,9.912350655E0,6.638032913E0,-3.996131897E1,4.170401887E1
1.836440287E1,9.707813263E0,6.689422607E0,-3.980404663E1,4.151327669E1
1.837439087E1,9.955061913E0,6.556726456E0,-3.969783020E1,4.144890399E1
1.838437887E1,9.906730652E0,6.518927097E0,-3.962840271E1,4.136484043E1
1.839436687E1,1.013849735E1,6.366130352E0,-3.969058228E1,4.145671315E1
1.840435487E1,9.984929085E0,6.367332935E0,-3.957768250E1,4.131143533E1
1.841434287E1,1.005371189E1,6.285303116E0,-3.958621216E1,4.132372625E1
1.842433087E1,9.934632301E0,6.647476673E0,-3.945448303E1,4.122550299E1
1.843431987E1,1.002436543E1,6.398601055E0,-3.976141357E1,4.150180727E1
1.844430787E1,9.840087891E0,6.383996964E0,-3.974522400E1,4.143990321E1
1.845429587E1,9.962384224E0,6.534094810E0,-3.964097595E1,4.139263786E1
1.846428387E1,9.828559875E0,6.595065594E0,-3.980822754E1,4.153059666E1
1.847427187E1,9.809510231E0,6.556964874E0,-3.980183411E1,4.151392872E1
1.848425987E1,9.768666267E0,6.673827171E0,-4.002877808E1,4.174050651E1
1.849424787E1,1.001420021E1,6.624824524E0,-3.986061096E1,4.162980677E1
1.850423587E1,1.003467560E1,6.460925102E0,-3.994612122E1,4.169089670E1
1.851422387E1,1.003483772E1,6.398569584E0,-3.989738464E1,4.163461255E1
1.852421187E1,1.004344940E1,6.422033787E0,-3.989803314E1,4.164092269E1
1.853419987E1,1.014828491E1,6.453601360E0,-3.979470062E1,4.157228470E1
1.854418887E1,9.767626762E0,6.570031643E0,-3.985424042E1,4.155637529E1
1.855417687E1,9.780891418E0,6.702646255E0,-3.983017731E1,4.155760253E1
1.856416487E1,9.746613503E0,6.755934238E0,-3.981345367E1,4.154214987E1
1.857415287E1,9.823236465E0,6.711084366E0,-3.954982758E1,4.130040544E1
1.858414087E1,9.789775848E0,6.771183491E0,-3.969689178E1,4.144311589E1
1.859412887E1,9.797685623E0,6.711243629E0,-3.954334259E1,4.128815057E1
1.860411687E1,9.820754051E0,6.758882999E0,-3.966512299E1,4.141801167E1
1.861410487E1,9.835637093E0,6.597065449E0,-3.970687103E1,4.143545145E1
1.862409287E1,9.731084824E0,6.652758598E0,-3.995044708E1,4.165322834E1
1.863408087E1,9.905446053E0,6.636985779E0,-3.953995514E1,4.129861371E1
1.864406887E1,9.813982010E0,6.494540215E0,-3.948699188E1,4.120334724E1
1.865405687E1,1.004064465E1,6.589106083E0,-3.961110687E1,4.139167370E1
1.866404587E1,9.974566460E0,6.460838795E0,-3.975771332E1,4.149590561E1
1.867403387E1,1.001971722E1,6.579612732E0,-3.967009735E1,4.144155717E1
1.868402187E1,9.994132042E0,6.590307713E0,-3.974224091E1,4.150615067E1
1.869400987E1,9.933864594E0,6.588024616E0,-3.961859894E1,4.137290316E1
1.870399787E1,9.938346863E0,6.662749767E0,-3.973499298E1,4.149738112E1
1.871398587E1,1.005714417E1,6.700784206E0,-3.952610016E1,4.133230276E1
1.872397387E1,9.995276451E0,6.679811001E0,-3.968180084E1,4.146288394E1
1.873396187E1,9.995276451E0,6.679811001E0,-3.968180084E1,4.146288394E1
1.874394987E1,9.945608139E0,6.763112545E0,-3.947153473E1,4.126326292E1
1.875393787E1,9.733357430E0,6.814569473E0,-3.958359528E1,4.132841176E1
1.876392587E1,9.908570290E0,6.725076199E0,-3.942937469E1,4.120779057E1
1.877391487E1,9.918037415E0,6.569661617E0,-3.966323090E1,4.140893388E1
1.878390287E1,9.874557495E0,6.666572571E0,-3.970813751E1,4.145704114E1
1.879389087E1,1.000505161E1,6.529465199E0,-3.980229950E1,4.155668441E1
1.880387887E1,9.928697586E0,6.539313793E0,-3.960169220E1,4.134774100E1
1.881386687E1,9.787981987E0,6.600004196E0,-3.984671783E1,4.155870028E1
1.882385487E1,9.818679810E0,6.629568577E0,-3.989118195E1,4.161326771E1
1.883384287E1,9.744662285E0,6.579593658E0,-3.979129791E1,4.149213040E1
1.884383087E1,9.796275139E0,6.659313202E0,-3.966344452E1,4.139447173E1
1.885381887E1,9.770465851E0,6.757606030E0,-3.968817902E1,4.142799531E1
1.886380687E1,9.743024826E0,6.842693806E0,-3.972856903E1,4.147418701E1
1.887379487E1,9.790733337E0,6.735907555E0,-3.987306976E1,4.160640098E1
1.888378287E1,9.918459892E0,6.707600117E0,-3.981272125E1,4.157427714E1
1.889377187E1,9.987570763E0,6.641132355E0,-3.970043182E1,4.147264756E1
1.890375987E1,9.835521698E0,6.715164661E0,-3.960521698E1,4.135703248E1
1.891374787E1,9.937090874E0,6.745066166E0,-3.960306549E1,4.138410913E1
1.892373587E1,9.933462143E0,6.773647785E0,-3.961209869E1,4.139654982E1
1.893372387E1,9.896132469E0,6.722574711E0,-3.989296722E1,4.164823265E1
1.894371187E1,9.957935333E0,6.855557919E0,-3.977326202E1,4.157007965E1
1.895369987E1,9.899517059E0,6.792542458E0,-3.973024750E1,4.150459778E1
1.896368787E1,9.687297821E0,6.950201988E0,-3.965390778E1,4.140750474E1
1.897367587E1,9.881852150E0,6.734115601E0,-3.980945587E1,4.156671856E1
1.898366387E1,9.876564026E0,6.656950951E0,-3.977683258E1,4.152177649E1
1.899365187E1,9.947923660E0,6.519017696E0,-3.970384979E1,4.144700792E1
1.900364087E1,9.906655312E0,6.515554428E0,-3.960102081E1,4.133805896E1
1.901362887E1,9.867161751E0,6.494068146E0,-3.979338837E1,4.150960804E1
1.902361687E1,9.836316109E0,6.602854729E0,-3.960001373E1,4.133414923E1
1.903360487E1,9.870983124E0,6.498687744E0,-3.981047821E1,4.152762244E1
1.904359287E1,9.879637718E0,6.693724632E0,-3.964911652E1,4.140610621E1
1.905358087E1,9.874263763E0,6.658172607E0,-3.978781891E1,4.153195012E1
1.906356887E1,9.873323441E0,6.599947453E0,-3.968654633E1,4.142540020E1
1.907355687E1,9.924175262E0,6.431457996E0,-3.974600983E1,4.146803834E1
1.908354487E1,9.815461159E0,6.525204659E0,-3.952297211E1,4.124302241E1
1.909353287E1,9.893276215E0,6.594884396E0,-3.970453644E1,4.144658765E1
1.910352087E1,9.909855843E0,6.554175377E0,-3.978162384E1,4.151794857E1
1.911350887E1,9.979536057E0,6.477540970E0,-3.966132355E1,4.140736966E1
1.912349887E1,9.929734230E0,6.608226776E0,-3.951264191E1,4.127368597E1
1.913348687E1,9.819794655E0,6.491287231E0,-3.974988556E1,4.145622485E1
1.914347487E1,9.828053474E0,6.567983627E0,-3.962483978E1,4.135041683E1
1.915346287E1,9.953503609E0,6.478327274E0,-3.952678680E1,4.127236162E1
1.916345087E1,9.874262810E0,6.530946732E0,-3.941066742E1,4.115039535E1
1.917343887E1,1.007797623E1,6.513513088E0,-3.957495880E1,4.135418747E1
1.918342687E1,9.942174911E0,6.533155918E0,-3.954842377E1,4.129899261E1
1.919341487E1,1.014002991E1,6.568885803E0,-3.949047089E1,4.129730933E1
1.920340287E1,1.003740501E1,6.475658417E0,-3.958528900E1,4.134826183E1
1.921339087E1,1.015355396E1,6.450991631E0,-3.967212677E1,4.145585114E1
1.922337887E1,9.980932236E0,6.517097473E0,-3.957256317E1,4.132891631E1
1.923336687E1,9.974134445E0,6.515225887E0,-3.961595917E1,4.136853571E1
1.924335587E1,9.860070229E0,6.568083286E0,-3.968225861E1,4.141306981E1
1.925334387E1,9.910109520E0,6.541668415E0,-3.965364838E1,4.139342370E1
1.926333187E1,9.794167519E0,6.573207855E0,-3.968401337E1,4.139992386E1
1.927331987E1,9.909222603E0,6.690612793E0,-3.955976105E1,4.132713015E1
1.928330787E1,9.829916000E0,6.708188057E0,-3.961611176E1,4.136500146E1
1.929329587E1,9.871552467E0,6.618788719E0,-3.955391693E1,4.130094741E1
1.930328387E1,9.845479965E0,6.660401821E0,-3.972873688E1,4.146886738E1
1.931327187E1,9.848888397E0,6.597426891E0,-3.963425446E1,4.136907988E1
1.932325987E1,9.739857674E0,6.710048199E0,-3.968532562E1,4.141032050E1
1.933324787E1,9.896546364E0,6.607313633E0,-3.940567780E1,4.116315909E1
1.934323587E1,9.858293533E0,6.616028309E0,-3.948197174E1,4.122843527E1
1.935322487E1,1.002031517E1,6.498345375E0,-3.953449249E1,4.129904727E1
1.936321287E1,9.892318726E0,6.564503670E0,-3.977970123E1,4.151355572E1
1.937320087E1,1.017333698E1,6.590144634E0,-3.961380768E1,4.142680956E1
1.938318887E1,1.003058815E1,6.530505657E0,-3.978435516E1,4.154581951E1
1.939317687E1,9.918645859E0,6.661596298E0,-3.958716583E1,4.135093832E1
1.940316487E1,9.788258553E0,6.775339603E0,-3.966764069E1,4.141541923E1
1.941315287E1,9.844207764E0,6.776088238E0,-3.967430878E1,4.143518523E1
1.942314087E1,9.808357239E0,6.686910152E0,-3.986249542E1,4.159251351E1
1.943312887E1,9.870602608E0,6.810292721E0,-3.968871307E1,4.146085899E1
1.944311687E1,9.726325035E0,6.739840031E0,-3.963576508E1,4.136448616E1
1.945310487E1,9.828938484E0,6.695380211E0,-3.974881744E1,4.148981364E1
1.946309287E1,9.659865379E0,6.678731441E0,-3.991567230E1,4.160744342E1
1.947308187E1,9.751120567E0,6.745514393E0,-3.954077911E1,4.128025593E1
1.948306987E1,9.770532608E0,6.680119038E0,-3.960961151E1,4.134015750E1
1.949305787E1,9.771123886E0,6.836534023E0,-3.940497589E1,4.116995488E1
1.950304587E1,9.822957039E0,6.847953796E0,-3.951563263E1,4.129007360E1
1.951303387E1,9.884179115E0,6.762609959E0,-3.941806793E1,4.119725682E1
1.952302187E1,9.906111717E0,6.607011795E0,-3.954569244E1,4.129946059E1
1.953300987E1,9.968035698E0,6.775446892E0,-3.949381256E1,4.129200464E1
1.954299787E1,9.873203278E0,6.650956154E0,-3.942778778E1,4.118574766E1
1.955298587E1,9.792277336E0,6.622521877E0,-3.939839935E1,4.113368891E1
1.956297387E1,9.871036530E0,6.729844093E0,-3.940154266E1,4.117292470E1
1.957296187E1,9.898954391E0,6.822588444E0,-3.937024689E1,4.116495295E1
1.958294987E1,9.898954391E0,6.822588444E0,-3.937024689E1,4.116495295E1
1.959293887E1,9.819320679E0,6.946213245E0,-3.961258698E1,4.139838142E1
1.960292687E1,9.640142441E0,6.971769810E0,-3.951262665E1,4.126482261E1
1.961291487E1,9.785482407E0,6.838576794E0,-3.967418671E1,4.143142394E1
1.962290287E1,9.772267342E0,6.872441292E0,-3.960187531E1,4.136467316E1
1.963289087E1,9.826033592E0,6.793987274E0,-3.945320892E1,4.122214082E1
1.964287887E1,9.976016998E0,6.637086391E0,-3.937026215E1,4.115324255E1
1.965286687E1,9.853960037E0,6.698970795E0,-3.954943085E1,4.130537760E1
1.966285487E1,9.978398323E0,6.624529362E0,-3.943848419E1,4.121706998E1
1.967284287E1,9.781871796E0,6.701357365E0,-3.944814301E1,4.119161557E1
1.968283087E1,9.893313408E0,6.682015419E0,-3.934476471E1,4.111614635E1
1.969281887E1,9.843128204E0,6.754963398E0,-3.945470428E1,4.122123717E1
1.970280687E1,9.868316650E0,6.728862762E0,-3.918880463E1,4.096856936E1
1.971279587E1,9.877036095E0,6.802256584E0,-3.928029633E1,4.107028386E1
1.972278387E1,9.942513466E0,6.823079586E0,-3.940262604E1,4.120649133E1
1.973277187E1,9.901543617E0,6.705476284E0,-3.948739624E1,4.125843477E1
1.974275987E1,9.845130920E0,6.689021587E0,-3.933959961E1,4.110077505E1
1.975274787E1,9.748591423E0,6.802067280E0,-3.927188110E1,4.103149765E1
1.976273587E1,9.957227707E0,6.772456646E0,-3.937934875E1,4.117943250E1
1.977272387E1,9.987505913E0,6.608246803E0,-3.951220703E1,4.128720994E1
1.978271187E1,9.829719543E0,6.782276154E0,-3.942976379E1,4.119865203E1
1.979269987E1,9.829437256E0,6.652729988E0,-3.931503296E1,4.106760852E1
1.980268787E1,9.938691139E0,6.782317638E0,-3.944978333E1,4.124394281E1
1.981267587E1,9.977972984E0,6.777620792E0,-3.959143066E1,4.138813200E1
1.982266387E1,9.912948608E0,6.884101391E0,-3.949330139E1,4.129622570E1
1.983265287E1,9.944055557E0,6.787726402E0,-3.961193848E1,4.140124564E1
1.984264087E1,9.849468231E0,6.921187878E0,-3.951206970E1,4.130518755E1
1.985262887E1,9.936903954E0,6.861725330E0,-3.962113953E1,4.142052670E1
1.986261687E1,9.869210243E0,6.896761894E0,-3.962057495E1,4.140961959E1
1.987260487E1,9.921225548E0,6.737655640E0,-3.966534424E1,4.143870478E1
1.988259287E1,9.746822357E0,6.826955795E0,-3.955130005E1,4.130270218E1
1.989258087E1,9.817393303E0,6.752272129E0,-3.951556396E1,4.127292315E1
1.990256887E1,9.815187454E0,6.660782814E0,-3.956117249E1,4.130121428E1
1.991255687E1,9.828215599E0,6.773409843E0,-3.939849854E1,4.116691134E1
1.992254487E1,9.852926254E0,6.765119076E0,-3.951678467E1,4.128466135E1
1.993253287E1,9.947504997E0,6.686642170E0,-3.955569458E1,4.133179179E1
1.994252187E1,1.011494446E1,6.559982777E0,-3.945272827E1,4.125364521E1
1.995250987E1,9.890070915E0,6.704572201E0,-3.942022705E1,4.119125019E1
1.996249787E1,9.740826607E0,6.807901382E0,-3.959242249E1,4.133752705E1
1.997248587E1,9.815118790E0,6.669607162E0,-3.964564514E1,4.138354015E1
1.998247387E1,9.764708519E0,6.634046078E0,-3.973593140E1,4.145243471E1
1.999246187E1,9.926959991E0,6.571866989E0,-3.987394714E1,4.161328671E1
2.000244987E1,9.867690086E0,6.573076725E0,-3.957312012E1,4.131111813E1
2.001243787E1,9.777684212E0,6.460735321E0,-3.968052673E1,4.137497325E1
2.002242587E1,9.669651985E0,6.592621803E0,-3.945501709E1,4.115413959E1
2.003241387E1,9.805734634E0,6.526183128E0,-3.934150696E1,4.106699000E1
2.004240187E1,9.874145508E0,6.553939819E0,-3.956083679E1,4.129785327E1
2.005238987E1,9.930260658E0,6.531526089E0,-3.968876648E1,4.143029199E1
2.006237887E1,9.813143730E0,6.662742615E0,-3.961312866E1,4.135081488E1
2.007236687E1,9.769495010E0,6.728600979E0,-3.964190674E1,4.137871281E1
2.008235487E1,9.853930473E0,6.600524902E0,-3.939498901E1,4.114160952E1
2.009234287E1,9.843586922E0,6.656160355E0,-3.943275452E1,4.118425431E1
2.010233087E1,9.821168900E0,6.748832226E0,-3.940431213E1,4.116675734E1
2.011231887E1,9.790959358E0,6.759150028E0,-3.938989258E1,4.114744988E1
2.012230637E1,9.808613777E0,6.653232574E0,-3.938261414E1,4.112742034E1
2.013229437E1,9.882398605E0,6.550190449E0,-3.948954773E1,4.123094926E1
2.014228237E1,9.803556442E0,6.616506577E0,-3.944635010E1,4.118133575E1
2.015227037E1,9.939283371E0,6.631299019E0,-3.938012695E1,4.115285992E1
2.016225837E1,9.896675110E0,6.697610378E0,-3.950384521E1,4.127173306E1
2.017224637E1,9.852412224E0,6.714649200E0,-3.934391785E1,4.111083084E1
2.018223437E1,9.749539375E0,6.732663155E0,-3.936048889E1,4.110511351E1
2.019222337E1,9.715839386E0,6.601351261E0,-3.932421875E1,4.104107155E1
2.020221137E1,9.811620712E0,6.714913845E0,-3.938240051E1,4.113795619E1
2.021219937E1,9.789474487E0,6.767276764E0,-3.930172729E1,4.106404283E1
2.022218737E1,9.755543709E0,6.704905510E0,-3.932858276E1,4.107144766E1
2.023217537E1,9.836947441E0,6.645913601E0,-3.948760986E1,4.123354260E1
2.024216337E1,9.796988487E0,6.747649670E0,-3.952900696E1,4.128019078E1
2.025215137E1,9.878762245E0,6.727231503E0,-3.954940796E1,4.131587173E1
2.026213937E1,9.825984001E0,6.704784393E0,-3.962617493E1,4.137315355E1
2.027212737E1,9.981863976E0,6.566508770E0,-3.964334106E1,4.140472360E1
2.028211537E1,9.774265289E0,6.652666092E0,-3.967691040E1,4.140110442E1
2.029210337E1,9.800817490E0,6.666893959E0,-3.966746521E1,4.140061950E1
2.030209137E1,9.746578217E0,6.653783321E0,-3.950946045E1,4.123428288E1
2.031208037E1,9.765985489E0,6.611791134E0,-3.959017944E1,4.130947304E1
2.032206837E1,9.732996941E0,6.647367954E0,-3.949484253E1,4.121603228E1
2.033205637E1,9.817770004E0,6.741361141E0,-3.928991699E1,4.105523274E1
2.034204437E1,9.699825287E0,6.722035885E0,-3.954211426E1,4.126561737E1
2.035203237E1,9.838685989E0,6.624252319E0,-3.977853394E1,4.150918239E1
2.036202037E1,9.782168388E0,6.553467751E0,-3.979530334E1,4.150066176E1
2.037200837E1,9.860178947E0,6.697487354E0,-3.971739197E1,4.146746545E1
2.038199637E1,9.712976456E0,6.697323322E0,-3.976856995E1,4.148174547E1
2.039198437E1,9.883615494E0,6.614194870E0,-3.980097961E1,4.153975695E1
2.040197237E1,9.898177147E0,6.605217934E0,-3.966415405E1,4.141072242E1
2.041196037E1,9.894320488E0,6.585186481E0,-3.959237671E1,4.133785858E1
2.042194837E1,9.894320488E0,6.585186481E0,-3.959237671E1,4.133785858E1
2.043193737E1,9.913690567E0,6.464649200E0,-3.955407715E1,4.128677717E1
2.044192537E1,1.000594139E1,6.589388847E0,-3.958554077E1,4.135884363E1
2.045191338E1,9.888542175E0,6.610427380E0,-3.974185181E1,4.148368115E1
2.046190137E1,9.924872398E0,6.679422379E0,-3.965335083E1,4.141866738E1
2.047188937E1,9.873809814E0,6.595138550E0,-3.981323242E1,4.154613639E1
2.048187737E1,9.851788521E0,6.632323742E0,-3.975338745E1,4.148948384E1
2.049186537E1,9.796912193E0,6.699462891E0,-3.973278809E1,4.146753840E1
2.050185337E1,9.762834549E0,6.763796329E0,-3.954061890E1,4.128586225E1
2.051184137E1,9.832735062E0,6.449343204E0,-3.976440430E1,4.146666801E1
2.052182937E1,9.775125504E0,6.516207218E0,-3.956210327E1,4.126952932E1
2.053181737E1,9.823908806E0,6.556032658E0,-3.966268921E1,4.138380920E1
2.054180537E1,9.801813126E0,6.738095284E0,-3.960922241E1,4.135659523E1
2.055179437E1,9.776396751E0,6.594984531E0,-3.970434570E1,4.141867721E1
2.056178237E1,9.762842178E0,6.830745220E0,-3.960258484E1,4.135621953E1
2.057177037E1,9.748287201E0,6.708474159E0,-3.965541077E1,4.138338232E1
2.058175837E1,9.787754059E0,6.690823555E0,-3.954579163E1,4.128482633E1
2.059174637E1,9.813788414E0,6.824029446E0,-3.941186523E1,4.118462021E1
2.060173437E1,9.572073936E0,6.847422600E0,-3.954281616E1,4.125707340E1
2.061172237E1,9.665862083E0,6.832204819E0,-3.964230347E1,4.137173113E1
2.062171037E1,9.751927376E0,6.782572746E0,-3.968579102E1,4.142541960E1
2.063169837E1,9.662110329E0,6.753415585E0,-3.966857910E1,4.138310242E1
2.064168637E1,9.850577354E0,6.829683304E0,-3.958451843E1,4.135955207E1
2.065167437E1,9.770092010E0,6.787596703E0,-3.962365723E1,4.137100892E1
2.066166237E1,9.924995422E0,6.692700386E0,-3.965708923E1,4.142441912E1
2.067165137E1,9.889614105E0,6.597630978E0,-3.993392944E1,4.166595640E1
2.068163937E1,9.809856415E0,6.568302631E0,-3.976243591E1,4.147803264E1
2.069162737E1,9.796107292E0,6.759118080E0,-3.977719116E1,4.151956565E1
2.070161537E1,9.786365509E0,6.763234138E0,-3.960519409E1,4.135318228E1
2.071160337E1,9.836917877E0,6.634538174E0,-3.981407166E1,4.154446235E1
2.072159137E1,9.812990189E0,6.619960308E0,-3.988641357E1,4.160582458E1
2.073157937E1,9.816167831E0,6.597614288E0,-3.979531860E1,4.151569640E1
2.074156737E1,9.713643074E0,6.586145878E0,-3.983856201E1,4.153123165E1
2.075155537E1,9.644446373E0,6.521206379E0,-4.003532410E1,4.169374838E1
2.076154337E1,9.739500999E0,6.599887371E0,-3.987544250E1,4.157483984E1
2.077153137E1,9.761139870E0,6.635281563E0,-3.980477905E1,4.151779436E1
2.078151937E1,9.809074402E0,6.639427662E0,-3.968177795E1,4.141187561E1
2.079150737E1,9.922587395E0,6.681127548E0,-3.987384033E1,4.162953697E1
2.080149637E1,9.711085320E0,6.784318924E0,-3.982745361E1,4.155187388E1
2.081148437E1,9.814575195E0,6.651804447E0,-3.973214722E1,4.146342860E1
2.082147237E1,9.760598183E0,6.656421661E0,-3.982307434E1,4.153859020E1
2.083146037E1,9.806300163E0,6.751383781E0,-3.974366760E1,4.148859868E1
2.084144837E1,9.922430992E0,6.687317371E0,-3.973907471E1,4.150143261E1
2.085143638E1,9.788555145E0,6.759729385E0,-3.996449280E1,4.169736728E1
2.086142437E1,9.753225327E0,6.707125187E0,-4.000061035E1,4.171522217E1
2.087141237E1,9.720268250E0,6.578441620E0,-3.982711792E1,4.152058322E1
2.088140037E1,9.660489082E0,6.659087658E0,-3.976335144E1,4.145832384E1
2.089138837E1,9.681921959E0,6.698250294E0,-3.992196655E1,4.162174412E1
2.090137637E1,9.676035881E0,6.628781796E0,-3.990806580E1,4.159591487E1
2.091136437E1,9.629244804E0,6.761343002E0,-3.993867493E1,4.163575230E1
2.092135337E1,9.664165497E0,6.690598965E0,-3.991186523E1,4.160669653E1
2.093134137E1,9.669891357E0,6.741517067E0,-3.987463379E1,4.158053957E1
2.094132937E1,9.625553131E0,6.863378525E0,-3.981524658E1,4.153325292E1
2.095131737E1,9.607263565E0,6.838553429E0,-3.991442871E1,4.162003058E1
2.096130537E1,9.625910759E0,6.711287498E0,-3.999342346E1,4.167941288E1
2.097129337E1,9.639197350E0,6.828774452E0,-4.001292419E1,4.172026353E1
2.098128137E1,9.495318413E0,6.853108406E0,-4.002636719E1,4.170415131E1
2.099126937E1,9.639853477E0,6.883579731E0,-3.996960449E1,4.168788467E1
2.100125737E1,9.568325996E0,6.893409252E0,-3.995314026E1,4.165723671E1
2.101124537E1,9.719534874E0,6.820788383E0,-4.005091858E1,4.177401814E1
2.102123337E1,9.695349693E0,6.751172543E0,-4.001930237E1,4.172676238E1
2.103122137E1,9.640316010E0,6.684573174E0,-3.991102600E1,4.159938951E1
2.104121037E1,9.499959946E0,6.734541893E0,-3.983523560E1,4.150240100E1
2.105119837E1,9.683779716E0,6.776577473E0,-3.973381042E1,4.145447241E1
2.106118637E1,9.537971497E0,6.750989914E0,-3.964936829E1,4.133547109E1
2.107117437E1,9.670125008E0,6.742026329E0,-3.980920410E1,4.151793550E1
2.108116237E1,9.630069733E0,6.739409924E0,-3.984477234E1,4.154231303E1
2.109115037E1,9.595767975E0,6.826506138E0,-3.977368164E1,4.148042551E1
2.110113837E1,9.548617363E0,6.957769394E0,-3.978907776E1,4.150611229E1
2.111112637E1,9.803774834E0,6.758731365E0,-3.969926453E1,4.144666518E1
2.112111446E1,9.677036285E0,6.680873394E0,-3.984219360E1,4.154129863E1
2.113110246E1,9.726885796E0,6.824222565E0,-4.007786560E1,4.180212473E1
2.114109046E1,9.582791328E0,6.944926262E0,-3.997584534E1,4.169088750E1
2.115107846E1,9.728651047E0,6.882858753E0,-3.993981934E1,4.167984602E1
2.116106646E1,9.559889793E0,6.916585922E0,-3.994343567E1,4.164983441E1
2.117105546E1,9.746934891E0,6.864684582E0,-3.968003845E1,4.143225900E1
2.118104346E1,9.474163055E0,6.957293510E0,-3.977578735E1,4.147622160E1
2.119103146E1,9.504358292E0,6.953402519E0,-3.997160339E1,4.167027371E1
2.120101946E1,9.463022232E0,6.944097519E0,-3.983596802E1,4.152919007E1
2.121100746E1,9.441083908E0,6.948282242E0,-3.987503052E1,4.156237181E1
2.122099546E1,9.612421036E0,6.890057564E0,-3.966009521E1,4.138592374E1
2.123098346E1,9.583365440E0,6.811090469E0,-3.972039795E1,4.142392859E1
2.124097146E1,9.524118423E0,6.883672237E0,-3.970242310E1,4.140502596E1
2.125095946E1,9.445177078E0,7.050287247E0,-3.966523743E1,4.137933035E1
2.126094746E1,9.488554955E0,6.868144512E0,-3.985882568E1,4.154431452E1
2.127093546E1,9.488554955E0,6.868144512E0,-3.985882568E1,4.154431452E1
2.128092346E1,9.602789879E0,6.881484032E0,-3.957246399E1,4.129828449E1
2.129091246E1,9.360579491E0,6.824347496E0,-3.969804382E1,4.135368001E1
2.130090046E1,9.461050034E0,6.877118587E0,-3.954885864E1,4.124219257E1
2.131088846E1,9.467091560E0,6.970667839E0,-3.948394775E1,4.119706498E1
2.132087646E1,9.500522614E0,6.979794502E0,-3.963964844E1,4.135552187E1
2.133086446E1,9.506740570E0,6.960144997E0,-3.990405273E1,4.160715274E1
2.134085246E1,9.538453102E0,7.108882904E0,-3.974237061E1,4.148462758E1
2.135084046E1,9.494585037E0,7.109455585E0,-3.968521881E1,4.141989976E1
2.136082846E1,9.486530304E0,7.136025906E0,-3.974500275E1,4.147990316E1
2.137081646E1,9.390982628E0,7.077240944E0,-3.989659882E1,4.159346693E1
2.138080446E1,9.480076790E0,7.092362881E0,-3.985027313E1,4.157183825E1
2.139079246E1,9.437263489E0,6.970717907E0,-3.971050262E1,4.140744944E1
2.140078046E1,9.364461899E0,7.046534061E0,-3.975897980E1,4.145025046E1
2.141076846E1,9.317085266E0,6.969366074E0,-3.956264496E1,4.123812578E1
2.142075746E1,9.701969147E0,6.829379559E0,-3.957115936E1,4.131156356E1
2.143074546E1,9.587307930E0,6.888567924E0,-3.957518768E1,4.129847844E1
2.144073346E1,9.679334641E0,6.880786896E0,-3.968494415E1,4.142377988E1
2.145072146E1,9.458518982E0,6.746401310E0,-3.989476776E1,4.155201568E1
2.146070946E1,9.577489853E0,6.908833504E0,-3.971096039E1,4.142970754E1
2.147069746E1,9.426913261E0,6.924225807E0,-3.987151337E1,4.155176500E1
2.148068546E1,9.567194939E0,6.905409813E0,-3.996210480E1,4.166756201E1
2.149067346E1,9.644835472E0,6.881508350E0,-4.002207184E1,4.173900146E1
2.150066146E1,9.600017548E0,6.863757133E0,-3.993245697E1,4.163979609E1
2.151064946E1,9.603952408E0,6.862361908E0,-3.993152618E1,4.163958088E1
2.152063746E1,9.662184715E0,6.891951084E0,-3.991291046E1,4.164009156E1
2.153062546E1,9.489311218E0,6.875440121E0,-3.993973541E1,4.162332482E1
2.154061446E1,9.504776001E0,6.931521416E0,-3.986241913E1,4.156199243E1
2.155060246E1,9.433366776E0,6.901668072E0,-3.995145416E1,4.162619513E1
2.156059046E1,9.579096794E0,6.833635807E0,-3.967679596E1,4.138485002E1
2.157057846E1,9.503520966E0,6.886209488E0,-3.992406464E1,4.161331192E1
2.158056646E1,9.487294197E0,6.982605934E0,-3.978298187E1,4.149037459E1
2.159055446E1,9.507302284E0,7.017114639E0,-3.994844818E1,4.165941918E1
2.160054246E1,9.517450333E0,6.970893383E0,-3.987781525E1,4.158624008E1
2.161053046E1,9.575890541E0,7.052325726E0,-3.988665009E1,4.162184322E1
2.162051846E1,9.529079437E0,6.977880478E0,-3.998949432E1,4.169716810E1
2.163050646E1,9.407666206E0,6.972804546E0,-3.989972687E1,4.158259721E1
2.164049446E1,9.467272758E0,6.964941502E0,-3.980429840E1,4.150327499E1
2.165048246E1,9.357218742E0,6.879949093E0,-3.998851776E1,4.164099897E1
2.166047046E1,9.302546501E0,6.937826157E0,-3.992626190E1,4.157856651E1
2.167045946E1,9.358223915E0,6.877439022E0,-4.009606171E1,4.174409763E1
2.168044746E1,9.322689056E0,6.961279869E0,-3.995812225E1,4.161758622E1
2.169043546E1,9.500373840E0,6.702089787E0,-3.997367096E1,4.163015110E1
2.170042346E1,9.420619011E0,6.773013592E0,-3.966591644E1,4.132803773E1
2.171041146E1,9.477061272E0,6.694267273E0,-3.981198883E1,4.146832959E1
2.172039946E1,9.651810646E0,6.726806641E0,-3.970374298E1,4.141007828E1
2.173038746E1,9.564953804E0,6.673726082E0,-3.993087006E1,4.159929500E1
2.174037546E1,9.454554558E0,6.831899643E0,-4.002773285E1,4.169271941E1
2.175036346E1,9.436920166E0,6.847192764E0,-3.995165253E1,4.161819375E1
2.176035146E1,9.544761658E0,6.831956387E0,-3.968846893E1,4.138783238E1
2.177033946E1,9.490309715E0,6.708659172E0,-3.981432343E1,4.147592598E1
2.178032746E1,9.573318481E0,6.775403023E0,-3.973636627E1,4.143106706E1
2.179031546E1,9.739659309E0,6.778264999E0,-3.978256989E1,4.151456018E1
2.180030446E1,9.575307846E0,6.855175018E0,-3.984270477E1,4.154661320E1
2.181029246E1,9.684117317E0,6.798643589E0,-3.992528534E1,4.164171097E1
2.182028046E1,9.595358849E0,6.947844505E0,-3.973744965E1,4.146574923E1
2.183026846E1,9.518551826E0,6.997676849E0,-3.974304962E1,4.146179330E1
2.184025646E1,9.693693161E0,6.904981136E0,-3.970336151E1,4.144880417E1
2.185024446E1,9.590574265E0,6.919479370E0,-3.975936127E1,4.148090064E1
2.186023246E1,9.452851295E0,6.862508774E0,-3.989499664E1,4.156995527E1
2.187022046E1,9.603035927E0,6.956218243E0,-3.979261017E1,4.152179061E1
2.188020846E1,9.486646652E0,6.900025845E0,-3.978748322E1,4.148072615E1
2.189019646E1,9.641974449E0,6.927522182E0,-3.978647614E1,4.152013871E1
2.190018446E1,9.442417145E0,6.989240170E0,-3.972774506E1,4.142828076E1
2.191017246E1,9.531709671E0,6.990933895E0,-3.989089203E1,4.160540725E1
2.192016146E1,9.445420265E0,6.982999802E0,-3.960428619E1,4.130953564E1
2.193014946E1,9.547836304E0,6.997486591E0,-3.981307220E1,4.153560780E1
2.194013746E1,9.627089500E0,6.865159988E0,-3.956357574E1,4.129270879E1
2.195012546E1,9.734244347E0,6.670974255E0,-3.954395294E1,4.126719793E1
2.196011346E1,9.643629074E0,6.789041996E0,-3.980387115E1,4.151432080E1
2.197010146E1,9.667495728E0,6.800354481E0,-3.963796234E1,4.136270486E1
2.198008946E1,9.550446510E0,6.762825012E0,-3.976999664E1,4.145599430E1
2.199007746E1,9.640472412E0,6.883310318E0,-3.980680084E1,4.153191619E1
2.200006546E1,9.622998238E0,6.718253613E0,-3.968508148E1,4.138408775E1
2.201005346E1,9.569558144E0,6.782707214E0,-3.968161774E1,4.137888769E1
2.202004146E1,9.556182861E0,6.946660042E0,-3.967505646E1,4.139670061E1
2.203002946E1,9.740426064E0,6.767263412E0,-3.993590546E1,4.165991237E1
2.204001746E1,9.662263870E0,6.794494629E0,-3.978696442E1,4.150333767E1
2.205000546E1,9.765170097E0,6.703062057E0,-3.980278778E1,4.152771970E1
2.205999446E1,9.595961571E0,6.821927547E0,-3.982659149E1,4.153045345E1
2.206998246E1,9.518865585E0,7.006704330E0,-3.974652863E1,4.146672456E1
2.207997046E1,9.645860672E0,6.739138603E0,-3.998505402E1,4.168048898E1
2.208995846E1,9.775041580E0,6.856079578E0,-3.986086273E1,4.161064338E1
2.209994646E1,9.766495705E0,6.792570114E0,-3.981642914E1,4.155564314E1
2.210993446E1,9.666398048E0,6.718309879E0,-3.981385040E1,4.151767844E1
2.211992233E1,9.666398048E0,6.718309879E0,-3.981385040E1,4.151767844E1
2.212991033E1,9.643629074E0,6.795822620E0,-3.972238922E1,4.143731401E1
2.213989833E1,9.466597557E0,6.808594227E0,-3.980835724E1,4.148106472E1
2.214988633E1,9.566645622E0,6.751263142E0,-3.984870148E1,4.153335132E1
2.215987433E1,9.691534996E0,6.703176022E0,-3.966304779E1,4.137651241E1
2.216986233E1,9.385699272E0,6.779662132E0,-3.971373749E1,4.136708975E1
2.217985133E1,9.652813911E0,6.859459877E0,-3.962189484E1,4.135364019E1
2.218983933E1,9.680708885E0,6.738527775E0,-3.964604950E1,4.136342735E1
2.219982733E1,9.666859627E0,6.703661919E0,-3.944872284E1,4.116538585E1
2.220981533E1,9.684335709E0,6.777366161E0,-3.949608612E1,4.122693136E1
2.221980333E1,9.612646103E0,6.837563992E0,-3.931401825E1,4.104567307E1
2.222979133E1,9.734172821E0,6.695989609E0,-3.944165802E1,4.117322898E1
2.223977933E1,9.714955330E0,6.671502113E0,-3.935649872E1,4.108312657E1
2.224976733E1,9.683527946E0,6.732277393E0,-3.941873932E1,4.114524616E1
2.225975533E1,9.813914299E0,6.716684818E0,-3.947954559E1,4.123179949E1
2.226974333E1,9.754384995E0,6.648748875E0,-3.968305206E1,4.140167278E1
2.227973133E1,9.829213142E0,6.819864750E0,-3.948052216E1,4.125331036E1
2.228971933E1,9.809399605E0,6.765890121E0,-3.957506561E1,4.133022390E1
2.229970733E1,9.841300964E0,6.813219070E0,-3.955959320E1,4.133077029E1
2.230969633E1,9.846406937E0,6.807498932E0,-3.962787628E1,4.139640504E1
2.231968433E1,9.808824539E0,6.683470249E0,-3.938912201E1,4.113860409E1
2.232967233E1,9.922253609E0,6.669019699E0,-3.940256500E1,4.117631685E1
2.233966033E1,9.885460854E0,6.705241680E0,-3.953580475E1,4.130087722E1
2.234964833E1,9.829381943E0,6.730658531E0,-3.948040009E1,4.123858029E1
2.235963633E1,9.894417763E0,6.742237091E0,-3.942324066E1,4.120132483E1
2.236962433E1,9.881140709E0,6.647812366E0,-3.955435944E1,4.130832484E1
2.237961233E1,9.862199783E0,6.679218769E0,-3.955141449E1,4.130604479E1
2.238960033E1,9.829682350E0,6.715174198E0,-3.955814362E1,4.131056700E1
2.239958833E1,9.793628693E0,6.709470272E0,-3.951097870E1,4.125590372E1
2.240957633E1,9.613110542E0,6.853531837E0,-3.958797455E1,4.131090076E1
2.241956433E1,9.705748558E0,6.908833027E0,-3.959635162E1,4.134978344E1
2.242955233E1,9.768650055E0,6.710597038E0,-3.965839386E1,4.139138606E1
2.243954133E1,9.799706459E0,6.675233841E0,-3.977278900E1,4.150262327E1
2.244952933E1,9.766125679E0,6.623044491E0,-3.988608551E1,4.159497261E1
2.245951733E1,9.787362099E0,6.739368439E0,-3.992800140E1,4.165881467E1
2.246950533E1,9.730202675E0,6.718822956E0,-4.004683685E1,4.175606025E1
2.247949333E1,9.742348671E0,6.577268124E0,-3.991707611E1,4.161185863E1
2.248948133E1,9.829433441E0,6.636228561E0,-4.004718781E1,4.176642841E1
2.249946933E1,9.732985497E0,6.683126450E0,-3.982085419E1,4.153427036E1
2.250945733E1,9.842770576E0,6.696506500E0,-3.989839935E1,4.163658971E1
2.251944533E1,9.744858742E0,6.742363453E0,-3.972161102E1,4.145151528E1
2.252943333E1,9.840790749E0,6.695267200E0,-3.980132294E1,4.154290641E1
2.253942133E1,9.799137115E0,6.737611294E0,-3.964966583E1,4.139461915E1
2.254940933E1,9.671606064E0,6.868483543E0,-3.986707306E1,4.159446531E1
2.255939733E1,9.822938919E0,6.914423943E0,-3.982395935E1,4.159623932E1
2.256938633E1,9.832365990E0,6.827588558E0,-3.976626587E1,4.152887294E1
2.257937433E1,9.731925964E0,6.884897232E0,-3.974395752E1,4.149330491E1
2.258936233E1,9.714266777E0,6.871516228E0,-3.975158691E1,4.149425715E1
2.259935033E1,9.775937080E0,6.852163315E0,-3.946029663E1,4.122664306E1
2.260933833E1,9.876516342E0,6.813274384E0,-3.971784973E1,4.149064798E1
2.261932633E1,9.685173988E0,6.821145535E0,-3.989651489E1,4.161805524E1
2.262931433E1,9.781673431E0,6.729922771E0,-3.998388672E1,4.170952161E1
2.263930233E1,9.714638710E0,6.823020935E0,-3.981021118E1,4.154251719E1
2.264929033E1,9.657986641E0,6.703854561E0,-3.978062439E1,4.148151936E1
2.265927833E1,9.694685936E0,6.766119480E0,-3.941313171E1,4.114805293E1
2.266926633E1,9.812696457E0,6.763689518E0,-3.963475037E1,4.138779946E1
2.267925433E1,9.696942329E0,6.689653397E0,-3.964320374E1,4.135656847E1
2.268924233E1,9.889904022E0,6.683558941E0,-3.963778687E1,4.139606635E1
2.269923133E1,9.824146271E0,6.719080448E0,-3.950656128E1,4.126049292E1
2.270921933E1,9.938474655E0,6.686989307E0,-3.950437927E1,4.128056548E1
2.271920733E1,9.855577469E0,6.631560802E0,-3.972322083E1,4.146135886E1
2.272919533E1,9.738652229E0,6.657080650E0,-3.958358765E1,4.130397658E1
2.273918333E1,9.869201660E0,6.683665276E0,-3.949374390E1,4.125322205E1
2.274917133E1,9.812380791E0,6.556975842E0,-3.953051758E1,4.125455816E1
2.275915933E1,9.743703842E0,6.586523533E0,-3.969577026E1,4.140140376E1
2.276914733E1,9.939944267E0,6.671181679E0,-3.952767944E1,4.130066100E1
2.277913533E1,9.811633110E0,6.646012306E0,-3.941252136E1,4.115561279E1
2.278912333E1,9.827412605E0,6.656620026E0,-3.955998230E1,4.130231020E1
2.279911133E1,9.699896812E0,6.680040836E0,-3.952421570E1,4.124166062E1
2.280909933E1,9.683176994E0,6.504508018E0,-3.962185669E1,4.130331789E1
2.281908733E1,9.784707069E0,6.649727345E0,-3.962973022E1,4.135788781E1
2.282907633E1,9.748206139E0,6.704572201E0,-3.999050903E1,4.170395214E1
2.283906433E1,9.749355316E0,6.723937035E0,-3.969538879E1,4.142445111E1
2.284905233E1,9.898674965E0,6.615747452E0,-3.972657776E1,4.147231439E1
2.285904033E1,9.791864395E0,6.638520241E0,-3.957923889E1,4.130940221E1
2.286902833E1,9.739021301E0,6.718204021E0,-3.937658691E1,4.111567096E1
2.287901633E1,9.772732735E0,6.641427517E0,-3.960224915E1,4.132738804E1
2.288900433E1,9.809901237E0,6.708563328E0,-3.943144226E1,4.118346298E1
2.289899233E1,9.689847946E0,6.862581253E0,-3.966677856E1,4.140581477E1
2.290898033E1,9.759675980E0,6.833191872E0,-3.950022888E1,4.125787038E1
2.291896833E1,9.807637215E0,6.805844784E0,-3.969612122E1,4.145227751E1
2.292895633E1,9.742014885E0,6.716933727E0,-3.952539062E1,4.125870280E1
2.293894433E1,9.785734177E0,6.803550243E0,-3.984359741E1,4.158799279E1
2.294893233E1,9.879467964E0,6.730820656E0,-3.974122620E1,4.150027582E1
2.295892133E1,9.879467964E0,6.730820656E0,-3.974122620E1,4.150027582E1
2.296890933E1,9.835534096E0,6.652864933E0,-3.987533569E1,4.160577772E1
2.297889733E1,9.920969009E0,6.653470993E0,-3.997793579E1,4.172444910E1
2.298888533E1,9.663564682E0,6.766318321E0,-4.000480652E1,4.170793798E1
2.299887333E1,9.830270767E0,6.776069164E0,-3.978213501E1,4.153513696E1
2.300886133E1,9.834489822E0,6.771006584E0,-3.972544861E1,4.148101960E1
2.301884933E1,9.813378334E0,6.877437592E0,-3.964314270E1,4.141473536E1
2.302883733E1,9.671989441E0,6.920074940E0,-3.975041199E1,4.149132524E1
2.303882533E1,9.683981895E0,6.847327232E0,-3.973060608E1,4.146307339E1
2.304881333E1,9.724520683E0,6.804244518E0,-3.972045898E1,4.145574638E1
2.305880133E1,9.774908066E0,6.702362537E0,-3.974472046E1,4.147424858E1
2.306878933E1,9.641381264E0,6.615740299E0,-3.976187134E1,4.144551441E1
2.307877733E1,9.813838005E0,6.692201614E0,-3.962007141E1,4.136238675E1
2.308876533E1,9.647767067E0,6.752070904E0,-3.978999329E1,4.149594482E1
2.309875433E1,9.790417671E0,6.728098869E0,-3.955824280E1,4.130344012E1
2.310874233E1,9.721028328E0,6.829464912E0,-3.974632263E1,4.148385403E1
2.311873033E1,9.816399574E0,6.726536751E0,-3.971330261E1,4.145786297E1
2.312871846E1,9.792958260E0,6.816172123E0,-3.956065369E1,4.132078840E1
2.313870646E1,9.733802795E0,6.835079193E0,-3.966137695E1,4.140640103E1
2.314869446E1,9.735774040E0,6.754365444E0,-3.981393433E1,4.153981362E1
2.315868246E1,9.884280205E0,6.712007046E0,-3.965724182E1,4.141795339E1
2.316867046E1,9.667181969E0,6.659605980E0,-3.954457092E1,4.125018604E1
2.317865846E1,9.723679543E0,6.736255169E0,-3.952127075E1,4.125358069E1
2.318864646E1,9.601858139E0,6.656551838E0,-3.969055176E1,4.137445179E1
2.319863446E1,9.753991127E0,6.701611996E0,-3.964343262E1,4.137213671E1
2.320862246E1,9.673306465E0,6.556722164E0,-3.977017212E1,4.145153862E1
2.321861046E1,9.673244476E0,6.699703693E0,-3.955314636E1,4.126631890E1
2.322859946E1,9.695855141E0,6.778734684E0,-3.969319153E1,4.141871925E1
2.323858746E1,9.822464943E0,6.672091484E0,-3.968025208E1,4.141883662E1
2.324857546E1,9.757504463E0,6.591907978E0,-3.979859924E1,4.150410396E1
2.325856346E1,9.704586983E0,6.653828144E0,-3.980601501E1,4.150868908E1
2.326855146E1,9.696512222E0,6.658941269E0,-3.955200195E1,4.126408495E1
2.327853946E1,9.720499992E0,6.677381992E0,-3.933314514E1,4.106302299E1
2.328852746E1,9.703923225E0,6.638660431E0,-3.976412964E1,4.146593716E1
2.329851546E1,9.753185272E0,6.646546364E0,-3.957545471E1,4.129791541E1
2.330850346E1,9.891528130E0,6.738574982E0,-3.983451843E1,4.159374448E1
2.331849146E1,9.839534760E0,6.725633621E0,-3.958731079E1,4.134254186E1
2.332847946E1,9.783866882E0,6.591700554E0,-3.950283813E1,4.122679697E1
2.333846746E1,9.869072914E0,6.656770706E0,-3.948968506E1,4.124495633E1
2.334845546E1,9.666237831E0,6.722152710E0,-3.987660217E1,4.157844263E1
2.335844446E1,9.765688896E0,6.824595928E0,-3.972857666E1,4.147654268E1
2.336843246E1,9.620177269E0,6.815901756E0,-3.984346008E1,4.155124112E1
2.337842046E1,9.764330864E0,6.745537281E0,-3.959426880E1,4.133461687E1
2.338840846E1,9.634325981E0,6.797348976E0,-3.962527466E1,4.134230983E1
2.339839646E1,9.650999069E0,6.813808918E0,-3.959934998E1,4.132406434E1
2.340838446E1,9.735169411E0,6.879885197E0,-3.967634583E1,4.142847767E1
2.341837246E1,9.627096176E0,6.968302250E0,-3.964782715E1,4.139068029E1
2.342836046E1,9.689417839E0,6.740030289E0,-3.970529175E1,4.142249412E1
2.343834846E1,9.577091217E0,6.928618431E0,-3.980169678E1,4.151989277E1
2.344833646E1,9.620726585E0,6.819786072E0,-3.966145325E1,4.137751486E1
2.345832446E1,9.593018532E0,6.845487118E0,-3.968394470E1,4.139688594E1
2.346831246E1,9.610457420E0,6.788124561E0,-3.956280518E1,4.127535682E1
2.347830046E1,9.528430939E0,6.882126808E0,-3.952519226E1,4.123585198E1
2.348828846E1,9.576334000E0,6.815199375E0,-3.947221375E1,4.118505522E1
2.349827746E1,9.481780052E0,6.905562401E0,-3.947973633E1,4.118544070E1
2.350826546E1,9.531095505E0,6.727238655E0,-3.923901367E1,4.093650834E1
2.351825346E1,9.687911987E0,6.735749245E0,-3.934381104E1,4.107507058E1
2.352824146E1,9.675485611E0,6.654871464E0,-3.969277954E1,4.139346668E1
2.353822946E1,9.780060768E0,6.625390530E0,-3.986837769E1,4.158164171E1
2.354821746E1,9.794749260E0,6.676557541E0,-3.967742920E1,4.141028763E1
2.355820546E1,9.825095177E0,6.654464245E0,-3.972969055E1,4.146399282E1
2.356819346E1,9.782317162E0,6.710877895E0,-3.976852417E1,4.150018224E1
2.357818146E1,9.608290672E0,6.726082325E0,-3.995487976E1,4.164074747E1
2.358816946E1,9.582994461E0,6.674061298E0,-3.993293762E1,4.160548503E1
2.359815746E1,9.754479408E0,6.690944672E0,-3.984863281E1,4.156720036E1
2.360814546E1,9.862733841E0,6.645197868E0,-3.976269531E1,4.150306148E1
2.361813346E1,9.856965065E0,6.612561703E0,-3.980357361E1,4.153564980E1
2.362812246E1,9.794836998E0,6.588405609E0,-3.980323792E1,4.151678779E1
2.363811046E1,9.878728867E0,6.627257824E0,-3.980918884E1,4.154854205E1
2.364809846E1,9.822732925E0,6.509255409E0,-3.982290649E1,4.152975283E1
2.365808646E1,9.684427261E0,6.580835819E0,-3.991297913E1,4.159496886E1
2.366807446E1,9.793150902E0,6.754457951E0,-3.984011841E1,4.157840235E1
2.367806246E1,9.534154892E0,6.720124722E0,-3.982800293E1,4.150096388E1
2.368805046E1,9.593311310E0,6.622392178E0,-3.983988953E1,4.151029387E1
2.369803846E1,9.550753593E0,6.700145245E0,-3.986798096E1,4.153991750E1
2.370802646E1,9.707217216E0,6.835876942E0,-3.980700684E1,4.153982514E1
2.371801446E1,9.560794830E0,6.793532848E0,-3.976087952E1,4.145465506E1
2.372800246E1,9.711897850E0,6.766679287E0,-3.987763977E1,4.159729633E1
2.373799046E1,9.673972130E0,6.795692444E0,-3.978680420E1,4.150610751E1
2.374797846E1,9.692094803E0,6.709515572E0,-3.959590149E1,4.131331160E1
2.375796746E1,9.731681824E0,6.681353569E0,-3.968002319E1,4.139867579E1
2.376795546E1,9.711597443E0,6.701665401E0,-3.971885681E1,4.143446670E1
2.377794346E1,9.729435921E0,6.671140671E0,-3.980416870E1,4.151551381E1
2.378793146E1,9.651532173E0,6.647312641E0,-3.977798462E1,4.146838433E1
2.379791946E1,9.641290665E0,6.669349194E0,-3.967311096E1,4.136895500E1
2.380790746E1,9.641290665E0,6.669349194E0,-3.967311096E1,4.136895500E1
2.381789546E1,9.663187981E0,6.781909943E0,-3.988380432E1,4.159434278E1
2.382788346E1,9.572956085E0,6.847272396E0,-3.972250366E1,4.142950548E1
2.383787146E1,9.635225296E0,6.654246807E0,-3.979521179E1,4.148223052E1
2.384785946E1,9.643799782E0,6.696101665E0,-3.971655273E1,4.141551899E1
2.385784746E1,9.665321350E0,6.665943623E0,-3.963877869E1,4.134109356E1
2.386783546E1,9.613842964E0,6.747068405E0,-3.976538086E1,4.146365184E1
2.387782346E1,9.729790688E0,6.761195183E0,-3.971070862E1,4.144059563E1
2.388781246E1,9.703090668E0,6.639005184E0,-3.970359802E1,4.140775355E1
2.389780046E1,9.738129616E0,6.677714825E0,-3.965516663E1,4.137578137E1
2.390778846E1,9.630918503E0,6.760908604E0,-3.986302185E1,4.156350548E1
2.391777646E1,9.675900459E0,6.626042366E0,-3.983834839E1,4.152856233E1
2.392776446E1,9.613720894E0,6.670958042E0,-3.990045166E1,4.158090130E1
2.393775246E1,9.649359703E0,6.656648159E0,-3.996961975E1,4.165323049E1
2.394774046E1,9.526436806E0,6.816075325E0,-3.984584045E1,4.153195014E1
2.395772846E1,9.579216003E0,6.878107548E0,-3.978741455E1,4.149829032E1
2.396771646E1,9.400816917E0,6.897792816E0,-3.988209534E1,4.155161168E1
2.397770446E1,9.582051277E0,6.837790489E0,-3.975657654E1,4.146271172E1
2.398769246E1,9.502160072E0,6.800092697E0,-3.966973877E1,4.135481206E1
2.399768046E1,9.675943375E0,6.778403759E0,-3.973809814E1,4.145705105E1
2.400766846E1,9.585394859E0,6.778998852E0,-3.960578918E1,4.130923816E1
2.401765646E1,9.714009285E0,6.757107258E0,-3.962425232E1,4.135337769E1
2.402764546E1,9.775098801E0,6.742427826E0,-3.951687622E1,4.126253017E1
2.403763346E1,9.572146416E0,6.784904480E0,-3.953691101E1,4.124109902E1
2.404762146E1,9.516032219E0,6.790029526E0,-3.965913391E1,4.134617604E1
2.405760946E1,9.559848785E0,6.881097794E0,-3.965724182E1,4.136951830E1
2.406759746E1,9.398241997E0,6.940081120E0,-3.981732178E1,4.149591296E1
2.407758546E1,9.490126610E0,6.947043896E0,-3.988438416E1,4.158230419E1
2.408757346E1,9.414715767E0,6.945095539E0,-3.993215942E1,4.161067869E1
2.409756146E1,9.553565025E0,6.990639210E0,-3.961601257E1,4.134692363E1
2.410754946E1,9.466523170E0,6.963540077E0,-3.980303955E1,4.150166152E1
2.411753746E1,9.523827553E0,7.038494110E0,-3.971714783E1,4.144509045E1
2.412752537E1,9.506799698E0,6.907373905E0,-3.958001709E1,4.128763504E1
2.413751337E1,9.526109695E0,6.909113407E0,-3.940437317E1,4.112404697E1
2.414750137E1,9.425458908E0,6.885549545E0,-3.981007385E1,4.148604643E1
2.415748937E1,9.535129547E0,6.946456909E0,-3.964413452E1,4.136217307E1
2.416747837E1,9.356198311E0,6.905685902E0,-3.969247437E1,4.136084460E1
2.417746637E1,9.484269142E0,6.985883713E0,-3.972488403E1,4.143453082E1
2.418745437E1,9.458952904E0,7.033109665E0,-3.977844238E1,4.148808142E1
2.419744237E1,9.447632790E0,7.087430954E0,-3.964533997E1,4.136716601E1
2.420743037E1,9.607451439E0,6.928104401E0,-3.991847229E1,4.163875819E1
2.421741837E1,9.671964645E0,6.805560589E0,-3.987089539E1,4.158786907E1
2.422740637E1,9.593118668E0,6.975947857E0,-3.991784668E1,4.164284162E1
2.423739437E1,9.631556511E0,7.081597805E0,-3.974972534E1,4.150851206E1
2.424738237E1,9.564152718E0,7.109320164E0,-3.977188110E1,4.151888699E1
2.425737037E1,9.582410812E0,7.078971386E0,-3.973478699E1,4.148237855E1
2.426735837E1,9.494591713E0,6.948554993E0,-3.971495056E1,4.142109350E1
2.427734637E1,9.619288445E0,7.016394615E0,-3.964292908E1,4.139229795E1
2.428733437E1,9.530958176E0,6.980358124E0,-3.976898193E1,4.148658202E1
2.429732337E1,9.550345421E0,6.997959614E0,-3.974078369E1,4.146697993E1
2.430731137E1,9.470706940E0,6.941664696E0,-3.967971802E1,4.138068415E1
2.431729937E1,9.471379280E0,7.102962017E0,-3.966105652E1,4.139031890E1
2.432728737E1,9.431432724E0,7.002583504E0,-3.982838440E1,4.152455060E1
2.433727537E1,9.525435448E0,6.967323303E0,-3.997822571E1,4.168376237E1
2.434726337E1,9.498712540E0,6.908995628E0,-3.982373047E1,4.151974553E1
2.435725137E1,9.583827019E0,6.983150482E0,-3.963093567E1,4.136695774E1
2.436723937E1,9.582126617E0,6.811501503E0,-3.976512146E1,4.146659605E1
2.437722737E1,9.627915382E0,6.840086460E0,-3.960508728E1,4.132851892E1
2.438721537E1,9.610906601E0,6.911622047E0,-3.983261108E1,4.155450578E1
2.439720337E1,9.582202911E0,6.967862606E0,-3.984727478E1,4.157132460E1
2.440719137E1,9.762924194E0,6.924333572E0,-3.979129028E1,4.155247125E1
2.441717937E1,9.572776794E0,6.987363338E0,-3.962510681E1,4.135952601E1
2.442716837E1,9.755066872E0,6.797265053E0,-3.966239929E1,4.140615968E1
2.443715637E1,9.689623833E0,6.727562428E0,-3.964619446E1,4.136386879E1
2.444714437E1,9.595426559E0,6.931480408E0,-3.988322449E1,4.160275504E1
2.445713237E1,9.758194923E0,6.877519131E0,-3.959651184E1,4.135705971E1
2.446712037E1,9.809050560E0,6.750403404E0,-3.975213623E1,4.149720176E1
2.447710837E1,9.670689583E0,6.824618340E0,-3.976843262E1,4.149247986E1
2.448709637E1,9.826149940E0,6.785124302E0,-3.963003540E1,4.138998478E1
2.449708437E1,9.754064560E0,6.855448246E0,-3.965736389E1,4.141069254E1
2.450707237E1,9.689556122E0,6.763148308E0,-3.982565308E1,4.154166963E1
2.451706037E1,9.791818619E0,6.670345783E0,-3.987188721E1,4.159495900E1
2.452704837E1,9.802945137E0,6.684530258E0,-3.994895935E1,4.167373311E1
2.453703637E1,9.889531136E0,6.788295746E0,-3.973359680E1,4.150472865E1
2.454702437E1,9.849912643E0,6.838765144E0,-3.992608643E1,4.168791030E1
2.455701237E1,9.639321327E0,6.961197376E0,-3.983816528E1,4.157468217E1
2.456700137E1,9.845396996E0,6.944388390E0,-3.983396912E1,4.161612029E1
2.457698937E1,9.641671181E0,7.033165455E0,-3.994094849E1,4.168580820E1
2.458697737E1,9.678389549E0,7.121053219E0,-3.977583313E1,4.155114348E1
2.459696537E1,9.604738235E0,7.070116043E0,-3.988749695E1,4.163231858E1
2.460695337E1,9.614123344E0,6.908318520E0,-3.986401367E1,4.158480273E1
2.461694137E1,9.572671890E0,6.991623878E0,-3.983248901E1,4.155894648E1
2.462692937E1,9.708928108E0,6.971254826E0,-3.991044617E1,4.166179775E1
2.463691737E1,9.688182831E0,6.981809616E0,-3.978573608E1,4.153927476E1
2.464690537E1,9.659660339E0,6.953397274E0,-3.962550354E1,4.137437978E1
2.465689337E1,9.659660339E0,6.953397274E0,-3.962550354E1,4.137437978E1
2.466688137E1,9.628193855E0,6.885949612E0,-3.958332825E1,4.131535180E1
2.467686937E1,9.601870537E0,7.003716469E0,-3.962304688E1,4.136706185E1
2.468685737E1,9.475460052E0,6.947100639E0,-3.963911438E1,4.134375333E1
2.469684537E1,9.583671570E0,6.886100769E0,-3.957916260E1,4.130103215E1
2.470683437E1,9.519882202E0,7.042871475E0,-3.952638245E1,4.126215100E1
2.471682237E1,9.581654549E0,7.037145138E0,-3.969728088E1,4.143915570E1
2.472681037E1,9.584237099E0,7.045875072E0,-3.966340637E1,4.140878846E1
2.473679837E1,9.615634918E0,7.040336132E0,-3.980290222E1,4.154873997E1
2.474678637E1,9.472347260E0,7.171247005E0,-3.970118713E1,4.144075779E1
2.475677437E1,9.477042198E0,7.121188641E0,-3.990364075E1,4.162722909E1
2.476676237E1,9.431286812E0,7.113687515E0,-3.965170288E1,4.137404092E1
2.477675037E1,9.522436142E0,7.230515003E0,-3.970523071E1,4.146640186E1
2.478673837E1,9.569675446E0,7.035304546E0,-3.970344543E1,4.144198086E1
2.479672637E1,9.583807945E0,7.052926540E0,-3.959027100E1,4.133984404E1
2.480671437E1,9.539176941E0,7.020401955E0,-3.960452271E1,4.133763611E1
2.481670237E1,9.600758553E0,7.026995182E0,-3.952970886E1,4.128136515E1
2.482669137E1,9.485939026E0,7.072317123E0,-3.956239319E1,4.129386956E1
2.483667937E1,9.563861847E0,6.978239536E0,-3.966996765E1,4.139890837E1
2.484666737E1,9.499671936E0,7.145856380E0,-3.967529297E1,4.141782107E1
2.485665537E1,9.610692024E0,7.153707504E0,-3.972569275E1,4.149303070E1
2.486664337E1,9.487849236E0,7.030953884E0,-3.981184387E1,4.152633512E1
2.487663137E1,9.551556587E0,7.081794739E0,-3.955604553E1,4.130453714E1
2.488661937E1,9.451151848E0,7.033061028E0,-3.973204041E1,4.144180562E1
2.489660737E1,9.672857285E0,6.941184998E0,-3.985121155E1,4.159162511E1
2.490659537E1,9.677796364E0,6.983807087E0,-3.984945679E1,4.159822725E1
2.491658337E1,9.690369606E0,7.027321339E0,-3.978488159E1,4.154664020E1
2.492657137E1,9.682147980E0,7.070707321E0,-3.966423035E1,4.143657877E1
2.493655937E1,9.772899628E0,7.042163849E0,-3.954353333E1,4.133754548E1
2.494654737E1,9.637215614E0,7.049540997E0,-3.982177734E1,4.157337975E1
2.495653537E1,9.731249809E0,7.076223373E0,-3.968267822E1,4.146667470E1
2.496652437E1,9.610286713E0,7.003737926E0,-3.987545776E1,4.161084099E1
2.497651237E1,9.627131462E0,7.127100468E0,-3.948730469E1,4.126408187E1
2.498650037E1,9.476579666E0,6.969231606E0,-3.949256897E1,4.120726581E1
2.499648837E1,9.540469170E0,7.041543007E0,-3.957931519E1,4.131738218E1
2.500647637E1,9.593922615E0,6.993833065E0,-3.971104431E1,4.144784786E1
2.501646437E1,9.541457176E0,7.079830170E0,-3.979243469E1,4.152831876E1
2.502645237E1,9.390445709E0,7.179571629E0,-3.984440613E1,4.156083997E1
2.503644037E1,9.494559288E0,7.068201542E0,-3.977359009E1,4.149752520E1
2.504642837E1,9.489413261E0,7.036427975E0,-3.972834778E1,4.144758015E1
2.505641637E1,9.601813316E0,7.037984371E0,-3.982440186E1,4.156574342E1
2.506640437E1,9.583971977E0,7.036331654E0,-3.982534790E1,4.156225231E1
2.507639237E1,9.653013229E0,7.025873184E0,-3.977703857E1,4.153018608E1
2.508638037E1,9.573480606E0,6.967563152E0,-3.988267517E1,4.160319995E1
2.509636837E1,9.646108627E0,6.867427826E0,-3.960113525E1,4.133350808E1
2.510635737E1,9.473894119E0,7.022240639E0,-3.986653137E1,4.157411282E1
2.511634537E1,9.464647293E0,7.139449596E0,-3.982040405E1,4.154775406E1
2.512633608E1,9.503069878E0,7.084694862E0,-3.998156738E1,4.170164228E1
2.513632408E1,9.465931892E0,6.984795570E0,-3.990492249E1,4.160281330E1
2.514631208E1,9.510553360E0,7.177630424E0,-4.000811768E1,4.174468210E1
2.515630008E1,9.497861862E0,7.270249844E0,-3.992724609E1,4.168034181E1
2.516628808E1,9.493278503E0,7.159199715E0,-3.989439392E1,4.162858565E1
2.517627608E1,9.384516716E0,7.205042839E0,-3.981591797E1,4.153659976E1
2.518626408E1,9.312136650E0,7.133360386E0,-3.993978882E1,4.162676363E1
2.519625208E1,9.384867668E0,7.103418350E0,-3.987316895E1,4.157407720E1
2.520624008E1,9.436066628E0,7.042947292E0,-3.987828064E1,4.158028050E1
2.521622808E1,9.472688675E0,7.121687889E0,-3.988677979E1,4.161016067E1
2.522621608E1,9.385173798E0,7.008128643E0,-3.989001465E1,4.157413406E1
2.523620508E1,9.443500519E0,7.125565052E0,-3.983067322E1,4.155040202E1
2.524619308E1,9.309591293E0,7.199978352E0,-3.994375610E1,4.164146767E1
2.525618108E1,9.586973190E0,7.179184914E0,-3.988600159E1,4.164545442E1
2.526616908E1,9.595478058E0,7.069805145E0,-3.995043945E1,4.169044203E1
2.527615708E1,9.566919327E0,7.034930706E0,-3.993792725E1,4.166598407E1
2.528614508E1,9.576485634E0,7.037983894E0,-3.993261719E1,4.166360774E1
2.529613308E1,9.474250793E0,7.066404819E0,-3.987300110E1,4.158787951E1
2.530612108E1,9.484473228E0,6.997361660E0,-3.998646545E1,4.168735686E1
2.531610908E1,9.462964058E0,7.171153545E0,-3.986434937E1,4.159494539E1
2.532609708E1,9.507569313E0,7.072508335E0,-3.995950317E1,4.167944508E1
2.533608508E1,9.454211235E0,7.038265228E0,-3.982144165E1,4.152910428E1
2.534607308E1,9.471663475E0,7.002855778E0,-3.998097229E1,4.168009769E1
2.535606108E1,9.712525368E0,7.000167847E0,-3.981373596E1,4.157486104E1
2.536604908E1,9.479456902E0,7.095561981E0,-3.998036194E1,4.169695965E1
2.537603808E1,9.487450600E0,7.100650787E0,-3.983244324E1,4.155784516E1
2.538602608E1,9.488842010E0,7.168675900E0,-3.971383667E1,4.145620412E1
2.539601408E1,9.551148415E0,7.202899456E0,-3.982578278E1,4.158364066E1
2.540600208E1,9.516139984E0,7.021102905E0,-3.997850800E1,4.169093316E1
2.541599008E1,9.490457535E0,7.008692265E0,-4.002370453E1,4.172634031E1
2.542597808E1,9.640010834E0,6.980839252E0,-4.002164459E1,4.175396941E1
2.543596608E1,9.595355988E0,7.026575089E0,-3.996039581E1,4.169264740E1
2.544595408E1,9.695977211E0,6.993897438E0,-4.017572784E1,4.191677091E1
2.545594208E1,9.608184814E0,6.955876827E0,-4.005019379E1,4.176983912E1
2.546593008E1,9.607769966E0,7.018738747E0,-3.992159271E1,4.165699824E1
2.547591808E1,9.529274940E0,7.097912312E0,-3.981887054E1,4.155393954E1
2.548590608E1,9.597558975E0,7.095459461E0,-3.981822968E1,4.156861915E1
2.549589408E1,9.455556870E0,7.039853573E0,-3.982343292E1,4.153158923E1
2.550588208E1,9.455556870E0,7.039853573E0,-3.982343292E1,4.153158923E1
2.551587108E1,9.575726509E0,6.977307320E0,-3.989806366E1,4.162010139E1
2.552585908E1,9.595049858E0,7.002962589E0,-3.978885651E1,4.152420461E1
2.553584708E1,9.654790878E0,6.961207867E0,-3.973998260E1,4.148420928E1
2.554583508E1,9.545484543E0,7.106470585E0,-3.981542206E1,4.155581828E1
2.555582308E1,9.529297829E0,6.978179455E0,-3.983301544E1,4.154722163E1
2.556581108E1,9.441489220E0,6.999259472E0,-3.960274506E1,4.130991125E1
2.557579908E1,9.562422752E0,7.111569881E0,-3.975531769E1,4.150300760E1
2.558578708E1,9.449966431E0,7.069742203E0,-3.969170380E1,4.140911096E1
2.559577508E1,9.486164093E0,7.082933426E0,-3.964205170E1,4.137206204E1
2.560576308E1,9.374360085E0,7.050108433E0,-3.951097870E1,4.121528956E1
2.561575108E1,9.479677200E0,7.000660896E0,-3.953765106E1,4.125650718E1
2.562573908E1,9.480560303E0,7.035633087E0,-3.966570282E1,4.138537346E1
2.563572708E1,9.543359756E0,6.982339382E0,-3.961043549E1,4.133782019E1
2.564571608E1,9.568885803E0,6.996862888E0,-3.967887115E1,4.141174329E1
2.565570408E1,9.531493187E0,7.056089401E0,-3.974681854E1,4.147827557E1
2.566569208E1,9.351292610E0,6.973326206E0,-3.962560272E1,4.130692851E1
2.567568008E1,9.508643150E0,6.976700783E0,-3.965677643E1,4.137328323E1
2.568566808E1,9.384709358E0,6.969005108E0,-3.940779877E1,4.110491948E1
2.569565608E1,9.684033394E0,6.798501015E0,-3.956435394E1,4.129574096E1
2.570564408E1,9.497612000E0,6.852780819E0,-3.968286896E1,4.137505683E1
2.571563208E1,9.597717285E0,6.937010765E0,-3.958243561E1,4.131594733E1
2.572562008E1,9.471932411E0,6.867673874E0,-3.989760590E1,4.157765511E1
2.573560808E1,9.486630440E0,6.894005299E0,-3.959841156E1,4.129839784E1
2.574559608E1,9.494437218E0,6.955424309E0,-3.973691559E1,4.144327118E1
2.575558408E1,9.500774384E0,6.899309158E0,-3.973854828E1,4.143690867E1
2.576557208E1,9.450214386E0,6.830090046E0,-3.976436615E1,4.143864739E1
2.577556008E1,9.590820312E0,6.863026619E0,-3.974852753E1,4.146119160E1
2.578554908E1,9.577437401E0,6.959979534E0,-3.963455963E1,4.136504490E1
2.579553708E1,9.750896454E0,6.839946747E0,-3.975302887E1,4.149901393E1
2.580552508E1,9.579631805E0,7.096034050E0,-3.978279877E1,4.153064077E1
2.581551308E1,9.626358986E0,6.936506271E0,-3.975113678E1,4.148415097E1
2.582550108E1,9.714443207E0,6.923403740E0,-3.962964630E1,4.138614251E1
2.583548908E1,9.750210762E0,6.802392960E0,-3.959110260E1,4.133756845E1
2.584547708E1,9.594991684E0,6.954976082E0,-3.971363068E1,4.144403478E1
2.585546508E1,9.616648674E0,6.841790676E0,-3.952433014E1,4.124879034E1
2.586545308E1,9.706691742E0,6.802252769E0,-3.980271149E1,4.153006560E1
2.587544108E1,9.810706139E0,6.907047749E0,-3.950960541E1,4.129123615E1
2.588542908E1,9.781734467E0,6.795140266E0,-3.944040680E1,4.119953821E1
2.589541708E1,9.827686310E0,6.937236309E0,-3.930097198E1,4.110079153E1
2.590540508E1,9.720416069E0,6.876574516E0,-3.954409027E1,4.129780673E1
2.591539408E1,9.909133911E0,6.877844810E0,-3.933895111E1,4.114667372E1
2.592538208E1,9.939047813E0,6.739245892E0,-3.953646088E1,4.131989648E1
2.593537008E1,9.819681168E0,6.819711208E0,-3.950963593E1,4.127887995E1
2.594535808E1,9.519205093E0,6.905292034E0,-3.970114899E1,4.140627434E1
2.595534608E1,9.713768959E0,6.789859295E0,-3.959098053E1,4.132681014E1
2.596533408E1,9.749418259E0,6.668793678E0,-3.959810638E1,4.132231836E1
2.597532208E1,9.723967552E0,6.834165573E0,-3.936670685E1,4.112175789E1
2.598531008E1,9.568124771E0,6.895291805E0,-3.952198029E1,4.124416306E1
2.599529808E1,9.605858803E0,6.965915203E0,-3.952794647E1,4.127051066E1
2.600528608E1,9.713150024E0,6.886930943E0,-3.949729156E1,4.125301373E1
2.601527408E1,9.601439476E0,6.861340046E0,-3.946523285E1,4.119187093E1
2.602526208E1,9.476390839E0,7.039672375E0,-3.970754242E1,4.142520845E1
2.603525008E1,9.480927467E0,6.924831867E0,-3.956829071E1,4.127336807E1
2.604523908E1,9.614771843E0,6.779646873E0,-3.969530487E1,4.140198882E1
2.605522708E1,9.817772865E0,6.785231590E0,-3.951515961E1,4.127803133E1
2.606521508E1,9.629524231E0,6.838519573E0,-3.958364105E1,4.130808306E1
2.607520308E1,9.688982010E0,6.728391647E0,-3.944919586E1,4.117507354E1
2.608519108E1,9.727059364E0,6.808686256E0,-3.946811676E1,4.121536283E1
2.609517908E1,9.793087959E0,6.725566387E0,-3.954845428E1,4.129428594E1
2.610516708E1,9.688540459E0,6.909782887E0,-3.958155060E1,4.133173192E1
2.611515508E1,9.600690842E0,7.013659954E0,-3.967507172E1,4.141830521E1
2.612514100E1,9.515933990E0,6.953964233E0,-3.979015350E1,4.149899919E1
2.613512900E1,9.669763565E0,6.789346218E0,-3.992310333E1,4.163476587E1
2.614511700E1,9.677816391E0,6.866805553E0,-3.979688263E1,4.152836399E1
2.615510500E1,9.835453987E0,6.732326984E0,-3.963799286E1,4.139119302E1
2.616509300E1,9.642077446E0,6.862607002E0,-3.971321869E1,4.143916953E1
2.617508100E1,9.661128044E0,6.827694893E0,-3.954558563E1,4.127721109E1
2.618507000E1,9.739774704E0,6.823162079E0,-3.948641205E1,4.123827698E1
2.619505800E1,9.747803688E0,6.808041573E0,-3.950698090E1,4.125737081E1
2.620504600E1,9.787557602E0,6.847096920E0,-3.942034912E1,4.119032587E1
2.621503400E1,9.822057724E0,6.841453075E0,-3.951573181E1,4.128887694E1
2.622502200E1,9.669381142E0,6.909490585E0,-3.966658020E1,4.140864133E1
2.623501000E1,9.788096428E0,6.732039452E0,-3.972174072E1,4.146014801E1
2.624499800E1,9.591130257E0,6.878841877E0,-3.972624207E1,4.144252108E1
2.625498600E1,9.708287239E0,6.850335121E0,-3.953347778E1,4.128042875E1
2.626497400E1,9.742001534E0,6.735441685E0,-3.974693298E1,4.147398522E1
2.627496200E1,9.663309097E0,6.683617115E0,-3.967427063E1,4.137750633E1
2.628495000E1,9.686944962E0,6.736153603E0,-3.974142456E1,4.145592230E1
2.629493800E1,9.772933006E0,6.812049866E0,-3.971647644E1,4.146459627E1
2.630492600E1,9.783564568E0,6.774082184E0,-3.962432861E1,4.137262069E1
2.631491500E1,9.689230919E0,6.703030586E0,-3.978549194E1,4.149333903E1
2.632490300E1,9.689230919E0,6.703030586E0,-3.978549194E1,4.149333903E1
2.633489100E1,9.608606339E0,6.824883461E0,-3.993708801E1,4.163982888E1
2.634487900E1,9.670077324E0,6.771927357E0,-3.990040588E1,4.161023654E1
2.635486700E1,9.670077324E0,6.771927357E0,-3.990040588E1,4.161023654E1
2.636485500E1,9.769769669E0,6.755753040E0,-3.969551086E1,4.143455299E1
2.637484300E1,9.578557014E0,6.794005871E0,-3.974006653E1,4.143887255E1
2.638483100E1,9.719652176E0,6.645388603E0,-3.971891785E1,4.142734922E1
2.639481900E1,9.826681137E0,6.637246609E0,-3.977102661E1,4.150122001E1
2.640480700E1,9.763570786E0,6.517298698E0,-3.976789856E1,4.146430094E1
2.641479500E1,9.863992691E0,6.585803509E0,-3.973593140E1,4.146824573E1
2.642478300E1,9.676830292E0,6.774956703E0,-3.984216309E1,4.155645608E1
2.643477100E1,9.811284065E0,6.608517647E0,-3.979017639E1,4.151134710E1
2.644476000E1,9.690461159E0,6.639328003E0,-3.965847778E1,4.136158331E1
2.645474800E1,9.776575089E0,6.676871300E0,-3.967497253E1,4.140368916E1
2.646473600E1,9.751656532E0,6.833787441E0,-3.998066711E1,4.171629416E1
2.647472400E1,9.797637939E0,6.819773674E0,-3.993667603E1,4.168262365E1
2.648471200E1,9.747587204E0,6.791377068E0,-3.984994507E1,4.158312615E1
2.649470000E1,9.683815956E0,6.655709267E0,-3.977503967E1,4.147443234E1
2.650468800E1,9.661594391E0,6.741549969E0,-3.974218750E1,4.145161480E1
2.651467600E1,9.613178253E0,6.750207424E0,-3.954997253E1,4.125746992E1
2.652466400E1,9.489506721E0,6.835097790E0,-3.971162415E1,4.139785492E1
2.653465200E1,9.611007690E0,6.751113892E0,-3.979885864E1,4.149576071E1
2.654464000E1,9.643262863E0,6.731654167E0,-3.993045044E1,4.162629648E1
2.655462800E1,9.778107643E0,6.679744720E0,-3.978198242E1,4.150706571E1
2.656461600E1,9.622443199E0,6.737442017E0,-3.950619507E1,4.121557942E1
2.657460400E1,9.564462662E0,6.819031715E0,-3.971080017E1,4.141166248E1
2.658459300E1,9.642503738E0,6.833651066E0,-3.974412537E1,4.146410696E1
2.659458100E1,9.763024330E0,6.802771568E0,-3.982296753E1,4.156276083E1
2.660456900E1,9.600974083E0,6.759716511E0,-3.969499207E1,4.139522757E1
2.661455700E1,9.711411476E0,6.778687477E0,-3.958703613E1,4.132064310E1
2.662454500E1,9.661748886E0,6.771380424E0,-3.983305359E1,4.154362939E1
2.663453300E1,9.562818527E0,6.814285755E0,-3.991618347E1,4.160749562E1
2.664452100E1,9.653395653E0,6.730283260E0,-3.971766663E1,4.142436243E1
2.665450900E1,9.658488274E0,6.792164326E0,-3.969389343E1,4.141286114E1
2.666449700E1,9.625126839E0,6.823901653E0,-3.974783325E1,4.146201815E1
2.667448500E1,9.683278084E0,6.799574852E0,-3.958729553E1,4.131772090E1
2.668447300E1,9.481617928E0,6.864882469E0,-3.968331909E1,4.137382632E1
2.669446100E1,9.733157158E0,6.846661091E0,-3.970576477E1,4.145068000E1
2.670445000E1,9.589713097E0,6.776753902E0,-3.980703735E1,4.150285790E1
2.671443800E1,9.617494583E0,6.799102783E0,-3.983433533E1,4.153911737E1
2.672442600E1,9.519352913E0,6.789536953E0,-3.990849304E1,4.158609995E1
2.673441400E1,9.723942757E0,6.907163143E0,-3.977619934E1,4.152601593E1
2.674440200E1,9.778153419E0,6.879424095E0,-4.008106995E1,4.182619906E1
2.675439000E1,9.831100464E0,6.855635643E0,-3.981063843E1,4.157568049E1
2.676437800E1,9.680650711E0,6.850142002E0,-3.966452026E1,4.139943975E1
2.677436600E1,9.855201721E0,6.801967144E0,-3.945318604E1,4.123039712E1
2.678435400E1,9.657011032E0,6.646806717E0,-3.960765076E1,4.130622108E1
2.679434200E1,9.638417244E0,6.798250198E0,-3.960960388E1,4.132839233E1
2.680433000E1,9.548744202E0,6.873456478E0,-3.981544495E1,4.151737680E1
2.681431800E1,9.609208107E0,6.838315964E0,-3.972123718E1,4.143520398E1
2.682430700E1,9.552144051E0,6.790196419E0,-3.976719666E1,4.145817354E1
2.683429500E1,9.642912865E0,6.781478405E0,-3.971199036E1,4.142482825E1
2.684428300E1,9.619503975E0,6.743575096E0,-3.976965332E1,4.146849391E1
2.685427100E1,9.687409401E0,6.871289253E0,-3.961843872E1,4.136038205E1
2.686425900E1,9.678921700E0,6.753798962E0,-3.980992126E1,4.152258610E1
2.687424700E1,9.847439766E0,6.783247471E0,-3.969674683E1,4.145860857E1
2.688423500E1,9.636746407E0,6.789456367E0,-3.975630188E1,4.146718146E1
2.689422300E1,9.728896141E0,6.757809639E0,-3.954638672E1,4.128239472E1
2.690421100E1,9.794256210E0,6.700313568E0,-3.965745544E1,4.139487201E1
2.691419900E1,9.826197624E0,6.726380348E0,-3.963142395E1,4.138173651E1
2.692418700E1,9.737001419E0,6.681806087E0,-3.949551392E1,4.122318945E1
2.693417500E1,9.772307396E0,6.666947842E0,-3.954747009E1,4.127891200E1
2.694416300E1,9.738550186E0,6.683655739E0,-3.979444885E1,4.151034538E1
2.695415200E1,9.835221291E0,6.729728222E0,-3.949430847E1,4.125313590E1
2.696414000E1,9.860212326E0,6.568053722E0,-3.962319946E1,4.135651161E1
2.697412800E1,9.974585533E0,6.762442589E0,-3.967919922E1,4.146880559E1
2.698411600E1,9.904746056E0,6.594841003E0,-3.971865845E1,4.146284784E1
2.699410400E1,9.882216454E0,6.712659359E0,-3.964111328E1,4.140212386E1
2.700409200E1,9.866536140E0,6.639007568E0,-3.980213928E1,4.154076610E1
2.701408000E1,9.818622589E0,6.762813091E0,-3.971334076E1,4.146432713E1
2.702406800E1,9.703283310E0,6.741304874E0,-3.989197540E1,4.160491077E1
2.703405600E1,9.685323715E0,6.861099243E0,-3.989679718E1,4.162492767E1
2.704404400E1,9.702568054E0,6.627326488E0,-3.974065399E1,4.144129418E1
2.705403200E1,9.691811562E0,6.822372437E0,-3.968256378E1,4.141475396E1
2.706402000E1,9.689372063E0,6.833357811E0,-3.983580780E1,4.156284751E1
2.707400900E1,9.630899429E0,6.808168411E0,-3.968584442E1,4.140134815E1
2.708399700E1,9.708059311E0,6.726519585E0,-3.963576508E1,4.135802648E1
2.709398500E1,9.574532509E0,6.895304680E0,-3.968013763E1,4.139722481E1
2.710397300E1,9.642807007E0,6.776054859E0,-3.959722137E1,4.131390307E1
2.711396100E1,9.565545082E0,6.849430561E0,-3.955498505E1,4.126755619E1
2.712394825E1,9.497282982E0,6.881546497E0,-3.966768646E1,4.136519570E1
2.713393625E1,9.649181366E0,6.794080257E0,-3.966449738E1,4.138282953E1
2.714392425E1,9.715161324E0,6.719769955E0,-3.967278290E1,4.139407410E1
2.715391225E1,9.768314362E0,6.758527756E0,-3.975090790E1,4.148773724E1
2.716390025E1,9.707314491E0,6.549699306E0,-3.990139008E1,4.158426921E1
2.717388825E1,9.955375671E0,6.624684334E0,-3.977828217E1,4.153682317E1
2.718387625E1,1.001359749E1,6.702123165E0,-3.979398346E1,4.157826005E1
2.719386525E1,1.001359749E1,6.702123165E0,-3.979398346E1,4.157826005E1
2.720385325E1,9.873960495E0,6.720134735E0,-3.983560944E1,4.158763140E1
2.721384125E1,9.878340721E0,6.751568794E0,-3.970735931E1,4.147094984E1
2.722382925E1,9.811264038E0,6.804561138E0,-3.959980011E1,4.136069539E1
2.723381725E1,9.857494354E0,6.629268169E0,-3.964565277E1,4.138713780E1
2.724380525E1,9.882473946E0,6.602247238E0,-3.944481659E1,4.119643814E1
2.725379325E1,9.927320480E0,6.537335396E0,-3.967699432E1,4.141922651E1
2.726378125E1,9.921220779E0,6.629046917E0,-3.936762238E1,4.113617114E1
2.727376925E1,9.907772064E0,6.643064976E0,-3.945397186E1,4.121783783E1
2.728375725E1,9.764569283E0,6.595618248E0,-3.934195709E1,4.106870562E1
2.729374525E1,9.926588058E0,6.676417828E0,-3.948383331E1,4.125633041E1
2.730373325E1,9.833226204E0,6.730830193E0,-3.968010712E1,4.143075323E1
2.731372225E1,9.962677002E0,6.775091171E0,-3.976273346E1,4.154794538E1
2.732371025E1,9.730069160E0,6.855323792E0,-3.970241547E1,4.144817854E1
2.733369825E1,9.772809029E0,6.759512901E0,-3.972934723E1,4.146829924E1
2.734368625E1,9.829565048E0,6.729012966E0,-3.963544464E1,4.138681477E1
2.735367425E1,1.001028728E1,6.526060581E0,-3.962810516E1,4.139060325E1
2.736366225E1,1.000309277E1,6.482467175E0,-3.948130035E1,4.124145152E1
2.737365025E1,9.942699432E0,6.560586452E0,-3.956114960E1,4.131565229E1
2.738363825E1,9.778199196E0,6.579010487E0,-3.972936249E1,4.144054539E1
2.739362625E1,9.923044205E0,6.484689236E0,-3.974544525E1,4.147551590E1
2.740361425E1,9.888958931E0,6.497469425E0,-3.973636627E1,4.146067320E1
2.741360225E1,9.972494125E0,6.515930653E0,-3.971012878E1,4.145844087E1
2.742359125E1,9.913967133E0,6.591571331E0,-3.965454102E1,4.140311800E1
2.743357925E1,9.758502007E0,6.632147789E0,-3.964323425E1,4.136181533E1
2.744356725E1,9.766945839E0,6.622672081E0,-3.970275879E1,4.141934418E1
2.745355525E1,9.840291977E0,6.602782249E0,-3.956927490E1,4.130563637E1
2.746354325E1,9.829707146E0,6.610875607E0,-3.971296692E1,4.144208682E1
2.747353125E1,9.912778854E0,6.645294189E0,-3.993304443E1,4.167818563E1
2.748351925E1,9.776284218E0,6.684093952E0,-3.984365845E1,4.156645238E1
2.749350725E1,9.901459694E0,6.883360863E0,-3.974906921E1,4.153803154E1
2.750349525E1,9.760956764E0,6.707377911E0,-3.965473938E1,4.138554761E1
2.751348325E1,9.827387810E0,6.721630573E0,-3.984597778E1,4.158677451E1
2.752347125E1,9.676245689E0,6.867343903E0,-3.974642944E1,4.147973959E1
2.753345925E1,9.695690155E0,6.762868404E0,-3.956288147E1,4.129121440E1
2.754344825E1,9.594324112E0,6.725437641E0,-3.948603821E1,4.118773822E1
2.755343625E1,9.646591187E0,6.742358685E0,-3.940574646E1,4.112577022E1
2.756342425E1,9.614669800E0,6.802267551E0,-3.950346375E1,4.122179481E1
2.757341225E1,9.735070229E0,6.693620205E0,-3.960119629E1,4.132591065E1
2.758340025E1,9.657262802E0,6.683744431E0,-3.947764587E1,4.118761571E1
2.759338825E1,9.845032692E0,6.794470787E0,-3.943856812E1,4.121274265E1
2.760337625E1,9.721023560E0,6.648675919E0,-3.947775269E1,4.119704052E1
2.761336425E1,9.848464966E0,6.722869396E0,-3.940275574E1,4.116754055E1
2.762335225E1,9.763852119E0,6.769321442E0,-3.962928772E1,4.137193452E1
2.763334025E1,9.694589615E0,6.759072781E0,-3.946043396E1,4.119218349E1
2.764332825E1,9.663425446E0,6.750916004E0,-3.950906372E1,4.123011975E1
2.765331725E1,9.779587746E0,6.788066864E0,-3.975804138E1,4.150204866E1
2.766330525E1,9.697212219E0,6.675431728E0,-3.968859863E1,4.139785230E1
2.767329325E1,9.758639336E0,6.693653584E0,-3.960075378E1,4.133105056E1
2.768328125E1,9.686228752E0,6.525319099E0,-3.979887390E1,4.147714046E1
2.769326925E1,9.773142815E0,6.660197735E0,-3.963174438E1,4.135876832E1
2.770325725E1,9.714994431E0,6.774724483E0,-3.962811279E1,4.136019019E1
2.771324525E1,9.812014580E0,6.699306011E0,-3.955155945E1,4.129748401E1
2.772323325E1,9.881916046E0,6.687775135E0,-3.952275085E1,4.128469978E1
2.773322125E1,9.962285042E0,6.609532833E0,-3.950137329E1,4.127095273E1
2.774320925E1,9.767395973E0,6.664790154E0,-3.968310547E1,4.140737026E1
2.775319725E1,9.821273804E0,6.750302792E0,-3.951834106E1,4.127618305E1
2.776318525E1,9.591467857E0,6.714078426E0,-3.965303040E1,4.134534949E1
2.777317425E1,9.829319954E0,6.717948437E0,-3.946647644E1,4.122316248E1
2.778316225E1,9.826476097E0,6.617247581E0,-3.958988953E1,4.132441108E1
2.779315025E1,9.881010056E0,6.703685284E0,-3.942854309E1,4.119689025E1
2.780313825E1,9.865660667E0,6.673160553E0,-3.967114258E1,4.142054907E1
2.781312625E1,9.902696609E0,6.616322517E0,-3.950517273E1,4.126133537E1
2.782311425E1,9.867667198E0,6.697029591E0,-3.945219421E1,4.121524827E1
2.783310225E1,9.935811043E0,6.709887028E0,-3.958595276E1,4.136170428E1
2.784309025E1,9.859963417E0,6.628881931E0,-3.961204529E1,4.135547226E1
2.785307825E1,9.777552605E0,6.649360180E0,-3.968186951E1,4.140610213E1
2.786306625E1,9.790819168E0,6.597158909E0,-3.974330139E1,4.145977148E1
2.787305425E1,9.834306717E0,6.587279797E0,-3.948217773E1,4.121829936E1
2.788304225E1,9.709677696E0,6.684927940E0,-3.963125610E1,4.134734046E1
2.789303125E1,9.800723076E0,6.650006771E0,-3.954043579E1,4.127617746E1
2.790301925E1,9.771007538E0,6.559420586E0,-3.974180603E1,4.144767464E1
2.791300725E1,9.801051140E0,6.604582310E0,-3.979295349E1,4.151096552E1
2.792299525E1,9.913816452E0,6.636331081E0,-3.984922791E1,4.159670193E1
2.793298325E1,9.892477036E0,6.633687019E0,-3.961605835E1,4.136784965E1
2.794297125E1,9.904066086E0,6.548193455E0,-3.986637878E1,4.159684507E1
2.795295925E1,9.839543343E0,6.638577461E0,-3.977076721E1,4.150423169E1
2.796294725E1,9.752822876E0,6.570981026E0,-3.965150452E1,4.135864065E1
2.797293525E1,9.866928101E0,6.626680374E0,-3.949455261E1,4.124425838E1
2.798292325E1,9.892286301E0,6.585191250E0,-3.950975037E1,4.125824095E1
2.799291125E1,9.885181427E0,6.653462887E0,-3.949412537E1,4.125253106E1
2.800290025E1,9.856448174E0,6.672861099E0,-3.935772705E1,4.111821159E1
2.801288825E1,9.809998512E0,6.630558968E0,-3.960940552E1,4.134132785E1
2.802287625E1,9.800075531E0,6.592168331E0,-3.970492554E1,4.142438021E1
2.803286425E1,9.825108528E0,6.657129765E0,-3.957957458E1,4.132061058E1
2.804285225E1,9.825108528E0,6.657129765E0,-3.957957458E1,4.132061058E1
2.805284025E1,9.769706726E0,6.644114971E0,-3.986108398E1,4.157520234E1
2.806282825E1,9.784514427E0,6.657221317E0,-3.972767639E1,4.145290810E1
2.807281625E1,9.804720879E0,6.667490005E0,-3.957908630E1,4.131697045E1
2.808280425E1,9.781413078E0,6.586577892E0,-3.952928162E1,4.125073521E1
2.809279225E1,9.819152832E0,6.695261955E0,-3.950224304E1,4.125129695E1
2.810278025E1,9.637467384E0,6.796951771E0,-3.946726990E1,4.119156132E1
2.811276925E1,9.761898041E0,6.561137199E0,-3.954476929E1,4.125690188E1
2.812275725E1,9.785555840E0,6.527370453E0,-3.962084961E1,4.133007854E1
2.813274521E1,9.860775948E0,6.512334824E0,-3.963334656E1,4.135755755E1
2.814273321E1,9.750951767E0,6.625806332E0,-3.936561584E1,4.109299309E1
2.815272121E1,9.820897102E0,6.723182678E0,-3.965206909E1,4.139973174E1
2.816270921E1,9.890570641E0,6.641616821E0,-3.949012756E1,4.124808646E1
2.817269721E1,9.843179703E0,6.469071865E0,-3.957019043E1,4.128603938E1
2.818268521E1,9.769260406E0,6.529505730E0,-3.938265991E1,4.109825782E1
2.819267321E1,9.845866203E0,6.615651131E0,-3.929588318E1,4.104722105E1
2.820266121E1,9.730782509E0,6.670319080E0,-3.931346130E1,4.104545681E1
2.821264921E1,9.664767265E0,6.774352074E0,-3.937577820E1,4.110658683E1
2.822263721E1,9.590938568E0,6.634886265E0,-3.930418396E1,4.099788647E1
2.823262621E1,9.634603500E0,6.596556664E0,-3.931547546E1,4.101276332E1
2.824261421E1,9.669278145E0,6.724247932E0,-3.935583496E1,4.108031397E1
2.825260221E1,9.741477013E0,6.671024323E0,-3.936845398E1,4.110077990E1
2.826259021E1,9.855815887E0,6.750758171E0,-3.934112549E1,4.111488778E1
2.827257821E1,9.886272430E0,6.605344772E0,-3.941131592E1,4.116577200E1
2.828256621E1,9.769964218E0,6.732130527E0,-3.960562134E1,4.134463718E1
2.829255421E1,9.757940292E0,6.733567715E0,-3.935998535E1,4.110677292E1
2.830254221E1,9.697536469E0,6.670937061E0,-3.937011719E1,4.109196688E1
2.831253021E1,9.750164032E0,6.753375053E0,-3.946261597E1,4.120645377E1
2.832251821E1,9.602067947E0,6.844985962E0,-3.929733276E1,4.102845237E1
2.833250621E1,9.638623238E0,6.761168003E0,-3.924165344E1,4.096979150E1
2.834249521E1,9.526276588E0,6.887855053E0,-3.937252808E1,4.109000438E1
2.835248321E1,9.679448128E0,6.674961567E0,-3.935340881E1,4.107234609E1
2.836247121E1,9.692935944E0,6.711587906E0,-3.941349792E1,4.113905976E1
2.837245921E1,9.877958298E0,6.671230793E0,-3.951657104E1,4.127515921E1
2.838244721E1,9.648656845E0,6.749638081E0,-3.945758057E1,4.117711570E1
2.839243521E1,9.635027885E0,6.638298035E0,-3.949696350E1,4.119357825E1
2.840242321E1,9.645612717E0,6.609011173E0,-3.942048645E1,4.111802069E1
2.841241121E1,9.737197876E0,6.569805145E0,-3.948487854E1,4.119503605E1
2.842239921E1,9.639018059E0,6.641990662E0,-3.950219727E1,4.120012497E1
2.843238721E1,9.723542213E0,6.566157818E0,-3.961585999E1,4.131680123E1
2.844237521E1,9.733386040E0,6.689692497E0,-3.973257446E1,4.145079327E1
2.845236421E1,9.716353416E0,6.668044567E0,-3.967449951E1,4.138763407E1
2.846235221E1,9.578178406E0,6.783804417E0,-3.978222656E1,4.147754880E1
2.847234021E1,9.702363014E0,6.638896465E0,-3.969151306E1,4.139597811E1
2.848232821E1,9.586018562E0,6.712250233E0,-3.946293640E1,4.116150391E1
2.849231621E1,9.843576431E0,6.712637901E0,-3.974913025E1,4.149637165E1
2.850230421E1,9.706954956E0,6.621206760E0,-3.951028442E1,4.122047948E1
2.851229221E1,9.830195427E0,6.598546982E0,-3.974436951E1,4.147033243E1
2.852228021E1,9.766732216E0,6.636252880E0,-3.960740662E1,4.133008068E1
2.853226821E1,9.726531982E0,6.672342300E0,-3.968344116E1,4.139928838E1
2.854225621E1,9.755523682E0,6.654384613E0,-3.965524292E1,4.137619325E1
2.855224421E1,9.815560341E0,6.588603020E0,-3.946353149E1,4.119617983E1
2.856223321E1,9.656736374E0,6.648050308E0,-3.958747864E1,4.128701485E1
2.857222121E1,9.698020935E0,6.639677048E0,-3.963145447E1,4.133750240E1
2.858220921E1,9.587063789E0,6.557792664E0,-3.973085022E1,4.139392342E1
2.859219721E1,9.675637245E0,6.614338398E0,-3.964852905E1,4.134456778E1
2.860218521E1,9.550095558E0,6.459978580E0,-3.965798950E1,4.130002155E1
2.861217321E1,9.625009537E0,6.551611900E0,-3.965371704E1,4.132773527E1
2.862216121E1,9.511376381E0,6.551067352E0,-3.967478943E1,4.132156435E1
2.863214921E1,9.556676865E0,6.630771637E0,-3.955303955E1,4.122790491E1
2.864213721E1,9.546890259E0,6.684656620E0,-3.953430176E1,4.121636524E1
2.865212521E1,9.772521973E0,6.521374226E0,-3.951391602E1,4.122353777E1
2.866211321E1,9.641921997E0,6.619888783E0,-3.946942139E1,4.116582092E1
2.867210121E1,9.745753288E0,6.615233421E0,-3.943977356E1,4.116110736E1
2.868209021E1,9.607711792E0,6.607751846E0,-3.954783630E1,4.123107889E1
2.869207821E1,9.701587677E0,6.541196346E0,-3.971252441E1,4.140039430E1
2.870206621E1,9.728960991E0,6.702684402E0,-3.963858032E1,4.136176628E1
2.871205421E1,9.738443375E0,6.765641689E0,-3.958842468E1,4.132619697E1
2.872204221E1,9.717782021E0,6.685905457E0,-3.954512024E1,4.126685297E1
2.873203021E1,9.651493073E0,6.678352356E0,-3.949023438E1,4.119745526E1
2.874201821E1,9.836449623E0,6.649393082E0,-3.948381042E1,4.123034629E1
2.875200621E1,9.631068230E0,6.970453739E0,-3.936849976E1,4.112448752E1
2.876199421E1,9.581621170E0,6.962560654E0,-3.948941040E1,4.122739682E1
2.877198221E1,9.826485634E0,6.830031872E0,-3.942897034E1,4.120501010E1
2.878197021E1,9.500526428E0,6.921678066E0,-3.951347351E1,4.122480101E1
2.879195921E1,9.461255074E0,6.889688492E0,-3.950857544E1,4.120571184E1
2.880194721E1,9.513150215E0,6.922315598E0,-3.937702942E1,4.109706712E1
2.881193521E1,9.536074638E0,6.779399872E0,-3.923320007E1,4.094070065E1
2.882192321E1,9.626619339E0,6.814558029E0,-3.922088623E1,4.095592653E1
2.883191121E1,9.586849213E0,6.784099102E0,-3.920167542E1,4.092313568E1
2.884189921E1,9.354950905E0,6.922250271E0,-3.935034180E1,4.103513196E1
2.885188721E1,9.604576111E0,6.780756950E0,-3.925714111E1,4.097986915E1
2.886187521E1,9.468424797E0,6.792140961E0,-3.948777771E1,4.117121367E1
2.887186321E1,9.427863121E0,6.900982380E0,-3.953346252E1,4.122381375E1
2.888185121E1,9.427863121E0,6.900982380E0,-3.953346252E1,4.122381375E1
2.889183921E1,9.421875000E0,6.882870197E0,-3.945005798E1,4.113943006E1
2.890182821E1,9.480208397E0,6.866668701E0,-3.948242188E1,4.118115015E1
2.891181621E1,9.556695938E0,6.800404072E0,-3.952908325E1,4.123256426E1
2.892180421E1,9.660302162E0,6.750171661E0,-3.978254700E1,4.149141238E1
2.893179221E1,9.616914749E0,6.730340481E0,-3.974578857E1,4.144285513E1
2.894178021E1,9.644082069E0,6.669505119E0,-3.956449890E1,4.126548426E1
2.895176821E1,9.706099510E0,6.675201893E0,-3.957673645E1,4.129267194E1
2.896175621E1,9.691132545E0,6.821547508E0,-3.932131958E1,4.106845181E1
2.897174421E1,9.713017464E0,6.750676632E0,-3.945207214E1,4.118713804E1
2.898173221E1,9.740902901E0,6.752065182E0,-3.934542847E1,4.109182783E1
2.899172021E1,9.863053322E0,6.617975712E0,-3.951640320E1,4.126285915E1
2.900170821E1,9.704311371E0,6.661824226E0,-3.937101746E1,4.109295045E1
2.901169721E1,9.643619537E0,6.901531219E0,-3.961116028E1,4.134821096E1
2.902168521E1,9.691285133E0,6.732866287E0,-3.953742981E1,4.126088768E1
2.903167321E1,9.745741844E0,6.569705009E0,-3.945705414E1,4.117037320E1
2.904166121E1,9.726270676E0,6.626833916E0,-3.956154633E1,4.127506774E1
2.905164921E1,9.726875305E0,6.731087208E0,-3.937198639E1,4.111049684E1
2.906163721E1,9.742558479E0,6.756643295E0,-3.951067352E1,4.125121812E1
2.907162521E1,9.694974899E0,6.580593586E0,-3.943164825E1,4.113577074E1
2.908161321E1,9.783583641E0,6.678290844E0,-3.933869171E1,4.108346070E1
2.909160121E1,9.658500671E0,6.685956478E0,-3.945958710E1,4.117095655E1
2.910158921E1,9.589378357E0,6.764375210E0,-3.951532745E1,4.122103896E1
2.911157721E1,9.787359238E0,6.719003677E0,-3.934244537E1,4.109459112E1
2.912156621E1,9.659411430E0,6.764982700E0,-3.933133698E1,4.106121392E1
2.913155446E1,9.779575348E0,6.673024178E0,-3.951972198E1,4.125503329E1
2.914154246E1,9.758846283E0,6.724442482E0,-3.954563141E1,4.128329167E1
2.915153046E1,9.590570450E0,6.678591251E0,-3.970911407E1,4.139319223E1
2.916151846E1,9.491329193E0,6.884450912E0,-3.947843170E1,4.118285522E1
2.917150646E1,9.677168846E0,6.710900784E0,-3.960951996E1,4.132309109E1
2.918149446E1,9.665285110E0,6.697857380E0,-3.944312286E1,4.115870468E1
2.919148246E1,9.631959915E0,6.737219334E0,-3.925272369E1,4.097488369E1
2.920147046E1,9.483634949E0,6.828709126E0,-3.930290985E1,4.100352818E1
2.921145846E1,9.612964630E0,6.730666161E0,-3.950240326E1,4.120862554E1
2.922144646E1,9.651978493E0,6.610150814E0,-3.936005402E1,4.106176609E1
2.923143446E1,9.610630989E0,6.696680069E0,-3.947747040E1,4.117864035E1
2.924142346E1,9.585283279E0,6.812182903E0,-3.957579803E1,4.128592111E1
2.925141146E1,9.593832016E0,6.726475716E0,-3.940831757E1,4.111328960E1
2.926139946E1,9.495379448E0,6.793831348E0,-3.958077240E1,4.126688647E1
2.927138746E1,9.664916039E0,6.723457813E0,-3.965029144E1,4.136134788E1
2.928137546E1,9.515021324E0,6.806748390E0,-3.976847076E1,4.145357308E1
2.929136346E1,9.466639519E0,6.838138580E0,-3.956111908E1,4.124875205E1
2.930135146E1,9.578763962E0,6.706518173E0,-3.964041901E1,4.132908085E1
2.931133946E1,9.572938919E0,6.667769909E0,-3.951876068E1,4.120476624E1
2.932132746E1,9.582131386E0,6.652451515E0,-3.948015594E1,4.116740296E1
2.933131546E1,9.554390907E0,6.745658875E0,-3.943640900E1,4.113417866E1
2.934130446E1,9.515046120E0,6.769610405E0,-3.954718781E1,4.123522512E1
2.935129246E1,9.693241119E0,6.648066521E0,-3.963300323E1,4.133921452E1
2.936128046E1,9.536345482E0,6.669592857E0,-3.950258636E1,4.118105977E1
2.937126846E1,9.670746803E0,6.635898113E0,-3.949712372E1,4.120171440E1
2.938125646E1,9.465167999E0,6.742519855E0,-3.967940521E1,4.134617488E1
2.939124446E1,9.602894783E0,6.748445988E0,-3.971765900E1,4.141557132E1
2.940123246E1,9.427245140E0,6.774759293E0,-3.965392303E1,4.131832434E1
2.941122046E1,9.461655617E0,6.687868595E0,-3.948615265E1,4.115102386E1
2.942120846E1,9.457181931E0,6.801346302E0,-3.964107513E1,4.131720513E1
2.943119646E1,9.621788025E0,6.794618130E0,-3.947617340E1,4.119604237E1
2.944118446E1,9.481956482E0,6.839093208E0,-3.954032135E1,4.123248364E1
2.945117346E1,9.620616913E0,6.686240673E0,-3.966925812E1,4.136317352E1
2.946116146E1,9.577446938E0,6.630827904E0,-3.956978607E1,4.124879802E1
2.947114946E1,9.734750748E0,6.785564899E0,-3.953787994E1,4.128017943E1
2.948113746E1,9.681910515E0,6.722453117E0,-3.989255524E1,4.159743659E1
2.949112546E1,9.592380524E0,6.891165257E0,-3.969448090E1,4.141441460E1
2.950111346E1,9.619275093E0,6.877801895E0,-3.980756378E1,4.152681960E1
2.951110146E1,9.797448158E0,6.901309967E0,-3.991025543E1,4.167069184E1
2.952108946E1,9.571863174E0,6.817190647E0,-3.994074249E1,4.163361099E1
2.953107746E1,9.591745377E0,6.795159817E0,-3.985889435E1,4.155607338E1
2.954106546E1,9.643873215E0,6.743326187E0,-3.962215424E1,4.133269704E1
2.955105346E1,9.818912506E0,6.685313702E0,-3.956232452E1,4.130716625E1
2.956104246E1,9.731024742E0,6.729233742E0,-3.955904388E1,4.129035459E1
2.957103046E1,9.803010941E0,6.700678825E0,-3.938243866E1,4.113361879E1
2.958101846E1,9.629194260E0,6.660076618E0,-3.956130219E1,4.125741913E1
2.959100646E1,9.646421432E0,6.697184563E0,-3.961238861E1,4.131642602E1
2.960099446E1,9.666573524E0,6.750536442E0,-3.966721344E1,4.138236591E1
2.961098246E1,9.720644951E0,6.688872337E0,-3.956182098E1,4.128401181E1
2.962097046E1,9.673704147E0,6.676725388E0,-3.966741180E1,4.137224641E1
2.963095846E1,9.721549988E0,6.609126091E0,-3.964606476E1,4.135214061E1
2.964094646E1,9.622394562E0,6.721195221E0,-3.969736481E1,4.139620411E1
2.965093446E1,9.815649033E0,6.710660458E0,-3.951355743E1,4.126379952E1
2.966092246E1,9.633216858E0,6.763246536E0,-3.971610260E1,4.142353409E1
2.967091146E1,9.832056999E0,6.685787201E0,-3.945635223E1,4.120889257E1
2.968089946E1,9.656389236E0,6.509607792E0,-3.937520599E1,4.106126756E1
2.969088746E1,9.676025391E0,6.708131790E0,-3.927805328E1,4.100475545E1
2.970087546E1,9.661550522E0,6.761206150E0,-3.936670685E1,4.109497628E1
2.971086346E1,9.605700493E0,6.734110355E0,-3.946990204E1,4.117633897E1
2.972085146E1,9.593897820E0,6.752978802E0,-3.949546051E1,4.120117716E1
2.973083946E1,9.593897820E0,6.752978802E0,-3.949546051E1,4.120117716E1
2.974082746E1,9.753198624E0,6.663183689E0,-3.930405426E1,4.104060893E1
2.975081546E1,9.607801437E0,6.853196144E0,-3.950437164E1,4.122949824E1
2.976080346E1,9.833141327E0,6.777298450E0,-3.938414764E1,4.115499397E1
2.977079246E1,9.687699318E0,6.722992897E0,-3.942098236E1,4.114685895E1
2.978078046E1,9.563322067E0,6.748461246E0,-3.928908539E1,4.099550084E1
2.979076846E1,9.632781982E0,6.677278519E0,-3.944669342E1,4.115116230E1
2.980075646E1,9.556391716E0,6.844861507E0,-3.933155060E1,4.105054962E1
2.981074446E1,9.668643951E0,6.740519524E0,-3.946982574E1,4.119204321E1
2.982073246E1,9.674175262E0,6.680476189E0,-3.929035187E1,4.101158591E1
2.983072046E1,9.683773041E0,6.726787090E0,-3.950742340E1,4.122937822E1
2.984070846E1,9.703709602E0,6.597795010E0,-3.941563416E1,4.112523672E1
2.985069646E1,9.756347656E0,6.614091396E0,-3.930212402E1,4.103156684E1
2.986068446E1,9.779788017E0,6.608228683E0,-3.946484375E1,4.119207244E1
2.987067246E1,9.812483788E0,6.460089207E0,-3.955836487E1,4.126598868E1
2.988066146E1,9.782317162E0,6.558896542E0,-3.952108765E1,4.123868598E1
2.989064946E1,9.696270943E0,6.681419373E0,-3.955497742E1,4.127051337E1
2.990063746E1,9.627145767E0,6.692089558E0,-3.941362000E1,4.112054765E1
2.991062546E1,9.726947784E0,6.724294186E0,-3.945088196E1,4.118496974E1
2.992061346E1,9.711142540E0,6.671730042E0,-3.930258179E1,4.103061304E1
2.993060146E1,9.842439651E0,6.572967529E0,-3.943801880E1,4.117565843E1
2.994058946E1,9.784708023E0,6.643375874E0,-3.953256226E1,4.126376658E1
2.995057746E1,9.668548584E0,6.572331429E0,-3.953720093E1,4.122943887E1
2.996056546E1,9.779098511E0,6.676794052E0,-3.952745056E1,4.126293366E1
2.997055346E1,9.751834869E0,6.738301754E0,-3.965753174E1,4.139109587E1
2.998054246E1,9.687650681E0,6.654157639E0,-3.942523193E1,4.113972900E1
2.999053046E1,9.775606155E0,6.694930077E0,-3.951004028E1,4.124836782E1
3.000051846E1,9.680246353E0,6.694450378E0,-3.956935120E1,4.128264029E1
3.001050646E1,9.739517212E0,6.851569653E0,-3.940333557E1,4.116339462E1
3.002049446E1,9.779528618E0,6.677410603E0,-3.948565674E1,4.122310130E1
3.003048246E1,9.873648643E0,6.645876884E0,-3.974682617E1,4.149056288E1
3.004047046E1,9.671134949E0,6.857535839E0,-3.948301697E1,4.122457129E1
3.005045846E1,9.703019142E0,6.895955086E0,-3.951278687E1,4.126697351E1
3.006044646E1,9.863739014E0,6.822093964E0,-3.923271179E1,4.102487036E1
3.007043446E1,9.919949532E0,6.838164806E0,-3.928082275E1,4.108708961E1
3.008042346E1,9.851305008E0,6.711310387E0,-3.948588562E1,4.124590962E1
3.009041146E1,9.810383797E0,6.814396381E0,-3.970492554E1,4.146276330E1
3.010039946E1,9.766873360E0,6.790792942E0,-3.947485352E1,4.122827603E1
3.011038746E1,9.767195702E0,6.790581226E0,-3.955442810E1,4.130451413E1
3.012037546E1,9.701529503E0,6.750240803E0,-3.953929138E1,4.126791718E1
3.013036400E1,9.695569038E0,6.825432777E0,-3.948393250E1,4.122585981E1
3.014035200E1,9.758636475E0,6.721266270E0,-3.964761353E1,4.138042610E1
3.015034000E1,9.733424187E0,6.731309891E0,-3.957847595E1,4.130987579E1
3.016032800E1,9.515122414E0,6.966515541E0,-3.951835632E1,4.124039743E1
3.017031600E1,9.629176140E0,6.947526455E0,-3.953894043E1,4.128337398E1
3.018030500E1,9.648493767E0,6.786187172E0,-3.944053650E1,4.116675464E1
3.019029300E1,9.702317238E0,6.734624863E0,-3.945248413E1,4.118238259E1
3.020028100E1,9.602057457E0,6.920552731E0,-3.951165771E1,4.124638957E1
3.021026900E1,9.719851494E0,6.927927971E0,-3.948875427E1,4.125328366E1
3.022025700E1,9.734055519E0,6.801087379E0,-3.955410767E1,4.129811206E1
3.023024500E1,9.674861908E0,6.767498016E0,-3.954199219E1,4.126707075E1
3.024023300E1,9.769772530E0,6.634838581E0,-3.950936890E1,4.123663140E1
3.025022100E1,9.761486053E0,6.658135891E0,-3.940580750E1,4.113921545E1
3.026020900E1,9.726589203E0,6.735218048E0,-3.955035400E1,4.128195976E1
3.027019800E1,9.807106972E0,6.779315948E0,-3.947265625E1,4.123383396E1
3.028018600E1,9.564382553E0,6.836359978E0,-3.931213379E1,4.103239080E1
3.029017400E1,9.751695633E0,6.845030785E0,-3.939270020E1,4.115500994E1
3.030016200E1,9.576840401E0,6.899393082E0,-3.933714294E1,4.106979805E1
3.031015000E1,9.745809555E0,6.806851387E0,-3.934585571E1,4.110243778E1
3.032013800E1,9.668376923E0,6.929669380E0,-3.936569214E1,4.112366165E1
3.033012600E1,9.614365578E0,6.998475075E0,-3.928190613E1,4.104245153E1
3.034011400E1,9.517593384E0,6.905098915E0,-3.921371460E1,4.093873945E1
3.035010200E1,9.626358986E0,6.977826118E0,-3.920573425E1,4.096884723E1
3.036009000E1,9.627371788E0,6.976801872E0,-3.938267517E1,4.113826875E1
3.037007800E1,9.713929176E0,6.900186062E0,-3.926116943E1,4.102940912E1
3.038006700E1,9.518935204E0,7.013902187E0,-3.922560120E1,4.096892408E1
3.039005500E1,9.737625122E0,6.820884705E0,-3.932771301E1,4.108545755E1
3.040004300E1,9.643167496E0,6.873767376E0,-3.924223328E1,4.099014796E1
3.041003100E1,9.627723694E0,6.935964108E0,-3.949414062E1,4.123818383E1
3.042001900E1,9.590984344E0,6.869176388E0,-3.942504883E1,4.115224222E1
3.043000700E1,9.656241417E0,6.818850040E0,-3.941752625E1,4.115192692E1
3.043999500E1,9.657010078E0,6.995185375E0,-3.943899536E1,4.120224287E1
3.044998300E1,9.598010063E0,6.905691147E0,-3.922869873E1,4.097195591E1
3.045997100E1,9.476173401E0,6.831774712E0,-3.924581909E1,4.094759241E1
3.046996000E1,9.435122490E0,7.009583473E0,-3.938514709E1,4.110164971E1
3.047994800E1,9.456885338E0,7.025389194E0,-3.938728333E1,4.111139576E1
3.048993600E1,9.618042946E0,6.955462456E0,-3.936035156E1,4.111109927E1
3.049992400E1,9.489614487E0,6.851474762E0,-3.970617676E1,4.139536160E1
3.050991200E1,9.640402794E0,6.877179146E0,-3.929273987E1,4.103842547E1
3.051990000E1,9.442380905E0,6.884647846E0,-3.934358215E1,4.104234874E1
3.052988800E1,9.669269562E0,6.921627998E0,-3.936883545E1,4.112552629E1
3.053987600E1,9.662126541E0,6.774351597E0,-3.962072754E1,4.134066496E1
3.054986400E1,9.786260605E0,6.894821644E0,-3.936763000E1,4.114753643E1
3.055985200E1,9.615354538E0,6.674962521E0,-3.972798157E1,4.141645430E1
3.056984100E1,9.761334419E0,6.805000782E0,-3.959498596E1,4.134434180E1
3.057982900E1,9.761334419E0,6.805000782E0,-3.959498596E1,4.134434180E1
3.058981700E1,9.665066719E0,6.789952755E0,-3.965548706E1,4.137722353E1
3.059980500E1,9.557282448E0,6.976568699E0,-3.953651428E1,4.126923939E1
3.060979300E1,9.682333946E0,6.829001904E0,-3.950013733E1,4.123886161E1
3.061978100E1,9.738883972E0,6.850413799E0,-3.947892761E1,4.123541870E1
3.062976900E1,9.717405319E0,7.007661819E0,-3.935127258E1,4.113463193E1
3.063975700E1,9.594775200E0,6.958199978E0,-3.955714417E1,4.129459907E1
3.064974500E1,9.578757286E0,6.961823940E0,-3.954721069E1,4.128197497E1
3.065973300E1,9.755911827E0,6.844658375E0,-3.947576904E1,4.123546417E1
3.066972200E1,9.483098984E0,6.815546989E0,-3.940391541E1,4.109804614E1
3.067971000E1,9.648934364E0,6.922643661E0,-3.934461975E1,4.109773757E1
3.068969800E1,9.409064293E0,6.952261925E0,-3.943725586E1,4.113589171E1
3.069968600E1,9.571111679E0,6.795281887E0,-3.951222229E1,4.121890034E1
3.070967400E1,9.608586311E0,6.801548481E0,-3.950721741E1,4.122385499E1
3.071966200E1,9.623443604E0,6.844376564E0,-3.960063171E1,4.132391789E1
3.072965000E1,9.705241203E0,6.930783272E0,-3.976023865E1,4.151028837E1
3.073963800E1,9.741391182E0,6.869990826E0,-3.964471436E1,4.139800542E1
3.074962600E1,9.831901550E0,6.784409046E0,-3.948809814E1,4.125535589E1
3.075961500E1,9.762900352E0,6.759942532E0,-3.930340576E1,4.105811431E1
3.076960300E1,9.585787773E0,6.814141273E0,-3.967710876E1,4.138348473E1
3.077959100E1,9.743165970E0,6.834096909E0,-3.958215332E1,4.133256616E1
3.078957900E1,9.578839302E0,6.866007805E0,-3.973506165E1,4.144600523E1
3.079956700E1,9.629735947E0,6.881388664E0,-3.955239868E1,4.128531901E1
3.080955500E1,9.587599754E0,6.937245846E0,-3.961088562E1,4.134089632E1
3.081954300E1,9.642129898E0,6.808364391E0,-3.957542419E1,4.129816818E1
3.082953100E1,9.803564072E0,6.899226189E0,-3.965196228E1,4.142447710E1
3.083951900E1,9.691020012E0,6.975365162E0,-3.949394226E1,4.125946029E1
3.084950700E1,9.676891327E0,6.909532547E0,-3.956176758E1,4.131001476E1
3.085949600E1,9.600224495E0,6.881495476E0,-3.939639282E1,4.112900507E1
3.086948400E1,9.576581001E0,6.914505482E0,-3.936401367E1,4.109801531E1
3.087947200E1,9.692285538E0,6.911598206E0,-3.941032410E1,4.116897174E1
3.088946000E1,9.848795891E0,6.904286385E0,-3.967108154E1,4.145434431E1
3.089944800E1,9.597430229E0,6.994074345E0,-3.978625488E1,4.152076373E1
3.090943600E1,9.679324150E0,6.987819672E0,-3.960261536E1,4.136285874E1
3.091942400E1,9.692534447E0,7.040073872E0,-3.947520447E1,4.125287423E1
3.092941200E1,9.724806786E0,6.927752972E0,-3.981443787E1,4.156627348E1
3.093940000E1,9.812030792E0,6.973572731E0,-3.967834473E1,4.146417375E1
3.094938800E1,9.784469604E0,6.933659554E0,-3.966870117E1,4.144173419E1
3.095937700E1,9.663971901E0,6.977491379E0,-3.963354492E1,4.138714320E1
3.096936500E1,9.666890144E0,6.930583477E0,-3.963095093E1,4.137745792E1
3.097935300E1,9.688067436E0,7.037079334E0,-3.975898743E1,4.152296012E1
3.098934100E1,9.784610748E0,6.990584373E0,-3.967042542E1,4.145297975E1
3.099932900E1,9.776752472E0,6.860910416E0,-3.954272461E1,4.130719126E1
3.100931700E1,9.775181770E0,6.970835209E0,-3.940177917E1,4.119037417E1
3.101930500E1,9.820811272E0,6.958718777E0,-3.948785400E1,4.128150572E1
3.102929300E1,9.822979927E0,6.886510372E0,-3.938467407E1,4.117119760E1
3.103928100E1,9.823881149E0,6.845830441E0,-3.935293579E1,4.113426298E1
3.104927000E1,9.721767426E0,6.892718315E0,-3.943382263E1,4.119525088E1
3.105925800E1,9.676495552E0,6.875133038E0,-3.954217529E1,4.128541688E1
3.106924600E1,9.721614838E0,6.859657764E0,-3.951829529E1,4.127057502E1
3.107923400E1,9.671896935E0,6.932342052E0,-3.953128052E1,4.128347243E1
3.108922200E1,9.816050529E0,6.859707832E0,-3.947990417E1,4.125619073E1
3.109921000E1,9.648440361E0,6.922106266E0,-3.960902405E1,4.135072844E1
3.110919800E1,9.817070007E0,6.876913071E0,-3.966937256E1,4.144063122E1
3.111918600E1,9.733034134E0,6.921861649E0,-3.958233643E1,4.134495712E1
3.112917321E1,9.807121277E0,6.766831875E0,-3.964750671E1,4.139920808E1
3.113916221E1,9.742636681E0,6.860468864E0,-3.963613892E1,4.138850699E1
3.114915021E1,9.818008423E0,6.859817982E0,-3.953283691E1,4.130733091E1
3.115913821E1,9.710334778E0,6.899399757E0,-3.961795044E1,4.136996876E1
3.116912621E1,9.723441124E0,7.052201748E0,-3.946249390E1,4.125005796E1
3.117911421E1,9.617618561E0,7.044494629E0,-3.937858582E1,4.114360840E1
3.118910221E1,9.699683189E0,7.013046265E0,-3.951940918E1,4.129225562E1
3.119909021E1,9.661375999E0,6.879849911E0,-3.951873779E1,4.126021277E1
3.120907821E1,9.650396347E0,6.927467823E0,-3.956205750E1,4.130709810E1
3.121906621E1,9.629249573E0,6.970755577E0,-3.953982544E1,4.128815419E1
3.122905421E1,9.698310852E0,6.952445507E0,-3.948435974E1,4.124813203E1
3.123904321E1,9.682948112E0,7.014465809E0,-3.971765137E1,4.147835634E1
3.124903121E1,9.754059792E0,6.965649605E0,-3.960148621E1,4.137559264E1
3.125901921E1,9.633918762E0,6.927053452E0,-3.992533875E1,4.165128010E1
3.126900721E1,9.795787811E0,6.987961292E0,-3.972811890E1,4.151039018E1
3.127899521E1,9.729749680E0,6.909999847E0,-3.993661499E1,4.168152281E1
3.128898321E1,9.771648407E0,7.084975719E0,-3.980419922E1,4.159394510E1
3.129897121E1,9.662198067E0,6.911870956E0,-3.994897461E1,4.167796305E1
3.130895921E1,9.802646637E0,6.874654770E0,-3.986880493E1,4.162780760E1
3.131894721E1,9.761295319E0,6.816938400E0,-4.003681946E1,4.176961153E1
3.132893621E1,9.812981606E0,6.753605843E0,-3.992799377E1,4.166713917E1
3.133892421E1,9.707571983E0,6.906197548E0,-3.983944702E1,4.158261725E1
3.134891221E1,9.624312401E0,6.850160122E0,-3.980307007E1,4.151910969E1
3.135890021E1,9.433306694E0,6.914771557E0,-3.951724243E1,4.121181615E1
3.136888821E1,9.650512695E0,6.900347233E0,-3.958657837E1,4.132607378E1
3.137887621E1,9.548602104E0,6.940549850E0,-3.962258911E1,4.134364041E1
3.138886421E1,9.574810982E0,6.992828369E0,-3.981019592E1,4.153827576E1
3.139885221E1,9.576332092E0,6.961533070E0,-3.983593750E1,4.155804369E1
3.140884021E1,9.576332092E0,6.961533070E0,-3.983593750E1,4.155804369E1
3.141882921E1,9.559320450E0,6.996115208E0,-3.980792236E1,4.153308222E1
3.142881721E1,9.614506721E0,6.922657967E0,-3.984780884E1,4.157174283E1
3.143880521E1,9.662414551E0,6.878707409E0,-3.974121094E1,4.147339771E1
3.144879321E1,9.518292427E0,6.970544815E0,-3.990809631E1,4.161541225E1
3.145878121E1,9.572526932E0,6.996610641E0,-3.977130127E1,4.150111127E1
3.146876921E1,9.466574669E0,6.930759907E0,-3.961265564E1,4.131360497E1
3.147875721E1,9.433199883E0,7.086477757E0,-3.966224670E1,4.137991349E1
3.148874521E1,9.471622467E0,7.028797150E0,-3.988055420E1,4.158815005E1
3.149873321E1,9.458258629E0,7.074154377E0,-3.993634033E1,4.164629150E1
3.150872121E1,9.471985817E0,7.030300617E0,-3.982336426E1,4.153364880E1
3.151871021E1,9.514502525E0,7.090825558E0,-3.941630554E1,4.116370620E1
3.152869821E1,9.631189346E0,7.084931374E0,-3.966456604E1,4.142745297E1
3.153868621E1,9.661736488E0,7.083057404E0,-3.973167419E1,4.149849140E1
3.154867421E1,9.555626869E0,6.952230453E0,-3.981748962E1,4.153403415E1
3.155866221E1,9.725713730E0,7.148740292E0,-3.952012634E1,4.132232304E1
3.156865021E1,9.520030975E0,7.062826157E0,-3.975187683E1,4.148163708E1
3.157863821E1,9.568075180E0,7.164399624E0,-3.953749084E1,4.130484072E1
3.158862621E1,9.396985054E0,7.103425980E0,-3.970326233E1,4.141389898E1
3.159861421E1,9.407968521E0,7.057941914E0,-3.949540710E1,4.120936299E1
3.160860321E1,9.419260025E0,7.117566109E0,-3.947384644E1,4.120153831E1
3.161859121E1,9.438105583E0,7.077619553E0,-3.934346008E1,4.107405978E1
3.162857921E1,9.519946098E0,7.110722065E0,-3.942875671E1,4.118031809E1
3.163856721E1,9.403066635E0,7.081413746E0,-3.960455322E1,4.131688176E1
3.164855521E1,9.323888779E0,7.003395557E0,-3.961714172E1,4.129770417E1
3.165854321E1,9.456753731E0,7.078441143E0,-3.972839355E1,4.144731324E1
3.166853121E1,9.443831444E0,7.033845425E0,-3.942854309E1,4.114937356E1
3.167851921E1,9.454998970E0,6.978493690E0,-3.928527832E1,4.100523713E1
3.168850721E1,9.317306519E0,7.092105389E0,-3.930520630E1,4.101230793E1
3.169849621E1,9.261558533E0,7.198811054E0,-3.928912354E1,4.100286057E1
3.170848421E1,9.386224747E0,7.082709789E0,-3.940885925E1,4.112571192E1
3.171847221E1,9.310471535E0,7.260082722E0,-3.936363220E1,4.109609740E1
3.172846021E1,9.272581100E0,7.039149284E0,-3.932093811E1,4.100812794E1
3.173844821E1,9.258369446E0,7.223757267E0,-3.938240051E1,4.109590666E1
3.174843621E1,9.340353966E0,7.199919224E0,-3.961512756E1,4.133327208E1
3.175842421E1,9.316148758E0,7.189379692E0,-3.953468323E1,4.124886648E1
3.176841221E1,9.340632439E0,7.188694000E0,-3.980763245E1,4.151592871E1
3.177840021E1,9.304700851E0,7.116464138E0,-3.978407288E1,4.147281006E1
3.178838921E1,9.425040245E0,7.155268192E0,-3.982940674E1,4.155010093E1
3.179837721E1,9.400681496E0,7.096853733E0,-3.975144958E1,4.145981053E1
3.180836521E1,9.495889664E0,7.029523373E0,-3.976469421E1,4.148273165E1
3.181835321E1,9.332098961E0,7.098201752E0,-3.976927185E1,4.146163917E1
3.182834121E1,9.430010796E0,7.174435139E0,-3.965013123E1,4.138273226E1
3.183832921E1,9.412663460E0,7.151419640E0,-3.975041199E1,4.147090895E1
3.184831721E1,9.371790886E0,7.183992386E0,-3.974000549E1,4.145730632E1
3.185830521E1,9.346480370E0,7.197203159E0,-3.965290070E1,4.137038750E1
3.186829321E1,9.511825562E0,7.246245861E0,-3.979894257E1,4.155645237E1
3.187828221E1,9.344559669E0,7.268445015E0,-3.979555511E1,4.151911963E1
3.188827021E1,9.393844604E0,7.207531929E0,-3.965265656E1,4.138267759E1
3.189825821E1,9.334025383E0,7.145756245E0,-3.977054596E1,4.147146233E1
3.190824621E1,9.590205193E0,7.049295425E0,-3.980814362E1,4.154940312E1
3.191823421E1,9.485971451E0,7.087599754E0,-3.968334198E1,4.141238167E1
3.192822221E1,9.534235001E0,7.123891830E0,-3.960950470E1,4.135896921E1
3.193821021E1,9.343864441E0,7.261817932E0,-3.945990753E1,4.119619042E1
3.194819821E1,9.427540779E0,7.144810677E0,-3.949330902E1,4.122679107E1
3.195818621E1,9.401939392E0,7.281744480E0,-3.951581573E1,4.126645078E1
3.196817521E1,9.486729622E0,7.240331650E0,-3.947208405E1,4.123670525E1
3.197816321E1,9.280948639E0,7.236764908E0,-3.942188263E1,4.114111817E1
3.198815121E1,9.535583496E0,7.138728619E0,-3.925695038E1,4.102434584E1
3.199813921E1,9.338625908E0,7.206406593E0,-3.939562225E1,4.112368275E1
3.200812721E1,9.427501678E0,7.305879116E0,-3.941497040E1,4.118001395E1
3.201811521E1,9.205462456E0,7.247920990E0,-3.949744415E1,4.119855571E1
3.202810321E1,9.411805153E0,7.049346924E0,-3.953668976E1,4.124833579E1
3.203809121E1,9.334900856E0,7.168894768E0,-3.961179352E1,4.132345111E1
3.204807921E1,9.381435394E0,7.098584175E0,-3.959563446E1,4.130636144E1
3.205806821E1,9.330143929E0,7.097392082E0,-3.959146881E1,4.129054326E1
3.206805621E1,9.507230759E0,7.077688217E0,-3.957210541E1,4.130898974E1
3.207804421E1,9.485564232E0,7.088421345E0,-3.944341278E1,4.118257469E1
3.208803221E1,9.533332825E0,7.085035801E0,-3.944538116E1,4.119490578E1
3.209802021E1,9.448957443E0,6.981003284E0,-3.934801483E1,4.106438207E1
3.210800821E1,9.453652382E0,7.038668156E0,-3.951477814E1,4.123508317E1
3.211799621E1,9.343132973E0,7.080317974E0,-3.949500275E1,4.119806158E1
3.212798421E1,9.383210182E0,6.995412350E0,-3.952767181E1,4.122398897E1
3.213797350E1,9.521231651E0,6.952111721E0,-3.937343597E1,4.110052518E1
3.214796150E1,9.535778046E0,6.960222721E0,-3.943543243E1,4.116465832E1
3.215794950E1,9.476037979E0,7.034871578E0,-3.956533051E1,4.128801390E1
3.216793750E1,9.402621269E0,7.219420433E0,-3.954798126E1,4.128646437E1
3.217792550E1,9.444088936E0,6.987234116E0,-3.964829254E1,4.135213849E1
3.218791350E1,9.572430611E0,7.055799961E0,-3.964855194E1,4.139351896E1
3.219790150E1,9.291247368E0,7.139009476E0,-3.960756683E1,4.130438336E1
3.220788950E1,9.456873894E0,7.109421730E0,-3.954763031E1,4.127943077E1
3.221787750E1,9.313681602E0,7.204134941E0,-3.947516632E1,4.119384640E1
3.222786650E1,9.379532814E0,6.912475109E0,-3.940345001E1,4.109002094E1
3.223785450E1,9.404485703E0,6.841430187E0,-3.965480804E1,4.132497210E1
3.224784250E1,9.390257835E0,6.985735893E0,-3.966786957E1,4.135840089E1
3.225783050E1,9.390257835E0,6.985735893E0,-3.966786957E1,4.135840089E1
3.226781850E1,9.275165558E0,7.083480358E0,-3.954711914E1,4.123322716E1
3.227780650E1,9.276018143E0,7.275953293E0,-3.950379944E1,4.122540696E1
3.228779450E1,9.392822266E0,6.996758461E0,-3.943125916E1,4.113397547E1
3.229778250E1,9.547091484E0,7.046793461E0,-3.933712769E1,4.108787982E1
3.230777050E1,9.346894264E0,7.139235973E0,-3.944020081E1,4.115656159E1
3.231775950E1,9.406869888E0,7.060828686E0,-3.959368896E1,4.130380986E1
3.232774750E1,9.479316711E0,7.008199692E0,-3.949887085E1,4.122054229E1
3.233773550E1,9.451129913E0,6.984422684E0,-3.954867554E1,4.125777204E1
3.234772350E1,9.374675751E0,7.109509945E0,-3.957427979E1,4.128623618E1
3.235771150E1,9.457043648E0,6.951439381E0,-3.945487976E1,4.116364562E1
3.236769950E1,9.413167953E0,7.039898872E0,-3.960058594E1,4.130828384E1
3.237768750E1,9.528594017E0,7.028288364E0,-3.950514221E1,4.124132882E1
3.238767550E1,9.410138130E0,7.023586750E0,-3.957196045E1,4.127737303E1
3.239766450E1,9.329158783E0,7.092754841E0,-3.916360474E1,4.087943628E1
3.240765250E1,9.300413132E0,7.159510612E0,-3.927583313E1,4.099204002E1
3.241764050E1,9.288869858E0,7.132236958E0,-3.928398132E1,4.099247609E1
3.242762850E1,9.401315689E0,6.994486809E0,-3.930854797E1,4.101791714E1
3.243761650E1,9.400592804E0,7.215180874E0,-3.933026123E1,4.107675046E1
3.244760450E1,9.252376556E0,7.161922932E0,-3.961657715E1,4.130826548E1
3.245759250E1,9.363638878E0,7.213330746E0,-3.942218018E1,4.115602220E1
3.246758050E1,9.281997681E0,7.073194981E0,-3.937066650E1,4.106379122E1
3.247756850E1,9.258379936E0,7.186091423E0,-3.936976624E1,4.107719565E1
3.248755750E1,9.343013763E0,7.100198746E0,-3.943981934E1,4.114856106E1
3.249754550E1,9.318765640E0,7.132570744E0,-3.946504211E1,4.117283701E1
3.250753350E1,9.339623451E0,6.996001244E0,-3.947917175E1,4.116767666E1
3.251752150E1,9.434383392E0,7.063912392E0,-3.950523376E1,4.122584072E1
3.252750950E1,9.454050064E0,7.016849518E0,-3.956321716E1,4.127788018E1
3.253749750E1,9.550140381E0,7.007722855E0,-3.936204529E1,4.110576566E1
3.254748550E1,9.537362099E0,6.896216869E0,-3.945210266E1,4.117022574E1
3.255747350E1,9.477551460E0,6.824157238E0,-3.931881714E1,4.101661230E1
3.256746250E1,9.431098938E0,6.971340179E0,-3.940284729E1,4.111118565E1
3.257745050E1,9.480426788E0,6.898568153E0,-3.922660828E1,4.094136700E1
3.258743850E1,9.436960220E0,6.851832867E0,-3.956843567E1,4.125124159E1
3.259742650E1,9.373360634E0,7.111551285E0,-3.927760315E1,4.100200191E1
3.260741450E1,9.429248810E0,7.089954853E0,-3.928211975E1,4.101540107E1
3.261740250E1,9.465993881E0,7.023431778E0,-3.924324036E1,4.097518210E1
3.262739050E1,9.497836113E0,6.894094467E0,-3.941390991E1,4.112412581E1
3.263737850E1,9.519418716E0,6.920639992E0,-3.938421631E1,4.110512237E1
3.264736650E1,9.435090065E0,7.131778717E0,-3.934826660E1,4.108733718E1
3.265735550E1,9.312397957E0,7.121145725E0,-3.939898682E1,4.110610215E1
3.266734350E1,9.455861092E0,7.044396400E0,-3.948666382E1,4.120962811E1
3.267733150E1,9.506032944E0,6.990296841E0,-3.955206299E1,4.127462415E1
3.268731950E1,9.535234451E0,6.971788406E0,-3.969192505E1,4.141226200E1
3.269730750E1,9.430215836E0,6.980274677E0,-3.948327637E1,4.118958992E1
3.270729550E1,9.488975525E0,6.887153625E0,-3.950949097E1,4.121253957E1
3.271728350E1,9.447450638E0,6.895876408E0,-3.948101807E1,4.117715656E1
3.272727150E1,9.408560753E0,6.957010269E0,-3.949804688E1,4.119486272E1
3.273726050E1,9.366086960E0,7.029240608E0,-3.954409790E1,4.124159899E1
3.274724850E1,9.424002647E0,6.899921417E0,-3.960018921E1,4.128675002E1
3.275723650E1,9.317965508E0,6.978508949E0,-3.960316467E1,4.127874417E1
3.276722450E1,9.352746964E0,6.852309227E0,-3.956022644E1,4.122425904E1
3.277721250E1,9.291518211E0,6.956847668E0,-3.951753235E1,4.118695671E1
3.278720050E1,9.341356277E0,7.103576183E0,-3.937164307E1,4.108342743E1
3.279718850E1,9.253334045E0,7.219488621E0,-3.922564697E1,4.094382233E1
3.280717650E1,9.453511238E0,7.003888607E0,-3.944656372E1,4.116375493E1
3.281716450E1,9.422730446E0,6.956411839E0,-3.945483398E1,4.115657225E1
3.282715350E1,9.422211647E0,6.944908142E0,-3.954309082E1,4.123913012E1
3.283714150E1,9.363739014E0,6.913176060E0,-3.949037170E1,4.116990489E1
3.284712950E1,9.367521286E0,7.052635193E0,-3.950669861E1,4.121006374E1
3.285711750E1,9.318897247E0,7.117738724E0,-3.948371887E1,4.118820349E1
3.286710550E1,9.303148270E0,7.075618744E0,-3.969828796E1,4.138317310E1
3.287709350E1,9.441337585E0,7.004782677E0,-3.966514587E1,4.137063733E1
3.288708150E1,9.510556221E0,6.991564751E0,-3.974851990E1,4.146417118E1
3.289706950E1,9.371603012E0,6.993216991E0,-3.969787598E1,4.138421660E1
3.290705850E1,9.547832489E0,7.016229153E0,-3.948078918E1,4.122039897E1
3.291704650E1,9.434685707E0,6.946006298E0,-3.958291626E1,4.128035317E1
3.292703450E1,9.427076340E0,7.086365223E0,-3.957919312E1,4.129889669E1
3.293702250E1,9.367711067E0,7.144738674E0,-3.948461914E1,4.120481101E1
3.294701050E1,9.366414070E0,7.052323341E0,-3.961215210E1,4.131086505E1
3.295699850E1,9.299381256E0,7.335173130E0,-3.952096558E1,4.125760508E1
3.296698650E1,9.426795006E0,7.122766018E0,-3.980630493E1,4.152276691E1
3.297697450E1,9.335886955E0,7.134631157E0,-3.966133118E1,4.136523828E1
3.298696250E1,9.293225288E0,7.276084900E0,-3.961932373E1,4.134000799E1
3.299695150E1,9.250573158E0,7.104911804E0,-3.957919312E1,4.126215461E1
3.300693950E1,9.475234985E0,7.017071724E0,-3.973051453E1,4.144313162E1
3.301692750E1,9.324763298E0,7.079945087E0,-3.965182495E1,4.134421429E1
3.302691550E1,9.326976776E0,7.041894913E0,-3.966979980E1,4.135545667E1
3.303690350E1,9.346000671E0,7.061794281E0,-3.963635254E1,4.133106712E1
3.304689150E1,9.321373940E0,7.088558197E0,-3.970106506E1,4.139215187E1
3.305687950E1,9.480124474E0,7.008258343E0,-3.974592590E1,4.145753334E1
3.306686750E1,9.493486404E0,6.942908287E0,-3.965792847E1,4.136522150E1
3.307685650E1,9.425119400E0,6.929721355E0,-3.941769409E1,4.111701012E1
3.308684450E1,9.490360260E0,6.989019394E0,-3.957383728E1,4.129166898E1
3.309683250E1,9.490360260E0,6.989019394E0,-3.957383728E1,4.129166898E1
3.310682050E1,9.285489082E0,7.181468964E0,-3.962303162E1,4.132527602E1
3.311680850E1,9.410798073E0,7.016666889E0,-3.957618713E1,4.128039877E1
3.312679650E1,9.456516266E0,7.013295650E0,-3.979223633E1,4.149739857E1
3.313678433E1,9.441430092E0,6.939853668E0,-3.968731689E1,4.138097743E1
3.314677233E1,9.342833519E0,6.939517498E0,-3.950431824E1,4.118296493E1
3.315676033E1,9.235478401E0,7.150056839E0,-3.952769470E1,4.121718116E1
3.316674933E1,9.281227112E0,7.014286995E0,-3.961927795E1,4.129199177E1
3.317673733E1,9.566720963E0,6.986332417E0,-3.945095825E1,4.119112887E1
3.318672533E1,9.361594200E0,6.982229710E0,-3.944549561E1,4.113803716E1
3.319671333E1,9.429227829E0,7.035216331E0,-3.939605713E1,4.111513011E1
3.320670133E1,9.149683952E0,7.219593048E0,-3.961914062E1,4.129788789E1
3.321668933E1,9.296226501E0,7.155430794E0,-3.952804565E1,4.123210412E1
3.322667733E1,9.272230148E0,7.123339176E0,-3.960668945E1,4.129656236E1
3.323666533E1,9.473197937E0,7.122785568E0,-3.954338074E1,4.128140639E1
3.324665433E1,9.273552895E0,7.224201202E0,-3.956805420E1,4.127733978E1
3.325664233E1,9.387337685E0,7.125293255E0,-3.951750183E1,4.123742067E1
3.326663033E1,9.319098473E0,7.165564537E0,-3.970281982E1,4.140657935E1
3.327661833E1,9.537743568E0,7.054024696E0,-3.968162537E1,4.141689521E1
3.328660633E1,9.458282471E0,7.119770527E0,-3.964695740E1,4.137670203E1
3.329659433E1,9.579933167E0,7.083476543E0,-3.956860352E1,4.132342125E1
3.330658233E1,9.460007668E0,7.017126083E0,-3.958256531E1,4.129783626E1
3.331657033E1,9.578514099E0,6.967000484E0,-3.953904724E1,4.127497165E1
3.332655833E1,9.600518227E0,7.041776180E0,-3.969291687E1,4.144012804E1
3.333654733E1,9.448542595E0,6.831857204E0,-3.964085388E1,4.132004993E1
3.334653533E1,9.555197716E0,6.719966412E0,-3.951466370E1,4.120519869E1
3.335652333E1,9.482069016E0,6.928022385E0,-3.930883789E1,4.102550260E1
3.336651133E1,9.543584824E0,6.960492611E0,-3.948483276E1,4.121383854E1
3.337649933E1,9.467204094E0,7.095213413E0,-3.954652405E1,4.127829419E1
3.338648733E1,9.419496536E0,6.948759556E0,-3.952934265E1,4.122597609E1
3.339647533E1,9.456666946E0,7.088435650E0,-3.950700378E1,4.123685024E1
3.340646333E1,9.477245331E0,6.882262230E0,-3.948612976E1,4.118662594E1
3.341645133E1,9.380000114E0,7.004231930E0,-3.941017151E1,4.111210631E1
3.342644033E1,9.363261223E0,6.946487427E0,-3.947688293E1,4.116246633E1
3.343642833E1,9.266223907E0,6.993824005E0,-3.934135437E1,4.101851586E1
3.344641633E1,9.398045540E0,6.918200016E0,-3.942288208E1,4.111384661E1
3.345640433E1,9.448138237E0,7.026980877E0,-3.946858215E1,4.118755581E1
3.346639233E1,9.501387596E0,6.917310238E0,-3.957792664E1,4.128604878E1
3.347638033E1,9.570030212E0,6.921730995E0,-3.937384033E1,4.110711788E1
3.348636833E1,9.410483360E0,6.860525131E0,-3.940834045E1,4.109308092E1
3.349635633E1,9.422940254E0,6.935454369E0,-3.950398254E1,4.120020591E1
3.350634533E1,9.501096725E0,7.024721146E0,-3.957801819E1,4.130420160E1
3.351633333E1,9.338555336E0,6.966991425E0,-3.959088135E1,4.126966769E1
3.352632133E1,9.333534241E0,7.046381474E0,-3.959014893E1,4.128130624E1
3.353630933E1,9.380419731E0,7.149973392E0,-3.942778015E1,4.115415218E1
3.354629733E1,9.373034477E0,7.068528175E0,-3.940834045E1,4.111976609E1
3.355628533E1,9.457529068E0,6.954515934E0,-3.938815308E1,4.110032543E1
3.356627333E1,9.491761208E0,6.962532520E0,-3.944219971E1,4.116135940E1
3.357626133E1,9.641272545E0,7.002332687E0,-3.938488770E1,4.114797903E1
3.358625033E1,9.581149101E0,7.000528336E0,-3.963307190E1,4.137132102E1
3.359623833E1,9.653210640E0,7.046254635E0,-3.951531982E1,4.128310406E1
3.360622633E1,9.718344688E0,6.978228569E0,-3.950199890E1,4.127408163E1
3.361621433E1,9.783482552E0,6.971323013E0,-3.930088806E1,4.109593262E1
3.362620233E1,9.740007401E0,6.895685196E0,-3.949288940E1,4.125659380E1
3.363619033E1,9.669528008E0,6.909864426E0,-3.931129456E1,4.106852661E1
3.364617833E1,9.712825775E0,6.891052723E0,-3.931542969E1,4.107953996E1
3.365616633E1,9.654806137E0,6.985438347E0,-3.928277588E1,4.105055555E1
3.366615433E1,9.548748970E0,6.916295052E0,-3.937866211E1,4.110587274E1
3.367614333E1,9.609112740E0,6.912771702E0,-3.939437866E1,4.113439595E1
3.368613133E1,9.729863167E0,6.895919323E0,-3.930265808E1,4.107216664E1
3.369611933E1,9.530256271E0,6.985022068E0,-3.921580505E1,4.095724214E1
3.370610733E1,9.534379959E0,7.075190067E0,-3.932528687E1,4.107847250E1
3.371609533E1,9.449360847E0,7.039526463E0,-3.956813049E1,4.128537639E1
3.372608333E1,9.601817131E0,6.883691311E0,-3.965119934E1,4.137387711E1
3.373607133E1,9.502884865E0,6.915434837E0,-3.964381409E1,4.134924492E1
3.374605933E1,9.455548286E0,6.988556862E0,-3.952310181E1,4.123497177E1
3.375604733E1,9.550188065E0,7.050947189E0,-3.943801880E1,4.118591112E1
3.376603633E1,9.692276001E0,6.770653725E0,-3.950682068E1,4.123797820E1
3.377602433E1,9.654873848E0,6.814023018E0,-3.958961487E1,4.131567625E1
3.378601233E1,9.534250259E0,6.987377167E0,-3.962599182E1,4.135147634E1
3.379600033E1,9.645615578E0,6.782405376E0,-3.939932251E1,4.112597156E1
3.380598833E1,9.688587189E0,6.890373707E0,-3.949169922E1,4.124245723E1
3.381597633E1,9.611721039E0,6.874546051E0,-3.967301941E1,4.139556780E1
3.382596433E1,9.714744568E0,6.905430794E0,-3.958947754E1,4.134474535E1
3.383595233E1,9.670623779E0,6.886134148E0,-3.964237976E1,4.138185690E1
3.384594133E1,9.657422066E0,6.900945663E0,-3.959059143E1,4.133163173E1
3.385592933E1,9.669045448E0,7.048804760E0,-3.958343506E1,4.135244152E1
3.386591733E1,9.604237556E0,7.071074486E0,-3.944081116E1,4.120459996E1
3.387590533E1,9.548536301E0,7.038900852E0,-3.946743774E1,4.121164050E1
3.388589333E1,9.621804237E0,7.077092171E0,-3.940530396E1,4.117574930E1
3.389588133E1,9.460281372E0,7.044664383E0,-3.941007996E1,4.113731423E1
3.390586933E1,9.604226112E0,7.055880547E0,-3.936511230E1,4.112953533E1
3.391585733E1,9.449361801E0,7.071942806E0,-3.926138306E1,4.099706103E1
3.392584533E1,9.644073486E0,6.937346458E0,-3.932299805E1,4.107837758E1
3.393583433E1,9.564055443E0,6.917748928E0,-3.937156677E1,4.110287918E1
3.394582233E1,9.564055443E0,6.917748928E0,-3.937156677E1,4.110287918E1
3.395581033E1,9.620454788E0,6.841359138E0,-3.927215576E1,4.100804267E1
3.396579833E1,9.563674927E0,7.062029362E0,-3.927656555E1,4.103638311E1
3.397578633E1,9.682447433E0,6.947154522E0,-3.902746582E1,4.080632099E1
3.398577433E1,9.602518082E0,6.772508621E0,-3.921493530E1,4.093759125E1
3.399576233E1,9.818501472E0,6.734951973E0,-3.938099670E1,4.114152951E1
3.400575033E1,9.533302307E0,6.796177864E0,-3.932080078E1,4.102678711E1
3.401573833E1,9.748108864E0,6.839703560E0,-3.916307068E1,4.093352265E1
3.402572733E1,9.715050697E0,6.995014191E0,-3.915473938E1,4.094393788E1
3.403571533E1,9.665711403E0,6.884319305E0,-3.898550415E1,4.075155657E1
3.404570333E1,9.684580803E0,6.922240257E0,-3.925187683E1,4.101729331E1
3.405569133E1,9.669024467E0,6.909181118E0,-3.942062378E1,4.117295711E1
3.406567933E1,9.719799995E0,6.896185875E0,-3.926713562E1,4.103583594E1
3.407566733E1,9.709744453E0,6.992194176E0,-3.903758240E1,4.083016968E1
3.408565533E1,9.600102425E0,6.865614414E0,-3.929449463E1,4.102872087E1
3.409564333E1,9.889761925E0,6.823704720E0,-3.924168396E1,4.103998169E1
3.410563133E1,9.770376205E0,6.842177868E0,-3.939231873E1,4.115860085E1
3.411562033E1,9.718561172E0,6.837120056E0,-3.932878113E1,4.108466462E1
3.412560833E1,9.695441246E0,6.816512108E0,-3.940138245E1,4.114529568E1
3.413559608E1,9.803151131E0,6.800997257E0,-3.936120605E1,4.112979307E1
3.414558408E1,9.835247993E0,6.802181244E0,-3.931416321E1,4.109264170E1
3.415557208E1,9.802333832E0,6.903174400E0,-3.926522827E1,4.105481356E1
3.416556008E1,9.658307076E0,6.920849323E0,-3.931672668E1,4.107293571E1
3.417554808E1,9.687822342E0,6.961596966E0,-3.920918274E1,4.098387177E1
3.418553608E1,9.568821907E0,7.055151463E0,-3.937763977E1,4.113315000E1
3.419552508E1,9.728635788E0,6.929412365E0,-3.917852783E1,4.095876162E1
3.420551308E1,9.526523590E0,7.023471832E0,-3.946426392E1,4.120087298E1
3.421550108E1,9.697515488E0,7.006731033E0,-3.934619141E1,4.112491781E1
3.422548908E1,9.596545219E0,6.970659256E0,-3.953115845E1,4.127222139E1
3.423547708E1,9.495620728E0,7.048855782E0,-3.946589661E1,4.119963805E1
3.424546508E1,9.597386360E0,6.870661259E0,-3.966720581E1,4.138602455E1
3.425545308E1,9.658049583E0,6.953971863E0,-3.949668884E1,4.125074637E1
3.426544108E1,9.676548958E0,6.789687634E0,-3.963037109E1,4.135579489E1
3.427542908E1,9.610947609E0,6.899837017E0,-3.958071899E1,4.131115323E1
3.428541808E1,9.593649864E0,6.969535351E0,-3.954806519E1,4.128755261E1
3.429540608E1,9.795018196E0,6.849975109E0,-3.942247009E1,4.119460752E1
3.430539408E1,9.627809525E0,6.961271286E0,-3.964173889E1,4.138383110E1
3.431538208E1,9.618600845E0,7.041993141E0,-3.956228638E1,4.131926491E1
3.432537008E1,9.532374382E0,6.955632687E0,-3.970613098E1,4.142250385E1
3.433535808E1,9.574737549E0,6.950112820E0,-3.968942261E1,4.141533453E1
3.434534608E1,9.737445831E0,6.860460758E0,-3.980270386E1,4.154682909E1
3.435533408E1,9.588030815E0,6.923626423E0,-3.949972534E1,4.123221119E1
3.436532308E1,9.576823235E0,6.857387066E0,-3.959346008E1,4.130836939E1
3.437531108E1,9.651399612E0,7.014129639E0,-3.960697937E1,4.136496517E1
3.438529908E1,9.484956741E0,7.043424606E0,-3.955828857E1,4.128477237E1
3.439528708E1,9.492689133E0,7.042047024E0,-3.948313904E1,4.121431598E1
3.440527508E1,9.560549736E0,7.070167542E0,-3.981071472E1,4.154857864E1
3.441526308E1,9.643536568E0,7.111879826E0,-3.952149963E1,4.129800922E1
3.442525108E1,9.776773453E0,7.039512634E0,-3.972485352E1,4.151149268E1
3.443523908E1,9.649764061E0,7.053181648E0,-3.944779968E1,4.121885755E1
3.444522708E1,9.542432785E0,7.021933079E0,-3.953266907E1,4.126981332E1
3.445521608E1,9.542493820E0,7.094232559E0,-3.957350159E1,4.132129417E1
3.446520408E1,9.359930992E0,7.137122154E0,-3.950335693E1,4.121968013E1
3.447519208E1,9.553559303E0,7.058584213E0,-3.926136780E1,4.101888721E1
3.448518008E1,9.736723900E0,6.820324421E0,-3.935713196E1,4.111331236E1
3.449516808E1,9.593687057E0,6.802050114E0,-3.911575317E1,4.084542647E1
3.450515608E1,9.673172951E0,6.919501305E0,-3.934294128E1,4.110129928E1
3.451514408E1,9.613980293E0,6.950123310E0,-3.939723206E1,4.114455887E1
3.452513208E1,9.746704102E0,6.820958614E0,-3.946633911E1,4.122033042E1
3.453512008E1,9.615968704E0,6.914927006E0,-3.936724854E1,4.111037979E1
3.454510908E1,9.718332291E0,6.911925316E0,-3.942376709E1,4.118803352E1
3.455509708E1,9.747859001E0,7.019073963E0,-3.934939575E1,4.114198707E1
3.456508508E1,9.641895294E0,6.874597073E0,-3.948356628E1,4.122108970E1
3.457507308E1,9.587656021E0,6.987666130E0,-3.932019043E1,4.107101169E1
3.458506108E1,9.460210800E0,7.026308537E0,-3.936662292E1,4.109252487E1
3.459504908E1,9.511211395E0,7.009350777E0,-3.963250732E1,4.135613349E1
3.460503708E1,9.688855171E0,6.889284611E0,-3.954493713E1,4.129331919E1
3.461502508E1,9.515538216E0,6.876933575E0,-3.930979919E1,4.102557733E1
3.462501308E1,9.574115753E0,6.807638645E0,-3.923608398E1,4.095702532E1
3.463500208E1,9.602314949E0,6.913744926E0,-3.932058716E1,4.106230505E1
3.464499008E1,9.606781960E0,6.973340988E0,-3.944966125E1,4.119700860E1
3.465497808E1,9.643606186E0,6.865805626E0,-3.932324219E1,4.106648029E1
3.466496608E1,9.590839386E0,6.847862244E0,-3.929481506E1,4.102389436E1
3.467495408E1,9.559426308E0,6.905795574E0,-3.937492371E1,4.110300793E1
3.468494208E1,9.640563965E0,6.957826138E0,-3.940139771E1,4.115606832E1
3.469493008E1,9.406275749E0,7.051854610E0,-3.927299500E1,4.099481446E1
3.470491808E1,9.682388306E0,6.932125568E0,-3.927940369E1,4.104478727E1
3.471490608E1,9.674234390E0,6.827925205E0,-3.949731445E1,4.123407841E1
3.472489508E1,9.711942673E0,6.735174179E0,-3.949316406E1,4.122371174E1
3.473488308E1,9.795909882E0,6.660975456E0,-3.953276062E1,4.126945125E1
3.474487108E1,9.676011086E0,6.692112446E0,-3.952890015E1,4.124249636E1
3.475485908E1,9.720994949E0,6.641930103E0,-3.939935303E1,4.112082194E1
3.476484708E1,9.697906494E0,6.617135525E0,-3.932810974E1,4.104310038E1
3.477483508E1,9.624092102E0,6.618778706E0,-3.963883972E1,4.132395183E1
3.478482308E1,9.624092102E0,6.618778706E0,-3.963883972E1,4.132395183E1
3.479481108E1,9.603291512E0,6.863087654E0,-3.957499695E1,4.129776705E1
3.480480008E1,9.468977928E0,6.813079357E0,-3.943251038E1,4.112180040E1
3.481478808E1,9.657334328E0,6.889350891E0,-3.954850769E1,4.128936573E1
3.482477608E1,9.672441483E0,6.757721901E0,-3.955647278E1,4.127877746E1
3.483476408E1,9.500742912E0,6.898964405E0,-3.952606201E1,4.123311053E1
3.484475208E1,9.510723114E0,6.898021221E0,-3.957601929E1,4.128314249E1
3.485474008E1,9.793079376E0,6.744568825E0,-3.956298828E1,4.131130177E1
3.486472808E1,9.628812790E0,6.811298847E0,-3.961814880E1,4.133649166E1
3.487471608E1,9.738531113E0,6.933370590E0,-3.975325012E1,4.151182375E1
3.488470408E1,9.653644562E0,6.838627815E0,-3.961535645E1,4.134411869E1
3.489469208E1,9.623907089E0,6.790988445E0,-3.955291748E1,4.126948501E1
3.490468108E1,9.458645821E0,7.034294128E0,-3.956321716E1,4.128190193E1
3.491466908E1,9.523532867E0,6.959341049E0,-3.954431152E1,4.126599908E1
3.492465708E1,9.539925575E0,6.898361683E0,-3.967109680E1,4.138107654E1
3.493464508E1,9.621374130E0,6.940924168E0,-3.955624390E1,4.129701805E1
3.494463308E1,9.601612091E0,6.923630238E0,-3.946917725E1,4.120611075E1
3.495462108E1,9.661014557E0,6.951139450E0,-3.950100708E1,4.125509789E1
3.496460908E1,9.642989159E0,6.875811100E0,-3.954344177E1,4.127890267E1
3.497459708E1,9.627882004E0,6.796768188E0,-3.953871155E1,4.125774934E1
3.498458608E1,9.373617172E0,6.938688278E0,-3.958509827E1,4.126730060E1
3.499457408E1,9.656512260E0,6.886992931E0,-3.958947754E1,4.132802478E1
3.500456208E1,9.497235298E0,6.843177795E0,-3.948881531E1,4.118729288E1
3.501455008E1,9.506537437E0,6.703983784E0,-3.938047791E1,4.106263134E1
3.502453808E1,9.403987885E0,6.883965015E0,-3.952383423E1,4.120627907E1
3.503452608E1,9.494713783E0,6.943332672E0,-3.942582703E1,4.114310750E1
3.504451408E1,9.485472679E0,7.079050064E0,-3.951113892E1,4.124581482E1
3.505450208E1,9.539442062E0,6.981881142E0,-3.968110657E1,4.140456300E1
3.506449008E1,9.371250153E0,6.959880829E0,-3.982356262E1,4.149911337E1
3.507447908E1,9.409453392E0,6.920401573E0,-3.965927124E1,4.134353113E1
3.508446708E1,9.493038177E0,6.918345928E0,-3.969439697E1,4.139597124E1
3.509445508E1,9.619477272E0,6.887896538E0,-3.954579163E1,4.127768280E1
3.510444308E1,9.527888298E0,6.850640774E0,-3.978096008E1,4.147573652E1
3.511443108E1,9.602095604E0,6.884389400E0,-3.968231201E1,4.140387595E1
3.512441908E1,9.444608688E0,6.889311314E0,-3.979083252E1,4.147256438E1
3.513440721E1,9.453601837E0,6.934354305E0,-3.967230225E1,4.136843510E1
3.514439521E1,9.492020607E0,6.990063190E0,-3.977626038E1,4.148626674E1
3.515438321E1,9.578690529E0,6.929582596E0,-3.972764587E1,4.144944238E1
3.516437221E1,9.534051895E0,6.782382011E0,-3.961021423E1,4.130215397E1
3.517436021E1,9.587890625E0,6.814836025E0,-3.963835144E1,4.134692905E1
3.518434821E1,9.540665627E0,6.936725616E0,-3.969668579E1,4.141218813E1
3.519433621E1,9.567090034E0,7.078567982E0,-3.963383484E1,4.138207584E1
3.520432421E1,9.499475479E0,7.032144547E0,-3.976144409E1,4.148088147E1
3.521431221E1,9.556807518E0,6.874382496E0,-3.975195312E1,4.145850313E1
3.522430021E1,9.638173103E0,6.748310566E0,-3.985525513E1,4.155569080E1
3.523428821E1,9.582658768E0,6.811110020E0,-3.965748596E1,4.136344717E1
3.524427621E1,9.532419205E0,6.889446735E0,-3.965675354E1,4.136410997E1
3.525426521E1,9.512400627E0,6.904941559E0,-3.946162415E1,4.117503812E1
3.526425321E1,9.576347351E0,6.938726425E0,-3.968220520E1,4.140688062E1
3.527424121E1,9.653613091E0,6.873250961E0,-3.974685669E1,4.147585371E1
3.528422921E1,9.588472366E0,6.862289906E0,-3.971888733E1,4.143211117E1
3.529421721E1,9.552248955E0,6.960492611E0,-3.955468750E1,4.128277148E1
3.530420521E1,9.554951668E0,6.855648994E0,-3.970095825E1,4.140607577E1
3.531419321E1,9.443001747E0,6.925341606E0,-3.951997375E1,4.121842991E1
3.532418121E1,9.590631485E0,6.913389206E0,-3.955442810E1,4.128350694E1
3.533416921E1,9.355852127E0,7.000011921E0,-3.949385071E1,4.118611877E1
3.534415821E1,9.318177223E0,6.994187832E0,-3.970190430E1,4.137618029E1
3.535414621E1,9.392937660E0,6.963581085E0,-3.953153992E1,4.122452410E1
3.536413421E1,9.495047569E0,6.992486477E0,-3.958389282E1,4.130297043E1
3.537412221E1,9.663211823E0,6.924530506E0,-3.966326904E1,4.140654171E1
3.538411021E1,9.627107620E0,7.081297398E0,-3.964558411E1,4.140770838E1
3.539409821E1,9.510258675E0,7.039252758E0,-3.954284668E1,4.127508720E1
3.540408621E1,9.578433990E0,7.053790569E0,-3.959541321E1,4.134367069E1
3.541407421E1,9.599496841E0,6.972434044E0,-3.957078552E1,4.131116366E1
3.542406221E1,9.817239761E0,6.900048256E0,-3.948007202E1,4.126336086E1
3.543405121E1,9.521002769E0,6.936984539E0,-3.942056274E1,4.114306765E1
3.544403921E1,9.569407463E0,6.959264278E0,-3.965715027E1,4.138471319E1
3.545402721E1,9.623168945E0,6.958553791E0,-3.952833557E1,4.127367399E1
3.546401521E1,9.608768463E0,6.933637619E0,-3.964671326E1,4.137953158E1
3.547400321E1,9.642559052E0,6.976126671E0,-3.952000427E1,4.127318774E1
3.548399121E1,9.647580147E0,6.871811390E0,-3.977983093E1,4.150581337E1
3.549397921E1,9.569606781E0,6.915586948E0,-3.989207458E1,4.160264813E1
3.550396721E1,9.595859528E0,6.938153744E0,-3.983206177E1,4.155492320E1
3.551395521E1,9.546253204E0,7.068312168E0,-3.977523804E1,4.151098105E1
3.552394421E1,9.577360153E0,6.946179390E0,-3.964677429E1,4.137441175E1
3.553393221E1,9.594280243E0,6.946208954E0,-3.962144470E1,4.135406767E1
3.554392021E1,9.525172234E0,6.925389290E0,-3.975064087E1,4.145845357E1
3.555390821E1,9.744094849E0,6.844525814E0,-3.960260010E1,4.135409112E1
3.556389621E1,9.748437881E0,6.947514534E0,-3.960617065E1,4.137570245E1
3.557388421E1,9.742480278E0,7.094249249E0,-3.976286316E1,4.154912251E1
3.558387221E1,9.766732216E0,6.897311211E0,-3.972175598E1,4.148228367E1
3.559386021E1,9.585344315E0,7.045127869E0,-3.971690369E1,4.146016270E1
3.560384821E1,9.715896606E0,7.010993481E0,-3.962335205E1,4.139520146E1
3.561383721E1,9.492172241E0,6.921559334E0,-3.947984314E1,4.119062189E1
3.562382521E1,9.541434288E0,6.933972836E0,-3.972261047E1,4.143675579E1
3.563381321E1,9.541434288E0,6.933972836E0,-3.972261047E1,4.143675579E1
3.564380121E1,9.454143524E0,6.976279259E0,-3.967503357E1,4.137822605E1
3.565378921E1,9.365386963E0,7.013994694E0,-3.959028625E1,4.128313651E1
3.566377721E1,9.519049644E0,7.072508335E0,-3.948663330E1,4.122895693E1
3.567376521E1,9.467443466E0,7.082950592E0,-3.972676086E1,4.144895902E1
3.568375321E1,9.434700966E0,7.014815807E0,-3.977111816E1,4.147243739E1
3.569374121E1,9.478357315E0,6.980916500E0,-3.979301453E1,4.149766810E1
3.570373021E1,9.516686440E0,6.962808609E0,-3.975517273E1,4.146711689E1
3.571371821E1,9.686324120E0,6.968789101E0,-3.968225098E1,4.143754263E1
3.572370621E1,9.433498383E0,7.103404522E0,-3.973406982E1,4.145172557E1
3.573369421E1,9.530924797E0,7.019545555E0,-3.983489990E1,4.155636892E1
3.574368221E1,9.536046028E0,6.912269115E0,-3.981684875E1,4.152224805E1
3.575367021E1,9.530397415E0,7.034004688E0,-3.976382446E1,4.149057041E1
3.576365821E1,9.701087952E0,6.959710121E0,-3.974946594E1,4.150383976E1
3.577364621E1,9.539775848E0,6.846958160E0,-3.957739258E1,4.128266177E1
3.578363421E1,9.379246712E0,6.967451572E0,-3.960388184E1,4.129144108E1
3.579362321E1,9.548646927E0,7.165659904E0,-3.965000916E1,4.140829103E1
3.580361121E1,9.444854736E0,7.137166977E0,-3.961993408E1,4.135073893E1
3.581359921E1,9.621899605E0,7.020749092E0,-3.963278198E1,4.138392535E1
3.582358721E1,9.326524734E0,7.118029118E0,-3.957452393E1,4.127703170E1
3.583357521E1,9.588080406E0,7.032735348E0,-3.961727905E1,4.136326210E1
3.584356321E1,9.550261497E0,7.100710869E0,-3.973710632E1,4.148090173E1
3.585355121E1,9.696208000E0,7.025186539E0,-3.977830505E1,4.154134384E1
3.586353921E1,9.588469505E0,6.888342381E0,-3.977542114E1,4.149062708E1
3.587352721E1,9.697617531E0,7.114686489E0,-3.971553040E1,4.149681800E1
3.588351621E1,9.611968994E0,6.991285801E0,-3.964653015E1,4.138979800E1
3.589350421E1,9.664593697E0,6.972636700E0,-3.962068176E1,4.137415204E1
3.590349221E1,9.648851395E0,7.047562599E0,-3.982537842E1,4.157919237E1
3.591348021E1,9.678287506E0,7.024087906E0,-3.973622131E1,4.149667871E1
3.592346821E1,9.590746880E0,7.028791904E0,-3.974241638E1,4.148308090E1
3.593345621E1,9.672666550E0,6.989556313E0,-3.956849670E1,4.132892821E1
3.594344421E1,9.637123108E0,7.153558254E0,-3.965141296E1,4.142803504E1
3.595343221E1,9.842881203E0,7.117054939E0,-3.947222900E1,4.129880923E1
3.596342021E1,9.667304993E0,7.014785767E0,-3.966198730E1,4.142145872E1
3.597340921E1,9.842148781E0,7.116048813E0,-3.980479431E1,4.161643538E1
3.598339721E1,9.743628502E0,6.942541122E0,-3.971585083E1,4.147874131E1
3.599338521E1,9.894283295E0,7.084844112E0,-3.963143921E1,4.145772343E1
3.600337321E1,9.684084892E0,7.151597977E0,-3.981864929E1,4.159869812E1
3.601336121E1,9.724753380E0,7.202383995E0,-3.975933838E1,4.156019913E1
3.602334921E1,9.604156494E0,7.125438690E0,-3.967935181E1,4.144228105E1
3.603333721E1,9.619490623E0,7.248841763E0,-3.937506104E1,4.117615497E1
3.604332521E1,9.652171135E0,7.177358150E0,-3.946157837E1,4.125403065E1
3.605331321E1,9.678523064E0,7.062415123E0,-3.937971497E1,4.116203915E1
3.606330221E1,9.576131821E0,7.034569740E0,-3.960644531E1,4.135042905E1
3.607329021E1,9.619843483E0,6.979192734E0,-3.965472412E1,4.139743549E1
3.608327821E1,9.455074310E0,7.049417496E0,-3.979917908E1,4.150984669E1
3.609326621E1,9.492352486E0,7.080134392E0,-3.956625366E1,4.130038120E1
3.610325421E1,9.539585114E0,7.032059193E0,-3.986114502E1,4.158562760E1
3.611324221E1,9.466814041E0,7.056899071E0,-3.959176636E1,4.131498948E1
3.612323021E1,9.454660416E0,6.937747002E0,-3.969238281E1,4.138850312E1
3.613321833E1,9.376841545E0,6.999197006E0,-3.984562683E1,4.152815784E1
3.614320633E1,9.544086456E0,6.953995705E0,-3.988798523E1,4.159926692E1
3.615319533E1,9.564428329E0,6.878429890E0,-3.988363647E1,4.158720411E1
3.616318333E1,9.499678612E0,7.010685444E0,-3.985650635E1,4.156843397E1
3.617317133E1,9.654989243E0,7.113342285E0,-3.987875366E1,4.164292796E1
3.618315933E1,9.622015953E0,7.087248325E0,-3.988812256E1,4.163981990E1
3.619314733E1,9.730295181E0,7.118889809E0,-3.991024780E1,4.169154730E1
3.620313533E1,9.567190170E0,7.143527031E0,-3.990057373E1,4.164873216E1
3.621312333E1,9.541388512E0,7.107355595E0,-3.983558655E1,4.157434971E1
3.622311133E1,9.488362312E0,7.049063206E0,-3.969491577E1,4.141744378E1
3.623309933E1,9.453228951E0,7.044480324E0,-3.969346619E1,4.140723969E1
3.624308833E1,9.464439392E0,7.042378902E0,-3.980517578E1,4.151653565E1
3.625307633E1,9.515550613E0,7.040143490E0,-3.987976074E1,4.159933462E1
3.626306433E1,9.468007088E0,7.046275139E0,-3.976461792E1,4.147912716E1
3.627305233E1,9.644217491E0,7.125567436E0,-3.964225769E1,4.141609877E1
3.628304033E1,9.554448128E0,7.026672840E0,-3.948890686E1,4.123148524E1
3.629302833E1,9.597734451E0,7.029287338E0,-3.949414062E1,4.124699420E1
3.630301633E1,9.654613495E0,6.994576454E0,-3.968402100E1,4.143618206E1
3.631300433E1,9.521398544E0,7.105234623E0,-3.969174194E1,4.143157935E1
3.632299233E1,9.679970741E0,6.948318481E0,-3.974316406E1,4.149096351E1
3.633298033E1,9.631388664E0,6.871750832E0,-3.982710266E1,4.154735507E1
3.634296933E1,9.719811440E0,6.798391819E0,-3.977993774E1,4.151067709E1
3.635295733E1,9.706247330E0,6.940095901E0,-3.966052246E1,4.141658134E1
3.636294533E1,9.749686241E0,6.835942268E0,-3.976187134E1,4.150654046E1
3.637293333E1,9.685626030E0,6.841176033E0,-3.961596680E1,4.135260411E1
3.638292133E1,9.610117912E0,7.005510330E0,-3.970323181E1,4.144608736E1
3.639290933E1,9.365723610E0,7.236608505E0,-3.958900452E1,4.132038916E1
3.640289733E1,9.650761604E0,7.058987617E0,-3.974147034E1,4.150121649E1
3.641288533E1,9.565668106E0,7.080764294E0,-3.942916870E1,4.118614541E1
3.642287333E1,9.706292152E0,6.990410328E0,-3.957115173E1,4.133949677E1
3.643286233E1,9.615541458E0,7.030834675E0,-3.947459412E1,4.123269157E1
3.644285033E1,9.745942116E0,6.894220829E0,-3.965565491E1,4.141358032E1
3.645283833E1,9.725997925E0,6.878677368E0,-3.975753784E1,4.150389202E1
3.646282633E1,9.582954407E0,6.937315464E0,-3.974879456E1,4.147199091E1
3.647281433E1,9.641109467E0,7.065118313E0,-3.951274109E1,4.128103193E1
3.648280233E1,9.641109467E0,7.065118313E0,-3.951274109E1,4.128103193E1
3.649279033E1,9.488670349E0,7.105345249E0,-3.959594727E1,4.133230983E1
3.650277833E1,9.395365715E0,7.039422035E0,-3.979040527E1,4.148617494E1
3.651276633E1,9.592610359E0,7.065731525E0,-3.978436279E1,4.152996820E1
3.652275533E1,9.499537468E0,7.056856632E0,-3.975088501E1,4.147497193E1
3.653274333E1,9.556740761E0,7.026680470E0,-3.995173645E1,4.167549373E1
3.654273133E1,9.430458069E0,6.998170376E0,-3.977622986E1,4.147356254E1
3.655271933E1,9.366812706E0,7.042147160E0,-3.983715820E1,4.152503089E1
3.656270733E1,9.465127945E0,6.872868538E0,-3.984896851E1,4.153029328E1
3.657269533E1,9.543279648E0,6.922955990E0,-3.996754456E1,4.167020667E1
3.658268333E1,9.463544846E0,6.950430393E0,-3.974165344E1,4.143991050E1
3.659267133E1,9.582006454E0,6.904259682E0,-3.988105774E1,4.159305730E1
3.660265933E1,9.358977318E0,6.938145161E0,-3.980599976E1,4.147584757E1
3.661264833E1,9.450399399E0,7.062112331E0,-3.960867310E1,4.132832520E1
3.662263633E1,9.570089340E0,6.965813160E0,-3.979559326E1,4.151865130E1
3.663262433E1,9.645951271E0,6.926769257E0,-3.959660339E1,4.133903130E1
3.664261233E1,9.556843758E0,7.013933659E0,-3.954978943E1,4.128818683E1
3.665260033E1,9.535433769E0,7.034483910E0,-3.965666199E1,4.138912056E1
3.666258833E1,9.534034729E0,6.914307594E0,-3.965383911E1,4.136583644E1
3.667257633E1,9.522578239E0,6.888771534E0,-3.977958679E1,4.147951536E1
3.668256433E1,9.492792130E0,6.880947113E0,-3.966197205E1,4.135858511E1
3.669255233E1,9.634704590E0,6.998130322E0,-3.963949585E1,4.138950340E1
3.670254033E1,9.528186798E0,6.912846565E0,-3.960305786E1,4.131556587E1
3.671252933E1,9.634962082E0,7.029775620E0,-3.953894043E1,4.129864465E1
3.672251733E1,9.498110771E0,7.062223911E0,-3.978529358E1,4.150853768E1
3.673250533E1,9.554021835E0,7.015733242E0,-3.977593994E1,4.150452077E1
3.674249333E1,9.523651123E0,6.965059280E0,-3.960487366E1,4.132502872E1
3.675248133E1,9.496864319E0,6.959981441E0,-3.968162537E1,4.139158327E1
3.676246933E1,9.518561363E0,6.847094536E0,-3.980572510E1,4.149676451E1
3.677245733E1,9.665716171E0,6.811385632E0,-3.987228394E1,4.158870122E1
3.678244533E1,9.666117668E0,6.783123970E0,-3.970173645E1,4.142067695E1
3.679243333E1,9.598519325E0,6.904074669E0,-3.969458008E1,4.141808189E1
3.680242233E1,9.479137421E0,6.969172001E0,-3.981776428E1,4.151960690E1
3.681241033E1,9.551580429E0,6.891158581E0,-3.978445435E1,4.149124682E1
3.682239833E1,9.526525497E0,6.957287312E0,-3.990890503E1,4.161585317E1
3.683238633E1,9.451747894E0,6.915786266E0,-3.971557617E1,4.140640806E1
3.684237433E1,9.480952263E0,6.906594753E0,-3.988787842E1,4.157682469E1
3.685236233E1,9.757797241E0,6.767103195E0,-3.981192017E1,4.154512342E1
3.686235033E1,9.660253525E0,6.736746311E0,-3.977998352E1,4.148676100E1
3.687233833E1,9.655197144E0,6.829690933E0,-3.976477051E1,4.148619630E1
3.688232633E1,9.481535912E0,6.812818050E0,-3.982763672E1,4.150367044E1
3.689231533E1,9.642810822E0,6.798082352E0,-3.983992004E1,4.155017393E1
3.690230333E1,9.487758636E0,6.977255344E0,-3.980888367E1,4.151441768E1
3.691229133E1,9.552844048E0,6.867337227E0,-3.969169617E1,4.139864605E1
3.692227933E1,9.612575531E0,6.657358646E0,-3.976217651E1,4.144578041E1
3.693226733E1,9.637238503E0,6.841787338E0,-3.968299866E1,4.140563733E1
3.694225533E1,9.573719025E0,6.879137039E0,-3.972782898E1,4.144006537E1
3.695224333E1,9.661383629E0,6.960481167E0,-3.955415344E1,4.130764683E1
3.696223133E1,9.517649651E0,6.964649200E0,-3.960276794E1,4.132155881E1
3.697221933E1,9.606914520E0,6.933862686E0,-3.965808105E1,4.139003082E1
3.698220733E1,9.503970146E0,6.987299919E0,-3.963088989E1,4.134918672E1
3.699219633E1,9.519656181E0,7.046685696E0,-3.958520508E1,4.131910084E1
3.700218433E1,9.476734161E0,7.037803650E0,-3.968894958E1,4.140714781E1
3.701217233E1,9.413846016E0,7.059509277E0,-3.973698425E1,4.144255163E1
3.702216033E1,9.461825371E0,7.027044296E0,-3.982707214E1,4.153433720E1
3.703214833E1,9.437252998E0,7.059951305E0,-3.986935425E1,4.157487300E1
3.704213633E1,9.505251884E0,7.053837776E0,-3.987980652E1,4.159934385E1
3.705212433E1,9.535794258E0,7.029414654E0,-3.966667175E1,4.139793341E1
3.706211233E1,9.542958260E0,6.891253471E0,-3.972659302E1,4.143379803E1
3.707210033E1,9.508570671E0,6.950666428E0,-3.965737915E1,4.136946218E1
3.708208933E1,9.433527946E0,6.964475632E0,-3.975155640E1,4.144492256E1
3.709207733E1,9.568160057E0,6.989517689E0,-3.962875366E1,4.136231571E1
3.710206533E1,9.569963455E0,6.858350277E0,-3.979420471E1,4.149939635E1
3.711205333E1,9.438927650E0,6.921270847E0,-3.956147766E1,4.125660990E1
3.712204133E1,9.484448433E0,6.952614784E0,-3.968393707E1,4.138971462E1
3.713202933E1,9.483044624E0,6.896163464E0,-3.970948029E1,4.140444457E1
3.714201896E1,9.713726044E0,6.857740879E0,-3.977605438E1,4.151529340E1
3.715200696E1,9.727212906E0,6.767948151E0,-3.964173126E1,4.137500031E1
3.716199496E1,9.620974541E0,6.754378319E0,-3.981174469E1,4.151095991E1
3.717198396E1,9.652806282E0,6.772610188E0,-3.958126068E1,4.130037669E1
3.718197196E1,9.625636101E0,6.738938332E0,-3.964597321E1,4.135056652E1
3.719195996E1,9.591399193E0,6.661228180E0,-3.964028168E1,4.132455482E1
3.720194796E1,9.754388809E0,6.635050297E0,-3.970404816E1,4.141960204E1
3.721193596E1,9.869974136E0,6.697462082E0,-3.964128876E1,4.139691006E1
3.722192396E1,9.742962837E0,6.768713474E0,-3.975867462E1,4.149087869E1
3.723191196E1,9.653434753E0,6.671099663E0,-3.967696381E1,4.137576380E1
3.724189996E1,9.582084656E0,6.807188511E0,-3.962488556E1,4.133141320E1
3.725188796E1,9.719427109E0,6.785413265E0,-3.940987396E1,4.115394589E1
3.726187596E1,9.645491600E0,6.761357307E0,-3.980170441E1,4.150815745E1
3.727186496E1,9.706132889E0,6.779399395E0,-3.944171906E1,4.118031658E1
3.728185296E1,9.717148781E0,6.678911209E0,-3.954030609E1,4.126095783E1
3.729184096E1,9.506188393E0,6.807643414E0,-3.959706879E1,4.128727992E1
3.730182896E1,9.594145775E0,6.772367477E0,-3.964078522E1,4.134373528E1
3.731181696E1,9.613830566E0,6.788984299E0,-3.961606598E1,4.132733635E1
3.732180496E1,9.613830566E0,6.788984299E0,-3.961606598E1,4.132733635E1
3.733179296E1,9.529911041E0,6.907480240E0,-3.967273712E1,4.138186267E1
3.734178096E1,9.530085564E0,6.900979996E0,-3.947081757E1,4.118727346E1
3.735176896E1,9.550166130E0,6.778289795E0,-3.961107635E1,4.130603171E1
3.736175796E1,9.553916931E0,6.784152985E0,-3.959790802E1,4.129523435E1
3.737174596E1,9.537147522E0,6.867255211E0,-3.962021637E1,4.132647967E1
3.738173396E1,9.619734764E0,6.833095551E0,-3.969461823E1,4.141126909E1
3.739172196E1,9.594183922E0,6.848109245E0,-3.946623993E1,4.118894341E1
3.740170996E1,9.555801392E0,6.879060745E0,-3.949509430E1,4.121282920E1
3.741169796E1,9.710254669E0,6.955625534E0,-3.952133942E1,4.128687493E1
3.742168596E1,9.779080391E0,6.864348888E0,-3.944020844E1,4.121018976E1
3.743167396E1,9.717857361E0,6.978422642E0,-3.962778473E1,4.139440127E1
3.744166196E1,9.526159286E0,7.077727795E0,-3.939438629E1,4.114315998E1
3.745164996E1,9.621105194E0,6.879800797E0,-3.965750885E1,4.138375687E1
3.746163896E1,9.568877220E0,6.871302605E0,-3.961733246E1,4.133172198E1
3.747162696E1,9.729084015E0,6.771491528E0,-3.968724823E1,4.141963116E1
3.748161496E1,9.763534546E0,6.748323917E0,-3.963970184E1,4.137840554E1
3.749160296E1,9.846706390E0,6.739852905E0,-3.961136627E1,4.136959731E1
3.750159096E1,9.565581322E0,6.870049477E0,-3.958365631E1,4.129847180E1
3.751157896E1,9.736714363E0,6.851181984E0,-3.933177948E1,4.109417450E1
3.752156696E1,9.555433273E0,6.898778915E0,-3.953705597E1,4.125625104E1
3.753155496E1,9.572274208E0,6.945719719E0,-3.967426300E1,4.139950000E1
3.754154296E1,9.638327599E0,6.795612335E0,-3.986521149E1,4.157298152E1
3.755153196E1,9.686763763E0,6.774285793E0,-3.969264984E1,4.141534488E1
3.756151996E1,9.794492722E0,6.792351246E0,-3.949019623E1,4.124977238E1
3.757150796E1,9.716211319E0,6.792984486E0,-3.961551666E1,4.135140337E1
3.758149596E1,9.458189964E0,6.774694920E0,-3.967229462E1,4.134301403E1
3.759148396E1,9.463687897E0,6.916254997E0,-3.976641083E1,4.145797151E1
3.760147196E1,9.430889130E0,6.944700718E0,-3.957401276E1,4.127072841E1
3.761145996E1,9.528847694E0,6.889494896E0,-3.964391327E1,4.135098472E1
3.762144796E1,9.557153702E0,6.758346081E0,-3.982607269E1,4.151060702E1
3.763143596E1,9.550888062E0,6.878548622E0,-3.961994171E1,4.133126752E1
3.764142396E1,9.488695145E0,6.797169685E0,-3.986724091E1,4.154074805E1
3.765141296E1,9.568572998E0,6.880625248E0,-3.965821075E1,4.137238539E1
3.766140096E1,9.561670303E0,6.856215954E0,-3.971123505E1,4.141757387E1
3.767138896E1,9.666419983E0,6.903336048E0,-3.961034393E1,4.135305394E1
3.768137696E1,9.596133232E0,6.798035145E0,-3.967411041E1,4.138035877E1
3.769136496E1,9.633961678E0,6.858788490E0,-3.972759247E1,4.145042582E1
3.770135296E1,9.435523033E0,6.860829830E0,-3.995766449E1,4.162589377E1
3.771134096E1,9.747809410E0,6.582583427E0,-3.974074554E1,4.144486759E1
3.772132896E1,9.624613762E0,6.738598824E0,-3.988021088E1,4.157490979E1
3.773131696E1,9.635147095E0,6.801275730E0,-3.969886017E1,4.141368022E1
3.774130596E1,9.586021423E0,6.947027683E0,-3.982883453E1,4.155104163E1
3.775129396E1,9.560544968E0,6.872364044E0,-3.965595245E1,4.136699134E1
3.776128196E1,9.499587059E0,6.786797047E0,-3.966172028E1,4.134434452E1
3.777126996E1,9.596419334E0,6.852314949E0,-3.976998138E1,4.148128377E1
3.778125796E1,9.481764793E0,6.916001797E0,-3.961193085E1,4.131392029E1
3.779124596E1,9.499685287E0,7.036661148E0,-3.959696198E1,4.132406101E1
3.780123396E1,9.468457222E0,6.926703453E0,-3.973552704E1,4.143118405E1
3.781122196E1,9.607775688E0,6.861416340E0,-3.964502716E1,4.136564476E1
3.782120996E1,9.650658607E0,6.648442745E0,-3.972777557E1,4.142020225E1
3.783119796E1,9.696506500E0,6.743490696E0,-3.971367645E1,4.143275277E1
3.784118696E1,9.682265282E0,6.743557930E0,-3.975566864E1,4.146968801E1
3.785117496E1,9.688942909E0,6.794336319E0,-3.973090363E1,4.145579964E1
3.786116296E1,9.659536362E0,6.773540497E0,-3.964118195E1,4.135953094E1
3.787115096E1,9.834850311E0,6.763004303E0,-3.964580536E1,4.140353113E1
3.788113896E1,9.795300484E0,6.767996311E0,-3.950637054E1,4.126144689E1
3.789112696E1,9.850872040E0,6.721790791E0,-3.945174408E1,4.121483061E1
3.790111496E1,9.712619781E0,6.701697350E0,-3.979714203E1,4.150976083E1
3.791110296E1,9.768633842E0,6.618879318E0,-3.957282257E1,4.129460082E1
3.792109096E1,9.557720184E0,6.740185261E0,-3.985005951E1,4.153080008E1
3.793107896E1,9.557196617E0,6.737604141E0,-3.990076447E1,4.157891679E1
3.794106796E1,9.408971786E0,6.782965660E0,-3.992385101E1,4.157464676E1
3.795105596E1,9.433700562E0,6.898431778E0,-3.971070099E1,4.139471996E1
3.796104396E1,9.410741806E0,6.971847057E0,-3.979854584E1,4.148605746E1
3.797103196E1,9.587191582E0,6.969305515E0,-3.981928253E1,4.154588696E1
3.798101996E1,9.465473175E0,6.855525017E0,-3.987104034E1,4.154868546E1
3.799100796E1,9.599625587E0,6.769249916E0,-3.979972076E1,4.149690746E1
3.800099596E1,9.489436150E0,6.861769199E0,-3.979929352E1,4.148634763E1
3.801098396E1,9.495287895E0,6.790904999E0,-3.963050079E1,4.131408327E1
3.802097196E1,9.534918785E0,6.782645702E0,-3.955756378E1,4.125190676E1
3.803096096E1,9.494544029E0,6.893428326E0,-3.955957794E1,4.126288802E1
3.804094896E1,9.475924492E0,6.902874947E0,-3.984378815E1,4.153276154E1
3.805093696E1,9.580254555E0,6.735274315E0,-3.984937286E1,4.153453641E1
3.806092496E1,9.561066628E0,6.747033119E0,-3.993941498E1,4.161842524E1
3.807091296E1,9.579860687E0,6.863152504E0,-4.000054169E1,4.170035885E1
3.808090096E1,9.501876831E0,6.908612728E0,-3.995413971E1,4.164550244E1
3.809088896E1,9.476679802E0,6.909718513E0,-3.972982025E1,4.142475452E1
3.810087696E1,9.664096832E0,6.779838085E0,-3.993312836E1,4.164151429E1
3.811086496E1,9.592885971E0,6.799144745E0,-3.991356659E1,4.160942956E1
3.812085296E1,9.643201828E0,6.689050198E0,-3.981739044E1,4.151095416E1
3.813084196E1,9.457519531E0,6.802964211E0,-3.974430084E1,4.141659628E1
3.814082858E1,9.511070251E0,6.750677109E0,-3.973503876E1,4.141141635E1
3.815081658E1,9.486719131E0,6.737564087E0,-3.964156342E1,4.131399472E1
3.816080458E1,9.368118286E0,6.746571064E0,-3.963715363E1,4.128415930E1
3.817079258E1,9.368118286E0,6.746571064E0,-3.963715363E1,4.128415930E1
3.818078058E1,9.419311523E0,6.936070919E0,-3.954840851E1,4.124207954E1
3.819076858E1,9.388099670E0,6.888245583E0,-3.976688385E1,4.143657073E1
3.820075658E1,9.417674065E0,6.861796856E0,-3.985243988E1,4.152100439E1
3.821074458E1,9.429114342E0,6.901131630E0,-3.983907318E1,4.151729238E1
3.822073358E1,9.265530586E0,6.855497837E0,-3.977878571E1,4.141496951E1
3.823072158E1,9.395845413E0,7.004819870E0,-3.984493256E1,4.153273483E1
3.824070958E1,9.313971519E0,6.859781742E0,-3.968198395E1,4.133360039E1
3.825069758E1,9.458294868E0,6.800458431E0,-3.986016083E1,4.152755709E1
3.826068558E1,9.466753960E0,6.854691982E0,-3.987120819E1,4.154900089E1
3.827067358E1,9.552351952E0,6.700481892E0,-3.986338043E1,4.153592403E1
3.828066158E1,9.594638824E0,6.758809566E0,-3.991326141E1,4.160296910E1
3.829064958E1,9.559713364E0,6.781228542E0,-3.988190460E1,4.156849161E1
3.830063758E1,9.627287865E0,6.704593182E0,-3.996219635E1,4.164869000E1
3.831062558E1,9.660579681E0,6.807344437E0,-3.997766876E1,4.168789678E1
3.832061458E1,9.560272217E0,6.761027813E0,-4.006395721E1,4.174004036E1
3.833060258E1,9.622390747E0,6.801964283E0,-3.995131683E1,4.165290912E1
3.834059058E1,9.448833466E0,6.908563614E0,-3.987738800E1,4.155977357E1
3.835057858E1,9.543703079E0,6.759258270E0,-3.985520172E1,4.153561057E1
3.836056658E1,9.533174515E0,6.863879204E0,-3.976566315E1,4.146446936E1
3.837055458E1,9.569093704E0,6.824961185E0,-3.974521637E1,4.144671125E1
3.838054258E1,9.443521500E0,6.860255718E0,-3.989069366E1,4.156333297E1
3.839053058E1,9.498112679E0,6.825447083E0,-3.989835358E1,4.157739158E1
3.840051858E1,9.454342842E0,6.897944927E0,-3.995763397E1,4.163626731E1
3.841050658E1,9.556874275E0,6.810313702E0,-3.993662262E1,4.162508913E1
3.842049558E1,9.513825417E0,6.741272449E0,-3.994364166E1,4.161072143E1
3.843048358E1,9.619530678E0,6.773757458E0,-4.002547455E1,4.171879401E1
3.844047158E1,9.466761589E0,6.931798935E0,-3.998610687E1,4.167203084E1
3.845045958E1,9.527442932E0,6.850666523E0,-3.980579376E1,4.149945804E1
3.846044758E1,9.540794373E0,6.818428040E0,-3.985002899E1,4.153965008E1
3.847043558E1,9.624979973E0,6.875818253E0,-3.991017914E1,4.162618785E1
3.848042358E1,9.560149193E0,6.963575363E0,-3.978470612E1,4.150554993E1
3.849041158E1,9.804969788E0,6.755255222E0,-3.978290558E1,4.152650337E1
3.850039958E1,9.705864906E0,6.763371468E0,-3.991997528E1,4.163593921E1
3.851038758E1,9.886536598E0,6.693963528E0,-3.979665375E1,4.154908426E1
3.852037658E1,9.529425621E0,6.635228157E0,-3.994971466E1,4.160307569E1
3.853036458E1,9.619724274E0,6.607813835E0,-3.984787750E1,4.152174900E1
3.854035258E1,9.485909462E0,6.821715355E0,-3.981760406E1,4.149650434E1
3.855034058E1,9.609206200E0,6.765399933E0,-3.981438446E1,4.151256063E1
3.856032858E1,9.851723671E0,6.642548084E0,-3.974927521E1,4.148716409E1
3.857031658E1,9.657670975E0,6.784618855E0,-3.954654694E1,4.127021973E1
3.858030458E1,9.486186028E0,6.826679707E0,-3.974024200E1,4.142315917E1
3.859029258E1,9.711425781E0,6.824951172E0,-3.966417694E1,4.140215793E1
3.860028058E1,9.624224663E0,6.792420864E0,-3.977495575E1,4.148264440E1
3.861026858E1,9.780371666E0,6.761974335E0,-3.974887848E1,4.148919507E1
3.862025758E1,9.558670044E0,6.615352631E0,-3.967354584E1,4.134152032E1
3.863024558E1,9.602013588E0,6.541213036E0,-3.974156952E1,4.140505381E1
3.864023358E1,9.694353104E0,6.571133614E0,-3.983370209E1,4.151968330E1
3.865022158E1,9.755520821E0,6.707410336E0,-3.988066864E1,4.160080854E1
3.866020958E1,9.632331848E0,6.784401894E0,-3.986322784E1,4.156785850E1
3.867019758E1,9.710153580E0,6.710602760E0,-3.980779266E1,4.152083367E1
3.868018558E1,9.683965683E0,6.623808384E0,-3.992557526E1,4.161376681E1
3.869017358E1,9.792386055E0,6.788618565E0,-3.983646393E1,4.158028409E1
3.870016158E1,9.679938316E0,6.697535992E0,-3.967945099E1,4.138860985E1
3.871014958E1,9.719052315E0,6.737829208E0,-3.977803802E1,4.149880275E1
3.872013858E1,9.755476952E0,6.638860226E0,-3.988727570E1,4.159613634E1
3.873012658E1,9.869447708E0,6.676668644E0,-3.988726044E1,4.162904572E1
3.874011458E1,9.769936562E0,6.714257240E0,-3.988967133E1,4.161392542E1
3.875010258E1,9.750514984E0,6.743708611E0,-3.990245819E1,4.162638968E1
3.876009058E1,9.579216957E0,6.841557980E0,-3.996063995E1,4.165838521E1
3.877007858E1,9.623064041E0,6.781140327E0,-3.983310699E1,4.153629303E1
3.878006658E1,9.536164284E0,6.775668621E0,-4.005577850E1,4.172904871E1
3.879005458E1,9.746311188E0,6.685975552E0,-3.995011139E1,4.166178406E1
3.880004258E1,9.648734093E0,6.628005981E0,-3.993448639E1,4.161480189E1
3.881003158E1,9.721826553E0,6.834782600E0,-3.972481537E1,4.146431141E1
3.882001958E1,9.694370270E0,6.704382896E0,-3.982491302E1,4.153255666E1
3.883000758E1,9.779985428E0,6.739882946E0,-3.970766449E1,4.144602220E1
3.883999558E1,9.721282005E0,6.771087170E0,-3.970790863E1,4.143753073E1
3.884998358E1,9.779207230E0,6.648965359E0,-3.985758209E1,4.157485399E1
3.885997158E1,9.747466087E0,6.666179657E0,-3.988347626E1,4.159498437E1
3.886995958E1,9.747755051E0,6.831380367E0,-3.966304779E1,4.141067310E1
3.887994758E1,9.516734123E0,6.814332008E0,-3.988848114E1,4.157035334E1
3.888993558E1,9.698088646E0,6.851626396E0,-3.964096832E1,4.138120440E1
3.889992358E1,9.517575264E0,6.785479546E0,-3.988361359E1,4.156115499E1
3.890991258E1,9.544783592E0,6.799335957E0,-3.969776154E1,4.139137753E1
3.891990058E1,9.622543335E0,6.684262753E0,-3.986299896E1,4.154914434E1
3.892988858E1,9.619294167E0,6.688200474E0,-3.962125397E1,4.131714670E1
3.893987658E1,9.654217720E0,6.711098671E0,-3.993428802E1,4.162919799E1
3.894986458E1,9.656625748E0,6.770732880E0,-3.980828094E1,4.151857989E1
3.895985258E1,9.710122108E0,6.735614300E0,-3.992255402E1,4.163490471E1
3.896984058E1,9.566443443E0,6.919279575E0,-3.979875946E1,4.151306450E1
3.897982858E1,9.506372452E0,6.802016258E0,-3.999388885E1,4.166712959E1
3.898981658E1,9.647306442E0,6.786828041E0,-3.974018097E1,4.145375182E1
3.899980458E1,9.556370735E0,6.747879982E0,-3.988973236E1,4.156980700E1
3.900979358E1,9.556370735E0,6.747879982E0,-3.988973236E1,4.156980700E1
3.901978158E1,9.535172462E0,6.743366241E0,-3.994361115E1,4.161591731E1
3.902976958E1,9.699319839E0,6.730466843E0,-3.983769989E1,4.155019039E1
3.903975758E1,9.653371811E0,6.712932587E0,-3.997174835E1,4.166523392E1
3.904974558E1,9.663239479E0,6.706588268E0,-4.017653656E1,4.186299814E1
3.905973358E1,9.595018387E0,6.815885544E0,-4.000457001E1,4.169995558E1
3.906972158E1,9.604670525E0,6.784269333E0,-4.010883331E1,4.179706349E1
3.907970958E1,9.475487709E0,6.898032188E0,-3.998020172E1,4.166274409E1
3.908969758E1,9.445816040E0,6.941086292E0,-4.001880646E1,4.170020371E1
3.909968558E1,9.613173485E0,6.884132385E0,-4.021477509E1,4.191697172E1
3.910967458E1,9.691522598E0,6.789196491E0,-4.009723663E1,4.180678396E1
3.911966258E1,9.685254097E0,6.805764675E0,-3.993917084E1,4.165645144E1
3.912965058E1,9.660742760E0,6.861010075E0,-3.994161224E1,4.166216267E1
3.913963883E1,9.563029289E0,6.933008671E0,-4.003994751E1,4.174584452E1
3.914962683E1,9.574440956E0,6.869825363E0,-3.999452209E1,4.169443869E1
3.915961483E1,9.657692909E0,6.719573498E0,-3.979928589E1,4.150188981E1
3.916960283E1,9.652186394E0,6.661746502E0,-3.972714233E1,4.142208839E1
3.917959083E1,9.630763054E0,6.682326317E0,-3.972901917E1,4.142221681E1
3.918957883E1,9.629807472E0,6.684417248E0,-3.997668457E1,4.165993201E1
3.919956683E1,9.646214485E0,6.631895065E0,-3.999134827E1,4.166940631E1
3.920955583E1,9.480038643E0,6.761693001E0,-3.998156738E1,4.164273472E1
3.921954383E1,9.625988960E0,6.662392139E0,-3.986445618E1,4.154782785E1
3.922953183E1,9.535630226E0,6.888647556E0,-3.977000427E1,4.147330405E1
3.923951983E1,9.460529327E0,6.846251011E0,-3.988136292E1,4.155593671E1
3.924950783E1,9.642148018E0,6.801316261E0,-4.003349304E1,4.173618917E1
3.925949583E1,9.648307800E0,6.709080696E0,-4.005487061E1,4.174319425E1
3.926948383E1,9.627017975E0,6.741448879E0,-4.005201721E1,4.174075575E1
3.927947183E1,9.599235535E0,6.753106117E0,-3.981935120E1,4.151301597E1
3.928945983E1,9.683513641E0,6.685688496E0,-3.973089600E1,4.143685514E1
3.929944783E1,9.532178879E0,6.770027637E0,-3.987750244E1,4.155611759E1
3.930943683E1,9.593278885E0,6.771839142E0,-3.979290771E1,4.148932766E1
3.931942483E1,9.499368668E0,6.718331814E0,-3.985337830E1,4.151705371E1
3.932941283E1,9.536717415E0,6.573093414E0,-3.968525696E1,4.134095011E1
3.933940083E1,9.571220398E0,6.609708309E0,-3.976380920E1,4.143014635E1
3.934938883E1,9.581629753E0,6.776326180E0,-3.971113586E1,4.140894272E1
3.935937683E1,9.468544960E0,6.738482475E0,-3.987512207E1,4.153415281E1
3.936936483E1,9.482916832E0,6.871977329E0,-3.983747864E1,4.152318013E1
3.937935283E1,9.388730049E0,6.777887821E0,-3.984791565E1,4.149631787E1
3.938934083E1,9.482534409E0,6.781925201E0,-3.983111572E1,4.150217763E1
3.939932883E1,9.487891197E0,6.596650600E0,-3.979563904E1,4.143945903E1
3.940931783E1,9.646584511E0,6.665644169E0,-3.959103394E1,4.129088729E1
3.941930583E1,9.430650711E0,6.801131725E0,-3.986547852E1,4.152648484E1
3.942929383E1,9.541066170E0,6.797502518E0,-3.978372192E1,4.147267190E1
3.943928183E1,9.499747276E0,6.852151871E0,-3.990457153E1,4.158812346E1
3.944926983E1,9.653429985E0,6.784111023E0,-3.974327087E1,4.145769473E1
3.945925783E1,9.630254745E0,6.842282295E0,-3.990031433E1,4.161242263E1
3.946924583E1,9.518647194E0,6.891258717E0,-3.985430908E1,4.155069246E1
3.947923383E1,9.578827858E0,6.710805893E0,-3.999893188E1,4.167377366E1
3.948922183E1,9.674212456E0,6.663006306E0,-3.992695618E1,4.161908059E1
3.949920983E1,9.634848595E0,6.511281967E0,-3.993936157E1,4.159783291E1
3.950919783E1,9.826049805E0,6.611022949E0,-3.989535522E1,4.161605757E1
3.951918683E1,9.776492119E0,6.564362526E0,-3.992457581E1,4.162502140E1
3.952917483E1,9.696269989E0,6.626708508E0,-3.975895691E1,4.145727405E1
3.953916283E1,9.607995987E0,6.593485832E0,-3.991581726E1,4.158196857E1
3.954915083E1,9.805371284E0,6.639940739E0,-3.973690033E1,4.146390438E1
3.955913883E1,9.678858757E0,6.605216503E0,-3.986637115E1,4.155281869E1
3.956912683E1,9.715213776E0,6.735167503E0,-3.978003693E1,4.149938792E1
3.957911483E1,9.552640915E0,6.870396614E0,-3.973319244E1,4.143889332E1
3.958910283E1,9.748629570E0,6.826807022E0,-3.951013947E1,4.126369098E1
3.959909083E1,9.711656570E0,6.738240242E0,-3.943189240E1,4.116545023E1
3.960907883E1,9.708687782E0,6.694869041E0,-3.949510956E1,4.121824316E1
3.961906783E1,9.565344810E0,6.727269650E0,-3.964815521E1,4.133676560E1
3.962905583E1,9.657777786E0,6.621076584E0,-3.971118927E1,4.140156857E1
3.963904383E1,9.551030159E0,6.681892395E0,-3.977632904E1,4.144907978E1
3.964903183E1,9.458242416E0,6.747144222E0,-3.969135284E1,4.135681075E1
3.965901983E1,9.447672844E0,6.696082115E0,-3.972679901E1,4.138012322E1
3.966900783E1,9.582075119E0,6.663647175E0,-3.978426361E1,4.146092122E1
3.967899583E1,9.381267548E0,6.710021973E0,-3.982593536E1,4.146248549E1
3.968898383E1,9.583817482E0,6.801357269E0,-3.966934967E1,4.137348573E1
3.969897183E1,9.651432037E0,6.642162323E0,-3.985301971E1,4.153951903E1
3.970895983E1,9.621695518E0,6.680918217E0,-3.987609100E1,4.156097119E1
3.971894883E1,9.441545486E0,6.741845608E0,-3.989693451E1,4.154949635E1
3.972893683E1,9.654571533E0,6.707203865E0,-3.982431793E1,4.152316984E1
3.973892483E1,9.706227303E0,6.536639214E0,-3.982061005E1,4.150445139E1
3.974891283E1,9.746057510E0,6.557422638E0,-3.978223419E1,4.148025537E1
3.975890083E1,9.503738403E0,6.587756634E0,-3.983147430E1,4.147608861E1
3.976888883E1,9.668276787E0,6.734062672E0,-3.985884857E1,4.156381823E1
3.977887683E1,9.680163383E0,6.656882286E0,-3.990334320E1,4.159683213E1
3.978886483E1,9.721719742E0,6.690336227E0,-3.950104523E1,4.122626599E1
3.979885283E1,9.657604218E0,6.515006065E0,-3.980292511E1,4.147273165E1
3.980884083E1,9.651626587E0,6.636213779E0,-3.951189423E1,4.121144276E1
3.981882983E1,9.669748306E0,6.569301128E0,-3.979477692E1,4.147630672E1
3.982881783E1,9.680647850E0,6.442483425E0,-3.974834442E1,4.141438663E1
3.983880583E1,9.658185005E0,6.510790825E0,-4.001123810E1,4.167217428E1
3.984879383E1,9.535852432E0,6.531126499E0,-3.989048004E1,4.153117495E1
3.985878183E1,9.535852432E0,6.531126499E0,-3.989048004E1,4.153117495E1
3.986876983E1,9.717685699E0,6.510945320E0,-3.988678741E1,4.156659277E1
3.987875783E1,9.804782867E0,6.559148312E0,-3.962381744E1,4.134250963E1
3.988874583E1,9.740595818E0,6.583237648E0,-3.991080475E1,4.160637644E1
3.989873383E1,9.794241905E0,6.584690094E0,-3.988777924E1,4.159711830E1
3.990872183E1,9.517900467E0,6.778512955E0,-3.965540314E1,4.134113769E1
3.991871083E1,9.524450302E0,6.871871948E0,-3.963605499E1,4.133950451E1
3.992869883E1,9.580796242E0,6.861666679E0,-3.978818512E1,4.149667217E1
3.993868683E1,9.630748749E0,6.786771297E0,-3.967748260E1,4.138978391E1
3.994867483E1,9.740223885E0,6.706782341E0,-3.986754608E1,4.158454185E1
3.995866283E1,9.714707375E0,6.859226227E0,-3.977190399E1,4.151179195E1
3.996865083E1,9.650092125E0,6.809707165E0,-3.980060577E1,4.151607652E1
3.997863883E1,9.714805603E0,6.786138535E0,-3.960234833E1,4.133733321E1
3.998862683E1,9.674757957E0,6.746387959E0,-3.972962189E1,4.144342586E1
3.999861483E1,9.754497528E0,6.712991714E0,-3.985942841E1,4.158110764E1
4.000860283E1,9.815408707E0,6.745218277E0,-3.978945160E1,4.153360900E1
4.001859083E1,9.763220787E0,6.676494122E0,-3.964792633E1,4.137455880E1
4.002857983E1,9.816123009E0,6.614405632E0,-3.974613190E1,4.147121452E1
4.003856783E1,9.647616386E0,6.693330288E0,-3.976279449E1,4.146030630E1
4.004855583E1,9.782042503E0,6.748180866E0,-3.976526642E1,4.150304463E1
4.005854383E1,9.773809433E0,6.860605717E0,-3.972281647E1,4.147887908E1
4.006853183E1,9.566769600E0,6.759558678E0,-3.983162689E1,4.151834793E1
4.007851983E1,9.765418053E0,6.702363491E0,-3.980307770E1,4.152794313E1
4.008850783E1,9.815460205E0,6.621582985E0,-3.970026398E1,4.142824616E1
4.009849583E1,9.806211472E0,6.753860950E0,-3.985437775E1,4.159504594E1
4.010848383E1,9.863616943E0,6.716341019E0,-3.982929230E1,4.157851249E1
4.011847183E1,9.712536812E0,6.628398895E0,-3.983689117E1,4.153609204E1
4.012846083E1,9.825462341E0,6.642176151E0,-3.978450775E1,4.151463924E1
4.013844846E1,9.870460510E0,6.673398495E0,-3.978200531E1,4.152792054E1
4.014843646E1,9.872002602E0,6.583953381E0,-3.989437103E1,4.162169768E1
4.015842446E1,9.783519745E0,6.527767658E0,-3.973126984E1,4.143552597E1
4.016841246E1,9.765606880E0,6.675822258E0,-3.984195709E1,4.156098201E1
4.017840046E1,9.740630150E0,6.743841648E0,-3.976404572E1,4.149142812E1
4.018838846E1,9.719058037E0,6.685468197E0,-3.965079498E1,4.136835889E1
4.019837646E1,9.688750267E0,6.713151455E0,-3.986660004E1,4.157263622E1
4.020836446E1,9.721649170E0,6.586643696E0,-3.993331146E1,4.162407599E1
4.021835246E1,9.652984619E0,6.641284943E0,-3.996451569E1,4.164672006E1
4.022834146E1,9.729241371E0,6.721742630E0,-3.985446930E1,4.157184967E1
4.023832946E1,9.645398140E0,6.794069290E0,-3.998738861E1,4.169153788E1
4.024831746E1,9.644687653E0,6.820472240E0,-3.969239044E1,4.141285671E1
4.025830546E1,9.757280350E0,6.802552700E0,-3.968518829E1,4.142937862E1
4.026829346E1,9.698045731E0,6.826696396E0,-3.980852509E1,4.153762805E1
4.027828146E1,9.511170387E0,6.923471928E0,-3.982384491E1,4.152511829E1
4.028826946E1,9.743426323E0,6.947631359E0,-3.966388702E1,4.142979449E1
4.029825746E1,9.783800125E0,6.730544090E0,-3.974916840E1,4.148517032E1
4.030824546E1,9.866779327E0,6.765944004E0,-3.968866730E1,4.145264339E1
4.031823346E1,9.659358978E0,6.724626541E0,-3.957059479E1,4.128384417E1
4.032822246E1,9.738903999E0,6.660546780E0,-3.983586884E1,4.154642681E1
4.033821046E1,9.662512779E0,6.798036575E0,-3.996411896E1,4.167383182E1
4.034819846E1,9.723689079E0,6.593686581E0,-3.985071564E1,4.154643630E1
4.035818646E1,9.747407913E0,6.708262920E0,-3.986472321E1,4.158375775E1
4.036817446E1,9.818414688E0,6.591115475E0,-3.993408966E1,4.164823630E1
4.037816246E1,9.680986404E0,6.655090332E0,-3.987949371E1,4.157385890E1
4.038815046E1,9.871654510E0,6.558658600E0,-3.957860565E1,4.131502863E1
4.039813846E1,9.772147179E0,6.672127724E0,-3.982108307E1,4.154191625E1
4.040812646E1,1.000440216E1,6.700459480E0,-3.958489227E1,4.137569233E1
4.041811446E1,9.745404243E0,6.716840744E0,-3.969611359E1,4.142306468E1
4.042810346E1,9.813740730E0,6.745769501E0,-3.970015717E1,4.144776704E1
4.043809146E1,9.807416916E0,6.748468399E0,-3.975011444E1,4.149456411E1
4.044807946E1,9.748733521E0,6.781351566E0,-3.964714813E1,4.138744845E1
4.045806746E1,9.815703392E0,6.710630417E0,-3.973671722E1,4.147755163E1
4.046805546E1,9.728441238E0,6.644721031E0,-3.973040009E1,4.144031343E1
4.047804346E1,9.690015793E0,6.665740490E0,-3.969161224E1,4.139749491E1
4.048803146E1,9.657105446E0,6.808827877E0,-3.961064911E1,4.133549740E1
4.049801946E1,9.615602493E0,6.761547089E0,-3.958972931E1,4.129800234E1
4.050800746E1,9.785148621E0,6.818291187E0,-3.963602448E1,4.139145642E1
4.051799546E1,9.505005836E0,6.809367180E0,-3.985926056E1,4.153881642E1
4.052798446E1,9.641608238E0,6.795813084E0,-3.980928802E1,4.152015291E1
4.053797246E1,9.539353371E0,6.796354294E0,-3.985840607E1,4.154373874E1
4.054796046E1,9.610677719E0,6.709759235E0,-3.985486603E1,4.154270503E1
4.055794846E1,9.690043449E0,6.664012909E0,-3.976851654E1,4.147096476E1
4.056793646E1,9.648653030E0,6.790324688E0,-3.969878387E1,4.141495449E1
4.057792446E1,9.678212166E0,6.797848701E0,-3.975429535E1,4.147628885E1
4.058791246E1,9.652294159E0,6.727759361E0,-3.972686005E1,4.143251064E1
4.059790046E1,9.633597374E0,6.657673836E0,-3.977800751E1,4.146589804E1
4.060788846E1,9.681469917E0,6.675125122E0,-3.968415070E1,4.138985349E1
4.061787646E1,9.754085541E0,6.741778374E0,-3.962845612E1,4.136433602E1
4.062786546E1,9.606678963E0,6.841209888E0,-3.968439484E1,4.139977810E1
4.063785346E1,9.630155563E0,6.685356617E0,-3.962732697E1,4.132504001E1
4.064784146E1,9.684485435E0,6.727901459E0,-3.950284576E1,4.122534099E1
4.065782946E1,9.665672302E0,6.700679779E0,-3.966921234E1,4.137596813E1
4.066781746E1,9.639784813E0,6.815125942E0,-3.947864532E1,4.120600478E1
4.067780546E1,9.595990181E0,6.851038456E0,-3.940042877E1,4.112679835E1
4.068779346E1,9.630475998E0,6.773276806E0,-3.943914032E1,4.115907112E1
4.069778146E1,9.592031479E0,6.750184536E0,-3.962873077E1,4.132805780E1
4.070776946E1,9.592031479E0,6.750184536E0,-3.962873077E1,4.132805780E1
4.071775746E1,9.825269699E0,6.690713406E0,-3.944139862E1,4.119375554E1
4.072774646E1,9.740311623E0,6.770218849E0,-3.976604462E1,4.149756424E1
4.073773446E1,9.615551949E0,6.882009029E0,-3.959870148E1,4.132648117E1
4.074772246E1,9.755889893E0,6.723024845E0,-3.986823273E1,4.159149470E1
4.075771046E1,9.794228554E0,6.787973404E0,-3.953797150E1,4.129472952E1
4.076769846E1,9.746796608E0,6.709807873E0,-3.957651520E1,4.130765209E1
4.077768646E1,9.702197075E0,6.841913700E0,-3.952320099E1,4.126775772E1
4.078767446E1,9.724762917E0,6.718490124E0,-3.982256317E1,4.153968778E1
4.079766246E1,9.668810844E0,6.695381165E0,-3.974726105E1,4.145067904E1
4.080765046E1,9.629526138E0,6.664941788E0,-3.973954010E1,4.142922000E1
4.081763846E1,9.557706833E0,6.744250774E0,-3.970503998E1,4.139232873E1
4.082762746E1,9.476944923E0,6.814962387E0,-3.992514801E1,4.159655804E1
4.083761546E1,9.482843399E0,6.787810326E0,-3.970374298E1,4.138098470E1
4.084760346E1,9.750795364E0,6.646525383E0,-3.947949982E1,4.120540275E1
4.085759146E1,9.749946594E0,6.602886677E0,-3.947898102E1,4.119768820E1
4.086757946E1,9.736409187E0,6.609340191E0,-3.963175201E1,4.134194975E1
4.087756746E1,9.823104858E0,6.669315815E0,-3.962763214E1,4.136813256E1
4.088755546E1,9.703098297E0,6.705870628E0,-3.981720734E1,4.152744656E1
4.089754346E1,9.754110336E0,6.604876518E0,-3.975142670E1,4.146013732E1
4.090753146E1,9.747964859E0,6.714962482E0,-3.972141266E1,4.144760745E1
4.091752046E1,9.760286331E0,6.723130226E0,-3.975731659E1,4.148623738E1
4.092750846E1,9.711418152E0,6.826143742E0,-3.979804230E1,4.153061583E1
4.093749646E1,9.632090569E0,6.802421570E0,-3.960832977E1,4.132638256E1
4.094748446E1,9.632534981E0,6.758566380E0,-3.983142853E1,4.153319935E1
4.095747246E1,9.657680511E0,6.747307777E0,-3.969768524E1,4.140897449E1
4.096746046E1,9.761192322E0,6.469576836E0,-3.971205902E1,4.140270440E1
4.097744846E1,9.735887527E0,6.596080303E0,-3.957044220E1,4.128093600E1
4.098743646E1,9.702127457E0,6.621113777E0,-3.954724884E1,4.125476113E1
4.099742446E1,9.666069031E0,6.638848782E0,-3.955443573E1,4.125603701E1
4.100741246E1,9.804143906E0,6.631190300E0,-3.965430450E1,4.138306161E1
4.101740146E1,9.695191383E0,6.562772274E0,-3.976027679E1,4.144811608E1
4.102738946E1,9.752460480E0,6.536706448E0,-3.955341339E1,4.125907812E1
4.103737746E1,9.618238449E0,6.697568893E0,-3.970621490E1,4.139989664E1
4.104736546E1,9.690682411E0,6.668533802E0,-3.964931488E1,4.135754876E1
4.105735346E1,9.738132477E0,6.752619267E0,-3.957242584E1,4.130866711E1
4.106734146E1,9.710178375E0,6.705498695E0,-3.958501434E1,4.130647210E1
4.107732946E1,9.730308533E0,6.677274704E0,-3.959976959E1,4.132077750E1
4.108731746E1,9.677179337E0,6.702852249E0,-3.964473724E1,4.135554642E1
4.109730546E1,9.708156586E0,6.624124527E0,-3.970011139E1,4.140321454E1
4.110729346E1,9.796320915E0,6.500843525E0,-3.958141327E1,4.129064236E1
4.111728246E1,9.635328293E0,6.600787163E0,-3.970024872E1,4.138260131E1
4.112727046E1,9.813515663E0,6.602378845E0,-3.968082428E1,4.140609027E1
4.113725846E1,9.703404427E0,6.548677444E0,-3.963976288E1,4.133221546E1
4.114724696E1,9.676748276E0,6.546471119E0,-3.962796783E1,4.131430232E1
4.115723496E1,9.612309456E0,6.558170319E0,-3.961151123E1,4.128532321E1
4.116722296E1,9.745983124E0,6.605348587E0,-3.949653625E1,4.121396842E1
4.117721096E1,9.549236298E0,6.722663403E0,-3.970068359E1,4.138268231E1
4.118719896E1,9.657307625E0,6.659347534E0,-3.979624939E1,4.148917890E1
4.119718696E1,9.689003944E0,6.580503464E0,-3.974371338E1,4.143359237E1
4.120717496E1,9.767276764E0,6.678761482E0,-3.988891602E1,4.160686447E1
4.121716396E1,9.689410210E0,6.616146088E0,-3.991343689E1,4.160216946E1
4.122715196E1,9.808130264E0,6.682607651E0,-3.984870911E1,4.157855555E1
4.123713996E1,9.632594109E0,6.730974197E0,-3.992236328E1,4.161595815E1
4.124712796E1,9.525970459E0,6.769519329E0,-3.984011841E1,4.151873721E1
4.125711596E1,9.330923080E0,6.756256104E0,-3.986953735E1,4.150051965E1
4.126710396E1,9.587652206E0,6.708871841E0,-3.971241760E1,4.140058149E1
4.127709196E1,9.473936081E0,6.682974339E0,-3.974896240E1,4.140528496E1
4.128707996E1,9.581121445E0,6.703013897E0,-3.978741455E1,4.147006921E1
4.129706796E1,9.397259712E0,6.829295158E0,-3.975552368E1,4.141798433E1
4.130705596E1,9.730669022E0,6.619287968E0,-3.968269348E1,4.139102626E1
4.131704496E1,9.651101112E0,6.641267776E0,-3.994158936E1,4.162428078E1
4.132703296E1,9.575883865E0,6.775120258E0,-3.997015381E1,4.165588796E1
4.133702096E1,9.468840599E0,6.842361927E0,-3.989221191E1,4.156760073E1
4.134700896E1,9.506381035E0,6.884957790E0,-3.990162659E1,4.159223159E1
4.135699696E1,9.556068420E0,6.846823692E0,-3.987986755E1,4.157645096E1
4.136698496E1,9.406568527E0,6.939606667E0,-3.992410278E1,4.160018816E1
4.137697296E1,9.509867668E0,6.840229034E0,-3.993406677E1,4.161677553E1
4.138696096E1,9.514215469E0,6.832532406E0,-3.987919617E1,4.156385548E1
4.139694896E1,9.460665703E0,6.803510666E0,-3.990747070E1,4.157400836E1
4.140693696E1,9.665917397E0,6.873965740E0,-3.969511414E1,4.142925839E1
4.141692596E1,9.489814758E0,6.715694427E0,-3.971177673E1,4.137852519E1
4.142691396E1,9.666069984E0,6.673650742E0,-3.977250671E1,4.147074648E1
4.143690196E1,9.578823090E0,6.836264133E0,-3.978233337E1,4.148641233E1
4.144688996E1,9.472110748E0,7.012336731E0,-3.978350830E1,4.149242438E1
4.145687796E1,9.565362930E0,6.966529846E0,-3.988827515E1,4.160652834E1
4.146686596E1,9.514367104E0,6.954278469E0,-3.980897522E1,4.151673974E1
4.147685396E1,9.478873253E0,6.885514259E0,-4.002177429E1,4.170134005E1
4.148684196E1,9.601651192E0,6.916004181E0,-3.997099304E1,4.168576621E1
4.149682996E1,9.392666817E0,6.922410965E0,-4.000949097E1,4.167614823E1
4.150681796E1,9.457542419E0,7.085987568E0,-3.985995483E1,4.157490021E1
4.151680696E1,9.424122810E0,6.926580429E0,-4.011796570E1,4.178806982E1
4.152679496E1,9.513990402E0,6.774038315E0,-3.994969177E1,4.162188704E1
4.153678296E1,9.450984955E0,6.802832603E0,-3.977873230E1,4.144812651E1
4.154677096E1,9.442451477E0,6.776325703E0,-3.989926147E1,4.155754500E1
4.155675896E1,9.442451477E0,6.776325703E0,-3.989926147E1,4.155754500E1
4.156674696E1,9.506305695E0,6.759150982E0,-3.981808472E1,4.149139478E1
4.157673496E1,9.609790802E0,6.728141785E0,-3.981733704E1,4.150947241E1
4.158672296E1,9.523632050E0,6.710441589E0,-3.990121460E1,4.156725298E1
4.159671096E1,9.586668015E0,6.747200966E0,-3.963627625E1,4.133356165E1
4.160669896E1,9.480351448E0,6.814939499E0,-3.984387207E1,4.151932810E1
4.161668796E1,9.501823425E0,6.879116058E0,-3.974070740E1,4.143586261E1
4.162667596E1,9.670801163E0,6.726687908E0,-3.983799744E1,4.154321563E1
4.163666396E1,9.725050926E0,6.665294170E0,-3.963385010E1,4.135027008E1
4.164665196E1,9.672287941E0,6.627582550E0,-3.993670654E1,4.162233215E1
4.165663996E1,9.738191605E0,6.691700459E0,-3.979103088E1,4.150828073E1
4.166662796E1,9.620290756E0,6.730875015E0,-3.988749695E1,4.157964749E1
4.167661596E1,9.669969559E0,6.677969456E0,-3.989024353E1,4.158527523E1
4.168660396E1,9.420279503E0,6.802953243E0,-3.984811401E1,4.150775866E1
4.169659196E1,9.583538055E0,6.817751408E0,-3.978761292E1,4.148951768E1
4.170658096E1,9.698948860E0,6.631839275E0,-3.997981262E1,4.167056897E1
4.171656896E1,9.728051186E0,6.704537392E0,-3.968527222E1,4.140660131E1
4.172655696E1,9.862239838E0,6.765442371E0,-3.971110535E1,4.147296557E1
4.173654496E1,9.714728355E0,6.785734653E0,-3.955924988E1,4.129596097E1
4.174653296E1,9.747694016E0,6.813276768E0,-3.967190552E1,4.141616069E1
4.175652096E1,9.712877274E0,6.782069206E0,-3.959626770E1,4.133038668E1
4.176650896E1,9.593524933E0,6.845625401E0,-3.962297058E1,4.133857890E1
4.177649696E1,9.656719208E0,7.009398937E0,-3.958261108E1,4.134207300E1
4.178648496E1,9.651945114E0,6.760700226E0,-3.954043579E1,4.125909808E1
4.179647296E1,9.565059662E0,6.764277935E0,-3.941905212E1,4.112307737E1
4.180646196E1,9.551934242E0,6.779989243E0,-3.946502686E1,4.116668613E1
4.181644996E1,9.569299698E0,6.727621078E0,-3.955455017E1,4.124796748E1
4.182643796E1,9.601553917E0,6.731786728E0,-3.949949646E1,4.120336164E1
4.183642596E1,9.515677452E0,6.862588882E0,-3.963943481E1,4.133918282E1
4.184641396E1,9.445737839E0,6.821625233E0,-3.944807434E1,4.113279839E1
4.185640196E1,9.664969444E0,6.894849300E0,-3.942424011E1,4.117306510E1
4.186638996E1,9.533747673E0,6.906465530E0,-3.970414734E1,4.141269041E1
4.187637796E1,9.547007561E0,6.954243660E0,-3.947401428E1,4.120321179E1
4.188636596E1,9.463497162E0,6.870263577E0,-3.949925232E1,4.119404367E1
4.189635396E1,9.486842155E0,6.892798424E0,-3.934825134E1,4.105844283E1
4.190634196E1,9.697190285E0,6.681623936E0,-3.948243713E1,4.120124318E1
4.191633096E1,9.621000290E0,6.739545345E0,-3.958811951E1,4.129411973E1
4.192631896E1,9.624772072E0,6.808907032E0,-3.962667847E1,4.134333197E1
4.193630696E1,9.545208931E0,6.776993752E0,-3.969734192E1,4.138740887E1
4.194629496E1,9.609193802E0,6.878380775E0,-3.946716309E1,4.119836999E1
4.195628296E1,9.667498589E0,6.839230061E0,-3.950100708E1,4.123790922E1
4.196627096E1,9.716160774E0,6.689085960E0,-3.955209351E1,4.127366899E1
4.197625896E1,9.804640770E0,6.664505959E0,-3.943658447E1,4.117998076E1
4.198624696E1,9.730618477E0,6.682999134E0,-3.942837524E1,4.115755323E1
4.199623496E1,9.662361145E0,6.647720337E0,-3.956608582E1,4.126776654E1
4.200622296E1,9.552616119E0,6.827945232E0,-3.948583984E1,4.119471882E1
4.201621196E1,9.399242401E0,7.044398308E0,-3.953262329E1,4.124072756E1
4.202619996E1,9.552689552E0,6.924153328E0,-3.944458008E1,4.117126030E1
4.203618796E1,9.497398376E0,6.884319305E0,-3.952803040E1,4.123177919E1
4.204617596E1,9.533938408E0,6.800369263E0,-3.964454651E1,4.133801001E1
4.205616396E1,9.553867340E0,6.709069729E0,-3.960314941E1,4.128798180E1
4.206615196E1,9.567584991E0,6.915835857E0,-3.962745667E1,4.134855245E1
4.207613996E1,9.600274086E0,6.835231781E0,-3.962141418E1,4.133693407E1
4.208612796E1,9.665041924E0,6.714603901E0,-3.969898987E1,4.140662673E1
4.209611596E1,9.630511284E0,6.738563538E0,-3.973507690E1,4.143707667E1
4.210610396E1,9.629154205E0,6.857577324E0,-3.961140442E1,4.133775922E1
4.211609296E1,9.490582466E0,7.005172253E0,-3.987123108E1,4.157954619E1
4.212608096E1,9.757828712E0,6.876846313E0,-3.965420532E1,4.141210253E1
4.213606896E1,9.802593231E0,6.678220749E0,-3.967233276E1,4.140752895E1
4.214605708E1,9.771003723E0,6.838394642E0,-3.974740601E1,4.149810163E1
4.215604508E1,9.720095634E0,6.808934212E0,-3.973298645E1,4.146748192E1
4.216603308E1,9.715060234E0,6.696869373E0,-3.943817139E1,4.116551733E1
4.217602108E1,9.684165001E0,6.633754730E0,-3.951597595E1,4.122259222E1
4.218600908E1,9.906953812E0,6.723434448E0,-3.952468872E1,4.129834528E1
4.219599708E1,9.698324203E0,6.838851452E0,-3.945368958E1,4.119976945E1
4.220598508E1,9.794631004E0,6.815690041E0,-3.947241211E1,4.123663111E1
4.221597408E1,9.541270256E0,6.900475979E0,-3.963200378E1,4.134426358E1
4.222596208E1,9.861405373E0,6.753705978E0,-3.969775391E1,4.145806949E1
4.223595008E1,9.893747330E0,6.688999176E0,-3.951794434E1,4.128313058E1
4.224593808E1,9.708046913E0,6.637376785E0,-3.957968140E1,4.128985499E1
4.225592608E1,9.699502945E0,6.745915413E0,-3.949160767E1,4.122104812E1
4.226591408E1,9.826240540E0,6.654187202E0,-3.944967651E1,4.119599723E1
4.227590208E1,9.756251335E0,6.657597065E0,-3.957142639E1,4.129655949E1
4.228589008E1,9.822589874E0,6.690780640E0,-3.945965576E1,4.121060847E1
4.229587808E1,9.681005478E0,6.689309120E0,-3.939584351E1,4.111570514E1
4.230586608E1,9.774691582E0,6.712053776E0,-3.934703064E1,4.109483035E1
4.231585508E1,9.570056915E0,6.702480793E0,-3.929603577E1,4.099619086E1
4.232584308E1,9.873167992E0,6.545207500E0,-3.934042358E1,4.108513253E1
4.233583108E1,9.924745560E0,6.527845383E0,-3.948971558E1,4.123773728E1
4.234581908E1,9.904438972E0,6.644988537E0,-3.946386719E1,4.122681891E1
4.235580708E1,9.815534592E0,6.569921494E0,-3.963383484E1,4.135637136E1
4.236579508E1,9.742910385E0,6.600200176E0,-3.940948486E1,4.112899758E1
4.237578308E1,9.731925964E0,6.666663170E0,-3.957825470E1,4.129882596E1
4.238577108E1,9.762982368E0,6.616936207E0,-3.947525787E1,4.119946181E1
4.239575908E1,9.725154877E0,6.545790672E0,-3.948236847E1,4.118596160E1
4.240574708E1,9.725154877E0,6.545790672E0,-3.948236847E1,4.118596160E1
4.241573508E1,9.896981239E0,6.577022076E0,-3.941887665E1,4.117104921E1
4.242572408E1,9.761338234E0,6.699284077E0,-3.950197601E1,4.123797085E1
4.243571208E1,9.779911041E0,6.745259285E0,-3.948686981E1,4.123539827E1
4.244570008E1,9.881891251E0,6.619918346E0,-3.955806732E1,4.130757538E1
4.245568808E1,9.902783394E0,6.634851933E0,-3.942244720E1,4.118513959E1
4.246567608E1,9.915693283E0,6.668477058E0,-3.951624298E1,4.128344727E1
4.247566408E1,9.824213028E0,6.624383926E0,-3.954381561E1,4.128087908E1
4.248565208E1,9.798428535E0,6.484095573E0,-3.977683258E1,4.147588585E1
4.249564008E1,9.907322884E0,6.433710575E0,-3.973125458E1,4.145021434E1
4.250562808E1,9.754784584E0,6.536783218E0,-3.979978180E1,4.149587917E1
4.251561608E1,9.923217773E0,6.573879719E0,-3.974997711E1,4.149393722E1
4.252560508E1,9.779601097E0,6.557562828E0,-3.992597198E1,4.162601911E1
4.253559308E1,9.785370827E0,6.689434052E0,-3.969649506E1,4.142841694E1
4.254558108E1,9.822445869E0,6.538545132E0,-3.988407135E1,4.159293405E1
4.255556908E1,9.771780968E0,6.717926502E0,-3.964234161E1,4.137793480E1
4.256555708E1,9.796233177E0,6.743502140E0,-3.972788239E1,4.146981606E1
4.257554508E1,9.877563477E0,6.848479748E0,-3.983156586E1,4.160554739E1
4.258553308E1,9.774205208E0,6.716320038E0,-3.986695099E1,4.159348294E1
4.259552108E1,9.894938469E0,6.783347130E0,-3.944277191E1,4.122688275E1
4.260550908E1,9.780634880E0,6.722442150E0,-3.968523407E1,4.142185233E1
4.261549708E1,9.858594894E0,6.710129261E0,-3.947672272E1,4.123868772E1
4.262548508E1,9.813769341E0,6.653529644E0,-3.953588104E1,4.127548201E1
4.263547408E1,9.792148590E0,6.696017742E0,-3.943569183E1,4.118126538E1
4.264546208E1,9.846502304E0,6.733162403E0,-3.973691559E1,4.148869176E1
4.265545008E1,9.736055374E0,6.779429436E0,-3.968051910E1,4.141612046E1
4.266543808E1,9.666786194E0,6.714438915E0,-3.974443817E1,4.145058276E1
4.267542608E1,9.717457771E0,6.685244560E0,-3.962950897E1,4.134754481E1
4.268541408E1,9.744116783E0,6.763586521E0,-3.948285675E1,4.122608266E1
4.269540208E1,9.782094002E0,6.697966099E0,-3.956423187E1,4.130230692E1
4.270539008E1,9.802411079E0,6.677248478E0,-3.958930206E1,4.132778421E1
4.271537808E1,9.706936836E0,6.773864269E0,-3.960892487E1,4.133977248E1
4.272536608E1,9.721692085E0,6.758090973E0,-3.981438446E1,4.153755290E1
4.273535508E1,9.658866882E0,6.689819813E0,-3.992617035E1,4.161906387E1
4.274534308E1,9.830051422E0,6.574055195E0,-3.977057648E1,4.149152764E1
4.275533108E1,9.653302193E0,6.619386196E0,-3.960549164E1,4.129887995E1
4.276531908E1,9.751739502E0,6.489266396E0,-3.974272919E1,4.143297630E1
4.277530708E1,9.697205544E0,6.509750366E0,-3.972622681E1,4.140755657E1
4.278529508E1,9.701233864E0,6.461274624E0,-3.975833130E1,4.143171389E1
4.279528308E1,9.774120331E0,6.594712734E0,-3.968661499E1,4.140109991E1
4.280527108E1,9.761167526E0,6.639676571E0,-3.969230652E1,4.141068574E1
4.281525908E1,9.639707565E0,6.563901424E0,-3.958650208E1,4.126863107E1
4.282524708E1,9.761238098E0,6.709535599E0,-3.965731812E1,4.138843458E1
4.283523608E1,9.666079521E0,6.666538239E0,-3.962236023E1,4.132562468E1
4.284522408E1,9.776963234E0,6.546974659E0,-3.953309631E1,4.124703130E1
4.285521208E1,9.862239838E0,6.680953979E0,-3.989996338E1,4.164019691E1
4.286520008E1,9.800262451E0,6.635545731E0,-3.988409424E1,4.160308383E1
4.287518808E1,9.756534576E0,6.603868008E0,-3.982539368E1,4.153147025E1
4.288517608E1,9.713491440E0,6.674986839E0,-3.975947571E1,4.146954634E1
4.289516408E1,9.742689133E0,6.603751659E0,-3.990228271E1,4.160194338E1
4.290515208E1,9.842802048E0,6.725832939E0,-3.974923706E1,4.149842681E1
4.291514008E1,9.763314247E0,6.661570549E0,-3.981507874E1,4.153238883E1
4.292512808E1,9.790075302E0,6.682632923E0,-3.969064331E1,4.142282370E1
4.293511608E1,9.608812332E0,6.852956772E0,-3.966755676E1,4.138607677E1
4.294510508E1,9.713333130E0,6.643749714E0,-3.986994934E1,4.157043554E1
4.295509308E1,9.742382050E0,6.719718456E0,-3.989750671E1,4.161585835E1
4.296508108E1,9.688253403E0,6.741863728E0,-3.985627747E1,4.156726878E1
4.297506908E1,9.818947792E0,6.685345173E0,-3.995516968E1,4.168358382E1
4.298505708E1,9.736756325E0,6.680754185E0,-3.977070618E1,4.148669630E1
4.299504508E1,9.823965073E0,6.668498516E0,-3.992692566E1,4.165499436E1
4.300503308E1,9.766413689E0,6.888810158E0,-3.981892395E1,4.157385292E1
4.301502108E1,9.560564995E0,6.732636452E0,-3.976045227E1,4.144425607E1
4.302500908E1,9.705823898E0,6.595609188E0,-3.973884583E1,4.143526210E1
4.303499708E1,9.718489647E0,6.696542263E0,-3.981587219E1,4.152826023E1
4.304498608E1,9.809389114E0,6.559465885E0,-3.966731262E1,4.138534038E1
4.305497408E1,9.774130821E0,6.663724899E0,-3.969187927E1,4.141719622E1
4.306496208E1,9.761748314E0,6.749255180E0,-3.972779846E1,4.146253907E1
4.307495008E1,9.684760094E0,6.689337254E0,-3.978649902E1,4.149105103E1
4.308493808E1,9.701622009E0,6.666684151E0,-3.973297119E1,4.144001866E1
4.309492608E1,9.626450539E0,6.732173443E0,-3.993392944E1,4.162582648E1
4.310491408E1,9.719182968E0,6.830531597E0,-3.983518982E1,4.156875061E1
4.311490208E1,9.520105362E0,6.816673279E0,-3.987139893E1,4.155511873E1
4.312489008E1,9.795554161E0,6.705610752E0,-3.965797424E1,4.139653389E1
4.313487808E1,9.714630127E0,6.710176945E0,-3.965144348E1,4.137194077E1
4.314486500E1,9.676939011E0,6.867520332E0,-3.966133118E1,4.139839580E1
4.315485400E1,9.730669975E0,6.718204498E0,-3.964453125E1,4.137038878E1
4.316484200E1,9.671810150E0,6.680139542E0,-3.972302246E1,4.142567669E1
4.317483000E1,9.709856033E0,6.557417393E0,-3.986607361E1,4.155219431E1
4.318481800E1,9.772999763E0,6.703082085E0,-3.965518188E1,4.138811767E1
4.319480600E1,9.687573433E0,6.716155529E0,-3.974928284E1,4.146035830E1
4.320479400E1,9.758425713E0,6.759184837E0,-3.974240112E1,4.147736611E1
4.321478200E1,9.722155571E0,6.744959831E0,-3.970346069E1,4.142921171E1
4.322477000E1,9.725280762E0,6.600051403E0,-3.969490051E1,4.139839237E1
4.323475800E1,9.696511269E0,6.678197384E0,-3.963952637E1,4.135109070E1
4.324474600E1,9.696511269E0,6.678197384E0,-3.963952637E1,4.135109070E1
4.325473500E1,9.780694962E0,6.636274338E0,-3.960671997E1,4.133272793E1
4.326472300E1,9.804054260E0,6.545910835E0,-3.966796875E1,4.138255881E1
4.327471100E1,9.863492012E0,6.543749332E0,-3.969598389E1,4.142318514E1
4.328469900E1,9.687020302E0,6.559890270E0,-3.979100037E1,4.147522433E1
4.329468700E1,9.781027794E0,6.614544868E0,-3.973870850E1,4.145582783E1
4.330467500E1,9.761805534E0,6.532500267E0,-3.981188965E1,4.150846859E1
4.331466300E1,9.893952370E0,6.592111111E0,-3.969827271E1,4.144030741E1
4.332465100E1,9.657636642E0,6.617820740E0,-3.976148987E1,4.144926505E1
4.333463900E1,9.693436623E0,6.656171799E0,-3.959896851E1,4.130793681E1
4.334462700E1,9.634757042E0,6.636467934E0,-3.984446716E1,4.152653144E1
4.335461500E1,9.762856483E0,6.631973267E0,-3.958769226E1,4.130958502E1
4.336460400E1,9.665288925E0,6.685721397E0,-3.973240662E1,4.143405382E1
4.337459200E1,9.720907211E0,6.628263474E0,-3.970040894E1,4.140715377E1
4.338458000E1,9.748416901E0,6.541775227E0,-3.957991028E1,4.128432817E1
4.339456800E1,9.781735420E0,6.670082092E0,-3.956486511E1,4.129831588E1
4.340455600E1,9.705123901E0,6.614413738E0,-3.981285095E1,4.150907130E1
4.341454400E1,9.730400085E0,6.693812370E0,-3.969219971E1,4.141205775E1
4.342453200E1,9.598884583E0,6.630042553E0,-3.969789124E1,4.137654671E1
4.343452000E1,9.736863136E0,6.662477493E0,-3.954785156E1,4.127017898E1
4.344450800E1,9.659527779E0,6.618777275E0,-3.971411133E1,4.140441194E1
4.345449600E1,9.805722237E0,6.551967144E0,-3.960848999E1,4.132690336E1
4.346448400E1,9.792117119E0,6.668889523E0,-3.964744568E1,4.137970026E1
4.347447300E1,9.842945099E0,6.631332874E0,-3.944985962E1,4.119647519E1
4.348446100E1,9.574097633E0,6.669525623E0,-3.965219116E1,4.133330596E1
4.349444900E1,9.663591385E0,6.743752003E0,-3.962464905E1,4.133976296E1
4.350443700E1,9.736732483E0,6.667703152E0,-3.965902710E1,4.137753805E1
4.351442500E1,9.710981369E0,6.606510639E0,-3.973417664E1,4.143372944E1
4.352441300E1,9.708466530E0,6.558136940E0,-3.968643188E1,4.137966117E1
4.353440100E1,9.713350296E0,6.675415516E0,-3.951242065E1,4.123277498E1
4.354438900E1,9.710046768E0,6.672050953E0,-3.967929077E1,4.139139268E1
4.355437700E1,9.666458130E0,6.808984280E0,-3.959213257E1,4.131996661E1
4.356436500E1,9.755385399E0,6.759646416E0,-3.967245483E1,4.140970945E1
4.357435300E1,9.890607834E0,6.594767094E0,-3.954127502E1,4.128955687E1
4.358434200E1,9.813611031E0,6.607365131E0,-3.976286316E1,4.148553389E1
4.359433000E1,9.843025208E0,6.702328682E0,-3.962722778E1,4.137781455E1
4.360431800E1,9.784797668E0,6.619235516E0,-3.982630920E1,4.154144255E1
4.361430600E1,9.888290405E0,6.487867355E0,-3.974597168E1,4.146821644E1
4.362429400E1,1.005167389E1,6.477080822E0,-3.974690247E1,4.150668596E1
4.363428200E1,9.831933975E0,6.559024811E0,-3.951905823E1,4.124855992E1
4.364427000E1,9.774906158E0,6.522581577E0,-3.976615906E1,4.146613398E1
4.365425800E1,9.785888672E0,6.626008987E0,-3.964709473E1,4.137100111E1
4.366424600E1,9.845963478E0,6.495820999E0,-3.987921143E1,4.158713973E1
4.367423400E1,9.797238350E0,6.527156830E0,-3.966723633E1,4.137727992E1
4.368422300E1,9.849706650E0,6.484737396E0,-3.980310059E1,4.151331541E1
4.369421100E1,9.818836212E0,6.460831165E0,-3.980331421E1,4.150247831E1
4.370419900E1,9.895544052E0,6.534227371E0,-3.986488342E1,4.159118716E1
4.371418700E1,9.862773895E0,6.529027462E0,-3.975845337E1,4.148056319E1
4.372417500E1,9.885507584E0,6.457542896E0,-3.965003967E1,4.137086857E1
4.373416300E1,9.754338264E0,6.576813221E0,-3.983009338E1,4.153116813E1
4.374415100E1,9.729734421E0,6.552129269E0,-3.985414124E1,4.154456286E1
4.375413900E1,9.814109802E0,6.652866364E0,-3.987135315E1,4.159690113E1
4.376412700E1,9.837533951E0,6.595911980E0,-3.988331604E1,4.160483178E1
4.377411500E1,9.905254364E0,6.570511341E0,-3.982684326E1,4.156276131E1
4.378410300E1,9.789343834E0,6.555040359E0,-3.994100952E1,4.164233481E1
4.379409200E1,9.720037460E0,6.715654373E0,-3.995832825E1,4.166829896E1
4.380408000E1,9.879290581E0,6.754915237E0,-3.992593384E1,4.168104431E1
4.381406800E1,9.816994667E0,6.654964447E0,-3.995610046E1,4.167915427E1
4.382405600E1,9.866048813E0,6.584992886E0,-3.988569641E1,4.161213559E1
4.383404400E1,9.659572601E0,6.733294010E0,-3.969441223E1,4.140399683E1
4.384403200E1,9.776707649E0,6.712440014E0,-3.985113525E1,4.157828573E1
4.385402000E1,9.714061737E0,6.791234493E0,-3.981542969E1,4.154217499E1
4.386400800E1,9.732942581E0,6.640052319E0,-3.986734009E1,4.157192889E1
4.387399600E1,9.740990639E0,6.697604656E0,-3.975981140E1,4.147996395E1
4.388398400E1,9.759021759E0,6.690984249E0,-3.981410217E1,4.153517194E1
4.389397200E1,9.624232292E0,6.783949375E0,-3.961775208E1,4.133054676E1
4.390396100E1,9.572771072E0,6.931946754E0,-3.971527100E1,4.143660920E1
4.391394900E1,9.746359825E0,6.837159634E0,-3.990393066E1,4.164206964E1
4.392393700E1,9.944134712E0,6.695106030E0,-3.972662354E1,4.149596218E1
4.393392500E1,9.765729904E0,6.654993057E0,-3.969415283E1,4.141598945E1
4.394391300E1,9.855355263E0,6.800515652E0,-3.992970276E1,4.168640309E1
4.395390100E1,9.760482788E0,6.698038101E0,-4.000918579E1,4.172368256E1
4.396388900E1,9.765420914E0,6.716891289E0,-4.004049683E1,4.175789099E1
4.397387700E1,9.834919930E0,6.768857479E0,-4.002906799E1,4.177163351E1
4.398386500E1,9.815926552E0,6.646368027E0,-3.994885254E1,4.167058244E1
4.399385300E1,9.837781906E0,6.581484795E0,-3.975292969E1,4.147762425E1
4.400384100E1,9.821492195E0,6.788183212E0,-3.980084229E1,4.155295642E1
4.401383000E1,9.759045601E0,6.713050365E0,-4.011494446E1,4.182717759E1
4.402381800E1,9.885963440E0,6.640187263E0,-3.986631775E1,4.160706251E1
4.403380600E1,9.683440208E0,6.736720085E0,-3.981074524E1,4.152165517E1
4.404379400E1,9.882490158E0,6.707835197E0,-3.983346558E1,4.158561824E1
4.405378200E1,9.941007614E0,6.648505211E0,-3.990328979E1,4.165691768E1
4.406377000E1,1.005939960E1,6.644838810E0,-3.976635742E1,4.155368318E1
4.407375800E1,9.942564011E0,6.717630863E0,-3.982966614E1,4.159787793E1
4.408374600E1,1.008169651E1,6.563790798E0,-3.957313538E1,4.136129831E1
4.409373400E1,1.008169651E1,6.563790798E0,-3.957313538E1,4.136129831E1
4.410372200E1,9.991209030E0,6.565427780E0,-3.993763733E1,4.168865523E1
4.411371000E1,1.021139240E1,6.556102276E0,-3.983045959E1,4.163796973E1
4.412369900E1,9.904574394E0,6.580464840E0,-3.985890198E1,4.159489366E1
4.413368700E1,9.937392235E0,6.624927998E0,-3.978187561E1,4.153599719E1
4.414367533E1,9.882710457E0,6.633074284E0,-3.980278015E1,4.154427696E1
4.415366333E1,1.001820278E1,6.681731224E0,-3.955529785E1,4.134769047E1
4.416365133E1,9.873212814E0,6.642975330E0,-3.976867676E1,4.151092752E1
4.417363933E1,9.813565254E0,6.682475090E0,-3.981886292E1,4.155121394E1
4.418362733E1,9.827012062E0,6.812723160E0,-3.988700867E1,4.164080719E1
4.419361533E1,9.940621376E0,6.817481995E0,-3.979669189E1,4.158209590E1
4.420360333E1,9.880147934E0,6.732490540E0,-3.993634033E1,4.168758845E1
4.421359133E1,1.002937222E1,6.723561764E0,-3.971946716E1,4.151422240E1
4.422357933E1,9.793354034E0,6.683731556E0,-3.982537842E1,4.155289180E1
4.423356733E1,9.976495743E0,6.740882397E0,-3.984211731E1,4.162168034E1
4.424355633E1,9.989060402E0,6.748611927E0,-3.981233215E1,4.159743841E1
4.425354433E1,9.943820000E0,6.760854721E0,-3.981614685E1,4.159223801E1
4.426353233E1,9.854063034E0,6.811496258E0,-3.994380188E1,4.170139504E1
4.427352033E1,9.893488884E0,6.868459702E0,-3.975508118E1,4.153941911E1
4.428350833E1,9.799839973E0,6.867970467E0,-3.989164734E1,4.164792203E1
4.429349633E1,9.826948166E0,6.840857983E0,-3.973811340E1,4.150281804E1
4.430348433E1,9.758327484E0,6.875833988E0,-3.990658569E1,4.165378290E1
4.431347233E1,9.738251686E0,6.770482540E0,-3.974470520E1,4.147667503E1
4.432346033E1,9.788831711E0,6.712422848E0,-3.986125183E1,4.159083125E1
4.433344833E1,9.895980835E0,6.671828747E0,-3.983149719E1,4.158114842E1
4.434343733E1,9.900671005E0,6.860398293E0,-3.999151611E1,4.176613116E1
4.435342533E1,9.892835617E0,6.864737511E0,-3.988076782E1,4.165895414E1
4.436341333E1,9.847029686E0,6.724468231E0,-3.979898071E1,4.154685707E1
4.437340133E1,9.861042023E0,6.829347134E0,-3.981330872E1,4.158100147E1
4.438338933E1,9.834847450E0,6.771224499E0,-3.980479431E1,4.155713363E1
4.439337733E1,9.849331856E0,6.815765381E0,-3.991036987E1,4.166895270E1
4.440336533E1,9.876792908E0,6.834130287E0,-3.978825378E1,4.156153888E1
4.441335333E1,9.848455429E0,6.929774284E0,-3.988722229E1,4.166538549E1
4.442334133E1,9.776432991E0,6.829878807E0,-3.976362610E1,4.151351403E1
4.443332933E1,9.786292076E0,6.810333252E0,-3.962457275E1,4.137945043E1
4.444331733E1,9.832522392E0,6.789465904E0,-3.980580139E1,4.156052416E1
4.445330533E1,9.612001419E0,6.860255241E0,-3.969789124E1,4.141710084E1
4.446329433E1,9.618762970E0,6.789134026E0,-3.969775391E1,4.140681836E1
4.447328233E1,9.736734390E0,6.849452496E0,-3.953123474E1,4.128483397E1
4.448327033E1,9.611570358E0,6.911833763E0,-3.975784302E1,4.148303041E1
4.449325833E1,9.787990570E0,6.894383907E0,-3.962583923E1,4.139498066E1
4.450324633E1,9.824894905E0,6.802493572E0,-3.988343811E1,4.163521483E1
4.451323433E1,9.687715530E0,6.822668076E0,-3.985374451E1,4.157789777E1
4.452322233E1,9.787818909E0,6.835985661E0,-3.990205383E1,4.164980191E1
4.453321033E1,9.861818314E0,6.758222580E0,-3.997663879E1,4.172601925E1
4.454319833E1,9.921882629E0,6.699456215E0,-3.993228149E1,4.168829061E1
4.455318633E1,9.727676392E0,6.773988724E0,-3.990242004E1,4.162592625E1
4.456317433E1,9.725716591E0,6.707207203E0,-3.985932922E1,4.157333662E1
4.457316333E1,9.853967667E0,6.707631111E0,-3.981605530E1,4.156213726E1
4.458315133E1,9.830452919E0,6.722652435E0,-4.011157227E1,4.184220465E1
4.459313933E1,9.911263466E0,6.664880753E0,-3.974890137E1,4.150456528E1
4.460312733E1,9.807953835E0,6.702221870E0,-3.980570984E1,4.154046548E1
4.461311533E1,9.840237617E0,6.751688480E0,-3.999972534E1,4.174198847E1
4.462310333E1,9.946894646E0,6.859491825E0,-3.999736023E1,4.178255816E1
4.463309133E1,9.912452698E0,6.878231525E0,-3.998229980E1,4.176303491E1
4.464307933E1,1.002452755E1,6.625259876E0,-4.002839661E1,4.179303478E1
4.465306733E1,9.858551025E0,6.859531879E0,-4.003811646E1,4.180065759E1
4.466305533E1,9.832969666E0,6.892717361E0,-4.007412720E1,4.183458516E1
4.467304333E1,9.864134789E0,6.725596428E0,-3.994204712E1,4.168815096E1
4.468303133E1,9.975658417E0,6.696218014E0,-3.999768066E1,4.176323210E1
4.469302033E1,9.913008690E0,6.675969124E0,-3.991407776E1,4.166497220E1
4.470300833E1,9.893442154E0,6.709885597E0,-3.998402405E1,4.173278018E1
4.471299633E1,9.843914986E0,6.737724781E0,-3.993392944E1,4.167755173E1
4.472298433E1,9.844129562E0,6.865200043E0,-3.980752563E1,4.157736110E1
4.473297233E1,9.565177917E0,6.969421864E0,-3.991488647E1,4.163248289E1
4.474296033E1,9.656075478E0,6.820979118E0,-3.989503479E1,4.160984680E1
4.475294833E1,9.601735115E0,6.900520325E0,-3.980380249E1,4.152292368E1
4.476293633E1,9.650990486E0,6.825307846E0,-3.987078857E1,4.158613021E1
4.477292433E1,9.638046265E0,6.936923981E0,-3.984642029E1,4.157824022E1
4.478291233E1,9.817935944E0,6.849826813E0,-3.956573486E1,4.133714273E1
4.479290133E1,9.784895897E0,6.684101582E0,-3.967425537E1,4.140613410E1
4.480288933E1,9.863381386E0,6.913780689E0,-3.968263245E1,4.147044699E1
4.481287733E1,9.888476372E0,6.768305779E0,-3.979763794E1,4.156253016E1
4.482286533E1,9.916490555E0,6.776831627E0,-3.975813293E1,4.153277460E1
4.483285333E1,9.674956322E0,6.857002258E0,-3.983079529E1,4.155857930E1
4.484284133E1,9.753284454E0,6.698286533E0,-3.981527710E1,4.153612754E1
4.485282933E1,9.769432068E0,6.829429626E0,-3.970779419E1,4.145831438E1
4.486281733E1,9.742600441E0,6.760563374E0,-3.983238220E1,4.156010289E1
4.487280533E1,9.778125763E0,6.752359867E0,-3.970756531E1,4.144751922E1
4.488279333E1,9.759811401E0,6.714274883E0,-3.958445740E1,4.131905944E1
4.489278133E1,9.668613434E0,6.765809536E0,-3.977131653E1,4.148512845E1
4.490276933E1,9.788440704E0,6.936815739E0,-3.991017151E1,4.167438990E1
4.491275833E1,9.832041740E0,6.847169399E0,-3.982841492E1,4.159153049E1
4.492274633E1,9.894927025E0,6.763451099E0,-3.980374146E1,4.156911937E1
4.493273433E1,9.878767014E0,6.740933895E0,-3.983871460E1,4.159511280E1
4.494272233E1,9.914011002E0,6.729132652E0,-3.970039368E1,4.146914634E1
4.495271033E1,9.914011002E0,6.729132652E0,-3.970039368E1,4.146914634E1
4.496269833E1,9.863948822E0,6.831004143E0,-3.974107361E1,4.151280568E1
4.497268633E1,9.840978622E0,6.917459488E0,-3.965202332E1,4.143644602E1
4.498267433E1,9.742572784E0,6.986187935E0,-3.983865356E1,4.160339967E1
4.499266233E1,9.712086678E0,6.952511311E0,-3.981469727E1,4.156768167E1
4.500265033E1,9.633034706E0,6.851297855E0,-3.986419678E1,4.157992093E1
4.501263833E1,9.794874191E0,6.867891312E0,-3.970210266E1,4.146521973E1
4.502262733E1,9.711766243E0,6.866282463E0,-3.972463989E1,4.146698992E1
4.503261533E1,9.874394417E0,6.853118420E0,-3.964967346E1,4.143145548E1
4.504260333E1,9.786075592E0,6.885831356E0,-3.958590698E1,4.135487856E1
4.505259133E1,9.795891762E0,6.779049873E0,-3.966618347E1,4.141643543E1
4.506257933E1,9.883066177E0,6.915782928E0,-3.971179199E1,4.150336702E1
4.507256733E1,9.882366180E0,6.907094002E0,-3.988832092E1,4.167070020E1
4.508255533E1,9.896532059E0,6.832389832E0,-3.986840820E1,4.164268087E1
4.509254333E1,9.934927940E0,6.859944344E0,-3.957101440E1,4.137181179E1
4.510253133E1,9.789003372E0,6.812159061E0,-3.978823853E1,4.153714028E1
4.511251933E1,1.000820065E1,6.794912815E0,-3.950872803E1,4.131917848E1
4.512250733E1,9.789368629E0,6.869407177E0,-3.966955566E1,4.143300785E1
4.513249533E1,9.826782227E0,7.021677494E0,-3.961282349E1,4.141310648E1
4.514248483E1,9.876543045E0,6.932276726E0,-3.956639099E1,4.136546699E1
4.515247283E1,9.779700279E0,7.057353020E0,-3.955584717E1,4.135352239E1
4.516246083E1,9.708965302E0,7.024550915E0,-3.968800354E1,4.145776101E1
4.517244883E1,9.817904472E0,7.003153324E0,-3.959706116E1,4.139278508E1
4.518243683E1,9.762050629E0,6.923380375E0,-3.964193726E1,4.140910549E1
4.519242483E1,9.860641479E0,6.934101105E0,-3.935176086E1,4.115671381E1
4.520241283E1,9.781173706E0,6.755458355E0,-3.961745453E1,4.136242594E1
4.521240083E1,9.997625351E0,6.678753853E0,-3.956671906E1,4.135315614E1
4.522238883E1,9.928532600E0,6.725726604E0,-3.954586029E1,4.132416029E1
4.523237683E1,9.900888443E0,6.729904175E0,-3.953629303E1,4.130905069E1
4.524236483E1,9.940723419E0,6.635338306E0,-3.962577057E1,4.138897667E1
4.525235283E1,1.003042698E1,6.680458546E0,-3.939371490E1,4.119590715E1
4.526234183E1,9.856162071E0,6.757464409E0,-3.937985992E1,4.115313626E1
4.527232983E1,9.890803337E0,6.692718983E0,-3.957619476E1,4.133879135E1
4.528231783E1,9.785924911E0,6.588230133E0,-3.958304596E1,4.130359101E1
4.529230583E1,9.974067688E0,6.673087597E0,-3.952141571E1,4.130320114E1
4.530229383E1,9.857172012E0,6.639165878E0,-3.976441193E1,4.150241944E1
4.531228183E1,9.716423988E0,6.692627430E0,-3.969812775E1,4.141426691E1
4.532226983E1,9.703109741E0,6.765414238E0,-3.966440582E1,4.139065423E1
4.533225783E1,9.727331161E0,6.877344131E0,-3.940692902E1,4.116825097E1
4.534224583E1,9.720787048E0,6.755383015E0,-3.958493805E1,4.131702096E1
4.535223383E1,9.657718658E0,6.741663456E0,-3.940680695E1,4.112928384E1
4.536222183E1,9.769123077E0,6.756719589E0,-3.951242828E1,4.125919309E1
4.537221083E1,9.684006691E0,6.960931301E0,-3.950405121E1,4.126505316E1
4.538219883E1,9.612570763E0,6.946285725E0,-3.960169220E1,4.133940526E1
4.539218683E1,9.666653633E0,7.127765656E0,-3.954857635E1,4.133205932E1
4.540217483E1,9.572809219E0,6.969054699E0,-3.944170380E1,4.118075276E1
4.541216283E1,9.687921524E0,6.821513653E0,-3.939421844E1,4.113749286E1
4.542215083E1,9.748344421E0,6.687947750E0,-3.955268097E1,4.128163558E1
4.543213883E1,9.730445862E0,6.727284431E0,-3.953342438E1,4.126535563E1
4.544212683E1,9.744553566E0,6.828438759E0,-3.939446259E1,4.115224881E1
4.545211483E1,9.815843582E0,6.867642403E0,-3.947309113E1,4.125094205E1
4.546210283E1,9.733774185E0,6.795183182E0,-3.946953583E1,4.121607857E1
4.547209083E1,9.801881790E0,6.744520187E0,-3.934751129E1,4.110708070E1
4.548207883E1,9.791301727E0,6.707602978E0,-3.956397247E1,4.130580401E1
4.549206783E1,9.806793213E0,6.728097439E0,-3.953365326E1,4.128377682E1
4.550205583E1,9.865530968E0,6.765018940E0,-3.965648651E1,4.142138463E1
4.551204383E1,9.787792206E0,6.758192539E0,-3.954221344E1,4.129238049E1
4.552203183E1,9.747895241E0,6.840084553E0,-3.959732819E1,4.134920335E1
4.553201983E1,9.666285515E0,6.896729469E0,-3.947663116E1,4.122385670E1
4.554200783E1,9.800073624E0,6.870660782E0,-3.946141815E1,4.123652441E1
4.555199583E1,9.884806633E0,6.558532238E0,-3.936283112E1,4.111150959E1
4.556198383E1,9.948307037E0,6.662714005E0,-3.950188446E1,4.127662107E1
4.557197183E1,1.000778389E1,6.724785805E0,-3.955539703E1,4.135224198E1
4.558195983E1,9.866637230E0,6.727180481E0,-3.956427765E1,4.132720113E1
4.559194783E1,9.890531540E0,6.736398220E0,-3.945749664E1,4.123221697E1
4.560193583E1,9.854432106E0,6.675611019E0,-3.947216034E1,4.122772194E1
4.561192483E1,9.595337868E0,6.832691669E0,-3.948349762E1,4.120318882E1
4.562191283E1,9.686512947E0,6.864198208E0,-3.946340179E1,4.121050632E1
4.563190083E1,9.656583786E0,6.896394730E0,-3.948827362E1,4.123267666E1
4.564188883E1,9.838549614E0,6.729930401E0,-3.963527679E1,4.138893799E1
4.565187683E1,9.678132057E0,6.853159428E0,-3.975057220E1,4.148180354E1
4.566186483E1,9.730587959E0,6.776364326E0,-3.972130585E1,4.145341474E1
4.567185283E1,9.795621872E0,6.706291676E0,-3.965827179E1,4.139694526E1
4.568184083E1,9.715145111E0,6.879998207E0,-3.979950714E1,4.154177642E1
4.569182883E1,9.668301582E0,6.901753902E0,-3.990302277E1,4.163365812E1
4.570181683E1,9.844863892E0,6.787029266E0,-3.975464630E1,4.151405803E1
4.571180483E1,9.710907936E0,6.808487892E0,-3.984522247E1,4.157281557E1
4.572179283E1,9.823783875E0,6.782491684E0,-3.984348297E1,4.159341364E1
4.573178183E1,9.760100365E0,6.827303886E0,-3.965651703E1,4.140665382E1
4.574176983E1,9.913192749E0,6.699874878E0,-3.975850677E1,4.151985760E1
4.575175783E1,9.858673096E0,6.862049103E0,-3.979915619E1,4.157227425E1
4.576174583E1,9.772922516E0,6.788599014E0,-3.978601837E1,4.152736867E1
4.577173383E1,9.849610329E0,6.805016041E0,-3.981844330E1,4.157921949E1
4.578172183E1,9.783901215E0,6.683903694E0,-3.980893707E1,4.153493424E1
4.579170983E1,9.783901215E0,6.683903694E0,-3.980893707E1,4.153493424E1
4.580169783E1,9.735693932E0,6.731358051E0,-3.967107391E1,4.139914278E1
4.581168583E1,9.826067924E0,6.756522655E0,-3.968647003E1,4.143933051E1
4.582167383E1,9.766502380E0,6.779490948E0,-3.978270721E1,4.152119771E1
4.583166183E1,9.862639427E0,6.886990070E0,-3.985736847E1,4.163306510E1
4.584165083E1,9.766443253E0,6.898121834E0,-3.969664764E1,4.145830837E1
4.585163883E1,9.808763504E0,6.801692486E0,-3.977342987E1,4.152590259E1
4.586162683E1,9.784773827E0,6.728553772E0,-3.987792206E1,4.160845950E1
4.587161483E1,9.835594177E0,6.588731289E0,-3.977277374E1,4.149727490E1
4.588160283E1,9.816665649E0,6.639212132E0,-3.977002716E1,4.149820626E1
4.589159083E1,9.760355949E0,6.747522354E0,-3.970371246E1,4.143885121E1
4.590157883E1,9.626534462E0,6.813585281E0,-3.981496429E1,4.152501044E1
4.591156683E1,9.756456375E0,6.745015621E0,-3.967877960E1,4.141363577E1
4.592155483E1,9.854999542E0,6.609463215E0,-3.978319550E1,4.151516185E1
4.593154283E1,9.905794144E0,6.616250515E0,-3.978092194E1,4.152615174E1
4.594153083E1,9.779456139E0,6.497691631E0,-3.977579498E1,4.147254062E1
4.595151883E1,9.875866890E0,6.516039848E0,-3.990694427E1,4.162398015E1
4.596150783E1,9.868855476E0,6.456289768E0,-3.959008026E1,4.130922949E1
4.597149583E1,9.894412041E0,6.536960602E0,-3.959792328E1,4.133553884E1
4.598148383E1,9.755968094E0,6.523570061E0,-3.965911102E1,4.135917029E1
4.599147183E1,9.916884422E0,6.705472946E0,-3.973902130E1,4.150298517E1
4.600145983E1,9.793147087E0,6.654546261E0,-3.975820160E1,4.148377165E1
4.601144783E1,9.778191566E0,6.731805325E0,-3.965046692E1,4.138948852E1
4.602143583E1,9.783988953E0,6.692306042E0,-3.990795898E1,4.163122134E1
4.603142383E1,9.803748131E0,6.651580334E0,-3.976536560E1,4.149266561E1
4.604141183E1,9.677081108E0,6.609959602E0,-3.994670105E1,4.163023408E1
4.605139983E1,9.786507607E0,6.530827522E0,-4.002029419E1,4.171392317E1
4.606138783E1,9.790940285E0,6.620816708E0,-3.995898438E1,4.167035106E1
4.607137583E1,9.769595146E0,6.635643482E0,-3.983493042E1,4.154874770E1
4.608136483E1,9.683003426E0,6.560547829E0,-4.003811646E1,4.171153452E1
4.609135283E1,9.751625061E0,6.634624481E0,-3.963076782E1,4.134864195E1
4.610134083E1,9.726214409E0,6.582024574E0,-3.996702576E1,4.165675746E1
4.611132883E1,9.888125420E0,6.626393318E0,-3.984985352E1,4.158960132E1
4.612131683E1,9.638874054E0,6.692858696E0,-3.997737122E1,4.166404277E1
4.613130483E1,9.734742165E0,6.632034302E0,-3.979875183E1,4.150529763E1
4.614129283E1,9.634986877E0,6.609275818E0,-3.991766357E1,4.159249168E1
4.615128075E1,9.747728348E0,6.651560307E0,-3.983924866E1,4.155029718E1
4.616126875E1,9.769871712E0,6.546171665E0,-3.956933594E1,4.127996007E1
4.617125675E1,9.889972687E0,6.667767525E0,-3.987478638E1,4.162053907E1
4.618124475E1,9.714011192E0,6.703772068E0,-3.973750305E1,4.145324743E1
4.619123275E1,9.770983696E0,6.668084621E0,-3.954034424E1,4.127195534E1
4.620122175E1,9.646371841E0,6.647273540E0,-3.983842468E1,4.152515884E1
4.621120975E1,9.765574455E0,6.606801510E0,-3.981578064E1,4.152484387E1
4.622119775E1,9.715316772E0,6.659272194E0,-3.986553955E1,4.156915359E1
4.623118575E1,9.858443260E0,6.693232536E0,-3.972422791E1,4.147291343E1
4.624117375E1,9.828879356E0,6.757663727E0,-3.990567017E1,4.165015486E1
4.625116175E1,9.765208244E0,6.652268410E0,-3.978123474E1,4.149889884E1
4.626114975E1,9.864564896E0,6.649878502E0,-3.983694458E1,4.157538548E1
4.627113775E1,9.872014999E0,6.696311951E0,-3.961540222E1,4.137242278E1
4.628112575E1,9.797461510E0,6.707824230E0,-3.987081909E1,4.160129052E1
4.629111375E1,9.787606239E0,6.791453362E0,-3.987785339E1,4.161927758E1
4.630110175E1,9.756878853E0,6.700669765E0,-4.000537109E1,4.171960422E1
4.631108975E1,9.850404739E0,6.706444740E0,-3.983547974E1,4.157971044E1
4.632107875E1,9.685993195E0,6.822029591E0,-3.982969666E1,4.155434138E1
4.633106675E1,9.655224800E0,6.790368557E0,-3.987660217E1,4.158696757E1
4.634105475E1,9.740105629E0,6.818984985E0,-3.983526611E1,4.157182508E1
4.635104275E1,9.801006317E0,6.750248432E0,-3.977778625E1,4.151984896E1
4.636103075E1,9.788069725E0,6.649655819E0,-3.981878662E1,4.153986037E1
4.637101875E1,9.692311287E0,6.764779091E0,-3.974604797E1,4.146626899E1
4.638100675E1,9.732277870E0,6.752952099E0,-3.979899597E1,4.152444671E1
4.639099475E1,9.785941124E0,6.808510780E0,-3.997103882E1,4.171096267E1
4.640098275E1,9.709880829E0,6.762953758E0,-4.002433777E1,4.173687750E1
4.641097075E1,9.782296181E0,6.835579872E0,-3.976603699E1,4.151814264E1
4.642095875E1,9.734191895E0,6.870419979E0,-3.983691406E1,4.158048682E1
4.643094675E1,9.671304703E0,6.757170200E0,-3.957025146E1,4.129162487E1
4.644093575E1,9.753910065E0,6.748898983E0,-3.964761353E1,4.138380912E1
4.645092375E1,9.824424744E0,6.623150349E0,-3.967904663E1,4.141029079E1
4.646091175E1,9.855300903E0,6.553183079E0,-3.993412781E1,4.165099913E1
4.647089975E1,9.772480965E0,6.711495399E0,-3.977302551E1,4.150227841E1
4.648088775E1,9.774879456E0,6.627721786E0,-3.981639099E1,4.153095178E1
4.649087575E1,9.700328827E0,6.771068573E0,-3.987336731E1,4.159121505E1
4.650086375E1,9.857379913E0,6.732605457E0,-3.964285278E1,4.140110737E1
4.651085175E1,9.738196373E0,6.722542763E0,-3.962261963E1,4.135186859E1
4.652083975E1,9.902848244E0,6.654193878E0,-3.984887695E1,4.159660676E1
4.653082775E1,9.765633583E0,6.572530746E0,-3.983740234E1,4.154015389E1
4.654081575E1,9.873532295E0,6.562114716E0,-3.992752075E1,4.165038899E1
4.655080375E1,9.829128265E0,6.602825165E0,-3.987837219E1,4.159920229E1
4.656079275E1,9.844849586E0,6.625829697E0,-3.972546387E1,4.146004296E1
4.657078075E1,9.706412315E0,6.653204918E0,-3.977305603E1,4.147741026E1
4.658076875E1,9.836744308E0,6.527679443E0,-3.976855469E1,4.148385324E1
4.659075675E1,9.914085388E0,6.556587219E0,-3.980754089E1,4.154417212E1
4.660074475E1,9.938335419E0,6.472727299E0,-3.961740112E1,4.135462708E1
4.661073275E1,9.952856064E0,6.550989628E0,-3.975218201E1,4.149952751E1
4.662072075E1,9.978122711E0,6.666574001E0,-3.965425110E1,4.143025189E1
4.663070875E1,9.818397522E0,6.628952980E0,-3.974304199E1,4.147111446E1
4.664069675E1,9.818397522E0,6.628952980E0,-3.974304199E1,4.147111446E1
4.665068475E1,9.904988289E0,6.614152431E0,-3.975825500E1,4.150391122E1
4.666067275E1,9.860491753E0,6.729873657E0,-3.970077515E1,4.145686969E1
4.667066075E1,9.918562889E0,6.648016453E0,-3.974951172E1,4.150418888E1
4.668064875E1,9.832272530E0,6.712964058E0,-3.965959167E1,4.140797847E1
4.669063775E1,1.000617695E1,6.544261456E0,-3.973474121E1,4.149458512E1
4.670062575E1,9.941687584E0,6.580081940E0,-3.978004456E1,4.152814197E1
4.671061375E1,1.006550312E1,6.676087379E0,-3.972030640E1,4.151610815E1
4.672060175E1,9.918444633E0,6.621083260E0,-3.976156616E1,4.151140122E1
4.673058975E1,9.869233131E0,6.739302158E0,-3.958657837E1,4.135114440E1
4.674057775E1,9.862224579E0,6.610736847E0,-3.954341125E1,4.128736718E1
4.675056575E1,9.924098969E0,6.670981407E0,-3.961474609E1,4.138016241E1
4.676055375E1,9.895512581E0,6.700309753E0,-3.947383118E1,4.124316510E1
4.677054175E1,9.872378349E0,6.734451771E0,-3.950852966E1,4.127639290E1
4.678052975E1,9.758457184E0,6.819936752E0,-3.953529358E1,4.128896296E1
4.679051775E1,9.904259682E0,6.685132980E0,-3.944917297E1,4.121920197E1
4.680050575E1,1.011826134E1,6.564481735E0,-3.966510010E1,4.145831399E1
4.681049475E1,1.013887787E1,6.500691891E0,-3.965660095E1,4.144516665E1
4.682048275E1,1.005679417E1,6.418952942E0,-3.977490997E1,4.152572130E1
4.683047075E1,1.005664349E1,6.663731098E0,-3.963651276E1,4.143180582E1
4.684045875E1,9.904551506E0,6.539081573E0,-3.951526642E1,4.125913243E1
4.685044675E1,1.009075165E1,6.453173637E0,-3.957238007E1,4.134537438E1
4.686043475E1,9.972604752E0,6.510833263E0,-3.965995026E1,4.140960577E1
4.687042275E1,9.947515488E0,6.639121532E0,-3.956813812E1,4.133604424E1
4.688041075E1,9.946520805E0,6.688831329E0,-3.969347382E1,4.146378666E1
4.689039875E1,1.007811356E1,6.580632687E0,-3.971605682E1,4.149985866E1
4.690038675E1,1.001813030E1,6.659303665E0,-3.979383087E1,4.157232536E1
4.691037475E1,1.001998711E1,6.700611591E0,-3.957982635E1,4.137464189E1
4.692036275E1,9.860661507E0,6.652439594E0,-3.966774750E1,4.141277326E1
4.693035075E1,1.004181194E1,6.617574215E0,-3.943531036E1,4.122831526E1
4.694033975E1,9.914401054E0,6.785363674E0,-3.970166779E1,4.147962070E1
4.695032775E1,9.931878090E0,6.671692371E0,-3.963434601E1,4.140090657E1
4.696031575E1,9.976946831E0,6.560483456E0,-3.961423492E1,4.137471474E1
4.697030375E1,9.821230888E0,6.808729172E0,-3.958409882E1,4.134871519E1
4.698029175E1,9.816297531E0,6.666039944E0,-3.993621063E1,4.166169350E1
4.699027975E1,1.002159882E1,6.678000927E0,-3.974872589E1,4.153299109E1
4.700026775E1,9.919957161E0,6.692451954E0,-4.003566742E1,4.178575270E1
4.701025575E1,1.000655270E1,6.720143318E0,-3.966550446E1,4.145652743E1
4.702024375E1,9.838891983E0,6.628481865E0,-3.976044464E1,4.149257193E1
4.703023175E1,9.932503700E0,6.679646492E0,-3.969004059E1,4.145565859E1
4.704021975E1,9.896215439E0,6.630339146E0,-3.968924713E1,4.143830131E1
4.705020775E1,9.898299217E0,6.713392258E0,-3.957193756E1,4.133986218E1
4.706019675E1,9.960021973E0,6.671228409E0,-3.957099152E1,4.134695510E1
4.707018475E1,9.891810417E0,6.704322338E0,-3.957254791E1,4.133742130E1
4.708017275E1,9.851099968E0,6.693917751E0,-3.961071014E1,4.136255630E1
4.709016075E1,9.858114243E0,6.762510777E0,-3.947864532E1,4.124896853E1
4.710014875E1,9.760371208E0,6.760571957E0,-3.959407806E1,4.133595526E1
4.711013675E1,9.878390312E0,6.776197910E0,-3.939995575E1,4.118077180E1
4.712012475E1,9.836048126E0,6.641564369E0,-3.967359161E1,4.141077265E1
4.713011275E1,9.827206612E0,6.665500641E0,-3.953643036E1,4.128113630E1
4.714010075E1,9.861258507E0,6.758287430E0,-3.962677765E1,4.139082477E1
4.715008846E1,9.868319511E0,6.736315727E0,-3.955997467E1,4.132497157E1
4.716007646E1,9.811556816E0,6.771553993E0,-3.937784576E1,4.114286485E1
4.717006446E1,9.775414467E0,6.713914871E0,-3.944997406E1,4.119388103E1
4.718005246E1,9.868851662E0,6.680481434E0,-3.966696930E1,4.141849247E1
4.719004146E1,9.722339630E0,6.791107178E0,-3.958580780E1,4.132407535E1
4.720002946E1,9.706020355E0,6.676514626E0,-3.965378571E1,4.136671850E1
4.721001746E1,9.746622086E0,6.847024918E0,-3.952306366E1,4.127894080E1
4.722000546E1,9.805106163E0,6.749661922E0,-3.981089020E1,4.155243701E1
4.722999346E1,9.750794411E0,6.769804955E0,-3.973724365E1,4.147236169E1
4.723998146E1,9.860983849E0,6.708437920E0,-3.972291565E1,4.147471723E1
4.724996946E1,9.716182709E0,6.724822998E0,-3.942561340E1,4.115830953E1
4.725995746E1,9.709825516E0,6.794338226E0,-3.949389648E1,4.123362224E1
4.726994546E1,9.637913704E0,6.790686131E0,-3.963960266E1,4.135578433E1
4.727993346E1,9.554745674E0,6.958014965E0,-3.960797119E1,4.133398746E1
4.728992146E1,9.638772011E0,6.907743931E0,-3.941105652E1,4.115646034E1
4.729990946E1,9.544215202E0,6.949107647E0,-3.962255859E1,4.134403573E1
4.730989846E1,9.421875954E0,6.945172310E0,-3.958760071E1,4.128177921E1
4.731988646E1,9.490617752E0,7.031729221E0,-3.956660461E1,4.129204817E1
4.732987446E1,9.675624847E0,6.717018604E0,-3.942849731E1,4.115024247E1
4.733986246E1,9.676472664E0,6.880372524E0,-3.949844360E1,4.124440200E1
4.734985046E1,9.463425636E0,6.953477859E0,-3.965737915E1,4.135958172E1
4.735983846E1,9.563998222E0,6.943403244E0,-3.971798706E1,4.143910480E1
4.736982646E1,9.631471634E0,6.956472874E0,-3.970680237E1,4.144620507E1
4.737981446E1,9.599163055E0,6.921812057E0,-3.979252625E1,4.151506424E1
4.738980246E1,9.590272903E0,6.970315456E0,-3.970428467E1,4.143656420E1
4.739979046E1,9.528665543E0,6.953555107E0,-3.967289734E1,4.138944526E1
4.740977846E1,9.479911804E0,6.956862450E0,-3.971418762E1,4.141839400E1
4.741976646E1,9.578307152E0,7.040547371E0,-3.969136047E1,4.143328820E1
4.742975546E1,9.575844765E0,6.971676826E0,-3.969081116E1,4.142054528E1
4.743974346E1,9.561367989E0,7.045473099E0,-3.960652161E1,4.134894198E1
4.744973146E1,9.453404427E0,6.948670864E0,-3.954986572E1,4.125339696E1
4.745971946E1,9.575402260E0,6.876506329E0,-3.965417480E1,4.136941198E1
4.746970746E1,9.547510147E0,6.970814705E0,-3.977781677E1,4.149725190E1
4.747969546E1,9.527018547E0,6.977515697E0,-3.975621033E1,4.147295585E1
4.748968346E1,9.527018547E0,6.977515697E0,-3.975621033E1,4.147295585E1
4.749967146E1,9.541380882E0,6.898142338E0,-3.984976196E1,4.155268758E1
4.750965946E1,9.574799538E0,6.921432018E0,-3.978865051E1,4.150565886E1
4.751964746E1,9.514153481E0,6.868808270E0,-3.971272278E1,4.141014361E1
4.752963546E1,9.585585594E0,6.954814911E0,-3.950521851E1,4.124215308E1
4.753962346E1,9.609004974E0,6.841500759E0,-3.958370972E1,4.130386403E1
4.754961146E1,9.744020462E0,6.773992062E0,-3.973745728E1,4.147165796E1
4.755960046E1,9.675525665E0,6.697611332E0,-3.970690918E1,4.141391591E1
4.756958846E1,9.781805038E0,6.723018646E0,-3.965089417E1,4.138932347E1
4.757957646E1,9.690722466E0,6.805362701E0,-3.969999695E1,4.142840597E1
4.758956446E1,9.644233704E0,6.835042477E0,-3.960888672E1,4.133512981E1
4.759955246E1,9.541720390E0,6.955051422E0,-3.979571533E1,4.151043395E1
4.760954046E1,9.696751595E0,6.909007072E0,-3.958535767E1,4.133717349E1
4.761952846E1,9.534169197E0,6.838997364E0,-3.952534485E1,4.123014859E1
4.762951646E1,9.522165298E0,6.860742569E0,-3.946994019E1,4.117787754E1
4.763950446E1,9.534134865E0,6.831641674E0,-3.963903809E1,4.133792927E1
4.764949246E1,9.611584663E0,6.828195095E0,-3.971749878E1,4.143050226E1
4.765948046E1,9.519151688E0,6.912817478E0,-3.967826843E1,4.138558058E1
4.766946846E1,9.672161102E0,6.910474300E0,-3.966438293E1,4.140734994E1
4.767945646E1,9.703472137E0,6.793312073E0,-3.968177795E1,4.141195434E1
4.768944546E1,9.685573578E0,6.739837170E0,-3.961206055E1,4.133220393E1
4.769943346E1,9.513432503E0,6.843863964E0,-3.962867737E1,4.132524582E1
4.770942146E1,9.562039375E0,6.885151386E0,-3.964811707E1,4.136195224E1
4.771940946E1,9.408749580E0,6.953424931E0,-3.971621704E1,4.140353346E1
4.772939746E1,9.415782928E0,7.085586071E0,-3.971379089E1,4.142520592E1
4.773938546E1,9.439725876E0,6.892141342E0,-3.974223328E1,4.142529593E1
4.774937346E1,9.559673309E0,6.910331249E0,-3.957113647E1,4.129182575E1
4.775936146E1,9.477578163E0,6.858199596E0,-3.973564148E1,4.142198201E1
4.776934946E1,9.483926773E0,6.853295803E0,-3.971156311E1,4.139952627E1
4.777933746E1,9.589325905E0,6.782769203E0,-3.965507507E1,4.135802351E1
4.778932546E1,9.709195137E0,6.782661915E0,-3.973936462E1,4.146673454E1
4.779931346E1,9.603018761E0,6.807869434E0,-3.958628845E1,4.129938606E1
4.780930146E1,9.679536819E0,6.866403580E0,-3.961186218E1,4.135142751E1
4.781929046E1,9.576358795E0,6.888072968E0,-3.980093384E1,4.151224556E1
4.782927846E1,9.683094025E0,6.854233265E0,-3.961965942E1,4.135771072E1
4.783926646E1,9.710917473E0,6.804125786E0,-3.961022949E1,4.134692644E1
4.784925446E1,9.675685883E0,6.775019169E0,-3.962297058E1,4.134609510E1
4.785924246E1,9.572272301E0,6.909832478E0,-3.970640564E1,4.142430242E1
4.786923046E1,9.654390335E0,6.942907810E0,-3.971838379E1,4.146035736E1
4.787921846E1,9.707452774E0,6.827278614E0,-3.968814087E1,4.142456878E1
4.788920646E1,9.769919395E0,6.871938229E0,-3.975958252E1,4.151504862E1
4.789919446E1,9.585762978E0,6.792539597E0,-3.981359863E1,4.151081886E1
4.790918246E1,9.720723152E0,6.841146946E0,-3.962405396E1,4.136857989E1
4.791917046E1,9.729432106E0,6.617940426E0,-3.979386902E1,4.149712033E1
4.792915846E1,9.671578407E0,6.768640041E0,-3.982244873E1,4.153530233E1
4.793914746E1,9.647416115E0,6.893411636E0,-3.990634155E1,4.163061203E1
4.794913546E1,9.742516518E0,6.906588554E0,-3.957960510E1,4.134202140E1
4.795912346E1,9.582363129E0,7.046079159E0,-3.971275330E1,4.145565931E1
4.796911146E1,9.592552185E0,7.039059162E0,-3.990071106E1,4.163690856E1
4.797909946E1,9.565039635E0,6.908710957E0,-3.971951294E1,4.143500909E1
4.798908746E1,9.747672081E0,6.856548309E0,-3.948445129E1,4.124380268E1
4.799907546E1,9.746806145E0,6.953809738E0,-3.970542908E1,4.147139735E1
4.800906346E1,9.812492371E0,6.934497833E0,-3.945097351E1,4.124016947E1
4.801905146E1,9.738390923E0,6.908413887E0,-3.954476929E1,4.130800429E1
4.802903946E1,9.705172539E0,6.947830677E0,-3.964709473E1,4.140476839E1
4.803902746E1,9.689736366E0,6.980393410E0,-3.959317017E1,4.135499978E1
4.804901546E1,9.792462349E0,6.937150955E0,-3.960638428E1,4.138456304E1
4.805900346E1,9.848312378E0,6.782510281E0,-3.965310669E1,4.141691167E1
4.806899246E1,9.788145065E0,6.855037212E0,-3.969807434E1,4.145764616E1
4.807898046E1,9.821856499E0,6.852668285E0,-3.966519165E1,4.143374659E1
4.808896846E1,9.893759727E0,6.766936302E0,-3.957460022E1,4.135005310E1
4.809895646E1,9.880013466E0,6.701874256E0,-3.980419922E1,4.155603518E1
4.810894446E1,9.942262650E0,6.762574196E0,-3.952101135E1,4.130970025E1
4.811893246E1,9.770761490E0,6.880222797E0,-3.971897888E1,4.147773534E1
4.812892046E1,9.711154938E0,6.966070652E0,-4.000164795E1,4.174882644E1
4.813890846E1,9.860277176E0,6.861575127E0,-3.984706116E1,4.161844017E1
4.814889596E1,9.838936806E0,6.725348949E0,-3.968537903E1,4.143626799E1
4.815888396E1,9.808945656E0,6.732206345E0,-3.959378052E1,4.134253830E1
4.816887196E1,9.693411827E0,6.823702335E0,-3.957015991E1,4.130765912E1
4.817885996E1,9.693866730E0,6.964458942E0,-3.987672424E1,4.162484687E1
4.818884796E1,9.648815155E0,7.094183445E0,-3.987469482E1,4.163434111E1
4.819883596E1,9.685507774E0,6.933306694E0,-3.981480408E1,4.155837372E1
4.820882496E1,9.783955574E0,6.930157661E0,-3.967019653E1,4.144245848E1
4.821881296E1,9.926221848E0,6.960426331E0,-3.979333496E1,4.159912165E1
4.822880096E1,9.748501778E0,6.939775467E0,-3.976368713E1,4.152522829E1
4.823878896E1,9.908806801E0,6.807086945E0,-3.940382385E1,4.119687147E1
4.824877696E1,9.647439957E0,6.897509098E0,-3.938621521E1,4.113298771E1
4.825876496E1,9.781887054E0,6.824694157E0,-3.958348083E1,4.134142861E1
4.826875296E1,9.761663437E0,6.951696396E0,-3.950358582E1,4.128134504E1
4.827874096E1,9.852383614E0,6.829801083E0,-3.965600586E1,4.142842558E1
4.828872896E1,9.936025620E0,6.943423748E0,-3.972814941E1,4.153626842E1
4.829871696E1,9.840398788E0,6.923714638E0,-3.977125549E1,4.155146250E1
4.830870496E1,9.849150658E0,6.847314835E0,-3.963587952E1,4.141128390E1
4.831869296E1,9.922049522E0,6.938616753E0,-3.987136841E1,4.166914311E1
4.832868196E1,9.831508636E0,6.868453979E0,-3.982495117E1,4.159159720E1
4.833866996E1,9.831508636E0,6.868453979E0,-3.982495117E1,4.159159720E1
4.834865796E1,1.005178642E1,6.776090145E0,-3.972753906E1,4.153590216E1
4.835864596E1,9.749689102E0,6.966452599E0,-3.968060303E1,4.145043011E1
4.836863396E1,9.835373878E0,6.873145580E0,-3.982568359E1,4.159398734E1
4.837862196E1,9.874202728E0,6.874207020E0,-3.967665100E1,4.146071920E1
4.838860996E1,9.887961388E0,6.844970226E0,-3.975514221E1,4.153428379E1
4.839859796E1,9.883449554E0,6.759254932E0,-3.948309326E1,4.125875369E1
4.840858596E1,9.778332710E0,6.867674351E0,-3.972229004E1,4.148061074E1
4.841857396E1,9.644538879E0,6.932840347E0,-3.956156921E1,4.130616375E1
4.842856196E1,9.846961021E0,6.897397041E0,-3.956166077E1,4.134805594E1
4.843854996E1,9.846715927E0,6.785228729E0,-3.965460968E1,4.141841634E1
4.844853796E1,9.938043594E0,6.834725380E0,-3.972988129E1,4.152037631E1
4.845852596E1,9.919509888E0,6.820921898E0,-3.975818634E1,4.154076351E1
4.846851496E1,9.803503036E0,6.936785698E0,-3.968778229E1,4.146501815E1
4.847850296E1,9.803332329E0,6.986146450E0,-3.988967133E1,4.166650268E1
4.848849096E1,9.799473763E0,6.987554073E0,-3.991184235E1,4.168705743E1
4.849847896E1,9.772570610E0,6.918976784E0,-3.969367218E1,4.146037852E1
4.850846696E1,9.857372284E0,6.830415249E0,-3.976465607E1,4.153372404E1
4.851845496E1,9.762861252E0,6.782297134E0,-3.966765594E1,4.141057766E1
4.852844296E1,9.790498734E0,6.875459194E0,-3.951462555E1,4.128597143E1
4.853843096E1,9.756141663E0,6.880250931E0,-3.947554779E1,4.124122969E1
4.854841896E1,9.833800316E0,6.785018921E0,-3.964072418E1,4.140201836E1
4.855840696E1,9.940862656E0,6.719021320E0,-3.978704071E1,4.155688398E1
4.856839496E1,9.912102699E0,6.716273785E0,-3.997266388E1,4.172735279E1
4.857838296E1,9.882566452E0,6.771621704E0,-3.996697235E1,4.172384042E1
4.858837096E1,9.856410027E0,6.779787540E0,-3.986708832E1,4.162329959E1
4.859835996E1,9.735384941E0,6.805209637E0,-3.973424530E1,4.147166319E1
4.860834796E1,9.775092125E0,6.915317535E0,-3.986287689E1,4.162238577E1
4.861833596E1,9.766602516E0,6.793612957E0,-3.967613983E1,4.142144099E1
4.862832396E1,9.983532906E0,6.832712173E0,-3.953609467E1,4.134561242E1
4.863831196E1,9.848872185E0,6.787273884E0,-3.967902374E1,4.144263861E1
4.864829996E1,9.959998131E0,6.664952278E0,-3.947789764E1,4.125684857E1
4.865828796E1,9.821696281E0,6.868412495E0,-3.968550873E1,4.145576451E1
4.866827596E1,9.731181145E0,7.008134842E0,-3.980083466E1,4.156821237E1
4.867826396E1,9.819360733E0,6.993342876E0,-3.975336456E1,4.154102411E1
4.868825196E1,9.867272377E0,6.898126602E0,-3.973592377E1,4.151976460E1
4.869823996E1,9.960747719E0,6.751235008E0,-3.996274567E1,4.173507770E1
4.870822796E1,1.003166008E1,6.736401558E0,-3.972920990E1,4.152617764E1
4.871821596E1,9.766563416E0,6.781923771E0,-3.983390045E1,4.157066124E1
4.872820496E1,9.853195190E0,6.776726723E0,-3.962992096E1,4.139492862E1
4.873819296E1,9.696951866E0,6.796872139E0,-3.959223175E1,4.132521218E1
4.874818096E1,9.621285439E0,7.021405697E0,-3.971872711E1,4.146620980E1
4.875816896E1,9.649952888E0,6.961020947E0,-3.961420441E1,4.136257480E1
4.876815696E1,9.806176186E0,6.832677364E0,-3.970658112E1,4.146636173E1
4.877814496E1,9.849525452E0,6.777941704E0,-3.968749237E1,4.144937510E1
4.878813296E1,9.890604973E0,6.824671745E0,-3.964507294E1,4.142622381E1
4.879812096E1,9.810602188E0,6.842763424E0,-3.968398285E1,4.144743444E1
4.880810896E1,9.885716438E0,6.775823593E0,-3.958292389E1,4.135755117E1
4.881809696E1,9.718172073E0,6.722986698E0,-3.982711029E1,4.154323209E1
4.882808496E1,9.805462837E0,6.874035835E0,-3.969898224E1,4.146575287E1
4.883807296E1,9.631832123E0,6.957862377E0,-3.977909088E1,4.151578146E1
4.884806096E1,9.744737625E0,6.780114174E0,-3.966886139E1,4.140710595E1
4.885804896E1,9.657977104E0,6.828737259E0,-3.981668854E1,4.153645219E1
4.886803796E1,9.666305542E0,6.839213848E0,-3.969765472E1,4.142603166E1
4.887802596E1,9.655063629E0,6.832731247E0,-3.977426910E1,4.149577030E1
4.888801396E1,9.777899742E0,6.795911789E0,-3.960561371E1,4.135693869E1
4.889800196E1,9.697019577E0,6.874353886E0,-3.974135590E1,4.148089076E1
4.890798996E1,9.797252655E0,6.994246483E0,-3.958063507E1,4.137066976E1
4.891797796E1,9.698794365E0,6.861157894E0,-3.954463959E1,4.129068442E1
4.892796596E1,9.750688553E0,6.867926121E0,-3.950235748E1,4.126355030E1
4.893795396E1,9.736956596E0,6.727442265E0,-3.952487946E1,4.125873119E1
4.894794196E1,9.674221992E0,6.919675350E0,-3.980303192E1,4.154219335E1
4.895792996E1,9.701667786E0,6.942151546E0,-3.989522552E1,4.164066337E1
4.896791796E1,9.767127037E0,6.888477802E0,-3.970204926E1,4.146203820E1
4.897790596E1,9.622792244E0,6.820663452E0,-3.981699371E1,4.152725092E1
4.898789396E1,9.694410324E0,6.751421928E0,-3.971802521E1,4.143772214E1
4.899788296E1,9.700307846E0,6.618232727E0,-3.984085846E1,4.153541837E1
4.900787096E1,9.897775650E0,6.754817486E0,-3.969782257E1,4.146698252E1
4.901785896E1,9.831586838E0,6.656935692E0,-3.990610504E1,4.163498664E1
4.902784696E1,9.749970436E0,6.625944614E0,-3.984775543E1,4.155488754E1
4.903783496E1,9.748366356E0,6.845148087E0,-3.953330231E1,4.128884462E1
4.904782296E1,9.818449020E0,6.829846382E0,-3.962552643E1,4.139119577E1
4.905781096E1,9.874418259E0,6.572797298E0,-3.943730927E1,4.118260752E1
4.906779896E1,9.817789078E0,6.724366188E0,-3.937558746E1,4.113444993E1
4.907778696E1,9.724975586E0,6.862527847E0,-3.962783051E1,4.137673729E1
4.908777496E1,9.916520119E0,6.718275547E0,-3.954813385E1,4.132223964E1
4.909776296E1,9.930952072E0,6.595404625E0,-3.957819366E1,4.133468985E1
4.910775096E1,9.806774139E0,6.586228848E0,-3.945056915E1,4.118128988E1
4.911773896E1,9.982842445E0,6.537999630E0,-3.956987762E1,4.133010764E1
4.912772696E1,9.891667366E0,6.668899059E0,-3.970789337E1,4.146126016E1
4.913771596E1,9.859921455E0,6.690074921E0,-3.995890045E1,4.169758841E1
4.914770462E1,9.868526459E0,6.746031761E0,-3.987102509E1,4.162445676E1
4.915769262E1,9.720826149E0,6.819725037E0,-4.012487030E1,4.184505141E1
4.916768062E1,9.706210136E0,6.760924816E0,-3.998308563E1,4.169613599E1
4.917766862E1,9.671179771E0,6.866852760E0,-4.003940582E1,4.175930320E1
4.918765662E1,9.671179771E0,6.866852760E0,-4.003940582E1,4.175930320E1
4.919764462E1,9.803915024E0,6.726383686E0,-3.989817047E1,4.163201886E1
4.920763262E1,9.892200470E0,6.715277672E0,-3.995034027E1,4.170108239E1
4.921762062E1,9.874908447E0,6.650954723E0,-3.993018341E1,4.166735608E1
4.922760862E1,9.891098022E0,6.727736950E0,-3.998342133E1,4.173452103E1
4.923759662E1,9.740829468E0,6.846556664E0,-3.979843903E1,4.154124271E1
4.924758462E1,9.867394447E0,6.874021053E0,-3.980853271E1,4.158529687E1
4.925757262E1,9.722831726E0,6.862666130E0,-3.963186646E1,4.138012182E1
4.926756162E1,9.758089066E0,6.952482224E0,-3.996147156E1,4.171901869E1
4.927754962E1,9.747012138E0,6.939937115E0,-3.997557068E1,4.172784710E1
4.928753762E1,9.689323425E0,6.865750790E0,-3.985389709E1,4.158550993E1
4.929752562E1,9.789574623E0,6.711996555E0,-3.981655884E1,4.154810497E1
4.930751362E1,9.862840652E0,6.633043766E0,-3.973428345E1,4.147392164E1
4.931750162E1,9.905852318E0,6.560686588E0,-3.965037537E1,4.139227930E1
4.932748962E1,9.883719444E0,6.731013775E0,-3.960766602E1,4.137344153E1
4.933747762E1,9.658390999E0,6.935927868E0,-3.954389954E1,4.129299702E1
4.934746562E1,9.750905037E0,6.824090004E0,-3.952938843E1,4.128221049E1
4.935745362E1,9.775651932E0,6.676746845E0,-3.959338379E1,4.132527506E1
4.936744162E1,9.781123161E0,6.746744156E0,-3.962995911E1,4.137296926E1
4.937742962E1,9.618787766E0,6.819553852E0,-3.980421448E1,4.151388783E1
4.938741762E1,9.629468918E0,6.846836567E0,-3.987960815E1,4.159313632E1
4.939740562E1,9.576891899E0,6.859120846E0,-3.986555481E1,4.156954243E1
4.940739462E1,9.736617088E0,6.848699093E0,-3.982405090E1,4.156514672E1
4.941738262E1,9.641248703E0,6.954478264E0,-3.984870911E1,4.158410829E1
4.942737062E1,9.740240097E0,6.838025570E0,-3.983184814E1,4.157170910E1
4.943735862E1,9.561457634E0,6.886763096E0,-3.986891174E1,4.157377902E1
4.944734662E1,9.867374420E0,6.777949333E0,-3.983448792E1,4.159437585E1
4.945733462E1,9.739625931E0,6.763855934E0,-3.997785950E1,4.169939221E1
4.946732262E1,9.594041824E0,6.931411743E0,-3.982672119E1,4.154825903E1
4.947731062E1,9.684636116E0,6.802085876E0,-3.972683716E1,4.145216689E1
4.948729862E1,9.805302620E0,6.737945080E0,-3.975364685E1,4.149573835E1
4.949728662E1,9.585095406E0,6.888887882E0,-3.973655701E1,4.145268137E1
4.950727462E1,9.745195389E0,6.872573376E0,-3.977618408E1,4.152524435E1
4.951726262E1,9.739686012E0,6.689693928E0,-3.985481262E1,4.156945486E1
4.952725062E1,9.765058517E0,6.781419277E0,-3.983247375E1,4.156885830E1
4.953723862E1,9.623723984E0,6.710241795E0,-3.981576538E1,4.150829533E1
4.954722662E1,9.750043869E0,6.704906464E0,-3.991030884E1,4.162753749E1
4.955721562E1,9.690982819E0,6.694851398E0,-3.992936707E1,4.163040400E1
4.956720362E1,9.774426460E0,6.802917957E0,-3.982557678E1,4.156796448E1
4.957719162E1,9.766169548E0,6.693983078E0,-3.997547913E1,4.169204251E1
4.958717962E1,9.869682312E0,6.719294548E0,-3.999966431E1,4.174365452E1
4.959716762E1,9.857062340E0,6.616847515E0,-4.008190918E1,4.180315529E1
4.960715562E1,9.795277596E0,6.742511272E0,-3.996363831E1,4.169533916E1
4.961714362E1,9.561250687E0,6.873682022E0,-4.001568604E1,4.171235007E1
4.962713162E1,9.740646362E0,6.931493282E0,-3.997352600E1,4.172299811E1
4.963711962E1,9.527591705E0,6.921399117E0,-3.999571228E1,4.169337801E1
4.964710762E1,9.682154655E0,6.785830498E0,-3.988157654E1,4.159725666E1
4.965709562E1,9.654425621E0,6.782297611E0,-4.003938293E1,4.174158215E1
4.966708362E1,9.769043922E0,6.783126354E0,-3.985746765E1,4.159402301E1
4.967707162E1,9.761647224E0,6.783307552E0,-4.004251099E1,4.176967445E1
4.968706062E1,9.650142670E0,6.907998085E0,-3.995434570E1,4.167967648E1
4.969704862E1,9.477940559E0,6.788129807E0,-4.007447815E1,4.173576239E1
4.970703662E1,9.691371918E0,6.901303291E0,-4.013377380E1,4.186012991E1
4.971702462E1,9.640686035E0,6.986467361E0,-4.003196716E1,4.176496077E1
4.972701262E1,9.716917992E0,6.936455250E0,-3.984426880E1,4.159445471E1
4.973700062E1,9.690867424E0,6.920278072E0,-4.006040955E1,4.179281724E1
4.974698862E1,9.644417763E0,7.052069187E0,-4.011412048E1,4.185557473E1
4.975697662E1,9.748446465E0,6.894760609E0,-4.003656006E1,4.177913443E1
4.976696462E1,9.803837776E0,6.822721004E0,-3.997982788E1,4.172590795E1
4.977695262E1,9.699472427E0,6.707565308E0,-4.013890076E1,4.183542221E1
4.978694062E1,9.794385910E0,6.780916214E0,-4.002546692E1,4.176061329E1
4.979692862E1,9.625402451E0,6.812741280E0,-3.990791321E1,4.161373995E1
4.980691662E1,9.810527802E0,6.782435894E0,-3.988372803E1,4.162883200E1
4.981690462E1,9.666378975E0,6.745647430E0,-4.003034973E1,4.172974408E1
4.982689362E1,9.648702621E0,6.821588039E0,-3.991561890E1,4.162797326E1
4.983688162E1,9.787424088E0,6.731454372E0,-3.981614685E1,4.155035136E1
4.984686962E1,9.748878479E0,6.700562000E0,-3.962670898E1,4.135473646E1
4.985685762E1,9.758069992E0,6.731471062E0,-3.961993408E1,4.135543265E1
4.986684562E1,9.751690865E0,6.581822395E0,-3.958773804E1,4.129896928E1
4.987683362E1,9.806408882E0,6.583222389E0,-3.972178650E1,4.144061769E1
4.988682162E1,9.879716873E0,6.780217648E0,-3.968801880E1,4.145743592E1
4.989680962E1,9.921507835E0,6.650396347E0,-3.986532593E1,4.161620238E1
4.990679762E1,9.920116425E0,6.739734650E0,-3.975541687E1,4.152500335E1
4.991678562E1,9.761143684E0,6.765095711E0,-3.995396423E1,4.168171906E1
4.992677362E1,9.828486443E0,6.897356510E0,-3.990707397E1,4.167429934E1
4.993676162E1,9.690473557E0,6.876708031E0,-3.980146790E1,4.153734750E1
4.994674962E1,9.604244232E0,6.912715912E0,-3.966735840E1,4.139476381E1
4.995673762E1,9.783088684E0,6.916785717E0,-3.986788940E1,4.162930884E1
4.996672562E1,9.564353943E0,6.950276852E0,-3.982975769E1,4.154747661E1
4.997671462E1,9.500047684E0,6.991879940E0,-3.989981079E1,4.160687674E1
4.998670262E1,9.630836487E0,6.969510078E0,-3.985983276E1,4.159487168E1
4.999669062E1,9.654142380E0,6.848405361E0,-3.987545776E1,4.159513497E1
5.000667862E1,9.636072159E0,6.935367107E0,-3.978416443E1,4.151786294E1
5.001666662E1,9.675498962E0,6.857845306E0,-3.995584106E1,4.167870628E1
5.002665462E1,9.676186562E0,6.719079018E0,-3.982391357E1,4.152973274E1
5.003664262E1,9.676186562E0,6.719079018E0,-3.982391357E1,4.152973274E1
5.004663062E1,9.672332764E0,6.929473877E0,-3.985861206E1,4.159664151E1
5.005661862E1,9.594361305E0,6.977938175E0,-3.987303925E1,4.160051260E1
5.006660662E1,9.553907394E0,7.087577820E0,-3.983736420E1,4.157555161E1
5.007659462E1,9.750922203E0,6.832183361E0,-3.965396881E1,4.140285565E1
5.008658262E1,9.725899696E0,6.862422466E0,-3.973169708E1,4.147642367E1
5.009657062E1,9.766654968E0,6.750865459E0,-3.980628204E1,4.153916012E1
5.010655862E1,9.745179176E0,6.774033546E0,-3.989060211E1,4.161869994E1
5.011654762E1,9.762415886E0,6.941212654E0,-3.990445709E1,4.166354393E1
5.012653562E1,9.798410416E0,6.965193272E0,-4.007054901E1,4.183505303E1
5.013652362E1,9.724383354E0,6.902865410E0,-4.010938263E1,4.184466223E1
5.014651158E1,9.888362885E0,6.823647499E0,-3.991104889E1,4.168013567E1
5.015649958E1,9.742278099E0,6.778996468E0,-3.993381500E1,4.166024911E1
5.016648758E1,9.781828880E0,6.853725433E0,-3.982811737E1,4.158048415E1
5.017647558E1,9.704195976E0,7.017873287E0,-3.977481842E1,4.153863437E1
5.018646358E1,9.661787033E0,6.921646595E0,-3.980452728E1,4.154106056E1
5.019645158E1,9.571056366E0,6.958172321E0,-3.986896515E1,4.158792690E1
5.020643958E1,9.609724998E0,6.920177460E0,-3.990366364E1,4.162376776E1
5.021642758E1,9.534079552E0,6.969063282E0,-3.990164948E1,4.161259601E1
5.022641558E1,9.679804802E0,6.911499023E0,-3.987660980E1,4.161263569E1
5.023640358E1,9.637597084E0,6.929304600E0,-3.989203644E1,4.162058518E1
5.024639158E1,9.692783356E0,6.834152222E0,-3.997081757E1,4.169318820E1
5.025638058E1,9.638977051E0,6.957460403E0,-3.981531525E1,4.155208132E1
5.026636858E1,9.617310524E0,7.043521881E0,-3.993184662E1,4.167320766E1
5.027635658E1,9.549184799E0,7.094781876E0,-3.985082245E1,4.158859110E1
5.028634458E1,9.741685867E0,6.913101673E0,-3.975815582E1,4.151388169E1
5.029633258E1,9.838750839E0,6.846242428E0,-3.989475250E1,4.165649206E1
5.030632058E1,9.793534279E0,6.906627178E0,-3.981603241E1,4.158041906E1
5.031630858E1,9.657783508E0,6.813201427E0,-3.981403351E1,4.153131060E1
5.032629658E1,9.686575890E0,6.775914192E0,-3.983457184E1,4.155160501E1
5.033628458E1,9.532504082E0,6.792537212E0,-3.973877716E1,4.142677402E1
5.034627258E1,9.565327644E0,6.936065197E0,-3.966382599E1,4.138627291E1
5.035626058E1,9.466950417E0,6.887305260E0,-3.986237335E1,4.154596170E1
5.036624858E1,9.561745644E0,6.875610828E0,-3.984711456E1,4.155109557E1
5.037623658E1,9.634866714E0,6.997805595E0,-3.980249786E1,4.154562283E1
5.038622458E1,9.644423485E0,6.910149574E0,-3.981038666E1,4.154072649E1
5.039621258E1,9.570873260E0,6.856471062E0,-3.990778351E1,4.160822028E1
5.040620158E1,9.665813446E0,7.001854897E0,-3.984555817E1,4.159474038E1
5.041618958E1,9.606150627E0,6.885845661E0,-3.986905670E1,4.158406765E1
5.042617758E1,9.541903496E0,7.028303146E0,-3.982871246E1,4.155443784E1
5.043616558E1,9.447883606E0,6.958290577E0,-4.009783173E1,4.177937795E1
5.044615358E1,9.625919342E0,7.001207829E0,-3.977184296E1,4.151475312E1
5.045614158E1,9.584762573E0,6.953678131E0,-3.982428741E1,4.154750511E1
5.046612958E1,9.625981331E0,6.934038162E0,-3.988045502E1,4.160758458E1
5.047611758E1,9.598469734E0,7.007993221E0,-3.979378510E1,4.153056612E1
5.048610558E1,9.614589691E0,6.868522167E0,-3.980396271E1,4.152074637E1
5.049609358E1,9.606220245E0,6.970680714E0,-3.979898834E1,4.153106464E1
5.050608158E1,9.616675377E0,6.970522881E0,-3.983852386E1,4.157134371E1
5.051606958E1,9.549362183E0,6.877680779E0,-3.964443207E1,4.135424773E1
5.052605758E1,9.694883347E0,6.874388218E0,-3.965290070E1,4.139565811E1
5.053604558E1,9.512456894E0,6.883079052E0,-3.944855499E1,4.115886423E1
5.054603458E1,9.532243729E0,6.927993774E0,-3.935482025E1,4.108117142E1
5.055602258E1,9.490553856E0,6.853230953E0,-3.950008392E1,4.119822832E1
5.056601058E1,9.543497086E0,6.861807823E0,-3.942151642E1,4.113658591E1
5.057599858E1,9.495023727E0,6.944459438E0,-3.964980316E1,4.135804496E1
5.058598658E1,9.607623100E0,6.958486080E0,-3.957663727E1,4.131630632E1
5.059597458E1,9.590951920E0,6.983087540E0,-3.971259308E1,4.144683244E1
5.060596258E1,9.640034676E0,7.053063869E0,-3.968558502E1,4.144419908E1
5.061595058E1,9.600471497E0,7.039696693E0,-3.963954926E1,4.138864878E1
5.062593858E1,9.799442291E0,6.788274288E0,-3.972426605E1,4.147441441E1
5.063592658E1,9.604578018E0,6.833703518E0,-3.981147003E1,4.151988161E1
5.064591458E1,9.612386703E0,6.962179184E0,-3.976000214E1,4.149370660E1
5.065590258E1,9.607797623E0,6.886287689E0,-3.986188507E1,4.157764561E1
5.066589058E1,9.679672241E0,6.793439865E0,-3.983448029E1,4.155277006E1
5.067587858E1,9.638956070E0,6.853261471E0,-3.991358185E1,4.162896447E1
5.068586658E1,9.543576241E0,6.814430237E0,-3.975997162E1,4.145324656E1
5.069585558E1,9.537781715E0,6.800736904E0,-3.986194611E1,4.154749150E1
5.070584358E1,9.655323982E0,6.778183937E0,-3.986495209E1,4.157383148E1
5.071583158E1,9.677982330E0,6.732533455E0,-3.974555206E1,4.145719790E1
5.072581958E1,9.770568848E0,6.728590012E0,-3.966559601E1,4.140165994E1
5.073580758E1,9.869369507E0,6.697372437E0,-3.982927704E1,4.157680317E1
5.074579558E1,9.846434593E0,6.683248043E0,-3.970343781E1,4.144853498E1
5.075578358E1,9.820357323E0,6.699105740E0,-3.978383636E1,4.152193482E1
5.076577158E1,9.905677795E0,6.715899467E0,-3.977323151E1,4.153475295E1
5.077575958E1,9.787648201E0,6.754649639E0,-3.976024628E1,4.150060883E1
5.078574758E1,9.762734413E0,6.829515457E0,-3.960166168E1,4.135510697E1
5.079573558E1,9.646986008E0,6.746651649E0,-3.983855438E1,4.154144994E1
5.080572358E1,9.684527397E0,6.877179623E0,-3.981832123E1,4.155218858E1
5.081571158E1,9.615340233E0,6.944773674E0,-3.992424774E1,4.164889203E1
5.082569958E1,9.775674820E0,6.956130505E0,-3.986559296E1,4.163192371E1
5.083568758E1,9.891704559E0,6.821657181E0,-3.983803558E1,4.161069460E1
5.084567658E1,9.792754173E0,6.908405781E0,-3.993804169E1,4.169737736E1
5.085566458E1,9.735205650E0,6.916230202E0,-3.989868927E1,4.164749542E1
5.086565258E1,9.725483894E0,6.790106297E0,-3.983415985E1,4.156261387E1
5.087564058E1,9.725483894E0,6.790106297E0,-3.983415985E1,4.156261387E1
5.088562858E1,9.629091263E0,6.795639515E0,-3.977040863E1,4.147994115E1
5.089561658E1,9.672020912E0,6.903164864E0,-3.973197174E1,4.147084822E1
5.090560458E1,9.667810440E0,6.787078857E0,-3.983527374E1,4.154972963E1
5.091559258E1,9.705167770E0,6.917168140E0,-3.972722626E1,4.147637885E1
5.092558058E1,9.640151978E0,6.796118259E0,-3.975229645E1,4.146522430E1
5.093556858E1,9.617074013E0,6.841233253E0,-3.979196930E1,4.150531780E1
5.094555658E1,9.676798820E0,6.916654587E0,-3.991027069E1,4.164505076E1
5.095554458E1,9.722484589E0,6.841306210E0,-3.982038116E1,4.155710449E1
5.096553258E1,9.860900879E0,6.735469818E0,-3.975542450E1,4.151021196E1
5.097552058E1,9.738029480E0,6.932629585E0,-3.967212677E1,4.143390174E1
5.098550858E1,9.805145264E0,6.794765949E0,-3.975743866E1,4.150859726E1
5.099549658E1,9.741940498E0,6.787611008E0,-3.970514679E1,4.144243899E1
5.100548558E1,9.813604355E0,6.726387978E0,-3.973047638E1,4.147362872E1
5.101547358E1,9.839076996E0,6.813069344E0,-3.953308868E1,4.130484779E1
5.102546158E1,9.816962242E0,6.773040295E0,-3.958570099E1,4.134337366E1
5.103544958E1,9.833755493E0,6.915596008E0,-3.969412994E1,4.147471721E1
5.104543758E1,9.924203873E0,6.777441025E0,-3.977118683E1,4.154721207E1
5.105542558E1,9.779056549E0,6.749156952E0,-3.964086151E1,4.138331751E1
5.106541358E1,9.910066605E0,6.804856300E0,-3.978620148E1,4.156269141E1
5.107540158E1,9.841664314E0,6.819770336E0,-3.949182892E1,4.126708344E1
5.108538958E1,9.913955688E0,6.773015499E0,-3.969864655E1,4.147460420E1
5.109537758E1,9.853403091E0,6.999413013E0,-3.958827972E1,4.139218799E1
5.110536558E1,9.738591194E0,6.878581524E0,-3.962412262E1,4.137905431E1
5.111535358E1,9.798613548E0,6.959912300E0,-3.969115448E1,4.147096515E1
5.112534158E1,9.820116997E0,7.060923576E0,-3.981574249E1,4.161231416E1
5.113532958E1,9.645632744E0,7.056291103E0,-3.982521820E1,4.157977248E1
5.114531758E1,9.670211792E0,7.169317722E0,-4.010002899E1,4.186794045E1
5.115530712E1,9.656740189E0,6.907420158E0,-4.004508209E1,4.176809409E1
5.116529512E1,9.817322731E0,6.901412487E0,-3.992681122E1,4.169124097E1
5.117528312E1,9.774595261E0,6.890063763E0,-3.974294281E1,4.150321908E1
5.118527112E1,9.801033974E0,6.754924774E0,-3.971331024E1,4.145885051E1
5.119525912E1,9.749437332E0,6.839147568E0,-3.961969757E1,4.137083397E1
5.120524712E1,9.757032394E0,6.810939789E0,-3.962145233E1,4.136965152E1
5.121523512E1,9.637480736E0,6.833137989E0,-3.971503448E1,4.143497042E1
5.122522312E1,9.719099045E0,6.947960854E0,-3.987299347E1,4.162439975E1
5.123521112E1,9.548602104E0,6.902416706E0,-3.988277435E1,4.158671481E1
5.124519912E1,9.719357491E0,6.941195965E0,-3.998244476E1,4.172819192E1
5.125518712E1,9.693825722E0,6.711852074E0,-4.008203888E1,4.178024720E1
5.126517512E1,9.665798187E0,6.786394596E0,-4.018300629E1,4.188265513E1
5.127516312E1,9.625755310E0,6.823971748E0,-4.031189728E1,4.200322390E1
5.128515112E1,9.700682640E0,6.756278992E0,-4.005731964E1,4.176528949E1
5.129513912E1,9.669753075E0,6.798917770E0,-4.022483063E1,4.192572488E1
5.130512812E1,9.713063240E0,6.879201412E0,-4.012616730E1,4.185422693E1
5.131511612E1,9.470490456E0,6.824656487E0,-4.015225983E1,4.181471146E1
5.132510412E1,9.586663246E0,6.897759438E0,-4.003035736E1,4.173622776E1
5.133509212E1,9.583725929E0,6.949817657E0,-4.010175323E1,4.181265814E1
5.134508012E1,9.796472549E0,6.792870998E0,-4.000312042E1,4.174162927E1
5.135506812E1,9.757522583E0,6.630571842E0,-4.004657745E1,4.174807895E1
5.136505612E1,9.728830338E0,6.672428131E0,-3.984355927E1,4.155334706E1
5.137504412E1,9.546651840E0,6.689744473E0,-3.993344879E1,4.160013912E1
5.138503212E1,9.667416573E0,6.844101906E0,-3.979486847E1,4.152026289E1
5.139502012E1,9.613335609E0,6.917331696E0,-3.985666656E1,4.157907610E1
5.140500812E1,9.698152542E0,6.940433502E0,-3.995317841E1,4.169508658E1
5.141499612E1,9.482696533E0,6.954813480E0,-3.987100983E1,4.156907972E1
5.142498412E1,9.772434235E0,6.949463844E0,-3.991007233E1,4.167264560E1
5.143497212E1,9.528267860E0,7.013906479E0,-4.006154633E1,4.177212308E1
5.144496012E1,9.698655128E0,6.962887287E0,-3.999707794E1,4.174101046E1
5.145494812E1,9.621876717E0,7.023261070E0,-4.000273895E1,4.173878090E1
5.146493712E1,9.805158615E0,7.000142574E0,-4.007054901E1,4.184246682E1
5.147492512E1,9.757298470E0,7.000068665E0,-4.007207489E1,4.183272667E1
5.148491312E1,9.627869606E0,7.095234871E0,-3.996103668E1,4.171238046E1
5.149490112E1,9.582300186E0,6.927043915E0,-3.994292450E1,4.165623161E1
5.150488912E1,9.732077599E0,6.895986080E0,-4.001009369E1,4.175015635E1
5.151487712E1,9.642261505E0,6.982519627E0,-3.997602081E1,4.171104203E1
5.152486512E1,9.824572563E0,6.941651821E0,-3.993096161E1,4.170360238E1
5.153485312E1,9.630904198E0,6.894936562E0,-4.018869781E1,4.189780302E1
5.154484112E1,9.667009354E0,6.856424809E0,-4.007392120E1,4.178972112E1
5.155482912E1,9.521699905E0,7.059941769E0,-4.021634674E1,4.192684214E1
5.156481712E1,9.589186668E0,6.890364170E0,-4.011913300E1,4.182074188E1
5.157480512E1,9.677459717E0,6.881616592E0,-4.003720856E1,4.176108167E1
5.158479312E1,9.706141472E0,6.820857525E0,-4.009056854E1,4.180893404E1
5.159478112E1,9.715788841E0,6.747696877E0,-4.003784943E1,4.174874073E1
5.160476912E1,9.714463234E0,6.831111431E0,-3.996416473E1,4.169135812E1
5.161475812E1,9.567844391E0,6.918612480E0,-4.014136505E1,4.184184548E1
5.162474612E1,9.653395653E0,6.864200592E0,-3.999571991E1,4.171286263E1
5.163473412E1,9.598003387E0,6.970077991E0,-3.999871063E1,4.172050465E1
5.164472212E1,9.579694748E0,6.968740940E0,-4.001892853E1,4.173545905E1
5.165471012E1,9.498290062E0,6.848121166E0,-4.004827118E1,4.172503208E1
5.166469812E1,9.550267220E0,6.957336903E0,-3.987114716E1,4.158509969E1
5.167468612E1,9.622320175E0,6.830929756E0,-3.974452209E1,4.145934977E1
5.168467412E1,9.594347954E0,6.972813606E0,-3.992161560E1,4.164621273E1
5.169466212E1,9.566781998E0,6.932689667E0,-4.005432129E1,4.176043771E1
5.170465012E1,9.572537422E0,6.842653275E0,-3.978890991E1,4.149232132E1
5.171463812E1,9.483605385E0,6.891966343E0,-3.991220093E1,4.159833836E1
5.172462612E1,9.483605385E0,6.891966343E0,-3.991220093E1,4.159833836E1
5.173461412E1,9.390735626E0,6.833977699E0,-3.995237732E1,4.160626900E1
5.174460212E1,9.477841377E0,6.908021450E0,-3.999078369E1,4.167508870E1
5.175459012E1,9.491552353E0,6.869002342E0,-3.985832214E1,4.154465794E1
5.176457812E1,9.676256180E0,6.891693115E0,-3.993739319E1,4.166678224E1
5.177456712E1,9.528210640E0,6.957676411E0,-3.994297791E1,4.164898010E1
5.178455512E1,9.454571724E0,6.873965263E0,-3.991899109E1,4.159526625E1
5.179454312E1,9.449234962E0,6.988107681E0,-3.979391479E1,4.149309997E1
5.180453112E1,9.508298874E0,6.844398499E0,-3.966348267E1,4.135753130E1
5.181451912E1,9.598268509E0,6.769559860E0,-3.961022949E1,4.131493652E1
5.182450712E1,9.508033752E0,6.886041641E0,-4.004074097E1,4.172626526E1
5.183449512E1,9.490801811E0,7.053252697E0,-3.973475647E1,4.145690008E1
5.184448312E1,9.604477882E0,6.984303474E0,-3.994187927E1,4.166989573E1
5.185447112E1,9.593123436E0,6.996870995E0,-3.988677979E1,4.161657630E1
5.186445912E1,9.730794907E0,6.877140999E0,-4.003221130E1,4.176794680E1
5.187444712E1,9.801711082E0,6.761009216E0,-3.990139771E1,4.164020082E1
5.188443512E1,9.760721207E0,6.754755497E0,-4.001402283E1,4.173751817E1
5.189442312E1,9.853062630E0,6.687632561E0,-4.000526428E1,4.174001010E1
5.190441112E1,9.850546837E0,6.678397179E0,-4.001290894E1,4.174526492E1
5.191439912E1,9.730126381E0,6.767288208E0,-3.996850586E1,4.168876359E1
5.192438712E1,9.881075859E0,6.609045982E0,-3.986442566E1,4.159912958E1
5.193437612E1,9.794082642E0,6.661215782E0,-3.976783752E1,4.149429782E1
5.194436412E1,9.775425911E0,6.702687740E0,-3.995146179E1,4.167258420E1
5.195435212E1,9.874855042E0,6.711456299E0,-3.960885620E1,4.136928688E1
5.196434012E1,9.859860420E0,6.620936871E0,-3.956935120E1,4.131328124E1
5.197432812E1,9.919091225E0,6.610336304E0,-3.974687195E1,4.149576781E1
5.198431612E1,9.801965714E0,6.683818817E0,-3.971626282E1,4.145037392E1
5.199430412E1,9.622356415E0,6.903076172E0,-3.981167603E1,4.153566843E1
5.200429212E1,9.639594078E0,6.749069214E0,-3.986079407E1,4.156145586E1
5.201428012E1,9.703534126E0,6.691843510E0,-3.993589783E1,4.163910757E1
5.202426812E1,9.701821327E0,6.654292107E0,-4.002575684E1,4.171889441E1
5.203425612E1,9.688496590E0,6.722210884E0,-3.992887878E1,4.163376570E1
5.204424412E1,9.783308029E0,6.730668545E0,-4.000752258E1,4.173268357E1
5.205423212E1,9.551791191E0,6.756501675E0,-3.990951538E1,4.158913858E1
5.206422012E1,9.672267914E0,6.655076027E0,-3.994253540E1,4.163230642E1
5.207420812E1,9.665441513E0,6.749298096E0,-3.986575317E1,4.157225109E1
5.208419612E1,9.727642059E0,6.711961269E0,-3.991690063E1,4.162975379E1
5.209418412E1,9.753226280E0,6.689065456E0,-3.970202637E1,4.142607774E1
5.210417312E1,9.742234230E0,6.655193329E0,-3.964021301E1,4.135878642E1
5.211416112E1,9.613211632E0,6.802143097E0,-3.976023865E1,4.146757246E1
5.212414912E1,9.771996498E0,6.744696140E0,-3.979225159E1,4.152596932E1
5.213413712E1,9.818060875E0,6.732036114E0,-3.988404846E1,4.162273359E1
5.214412512E1,9.857675552E0,6.701284885E0,-3.984027100E1,4.158519183E1
5.215411296E1,9.677701950E0,6.734384537E0,-3.989802551E1,4.160363313E1
5.216410096E1,9.686551094E0,6.753203869E0,-3.990931702E1,4.161957015E1
5.217408896E1,9.774399757E0,6.662422657E0,-3.987091064E1,4.158865569E1
5.218407696E1,9.744483948E0,6.672019005E0,-3.995310974E1,4.166199447E1
5.219406496E1,9.722204208E0,6.712268353E0,-4.013038635E1,4.183328471E1
5.220405296E1,9.777876854E0,6.673728466E0,-4.013134766E1,4.184101567E1
5.221404096E1,9.658276558E0,6.741780281E0,-3.998344421E1,4.168224704E1
5.222402896E1,9.746474266E0,6.708915710E0,-3.999726868E1,4.171072778E1
5.223401696E1,9.675657272E0,6.779226780E0,-4.006977844E1,4.177515295E1
5.224400496E1,9.794976234E0,6.768422127E0,-4.010968018E1,4.183944958E1
5.225399296E1,9.778164864E0,6.718190193E0,-4.022230530E1,4.193543169E1
5.226398196E1,9.751078606E0,6.707604885E0,-4.006010437E1,4.177185008E1
5.227396996E1,9.719987869E0,6.699975014E0,-4.002548218E1,4.173016958E1
5.228395796E1,9.699230194E0,6.627678871E0,-3.985302734E1,4.154834512E1
5.229394596E1,9.696040154E0,6.603642464E0,-4.003440857E1,4.171780385E1
5.230393396E1,9.764940262E0,6.585372448E0,-4.004806519E1,4.174408597E1
5.231392196E1,9.652215004E0,6.626140118E0,-4.011082458E1,4.178455739E1
5.232390996E1,9.672649384E0,6.761257172E0,-3.997064209E1,4.167645587E1
5.233389796E1,9.565975189E0,6.742611408E0,-4.012321472E1,4.179525152E1
5.234388596E1,9.749906540E0,6.857205868E0,-4.000880432E1,4.174669296E1
5.235387396E1,9.702799797E0,6.907842636E0,-4.003356934E1,4.176780204E1
5.236386196E1,9.723614693E0,6.887716293E0,-3.992907715E1,4.166917950E1
5.237384996E1,9.612639427E0,6.919866562E0,-4.003642273E1,4.175167703E1
5.238383796E1,9.804788589E0,6.864121437E0,-4.008653259E1,4.183515433E1
5.239382596E1,9.788424492E0,6.792998791E0,-4.005180359E1,4.178642193E1
5.240381396E1,9.803110123E0,6.874177456E0,-4.004139709E1,4.179316649E1
5.241380196E1,9.695215225E0,6.855505943E0,-4.015725708E1,4.187601290E1
5.242379096E1,9.877751350E0,6.887874126E0,-4.005856323E1,4.182943067E1
5.243377896E1,9.704025269E0,6.915031910E0,-4.015040588E1,4.188127106E1
5.244376696E1,9.684327126E0,6.835204124E0,-4.006015015E1,4.177704917E1
5.245375496E1,9.787913322E0,6.841455460E0,-3.987059021E1,4.162058053E1
5.246374296E1,9.729161263E0,6.818117142E0,-3.990278625E1,4.163382821E1
5.247373096E1,9.765491486E0,6.850335598E0,-4.006005859E1,4.179832791E1
5.248371896E1,9.901653290E0,6.823332787E0,-4.003407288E1,4.180104782E1
5.249370696E1,9.904248238E0,6.825918674E0,-4.005894470E1,4.182590524E1
5.250369496E1,9.917289734E0,6.957624435E0,-4.010110474E1,4.189104647E1
5.251368296E1,9.710060120E0,6.784398079E0,-4.003585815E1,4.175144624E1
5.252367096E1,9.846619606E0,6.792459488E0,-4.000827026E1,4.175829394E1
5.253365896E1,9.597488403E0,6.898728848E0,-4.014755249E1,4.185128689E1
5.254364696E1,9.743484497E0,6.783638477E0,-3.984591675E1,4.157704081E1
5.255363496E1,9.666761398E0,6.743939877E0,-3.995451355E1,4.165681402E1
5.256362296E1,9.501489639E0,6.899143219E0,-3.987283325E1,4.156584312E1
5.257361096E1,9.501489639E0,6.899143219E0,-3.987283325E1,4.156584312E1
5.258359896E1,9.618366241E0,6.747296810E0,-3.984840393E1,4.154436519E1
5.259358796E1,9.773791313E0,6.669410706E0,-3.978993225E1,4.151200723E1
5.260357596E1,9.666184425E0,6.591157436E0,-3.996551514E1,4.164277702E1
5.261356396E1,9.739380836E0,6.615628242E0,-4.003265381E1,4.172811339E1
5.262355196E1,9.654524803E0,6.720825672E0,-4.012432861E1,4.181316890E1
5.263353996E1,9.766878128E0,6.671112061E0,-4.010264587E1,4.181049929E1
5.264352796E1,9.800241470E0,6.676873684E0,-4.005134583E1,4.177003325E1
5.265351596E1,9.770668983E0,6.741793633E0,-4.003723145E1,4.176000067E1
5.266350396E1,9.808611870E0,6.792778015E0,-3.989111328E1,4.163714230E1
5.267349196E1,9.865073204E0,6.780904770E0,-3.995083618E1,4.170575081E1
5.268347996E1,9.771883965E0,6.774600029E0,-3.975540161E1,4.149550432E1
5.269346796E1,9.808292389E0,6.837886810E0,-3.977854919E1,4.153663770E1
5.270345596E1,9.792314529E0,6.816950798E0,-4.019876099E1,4.193209543E1
5.271344396E1,9.874483109E0,6.976849556E0,-3.999780273E1,4.178523746E1
5.272343196E1,9.892007828E0,6.826623917E0,-4.023234558E1,4.198923962E1
5.273341996E1,9.948769569E0,6.760365963E0,-4.000733948E1,4.177640214E1
5.274340796E1,9.912429810E0,6.806753159E0,-4.000746155E1,4.177541302E1
5.275339596E1,9.831122398E0,6.742964745E0,-3.989894104E1,4.164185439E1
5.276338396E1,9.899511337E0,6.676528454E0,-3.981199646E1,4.156406403E1
5.277337296E1,9.654983521E0,6.750755310E0,-3.993283081E1,4.163438940E1
5.278336096E1,9.665883064E0,6.701069355E0,-4.005186462E1,4.174308908E1
5.279334896E1,9.772588730E0,6.762881279E0,-3.996827698E1,4.169776035E1
5.280333696E1,9.768430710E0,6.651424885E0,-3.999203491E1,4.170163723E1
5.281332496E1,9.976354599E0,6.738207340E0,-4.008674622E1,4.185544542E1
5.282331296E1,9.771462440E0,6.601611614E0,-4.015258789E1,4.184845360E1
5.283330096E1,9.711151123E0,6.592645168E0,-4.016725159E1,4.184707309E1
5.284328896E1,9.850914001E0,6.664682388E0,-4.017018127E1,4.189393705E1
5.285327696E1,9.855990410E0,6.650144100E0,-4.018083191E1,4.190303350E1
5.286326496E1,9.747292519E0,6.619207859E0,-3.990673828E1,4.160975107E1
5.287325296E1,9.815429688E0,6.643751621E0,-3.978018188E1,4.150837224E1
5.288324096E1,9.835927010E0,6.589641094E0,-3.988443756E1,4.160453328E1
5.289322896E1,9.797206879E0,6.738279819E0,-3.987038422E1,4.160573536E1
5.290321696E1,9.957840919E0,6.556554794E0,-3.999008942E1,4.172953700E1
5.291320496E1,9.907378197E0,6.632071018E0,-4.002332306E1,4.176130862E1
5.292319296E1,9.882875443E0,6.697904110E0,-4.012339020E1,4.186191094E1
5.293318196E1,9.759592056E0,6.703258038E0,-4.003466034E1,4.174874051E1
5.294316996E1,9.855670929E0,6.709573746E0,-4.005991364E1,4.179652270E1
5.295315796E1,9.879217148E0,6.614371777E0,-4.005461884E1,4.178183021E1
5.296314596E1,1.004089260E1,6.543448925E0,-4.007019806E1,4.182412008E1
5.297313396E1,9.946068764E0,6.701794624E0,-4.008087921E1,4.183676868E1
5.298312196E1,9.885427475E0,6.805130959E0,-4.007331085E1,4.183182672E1
5.299310996E1,9.848737717E0,6.873860836E0,-4.022429657E1,4.197906183E1
5.300309796E1,9.808745384E0,6.796433449E0,-4.014728546E1,4.188326066E1
5.301308596E1,9.828648567E0,6.816248894E0,-4.008954620E1,4.183581356E1
5.302307396E1,9.969322205E0,6.797480106E0,-3.996376801E1,4.174560904E1
5.303306196E1,9.804837227E0,6.766704082E0,-3.997504425E1,4.171243556E1
5.304304996E1,9.918095589E0,6.687536716E0,-3.992679596E1,4.168022077E1
5.305303796E1,9.911763191E0,6.727564812E0,-3.995883942E1,4.171584861E1
5.306302596E1,9.868611336E0,6.645352364E0,-4.000304413E1,4.173480247E1
5.307301396E1,9.998369217E0,6.632695198E0,-4.005022430E1,4.180885671E1
5.308300196E1,9.987836838E0,6.600285530E0,-4.015705109E1,4.190357271E1
5.309298996E1,1.002245522E1,6.678291321E0,-4.007913971E1,4.184957136E1
5.310297896E1,1.005301571E1,6.594410896E0,-4.010390472E1,4.186732084E1
5.311296696E1,9.915363312E0,6.688288212E0,-4.018082428E1,4.192309946E1
5.312295496E1,9.995475769E0,6.652971268E0,-3.999040985E1,4.175409492E1
5.313294296E1,9.925566673E0,6.752527237E0,-3.993599701E1,4.170128721E1
5.314293096E1,9.997932434E0,6.732853413E0,-3.999069977E1,4.176776312E1
5.315291862E1,9.856556892E0,6.732810020E0,-4.000347137E1,4.174637908E1
5.316290662E1,9.894478798E0,6.791263580E0,-3.990044403E1,4.166614220E1
5.317289462E1,9.814930916E0,6.830965519E0,-3.994034576E1,4.169203975E1
5.318288262E1,9.932648659E0,6.754446030E0,-4.005803680E1,4.182016694E1
5.319287062E1,1.002110291E1,6.705814838E0,-4.021570587E1,4.198444301E1
5.320285862E1,9.937587738E0,6.731653214E0,-4.004543304E1,4.180559188E1
5.321284662E1,9.936785698E0,6.820309639E0,-4.002274323E1,4.179804193E1
5.322283462E1,9.986836433E0,6.808558464E0,-3.998160553E1,4.176867428E1
5.323282262E1,9.861334801E0,6.777170658E0,-4.000234222E1,4.175360283E1
5.324281062E1,9.877281189E0,6.789152622E0,-4.005019379E1,4.180515876E1
5.325279862E1,9.733841896E0,6.943312645E0,-4.001371002E1,4.176187566E1
5.326278662E1,9.804317474E0,6.893888950E0,-4.009967804E1,4.185253308E1
5.327277462E1,9.758192062E0,6.801325798E0,-4.003285980E1,4.176254553E1
5.328276362E1,9.815242767E0,6.796944618E0,-4.007076263E1,4.181152311E1
5.329275162E1,9.621814728E0,6.979181290E0,-4.007254791E1,4.179829406E1
5.330273962E1,9.734315872E0,6.977789402E0,-4.010803986E1,4.185810927E1
5.331272762E1,9.606251717E0,6.898383617E0,-4.002043915E1,4.173132299E1
5.332271562E1,9.926189423E0,6.861396313E0,-4.009355927E1,4.187005482E1
5.333270362E1,9.717799187E0,6.897284508E0,-4.025031281E1,4.197732525E1
5.334269162E1,9.890388489E0,6.921274662E0,-4.019850922E1,4.197194266E1
5.335267962E1,9.838907242E0,6.860892296E0,-4.014299774E1,4.189673265E1
5.336266762E1,9.831110954E0,6.747362614E0,-4.003342438E1,4.177143417E1
5.337265562E1,9.792880058E0,6.822715282E0,-4.007828522E1,4.181768633E1
5.338264362E1,9.793537140E0,6.750851631E0,-4.015779877E1,4.188240883E1
5.339263162E1,9.869797707E0,6.720421314E0,-4.018563080E1,4.192209313E1
5.340261962E1,9.851069450E0,6.887257099E0,-4.010190582E1,4.186455219E1
5.341260762E1,9.789205551E0,6.836528778E0,-4.010691071E1,4.184651667E1
5.342259562E1,9.789205551E0,6.836528778E0,-4.010691071E1,4.184651667E1
5.343258362E1,1.003132248E1,6.752294064E0,-4.006220245E1,4.184735322E1
5.344257162E1,9.802366257E0,6.539822578E0,-4.007718658E1,4.177363461E1
5.345255962E1,9.875902176E0,6.710399151E0,-3.997809601E1,4.172302795E1
5.346254862E1,9.816292763E0,6.635345459E0,-4.006870270E1,4.178382880E1
5.347253662E1,9.803682327E0,6.696301937E0,-3.970163727E1,4.143878194E1
5.348252462E1,9.849740028E0,6.690246582E0,-3.986167145E1,4.160203875E1
5.349251262E1,9.820166588E0,6.616914272E0,-3.987168121E1,4.159291032E1
5.350250062E1,9.717762947E0,6.654596806E0,-4.004619598E1,4.174226142E1
5.351248862E1,9.765444756E0,6.748697758E0,-4.000200653E1,4.172612322E1
5.352247662E1,9.919929504E0,6.645252228E0,-4.011425018E1,4.185352370E1
5.353246462E1,9.950623512E0,6.712973595E0,-3.999546051E1,4.175782303E1
5.354245262E1,9.861355782E0,6.583211899E0,-4.006287384E1,4.178060408E1
5.355244062E1,9.896544456E0,6.683385372E0,-3.994342804E1,4.169036670E1
5.356242862E1,9.872020721E0,6.570981026E0,-3.996219635E1,4.168467011E1
5.357241662E1,9.850773811E0,6.586081028E0,-4.006227875E1,4.177798926E1
5.358240462E1,9.837326050E0,6.586023331E0,-3.990903473E1,4.162787215E1
5.359239262E1,9.851259232E0,6.734235287E0,-3.980651093E1,4.155665465E1
5.360238062E1,9.769239426E0,6.586719513E0,-3.986777496E1,4.157237536E1
5.361236862E1,9.826422691E0,6.710756779E0,-4.002106476E1,4.175258631E1
5.362235662E1,9.854083061E0,6.606028557E0,-4.011103058E1,4.182866649E1
5.363234562E1,9.922004700E0,6.483097553E0,-3.989392853E1,4.161733130E1
5.364233362E1,9.814077377E0,6.674125671E0,-3.983368683E1,4.156419943E1
5.365232162E1,9.824928284E0,6.739955902E0,-3.977768707E1,4.152373550E1
5.366230962E1,9.972576141E0,6.598696232E0,-3.970293427E1,4.146466033E1
5.367229762E1,9.746109009E0,6.735517025E0,-3.980730438E1,4.153282211E1
5.368228562E1,9.681391716E0,6.752581596E0,-3.998708344E1,4.169284765E1
5.369227362E1,9.760190964E0,6.761433601E0,-4.007102203E1,4.179312287E1
5.370226162E1,9.739521980E0,6.773384571E0,-4.009474945E1,4.181298794E1
5.371224962E1,9.839392662E0,6.657288551E0,-3.977802277E1,4.151414499E1
5.372223762E1,9.817811012E0,6.614214897E0,-3.983890533E1,4.156050565E1
5.373222562E1,9.806035995E0,6.609258175E0,-3.969348907E1,4.141755317E1
5.374221362E1,9.777971268E0,6.614604473E0,-3.974953461E1,4.146549428E1
5.375220162E1,9.716135025E0,6.705702782E0,-3.982489777E1,4.153784072E1
5.376218962E1,9.811352730E0,6.740810871E0,-3.990932465E1,4.164679300E1
5.377217762E1,9.807832718E0,6.699759483E0,-3.999910736E1,4.172539933E1
5.378216562E1,9.798709869E0,6.618792057E0,-3.987857819E1,4.159476075E1
5.379215362E1,9.649206161E0,6.828771591E0,-3.968782806E1,4.141090433E1
5.380214162E1,9.683493614E0,6.774374485E0,-3.980168915E1,4.151911195E1
5.381212962E1,9.820587158E0,6.767516136E0,-3.990334320E1,4.164756902E1
5.382211862E1,9.607794762E0,6.853645325E0,-3.994724274E1,4.165410396E1
5.383210662E1,9.808255196E0,6.809125900E0,-3.993311310E1,4.167996626E1
5.384209462E1,9.855734825E0,6.875257492E0,-3.999518585E1,4.176146029E1
5.385208262E1,9.787596703E0,6.918749332E0,-4.010517120E1,4.185798489E1
5.386207062E1,9.836330414E0,6.781011105E0,-4.001102448E1,4.175664722E1
5.387205862E1,9.849829674E0,6.792339325E0,-4.006386566E1,4.181229903E1
5.388204662E1,9.895817757E0,6.788599014E0,-3.997219086E1,4.173473766E1
5.389203462E1,9.903525352E0,6.848893642E0,-3.994435883E1,4.171976702E1
5.390202262E1,9.871715546E0,6.722846985E0,-4.017073822E1,4.190865840E1
5.391201062E1,9.841998100E0,6.853354454E0,-4.012796783E1,4.188182418E1
5.392199862E1,9.934011459E0,6.847969532E0,-4.007231903E1,4.184937303E1
5.393198662E1,9.839282036E0,6.825161457E0,-3.997115326E1,4.172633932E1
5.394197462E1,1.000764179E1,6.893990517E0,-3.992298126E1,4.173157596E1
5.395196262E1,9.934816360E0,6.787205696E0,-4.006150055E1,4.182930269E1
5.396195062E1,1.005942535E1,6.659486771E0,-4.009017181E1,4.186600863E1
5.397193862E1,1.005386734E1,6.681046009E0,-4.005559540E1,4.183500146E1
5.398192662E1,1.002805233E1,6.681363583E0,-4.016289520E1,4.193161819E1
5.399191562E1,1.004143429E1,6.630530834E0,-4.017821503E1,4.194142707E1
5.400190362E1,9.999440193E0,6.812529564E0,-4.011687469E1,4.190182572E1
5.401189162E1,9.770947456E0,6.807521343E0,-4.018795013E1,4.191521319E1
5.402187962E1,9.938655853E0,6.843232155E0,-4.003421783E1,4.181321925E1
5.403186762E1,9.778852463E0,6.790115833E0,-3.985903168E1,4.159896675E1
5.404185562E1,9.973980904E0,6.712995529E0,-3.977123260E1,4.154871294E1
5.405184362E1,9.847219467E0,6.804496288E0,-3.999326324E1,4.174601785E1
5.406183162E1,9.829830170E0,6.746419430E0,-3.996030426E1,4.170090710E1
5.407181962E1,9.785102844E0,6.699991226E0,-4.000154877E1,4.172244029E1
5.408180762E1,9.794281960E0,6.622711658E0,-3.986310577E1,4.157950782E1
5.409179562E1,9.618985176E0,6.753617287E0,-3.998992157E1,4.168129136E1
5.410178362E1,9.777633667E0,6.823744297E0,-4.018076324E1,4.191252010E1
5.411177162E1,9.781928062E0,6.746687412E0,-4.004198456E1,4.176798337E1
5.412175962E1,9.997921944E0,6.710827351E0,-4.001178741E1,4.178440832E1
5.413174762E1,9.874948502E0,6.727529049E0,-4.001058197E1,4.175668718E1
5.414173562E1,9.958322525E0,6.903226852E0,-3.999686432E1,4.179200742E1
5.415172400E1,9.843723297E0,6.817099094E0,-3.990082550E1,4.165870382E1
5.416171200E1,9.745568275E0,6.861476898E0,-4.000742340E1,4.174505831E1
5.417170100E1,9.864310265E0,6.871684074E0,-4.009589386E1,4.185935216E1
5.418168900E1,9.873620987E0,6.906605721E0,-4.003864288E1,4.181246845E1
5.419167700E1,9.751872063E0,6.951759815E0,-3.995467377E1,4.171093297E1
5.420166500E1,9.875099182E0,6.832342148E0,-3.991974640E1,4.168674412E1
5.421165300E1,9.770184517E0,6.723579884E0,-4.000740814E1,4.172835652E1
5.422164100E1,9.783977509E0,6.880216599E0,-3.978054047E1,4.153980015E1
5.423162900E1,9.659869194E0,6.876537323E0,-3.989676666E1,4.162153083E1
5.424161700E1,9.640910149E0,6.990260601E0,-3.976622772E1,4.151100768E1
5.425160500E1,9.773197174E0,6.924973011E0,-3.981354523E1,4.157630356E1
5.426159300E1,9.789463043E0,6.924403191E0,-3.985567474E1,4.162037669E1
5.427158100E1,9.818227768E0,6.916097641E0,-3.987703705E1,4.164622536E1
5.428156900E1,9.818227768E0,6.916097641E0,-3.987703705E1,4.164622536E1
5.429155700E1,9.935203552E0,6.797227383E0,-3.984313202E1,4.162193819E1
5.430154500E1,9.911503792E0,6.749510288E0,-4.003054047E1,4.178801224E1
5.431153300E1,9.891932487E0,6.809143543E0,-3.994516754E1,4.171128353E1
5.432152100E1,9.795966148E0,6.878468513E0,-3.996646881E1,4.172041360E1
5.433150900E1,9.936738014E0,6.958270073E0,-3.988277435E1,4.168683215E1
5.434149700E1,9.829797745E0,6.892704487E0,-3.984438324E1,4.161380990E1
5.435148500E1,9.814927101E0,6.836536407E0,-4.004679108E1,4.179493390E1
5.436147400E1,9.713182449E0,6.931981087E0,-4.014507294E1,4.188108351E1
5.437146200E1,9.672566414E0,7.014260292E0,-3.996244049E1,4.171037087E1
5.438145000E1,9.668146133E0,7.053571701E0,-4.008553314E1,4.183390838E1
5.439143800E1,9.829492569E0,6.862355709E0,-3.984781647E1,4.161200941E1
5.440142600E1,9.700834274E0,6.962995529E0,-3.989868927E1,4.164726759E1
5.441141400E1,9.764665604E0,7.032617092E0,-4.000595856E1,4.177658576E1
5.442140200E1,9.637290001E0,7.030479908E0,-4.009668732E1,4.183359105E1
5.443139000E1,9.740871429E0,7.071297646E0,-3.995410919E1,4.172791234E1
5.444137800E1,9.686112404E0,6.976800442E0,-3.994181061E1,4.168746517E1
5.445136600E1,9.666401863E0,7.006810665E0,-3.996921539E1,4.171418104E1
5.446135400E1,9.668094635E0,7.020843029E0,-4.004215240E1,4.178681921E1
5.447134200E1,9.751953125E0,6.938654900E0,-4.003783417E1,4.178843963E1
5.448133000E1,9.684387207E0,6.853653431E0,-3.996828461E1,4.169200997E1
5.449131800E1,9.679064751E0,6.952451706E0,-4.012900543E1,4.186117481E1
5.450130600E1,9.455980301E0,7.101907730E0,-3.988488770E1,4.160116493E1
5.451129400E1,9.574172974E0,7.021436214E0,-3.999406433E1,4.171918667E1
5.452128200E1,9.610235214E0,6.844748974E0,-4.003131104E1,4.173383606E1
5.453127100E1,9.693297386E0,7.033173084E0,-4.001158142E1,4.176544248E1
5.454125900E1,9.822517395E0,6.890312195E0,-4.003807068E1,4.179719313E1
5.455124700E1,9.736741066E0,6.902868271E0,-4.005799866E1,4.179828912E1
5.456123500E1,9.795147896E0,6.973968029E0,-3.999870300E1,4.176694140E1
5.457122300E1,9.631187439E0,7.057822227E0,-3.993412781E1,4.168101714E1
5.458121100E1,9.636493683E0,7.052138329E0,-3.981199646E1,4.156428428E1
5.459119900E1,9.632436752E0,7.052780151E0,-3.993653870E1,4.168276225E1
5.460118700E1,9.702400208E0,6.978297710E0,-4.006448364E1,4.180904278E1
5.461117500E1,9.697139740E0,7.054470062E0,-3.997640991E1,4.173623625E1
5.462116300E1,9.766771317E0,6.790237427E0,-4.002946472E1,4.175949224E1
5.463115100E1,9.762825012E0,6.935755730E0,-3.998986816E1,4.174454474E1
5.464113900E1,9.785139084E0,6.990958691E0,-3.988577271E1,4.165930046E1
5.465112700E1,9.670627594E0,6.905292988E0,-3.992721558E1,4.165797226E1
5.466111500E1,9.861628532E0,6.962290287E0,-4.000340271E1,4.178513410E1
5.467110300E1,9.729184151E0,7.069508076E0,-3.998945618E1,4.175873051E1
5.468109100E1,9.854159355E0,6.940748215E0,-4.001475525E1,4.179065781E1
5.469107900E1,9.937595367E0,6.952285290E0,-4.004556274E1,4.184181124E1
5.470106700E1,9.740839005E0,7.046083927E0,-4.003341675E1,4.179958971E1
5.471105500E1,9.783705711E0,7.043962002E0,-3.997880554E1,4.175695380E1
5.472104400E1,9.834243774E0,6.912769794E0,-3.991867065E1,4.168931522E1
5.473103200E1,9.869137764E0,6.883749485E0,-3.992849731E1,4.170216763E1
5.474102000E1,9.951900482E0,6.919525146E0,-3.994624329E1,4.174473026E1
5.475100800E1,9.657626152E0,6.869985580E0,-3.998156738E1,4.170122510E1
5.476099600E1,9.781723976E0,6.935354710E0,-3.997805786E1,4.173758952E1
5.477098400E1,9.710842133E0,6.947398663E0,-3.994459534E1,4.169097624E1
5.478097200E1,9.697959900E0,6.932236671E0,-4.022605896E1,4.195523985E1
5.479096000E1,9.757137299E0,6.954741955E0,-4.010055542E1,4.185241581E1
5.480094800E1,9.799020767E0,6.893413544E0,-3.990841675E1,4.166799354E1
5.481093600E1,9.695307732E0,6.995456219E0,-3.993246460E1,4.168377537E1
5.482092400E1,9.736045837E0,6.999970436E0,-3.994517517E1,4.170620091E1
5.483091200E1,9.772747040E0,6.891353130E0,-3.991001892E1,4.166301649E1
5.484090000E1,9.747540474E0,7.081793785E0,-4.000956726E1,4.178434899E1
5.485088800E1,9.633935928E0,6.998202324E0,-3.987408447E1,4.161406216E1
5.486087600E1,9.728796005E0,6.916851521E0,-3.999784851E1,4.174110914E1
5.487086400E1,9.576367378E0,6.975928307E0,-3.994531250E1,4.166531385E1
5.488085200E1,9.688854218E0,6.838968754E0,-3.977613831E1,4.150646417E1
5.489084000E1,9.721240997E0,6.898472786E0,-3.989392090E1,4.163671911E1
5.490082800E1,9.785758972E0,6.862421989E0,-4.003137207E1,4.177756173E1
5.491081700E1,9.568103790E0,7.021897316E0,-4.002156830E1,4.174424010E1
5.492080500E1,9.624785423E0,6.981184006E0,-4.003514862E1,4.176345950E1
5.493079300E1,9.596729279E0,6.989256382E0,-3.979161835E1,4.152492996E1
5.494078100E1,9.742572784E0,7.030982494E0,-3.988460541E1,4.165494194E1
5.495076900E1,9.559975624E0,7.078717232E0,-3.986080170E1,4.159789518E1
5.496075700E1,9.516291618E0,6.978209019E0,-3.980466461E1,4.151706314E1
5.497074500E1,9.501282692E0,7.027969360E0,-3.979807281E1,4.151569975E1
5.498073300E1,9.691173553E0,7.006545544E0,-3.980982208E1,4.156720413E1
5.499072100E1,9.724718094E0,7.063258648E0,-3.993350983E1,4.170305710E1
5.500070900E1,9.773956299E0,6.983305931E0,-3.988904572E1,4.165852556E1
5.501069700E1,9.617604256E0,6.994575977E0,-3.988756561E1,4.162259357E1
5.502068500E1,9.808365822E0,6.920804024E0,-3.974837494E1,4.152149899E1
5.503067300E1,9.678746223E0,7.023082256E0,-3.980704498E1,4.156443965E1
5.504066100E1,9.954051971E0,7.024781227E0,-3.977353668E1,4.159765525E1
5.505064900E1,9.927526474E0,6.859440327E0,-3.981821442E1,4.160646468E1
5.506063700E1,9.668035507E0,7.047796726E0,-3.973155975E1,4.149384520E1
5.507062500E1,9.584499359E0,6.996152878E0,-3.972031403E1,4.145494095E1
5.508061400E1,9.641808510E0,7.032257557E0,-3.972896576E1,4.148262092E1
5.509060200E1,9.609663010E0,6.956111431E0,-3.964913177E1,4.138582801E1
5.510059000E1,9.645673752E0,7.027498245E0,-3.988484955E1,4.163203066E1
5.511057800E1,9.589181900E0,6.991063595E0,-3.975827789E1,4.149154180E1
5.512056600E1,9.589181900E0,6.991063595E0,-3.975827789E1,4.149154180E1
5.513055400E1,9.634506226E0,7.033133984E0,-3.959566498E1,4.135342028E1
5.514054200E1,9.554849625E0,7.069832325E0,-3.974246979E1,4.148182235E1
5.515052983E1,9.638281822E0,7.127172470E0,-3.967299652E1,4.144441720E1
5.516051783E1,9.555127144E0,7.109204769E0,-3.977179718E1,4.151670866E1
5.517050583E1,9.587940216E0,7.138356209E0,-3.986492157E1,4.161846584E1
5.518049383E1,9.635386467E0,7.061508179E0,-3.979087067E1,4.154538432E1
5.519048183E1,9.662425995E0,7.063662529E0,-3.970409393E1,4.146893873E1
5.520046983E1,9.583776474E0,7.000111580E0,-3.971688080E1,4.145215259E1
5.521045783E1,9.673062325E0,6.998464108E0,-3.974027252E1,4.149501048E1
5.522044583E1,9.507127762E0,6.959046841E0,-3.982796478E1,4.153408949E1
5.523043383E1,9.694321632E0,7.068122387E0,-3.983524323E1,4.160270218E1
5.524042183E1,9.495592117E0,6.895397663E0,-3.973763275E1,4.143419162E1
5.525040983E1,9.668847084E0,6.881933689E0,-3.973261261E1,4.146719330E1
5.526039783E1,9.791130066E0,6.945409775E0,-3.987476349E1,4.164254685E1
5.527038683E1,9.725975037E0,6.959731579E0,-3.964513397E1,4.140977061E1
5.528037483E1,9.665077209E0,6.841908932E0,-3.980654144E1,4.153054511E1
5.529036283E1,9.703482628E0,6.867681980E0,-3.975279999E1,4.149226118E1
5.530035083E1,9.600701332E0,6.959517956E0,-3.972269440E1,4.145480438E1
5.531033883E1,9.745495796E0,6.886508942E0,-3.982636261E1,4.157568824E1
5.532032683E1,9.558896065E0,6.793843746E0,-3.988869476E1,4.157687791E1
5.533031483E1,9.678216934E0,6.824539185E0,-3.995592499E1,4.167395061E1
5.534030283E1,9.528285980E0,6.871557713E0,-4.013709259E1,4.182096054E1
5.535029083E1,9.624825478E0,6.848152637E0,-4.011052704E1,4.181373984E1
5.536027883E1,9.570562363E0,6.779466629E0,-4.010471344E1,4.178450516E1
5.537026683E1,9.599601746E0,6.901782513E0,-4.002829742E1,4.173789106E1
5.538025483E1,9.564388275E0,6.951789856E0,-4.000112152E1,4.171204416E1
5.539024283E1,9.519194603E0,6.989600658E0,-3.997510529E1,4.168307361E1
5.540023083E1,9.619618416E0,6.815445423E0,-4.000817108E1,4.170900512E1
5.541021883E1,9.761813164E0,6.949594975E0,-3.994907379E1,4.170753365E1
5.542020683E1,9.562044144E0,6.886933327E0,-3.993846893E1,4.164065129E1
5.543019483E1,9.647041321E0,7.022458076E0,-3.996488190E1,4.170817796E1
5.544018283E1,9.596261024E0,6.980545998E0,-4.002829742E1,4.175021967E1
5.545017083E1,9.638332367E0,6.919332027E0,-3.995148468E1,4.167608109E1
5.546015983E1,9.558710098E0,6.944798470E0,-3.993343353E1,4.164466686E1
5.547014783E1,9.456219673E0,7.031155109E0,-3.991710663E1,4.162009892E1
5.548013583E1,9.458018303E0,6.978272915E0,-4.007250214E1,4.176069720E1
5.549012383E1,9.444110870E0,7.173726082E0,-3.994989777E1,4.167310773E1
5.550011183E1,9.546725273E0,7.091364861E0,-3.999942780E1,4.172986512E1
5.551009983E1,9.668640137E0,7.114524364E0,-3.999839020E1,4.176087017E1
5.552008783E1,9.583982468E0,6.922313690E0,-4.003160858E1,4.174087724E1
5.553007583E1,9.537772179E0,7.077304840E0,-3.987248993E1,4.160375939E1
5.554006383E1,9.668034554E0,6.978930473E0,-4.001268768E1,4.175154534E1
5.555005183E1,9.514864922E0,7.003001690E0,-3.982985687E1,4.154506211E1
5.556003983E1,9.517936707E0,6.934576035E0,-3.995046234E1,4.164995685E1
5.557002783E1,9.444571495E0,7.029238701E0,-4.005829620E1,4.175257144E1
5.558001583E1,9.528550148E0,7.068395615E0,-3.996611786E1,4.168987960E1
5.559000383E1,9.508831024E0,6.997113705E0,-4.014339447E1,4.184339359E1
5.559999183E1,9.469139099E0,7.070518017E0,-3.993561554E1,4.164745141E1
5.560997983E1,9.548608780E0,7.048105717E0,-3.988469696E1,4.161298806E1
5.561996783E1,9.509430885E0,6.967323780E0,-4.001337433E1,4.171382267E1
5.562995583E1,9.536191940E0,6.993945599E0,-3.979239655E1,4.151251684E1
5.563994483E1,9.481739998E0,7.084833145E0,-3.986989594E1,4.158974460E1
5.564993283E1,9.509393692E0,6.947626591E0,-3.994301605E1,4.164303801E1
5.565992083E1,9.467651367E0,7.080754280E0,-3.990444183E1,4.161896180E1
5.566990883E1,9.407402039E0,7.167689323E0,-3.983116913E1,4.154993403E1
5.567989683E1,9.384469032E0,7.064692974E0,-4.001708221E1,4.170545546E1
5.568988483E1,9.248598099E0,7.054547787E0,-3.979029083E1,4.145564444E1
5.569987283E1,9.298423767E0,7.071592808E0,-3.997478485E1,4.164674697E1
5.570986083E1,9.307289124E0,7.090536594E0,-3.993212128E1,4.161100395E1
5.571984883E1,9.282896996E0,7.013113976E0,-3.979956818E1,4.146518505E1
5.572983683E1,9.223109245E0,7.131686211E0,-3.972916412E1,4.140450669E1
5.573982483E1,9.335328102E0,7.057484627E0,-3.981076813E1,4.149522501E1
5.574981283E1,9.361065865E0,7.036344528E0,-3.985027313E1,4.153533396E1
5.575980083E1,9.419466972E0,7.081076145E0,-3.974011993E1,4.145051423E1
5.576978883E1,9.247602463E0,7.163516998E0,-3.970505524E1,4.139233671E1
5.577977683E1,9.498452187E0,7.048576355E0,-3.984825897E1,4.156665449E1
5.578976483E1,9.399142265E0,6.982602119E0,-3.989392853E1,4.157675001E1
5.579975283E1,9.326154709E0,7.025042057E0,-4.001485443E1,4.168353335E1
5.580974083E1,9.305207253E0,7.084409237E0,-4.004410553E1,4.171697645E1
5.581972883E1,9.367950439E0,7.085870266E0,-3.980683136E1,4.150363690E1
5.582971783E1,9.290084839E0,7.128258228E0,-3.992203522E1,4.160392575E1
5.583970583E1,9.462403297E0,7.007911205E0,-3.996607208E1,4.166455104E1
5.584969383E1,9.451845169E0,7.030815125E0,-4.000771332E1,4.170595717E1
5.585968183E1,9.443371773E0,6.943653107E0,-4.011351776E1,4.179097864E1
5.586966983E1,9.466797829E0,7.130223274E0,-3.987392426E1,4.159795885E1
5.587965783E1,9.540489197E0,7.009834766E0,-3.985649872E1,4.157762869E1
5.588964583E1,9.558974266E0,7.048173428E0,-3.961649323E1,4.135840027E1
5.589963383E1,9.410657883E0,7.085359573E0,-3.963060760E1,4.134426032E1
5.590962183E1,9.528409004E0,7.017118931E0,-3.964948273E1,4.137767534E1
5.591960983E1,9.549946785E0,7.010807037E0,-3.970011139E1,4.143008259E1
5.592959783E1,9.363147736E0,6.927206039E0,-3.979175568E1,4.146128964E1
5.593958583E1,9.390946388E0,7.058103085E0,-3.972823334E1,4.142872454E1
5.594957383E1,9.439378738E0,7.014961243E0,-4.001085663E1,4.170347948E1
5.595956183E1,9.389424324E0,6.917101383E0,-3.985086823E1,4.152227449E1
5.596954983E1,9.389424324E0,6.917101383E0,-3.985086823E1,4.152227449E1
5.597953783E1,9.272083282E0,7.178261280E0,-3.981284332E1,4.150375232E1
5.598952583E1,9.332259178E0,7.052696228E0,-3.985048676E1,4.153182972E1
5.599951383E1,9.380441666E0,7.073514938E0,-3.969016266E1,4.139246684E1
5.600950283E1,9.369070053E0,7.014621258E0,-3.974805450E1,4.143539818E1
5.601949083E1,9.279978752E0,7.104770660E0,-4.003836823E1,4.170931193E1
5.602947883E1,9.298821449E0,7.144847870E0,-3.995168304E1,4.163716981E1
5.603946683E1,9.156381607E0,7.202505589E0,-4.007033539E1,4.172945230E1
5.604945483E1,9.445298195E0,7.036345482E0,-3.981702423E1,4.152251479E1
5.605944283E1,9.249877930E0,7.134324551E0,-3.974256134E1,4.142378556E1
5.606943083E1,9.389928818E0,6.996003628E0,-3.960009003E1,4.129505975E1
5.607941883E1,9.344785690E0,7.053570271E0,-3.980069733E1,4.148702666E1
5.608940683E1,9.371016502E0,7.209504128E0,-3.982860565E1,4.154648876E1
5.609939483E1,9.296350479E0,7.318397999E0,-3.973384857E1,4.145792812E1
5.610938283E1,9.407587051E0,7.304634571E0,-3.976163483E1,4.150720401E1
5.611937083E1,9.291976929E0,7.148628712E0,-3.978203583E1,4.147353496E1
5.612935883E1,9.473070145E0,7.153697968E0,-3.970136261E1,4.143805794E1
5.613934683E1,9.388150215E0,7.007534981E0,-3.992275238E1,4.160611816E1
5.614933483E1,9.446909904E0,7.177738667E0,-3.991611481E1,4.164204919E1
5.615932225E1,9.426901817E0,7.063641071E0,-3.987432098E1,4.157791453E1
5.616931025E1,9.425278664E0,7.062278271E0,-3.964571381E1,4.135812224E1
5.617929825E1,9.420570374E0,7.058571815E0,-3.992598724E1,4.162517315E1
5.618928725E1,9.333245277E0,7.081510544E0,-3.997495270E1,4.165638129E1
5.619927525E1,9.417387962E0,7.129748821E0,-4.004639435E1,4.175205641E1
5.620926325E1,9.445286751E0,7.181356430E0,-3.982924652E1,4.155904475E1
5.621925125E1,9.281867981E0,6.959745884E0,-3.985018158E1,4.150455527E1
5.622923925E1,9.483216286E0,7.081055641E0,-3.986957550E1,4.158913068E1
5.623922725E1,9.449624062E0,7.042946339E0,-3.989475250E1,4.159915582E1
5.624921525E1,9.384938240E0,7.154195786E0,-3.979868317E1,4.151138115E1
5.625920325E1,9.431641579E0,7.144672394E0,-3.987410736E1,4.159262728E1
5.626919125E1,9.441713333E0,7.218068123E0,-3.981444550E1,4.155040948E1
5.627917925E1,9.388711929E0,7.124142647E0,-3.976073456E1,4.147068040E1
5.628916725E1,9.502774239E0,7.220423222E0,-3.965338898E1,4.141048765E1
5.629915525E1,9.433009148E0,7.145073414E0,-3.990830231E1,4.162578923E1
5.630914325E1,9.521811485E0,7.213510036E0,-3.969358063E1,4.145214064E1
5.631913125E1,9.521553040E0,7.154196262E0,-3.974604034E1,4.149205008E1
5.632911925E1,9.553320885E0,7.164998055E0,-3.970984650E1,4.146655334E1
5.633910725E1,9.394289017E0,7.181651592E0,-3.985506439E1,4.157228576E1
5.634909525E1,9.614798546E0,7.146384239E0,-3.971889496E1,4.148621187E1
5.635908325E1,9.574259758E0,7.169630051E0,-3.987427521E1,4.162965131E1
5.636907125E1,9.470886230E0,7.234897614E0,-3.975957489E1,4.150741169E1
5.637905925E1,9.440297127E0,7.136955738E0,-3.989748383E1,4.161567689E1
5.638904825E1,9.324243546E0,7.178822994E0,-3.977559662E1,4.147981562E1
5.639903625E1,9.585977554E0,7.060456276E0,-3.997110748E1,4.170647962E1
5.640902425E1,9.678088188E0,6.913962364E0,-3.985916901E1,4.159593274E1
5.641901225E1,9.473670959E0,6.951813698E0,-4.003511810E1,4.172395998E1
5.642900025E1,9.412652969E0,7.045460701E0,-3.987270355E1,4.157004981E1
5.643898825E1,9.486031532E0,6.940237522E0,-3.973763275E1,4.143948778E1
5.644897625E1,9.630004883E0,6.994168282E0,-3.984749603E1,4.158699706E1
5.645896425E1,9.543820381E0,7.095862865E0,-3.985938263E1,4.159574691E1
5.646895225E1,9.588018417E0,7.154530525E0,-3.986432648E1,4.162069112E1
5.647894025E1,9.519906998E0,7.010784626E0,-4.005365753E1,4.176212653E1
5.648892825E1,9.585502625E0,7.052452564E0,-4.007958221E1,4.180899255E1
5.649891625E1,9.694381714E0,6.927752495E0,-4.027840424E1,4.200386457E1
5.650890425E1,9.657799721E0,7.054779053E0,-4.008205414E1,4.182838829E1
5.651889225E1,9.667058945E0,7.102917671E0,-4.013416290E1,4.188859630E1
5.652888025E1,9.458273888E0,7.082649231E0,-4.009360504E1,4.179856493E1
5.653886825E1,9.530940056E0,7.182049751E0,-4.026479340E1,4.199612178E1
5.654885725E1,9.564643860E0,7.213330746E0,-4.006214142E1,4.181494622E1
5.655884525E1,9.574061394E0,7.230999470E0,-3.996584320E1,4.172791185E1
5.656883325E1,9.469896317E0,7.171918392E0,-3.995641327E1,4.168489308E1
5.657882125E1,9.438852310E0,7.218961716E0,-3.996396637E1,4.169321227E1
5.658880925E1,9.476497650E0,7.135493279E0,-3.982982635E1,4.155880580E1
5.659879725E1,9.545546532E0,7.187330723E0,-3.996491241E1,4.171294051E1
5.660878525E1,9.708711624E0,7.145091534E0,-3.979419708E1,4.157991746E1
5.661877325E1,9.642038345E0,7.068807602E0,-4.003047943E1,4.177770013E1
5.662876125E1,9.571232796E0,7.164999962E0,-3.990958405E1,4.166198051E1
5.663874925E1,9.645853996E0,7.202758312E0,-4.001450348E1,4.178615459E1
5.664873725E1,9.516440392E0,7.204859257E0,-3.987577057E1,4.162390795E1
5.665872525E1,9.694259644E0,7.161607742E0,-3.987702179E1,4.165866251E1
5.666871325E1,9.583039284E0,7.183399677E0,-3.976442719E1,4.152885192E1
5.667870125E1,9.611281395E0,7.187451363E0,-3.989269257E1,4.165888990E1
5.668868925E1,9.397014618E0,7.318078995E0,-3.976380157E1,4.150925294E1
5.669867725E1,9.406517029E0,7.183668137E0,-3.990734100E1,4.162551521E1
5.670866525E1,9.492412567E0,7.217721462E0,-3.990651703E1,4.165010805E1
5.671865325E1,9.495026588E0,7.324237823E0,-4.021701813E1,4.196675514E1
5.672864125E1,9.521216393E0,7.327896595E0,-3.999013519E1,4.175598811E1
5.673863025E1,9.660949707E0,7.246424198E0,-3.981278229E1,4.160411333E1
5.674861825E1,9.498653412E0,7.161015034E0,-3.993279266E1,4.166692313E1
5.675860625E1,9.611857414E0,7.191112041E0,-3.996825409E1,4.173201685E1
5.676859425E1,9.564575195E0,7.072965145E0,-4.003719330E1,4.176702984E1
5.677858225E1,9.455199242E0,7.214464664E0,-3.998880768E1,4.171994766E1
5.678857025E1,9.558850288E0,7.091084480E0,-3.990943146E1,4.164634218E1
5.679855825E1,9.579421043E0,7.076436520E0,-3.993526459E1,4.167333223E1
5.680854625E1,9.579421043E0,7.076436520E0,-3.993526459E1,4.167333223E1
5.681853425E1,9.441534042E0,7.046396732E0,-3.990666962E1,4.160933251E1
5.682852225E1,9.582567215E0,7.158490658E0,-4.001911163E1,4.176839569E1
5.683851025E1,9.430148125E0,7.277055740E0,-4.011122894E1,4.184248942E1
5.684849825E1,9.574141502E0,7.153599262E0,-4.005652618E1,4.180147674E1
5.685848625E1,9.516508102E0,7.114598274E0,-3.988759613E1,4.161972802E1
5.686847425E1,9.628750801E0,7.091752529E0,-3.987549591E1,4.163004888E1
5.687846225E1,9.469512939E0,7.120934963E0,-4.005149078E1,4.176722763E1
5.688845025E1,9.430676460E0,7.071702003E0,-4.010182953E1,4.179836551E1
5.689843825E1,9.421369553E0,7.101157665E0,-3.987912750E1,4.158765989E1
5.690842725E1,9.440115929E0,7.194903851E0,-3.981745148E1,4.154890940E1
5.691841525E1,9.352283478E0,7.172190189E0,-3.992821503E1,4.163133283E1
5.692840325E1,9.554688454E0,7.087075233E0,-3.992153168E1,4.165630082E1
5.693839125E1,9.421272278E0,7.161523819E0,-4.005387115E1,4.176554069E1
5.694837925E1,9.630733490E0,7.205111980E0,-3.996869659E1,4.173920667E1
5.695836725E1,9.671157837E0,7.120485306E0,-4.019695282E1,4.195268312E1
5.696835525E1,9.709538460E0,7.041535854E0,-3.982132721E1,4.158841744E1
5.697834325E1,9.540413857E0,7.213905811E0,-3.985211945E1,4.160830876E1
5.698833125E1,9.330689430E0,7.182611465E0,-3.976702118E1,4.147369825E1
5.699831925E1,9.396533966E0,7.166860580E0,-3.995455170E1,4.166563263E1
5.700830725E1,9.535644531E0,7.101422787E0,-3.980825043E1,4.154582439E1
5.701829525E1,9.516366959E0,7.094380379E0,-3.978429413E1,4.151724380E1
5.702828325E1,9.533738136E0,7.253015518E0,-3.990421295E1,4.166346851E1
5.703827125E1,9.452752113E0,7.173525810E0,-3.995059967E1,4.167570526E1
5.704825925E1,9.533644676E0,7.261383057E0,-3.986324310E1,4.162566775E1
5.705824725E1,9.570650101E0,6.989789963E0,-3.989933014E1,4.162224228E1
5.706823625E1,9.518481255E0,7.139828205E0,-3.971053314E1,4.145485586E1
5.707822425E1,9.498284340E0,7.188130379E0,-3.983914948E1,4.158178032E1
5.708821225E1,9.529181480E0,7.185667515E0,-3.980402374E1,4.155477618E1
5.709820025E1,9.227305412E0,7.238891602E0,-3.983597565E1,4.152649362E1
5.710818825E1,9.531570435E0,7.132064342E0,-3.988616180E1,4.162478925E1
5.711817625E1,9.337189674E0,7.193234444E0,-3.987715912E1,4.158261118E1
5.712816425E1,9.512936592E0,7.175079823E0,-4.001091766E1,4.174747017E1
5.713815225E1,9.449014664E0,7.122897625E0,-3.990236664E1,4.161992806E1
5.714814025E1,9.335415840E0,7.241133690E0,-3.971080780E1,4.143105432E1
5.715813008E1,9.519090652E0,7.288233280E0,-3.997321320E1,4.173235201E1
5.716811808E1,9.458014488E0,7.287305832E0,-3.989362335E1,4.164204664E1
5.717810608E1,9.412916183E0,7.326514244E0,-3.995174408E1,4.169439599E1
5.718809408E1,9.471067429E0,7.245050907E0,-3.988375092E1,4.162818118E1
5.719808208E1,9.521348000E0,7.206878185E0,-3.983516693E1,4.158648441E1
5.720807008E1,9.621337891E0,7.085150719E0,-3.978797150E1,4.154337708E1
5.721805808E1,9.503925323E0,7.116864204E0,-4.013176727E1,4.185132133E1
5.722804608E1,9.718257904E0,7.131653786E0,-3.981835175E1,4.160295853E1
5.723803508E1,9.558046341E0,7.143297195E0,-4.002510834E1,4.176592202E1
5.724802308E1,9.511651993E0,7.297415257E0,-3.990552521E1,4.166743015E1
5.725801108E1,9.556586266E0,7.294230938E0,-3.989116669E1,4.166340511E1
5.726799908E1,9.651473999E0,7.194960594E0,-3.982202911E1,4.160183182E1
5.727798708E1,9.719698906E0,6.860622883E0,-3.992301178E1,4.165798318E1
5.728797508E1,9.773436546E0,6.929337978E0,-3.975861359E1,4.152448845E1
5.729796308E1,9.791262627E0,6.911857128E0,-3.988416290E1,4.164599673E1
5.730795108E1,9.721300125E0,7.011347771E0,-3.966461945E1,4.143603154E1
5.731793908E1,9.546904564E0,6.971951962E0,-3.989525604E1,4.160989012E1
5.732792708E1,9.503721237E0,7.017677307E0,-3.980915070E1,4.152513686E1
5.733791508E1,9.600207329E0,6.944379807E0,-3.998009491E1,4.169887745E1
5.734790308E1,9.587789536E0,6.944622040E0,-3.986232758E1,4.158315336E1
5.735789108E1,9.650034904E0,6.930925846E0,-3.989295197E1,4.162461439E1
5.736787908E1,9.571679115E0,6.919157505E0,-3.989170074E1,4.160336008E1
5.737786708E1,9.602833748E0,6.851709366E0,-3.987042999E1,4.157897936E1
5.738785508E1,9.539273262E0,7.149971962E0,-3.958794403E1,4.134398561E1
5.739784308E1,9.522875786E0,7.048797131E0,-3.982372284E1,4.154876177E1
5.740783208E1,9.705854416E0,7.045174122E0,-3.975247955E1,4.152225571E1
5.741782008E1,9.660604477E0,7.060189247E0,-3.986736298E1,4.162427395E1
5.742780808E1,9.750031471E0,7.036157608E0,-3.999358368E1,4.176191283E1
5.743779608E1,9.817902565E0,7.067818642E0,-3.988835907E1,4.168244787E1
5.744778408E1,9.620110512E0,7.142806053E0,-3.989548492E1,4.165592301E1
5.745777208E1,9.626235008E0,7.071460724E0,-4.004296112E1,4.178646542E1
5.746776008E1,9.714017868E0,6.963957787E0,-3.980638885E1,4.156209144E1
5.747774808E1,9.694366455E0,6.915371895E0,-3.969643402E1,4.144405848E1
5.748773608E1,9.644411087E0,6.967792988E0,-3.978554535E1,4.152655082E1
5.749772408E1,9.876282692E0,6.868083954E0,-3.994561005E1,4.171766172E1
5.750771208E1,9.817397118E0,6.911074638E0,-3.986605072E1,4.163467592E1
5.751770008E1,9.792974472E0,6.787285805E0,-3.997360992E1,4.171161814E1
5.752768808E1,9.743244171E0,6.983135223E0,-4.006304169E1,4.181796616E1
5.753767608E1,9.736949921E0,6.990463257E0,-4.014072418E1,4.189215330E1
5.754766408E1,9.742766380E0,6.924444199E0,-3.999004364E1,4.173814819E1
5.755765208E1,9.806741714E0,6.920489311E0,-3.993167877E1,4.169657450E1
5.756764108E1,9.588902473E0,6.921917915E0,-3.989434052E1,4.161031607E1
5.757762908E1,9.595302582E0,6.946405411E0,-3.991153717E1,4.163235736E1
5.758761708E1,9.603542328E0,6.841845989E0,-3.997621918E1,4.167897529E1
5.759760508E1,9.559745789E0,6.856297016E0,-3.998108673E1,4.167595043E1
5.760759308E1,9.578871727E0,6.887841702E0,-3.998189545E1,4.168631802E1
5.761758108E1,9.513677597E0,6.913226604E0,-3.979282379E1,4.149423561E1
5.762756908E1,9.543011665E0,6.970795631E0,-3.983319855E1,4.154930529E1
5.763755708E1,9.623384476E0,6.850883484E0,-3.994913483E1,4.165906272E1
5.764754508E1,9.585348129E0,6.972897530E0,-3.997222137E1,4.169266938E1
5.765753308E1,9.585348129E0,6.972897530E0,-3.997222137E1,4.169266938E1
5.766752108E1,9.792667389E0,6.813548565E0,-3.983110809E1,4.157929714E1
5.767750908E1,9.679581642E0,7.034699440E0,-3.996729279E1,4.172008856E1
5.768749708E1,9.727530479E0,7.078941822E0,-3.999657440E1,4.176675987E1
5.769748508E1,9.573726654E0,7.101707458E0,-3.992038727E1,4.166206681E1
5.770747308E1,9.589913368E0,7.125368595E0,-3.986107635E1,4.161301148E1
5.771746108E1,9.608013153E0,7.153563499E0,-3.989772797E1,4.165712525E1
5.772745008E1,9.611384392E0,7.046195030E0,-3.986101532E1,4.160442424E1
5.773743808E1,9.413433075E0,7.208038807E0,-3.965696716E1,4.139134680E1
5.774742608E1,9.642678261E0,7.121804714E0,-3.990286255E1,4.166461071E1
5.775741408E1,9.710357666E0,7.040094852E0,-3.992575073E1,4.168836232E1
5.776740208E1,9.644071579E0,7.186179161E0,-4.006782532E1,4.183395646E1
5.777739008E1,9.638305664E0,7.191307545E0,-4.006365967E1,4.182951908E1
5.778737808E1,9.629809380E0,7.196980953E0,-3.996430969E1,4.173338966E1
5.779736608E1,9.568575859E0,7.279144764E0,-3.990045166E1,4.167240856E1
5.780735408E1,9.627450943E0,7.270960331E0,-3.980865479E1,4.159667861E1
5.781734208E1,9.385083199E0,7.208570957E0,-3.994590759E1,4.166195885E1
5.782733008E1,9.492821693E0,7.203957081E0,-4.002609253E1,4.176240827E1
5.783731808E1,9.345740318E0,7.121145248E0,-3.993975830E1,4.163217343E1
5.784730608E1,9.559084892E0,7.096342564E0,-3.992449951E1,4.166173116E1
5.785729408E1,9.578814507E0,7.052573204E0,-3.994197083E1,4.167557450E1
5.786728208E1,9.590400696E0,7.191488266E0,-3.988471985E1,4.164713875E1
5.787727008E1,9.546999931E0,7.121722698E0,-3.989314270E1,4.163324364E1
5.788725808E1,9.632596970E0,7.072721004E0,-3.995903015E1,4.170772587E1
5.789724708E1,9.678583145E0,7.018429279E0,-3.997526550E1,4.172475492E1
5.790723508E1,9.677120209E0,7.060537338E0,-3.967988586E1,4.144865722E1
5.791722308E1,9.645735741E0,6.959977627E0,-3.963055420E1,4.137707497E1
5.792721108E1,9.695356369E0,7.085371494E0,-3.983679199E1,4.160736017E1
5.793719908E1,9.636123657E0,6.990002155E0,-3.992225647E1,4.165935154E1
5.794718708E1,9.663977623E0,7.026881695E0,-3.973533630E1,4.149296906E1
5.795717508E1,9.478658676E0,6.981225967E0,-3.986080933E1,4.156280316E1
5.796716308E1,9.507610321E0,7.105314732E0,-3.970382690E1,4.144000510E1
5.797715108E1,9.584981918E0,7.006474018E0,-3.987141418E1,4.160158922E1
5.798713908E1,9.574287415E0,7.088943958E0,-3.984963989E1,4.159223372E1
5.799712708E1,9.593872070E0,6.936657429E0,-3.994300842E1,4.166057512E1
5.800711508E1,9.689950943E0,6.862575531E0,-3.981889343E1,4.155158681E1
5.801710308E1,9.368693352E0,6.927880287E0,-4.001492310E1,4.167687621E1
5.802709108E1,9.530588150E0,7.064621449E0,-3.991851807E1,4.164407607E1
5.803707908E1,9.547005653E0,7.112031937E0,-4.002697754E1,4.175985208E1
5.804706708E1,9.598431587E0,7.084066391E0,-3.981889343E1,4.156751327E1
5.805705608E1,9.541709900E0,6.996180534E0,-3.994966125E1,4.166492775E1
5.806704408E1,9.649496078E0,6.884494305E0,-3.972479248E1,4.145561692E1
5.807703208E1,9.638353348E0,6.888937473E0,-3.964430237E1,4.137663622E1
5.808702008E1,9.611439705E0,6.886676311E0,-3.965272522E1,4.137807029E1
5.809700808E1,9.631681442E0,6.875324249E0,-3.980657959E1,4.152834152E1
5.810699608E1,9.769918442E0,6.963263512E0,-3.982893372E1,4.159666220E1
5.811698408E1,9.610492706E0,6.830173492E0,-3.993626404E1,4.164034132E1
5.812697208E1,9.768997192E0,6.963457584E0,-3.989988708E1,4.166442172E1
5.813696008E1,9.586510658E0,7.022164822E0,-3.984790039E1,4.158205323E1
5.814694808E1,9.501513481E0,7.063309193E0,-3.977026367E1,4.149509571E1
5.815693408E1,9.678343773E0,6.988545895E0,-3.989811707E1,4.164576638E1
5.816692208E1,9.646124840E0,6.985868454E0,-3.979748535E1,4.154142418E1
5.817691008E1,9.670576096E0,7.025200844E0,-3.990962219E1,4.166115016E1
5.818689808E1,9.629886627E0,7.006092548E0,-3.978189087E1,4.152612299E1
5.819688608E1,9.725118637E0,6.844468117E0,-4.003071594E1,4.175982394E1
5.820687408E1,9.730838776E0,6.959763050E0,-3.992594910E1,4.167983849E1
5.821686208E1,9.710623741E0,6.920629501E0,-3.998779297E1,4.172786734E1
5.822685108E1,9.614562035E0,7.068199158E0,-3.981536865E1,4.156516358E1
5.823683908E1,9.768809319E0,6.891955853E0,-4.013749695E1,4.188015463E1
5.824682708E1,9.708811760E0,6.903295994E0,-3.968754578E1,4.143691363E1
5.825681508E1,9.808646202E0,6.774930954E0,-3.986177063E1,4.160612921E1
5.826680308E1,9.776967049E0,6.754519939E0,-3.998808289E1,4.171641640E1
5.827679108E1,9.773998260E0,6.732915401E0,-4.001541138E1,4.173842761E1
5.828677908E1,9.753821373E0,6.878313541E0,-3.983651733E1,4.158601137E1
5.829676708E1,9.848614693E0,6.746392727E0,-3.990158081E1,4.164907175E1
5.830675508E1,9.820643425E0,6.979290485E0,-3.985452271E1,4.163578404E1
5.831674308E1,9.768647194E0,6.935050964E0,-3.989860535E1,4.165837381E1
5.832673108E1,9.790253639E0,6.991449356E0,-3.994485474E1,4.171715295E1
5.833671908E1,9.725121498E0,6.993691921E0,-3.992460632E1,4.168289703E1
5.834670708E1,9.723776817E0,6.992965698E0,-3.989237976E1,4.165159502E1
5.835669508E1,9.691082954E0,6.900507927E0,-3.992088318E1,4.165586408E1
5.836668308E1,9.640701294E0,6.825781345E0,-3.999063110E1,4.169874085E1
5.837667108E1,9.708548546E0,6.856713295E0,-3.998341370E1,4.171263361E1
5.838666008E1,9.699498177E0,6.919857025E0,-3.994392395E1,4.168311105E1
5.839664808E1,9.700798035E0,6.906816006E0,-4.007684326E1,4.180864690E1
5.840663608E1,9.648705482E0,6.965238094E0,-3.982908630E1,4.156883658E1
5.841662408E1,9.605857849E0,6.965033054E0,-3.986972046E1,4.159782206E1
5.842661208E1,9.755416870E0,6.914925098E0,-3.996136475E1,4.171204886E1
5.843660008E1,9.793081284E0,6.915105343E0,-3.997071838E1,4.172986282E1
5.844658808E1,9.764230728E0,6.793017864E0,-3.999391174E1,4.172527136E1
5.845657608E1,9.878976822E0,6.748358727E0,-4.005152893E1,4.180023323E1
5.846656408E1,9.699940681E0,6.807497501E0,-4.002513123E1,4.174256821E1
5.847655208E1,9.745417595E0,6.823695660E0,-3.994813538E1,4.168200459E1
5.848654008E1,9.757268906E0,6.867832661E0,-3.991061401E1,4.165607438E1
5.849652808E1,9.677320480E0,6.916755676E0,-3.989321899E1,4.162884772E1
5.850651608E1,9.677320480E0,6.916755676E0,-3.989321899E1,4.162884772E1
5.851650408E1,9.790983200E0,6.938462734E0,-3.970646667E1,4.148022557E1
5.852649208E1,9.817885399E0,6.868851185E0,-3.991690063E1,4.167650353E1
5.853648008E1,9.742973328E0,6.768315315E0,-3.984196472E1,4.157063596E1
5.854646808E1,9.758586884E0,6.842251778E0,-4.002279663E1,4.175967765E1
5.855645608E1,9.762531281E0,6.896792889E0,-4.000219727E1,4.174983300E1
5.856644508E1,9.744900703E0,6.842486382E0,-3.992407227E1,4.166190413E1
5.857643308E1,9.585443497E0,6.897089005E0,-3.976023865E1,4.147682655E1
5.858642108E1,9.721025467E0,6.880252361E0,-3.965020752E1,4.140018315E1
5.859640908E1,9.754449844E0,6.788492680E0,-3.976252747E1,4.150050018E1
5.860639708E1,9.608770370E0,6.980140209E0,-3.984446716E1,4.157682514E1
5.861638508E1,9.715449333E0,6.797262192E0,-3.980456543E1,4.153307306E1
5.862637308E1,9.847810745E0,6.838447094E0,-3.981893921E1,4.158475267E1
5.863636108E1,9.698905945E0,6.896539688E0,-3.988218689E1,4.161994555E1
5.864634908E1,9.886143684E0,6.801959515E0,-3.993400574E1,4.169804917E1
5.865633708E1,9.809991837E0,6.643317699E0,-3.977354431E1,4.150065586E1
5.866632508E1,9.874456406E0,6.803005219E0,-3.993122864E1,4.169279062E1
5.867631308E1,9.950057983E0,6.860778332E0,-3.960630798E1,4.140934152E1
5.868630108E1,9.860046387E0,6.837159157E0,-3.977227783E1,4.154276524E1
5.869628908E1,9.822147369E0,6.844649792E0,-3.970870972E1,4.147415384E1
5.870627708E1,9.849075317E0,6.847305298E0,-3.982287598E1,4.159027922E1
5.871626508E1,9.880579948E0,6.852012634E0,-3.976383972E1,4.154201351E1
5.872625308E1,9.746012688E0,6.987258911E0,-3.967529297E1,4.144798454E1
5.873624208E1,9.741497993E0,6.849884033E0,-3.989433289E1,4.163382628E1
5.874623008E1,9.838042259E0,6.924683094E0,-3.984190369E1,4.161869293E1
5.875621808E1,9.595894814E0,6.903661251E0,-3.985408020E1,4.157029522E1
5.876620608E1,9.711031914E0,6.889098167E0,-3.984631348E1,4.158716764E1
5.877619408E1,9.623332024E0,6.977674007E0,-3.991996765E1,4.165213405E1
5.878618208E1,9.687348366E0,7.046896935E0,-3.986007690E1,4.162125906E1
5.879617008E1,9.725565910E0,6.870110512E0,-3.974720764E1,4.149247602E1
5.880615808E1,9.769158363E0,7.005672932E0,-3.967108154E1,4.145251041E1
5.881614608E1,9.715217590E0,7.055913448E0,-3.985350037E1,4.162298474E1
5.882613408E1,9.727973938E0,6.941884041E0,-3.985836792E1,4.161144944E1
5.883612208E1,9.522192001E0,6.914320469E0,-3.976869202E1,4.147323032E1
5.884611008E1,9.703144073E0,6.956296444E0,-3.974681091E1,4.150120532E1
5.885609808E1,9.681823730E0,6.899483204E0,-4.002554321E1,4.175385837E1
5.886608608E1,9.721581459E0,6.976994514E0,-3.995410156E1,4.170752726E1
5.887607408E1,9.574079514E0,6.952672958E0,-3.996717834E1,4.168186662E1
5.888606208E1,9.647153854E0,7.044562340E0,-4.000474548E1,4.175012691E1
5.889605008E1,9.600031853E0,6.985777855E0,-4.000799561E1,4.173249832E1
5.890603808E1,9.706391335E0,7.039706230E0,-3.989428711E1,4.165723995E1
5.891602708E1,9.595638275E0,7.034358025E0,-4.006028748E1,4.178977266E1
5.892601508E1,9.635245323E0,7.050607204E0,-3.988067627E1,4.162952503E1
5.893600308E1,9.566100121E0,7.076987267E0,-3.984576416E1,4.158459982E1
5.894599108E1,9.593465805E0,6.982572556E0,-3.940611267E1,4.115376801E1
5.895597908E1,9.523266792E0,7.089385033E0,-3.954237366E1,4.128621204E1
5.896596708E1,9.637084007E0,7.076764584E0,-3.951243591E1,4.128179474E1
5.897595508E1,9.661705971E0,7.109752178E0,-3.955101013E1,4.133012873E1
5.898594308E1,9.589539528E0,7.022894859E0,-3.949182129E1,4.124177820E1
5.899593108E1,9.535924911E0,6.907538891E0,-3.946749878E1,4.118654413E1
5.900591908E1,9.694633484E0,7.012554646E0,-3.966575623E1,4.143107599E1
5.901590708E1,9.554919243E0,6.916723728E0,-3.965718079E1,4.137426177E1
5.902589508E1,9.707113266E0,6.914905071E0,-3.960209656E1,4.135661993E1
5.903588308E1,9.657338142E0,6.874031067E0,-3.975624084E1,4.148584300E1
5.904587108E1,9.659807205E0,6.968676090E0,-3.967594910E1,4.142529732E1
5.905585908E1,9.616878510E0,6.995984077E0,-3.965751648E1,4.140225548E1
5.906584708E1,9.537057877E0,6.932649612E0,-3.958551025E1,4.130411270E1
5.907583508E1,9.500815392E0,6.961726189E0,-3.954743958E1,4.126416244E1
5.908582408E1,9.584443092E0,6.864302158E0,-3.959336853E1,4.131119733E1
5.909581208E1,9.546492577E0,6.838364601E0,-3.961456299E1,4.131842630E1
5.910580008E1,9.530419350E0,6.874548435E0,-3.946736145E1,4.117961788E1
5.911578808E1,9.400256157E0,6.852829933E0,-3.949223328E1,4.116992328E1
5.912577608E1,9.518261909E0,6.826235771E0,-3.936457825E1,4.107024257E1
5.913576408E1,9.486416817E0,6.768999100E0,-3.964105225E1,4.131857302E1
5.914575208E1,9.441624641E0,6.829415798E0,-3.942491150E1,4.111093337E1
5.915574062E1,9.607407570E0,6.762983322E0,-3.938333130E1,4.109850372E1
5.916572862E1,9.717434883E0,6.624032974E0,-3.929718018E1,4.101919945E1
5.917571662E1,9.658495903E0,6.752003193E0,-3.943785095E1,4.116090594E1
5.918570462E1,9.608001709E0,6.734172344E0,-3.916682434E1,4.088646357E1
5.919569262E1,9.623605728E0,6.867643356E0,-3.949411011E1,4.122575707E1
5.920568062E1,9.635885239E0,6.878056526E0,-3.950750732E1,4.124319436E1
5.921566862E1,9.717887878E0,6.794499874E0,-3.954124451E1,4.128089862E1
5.922565662E1,9.558176041E0,6.824862480E0,-3.951446533E1,4.122293594E1
5.923564462E1,9.650283813E0,6.810132504E0,-3.959149170E1,4.131576088E1
5.924563262E1,9.545823097E0,6.778737545E0,-3.962760925E1,4.132095638E1
5.925562062E1,9.515732765E0,6.845078945E0,-3.956427002E1,4.126421862E1
5.926560962E1,9.538257599E0,6.936704636E0,-3.945205688E1,4.117719055E1
5.927559762E1,9.662036896E0,6.916345596E0,-3.949665833E1,4.124532473E1
5.928558562E1,9.765927315E0,6.949521542E0,-3.961499023E1,4.138860516E1
5.929557362E1,9.731145859E0,6.987923622E0,-3.976539612E1,4.153086809E1
5.930556162E1,9.719685555E0,7.097992420E0,-3.963706970E1,4.142403986E1
5.931554962E1,9.571459770E0,6.942262650E0,-3.968246460E1,4.140659186E1
5.932553762E1,9.744995117E0,6.871643543E0,-3.965463257E1,4.140862590E1
5.933552562E1,9.727229118E0,6.915807247E0,-3.954458618E1,4.130643621E1
5.934551362E1,9.563541412E0,6.897113323E0,-3.933546448E1,4.106470823E1
5.935550162E1,9.563539505E0,6.897116184E0,-3.933546448E1,4.106470827E1
5.936548962E1,9.673892021E0,6.879329681E0,-3.939715576E1,4.114663104E1
5.937547762E1,9.668392181E0,6.827088356E0,-3.939343262E1,4.113307035E1
5.938546562E1,9.811649323E0,6.758131504E0,-3.958126831E1,4.133542796E1
5.939545362E1,9.842247963E0,6.734783173E0,-3.949150085E1,4.125294885E1
5.940544162E1,9.762558937E0,6.726293087E0,-3.969143677E1,4.142415634E1
5.941542962E1,9.861166954E0,6.861232758E0,-3.975735474E1,4.153271463E1
5.942541762E1,9.731254578E0,6.960352898E0,-3.980723572E1,4.156633065E1
5.943540562E1,9.745444298E0,6.754884720E0,-3.956840515E1,4.130691030E1
5.944539462E1,9.778333664E0,6.799486160E0,-3.953596497E1,4.129093541E1
5.945538262E1,9.667891502E0,6.925848484E0,-3.966920471E1,4.141354013E1
5.946537062E1,9.745759964E0,7.009558678E0,-3.973852539E1,4.151221688E1
5.947535862E1,9.830263138E0,6.870222092E0,-3.973966980E1,4.150994316E1
5.948534662E1,9.712984085E0,6.861861706E0,-3.965213013E1,4.139708479E1
5.949533462E1,9.734294891E0,6.798887730E0,-3.974607849E1,4.148170834E1
5.950532262E1,9.927208900E0,6.700273514E0,-3.987243652E1,4.163237125E1
5.951531062E1,9.723383904E0,6.852058887E0,-3.989396667E1,4.162959864E1
5.952529862E1,9.626665115E0,6.966911316E0,-3.992320251E1,4.165420307E1
5.953528662E1,9.755290985E0,6.888452530E0,-3.987849426E1,4.162824504E1
5.954527462E1,9.773702621E0,6.856887341E0,-3.979975891E1,4.155193108E1
5.955526262E1,9.526280403E0,6.956616402E0,-3.961306763E1,4.133206572E1
5.956525062E1,9.741763115E0,6.800858021E0,-3.948110962E1,4.122998466E1
5.957523862E1,9.735772133E0,6.873601913E0,-3.940341187E1,4.116625474E1
5.958522662E1,9.806527138E0,6.866065979E0,-3.939852905E1,4.117711656E1
5.959521462E1,9.709318161E0,6.843617439E0,-3.969326782E1,4.143261359E1
5.960520262E1,9.746623993E0,6.797155380E0,-3.949476624E1,4.124360024E1
5.961519162E1,9.718631744E0,6.782403946E0,-3.953904724E1,4.127697982E1
5.962517962E1,9.737594604E0,6.798880100E0,-3.951289368E1,4.125911155E1
5.963516762E1,9.562266350E0,6.778975964E0,-3.962675476E1,4.132397785E1
5.964515562E1,9.649056435E0,7.017010212E0,-3.972749329E1,4.148031395E1
5.965514362E1,9.496710777E0,6.975324631E0,-3.976275635E1,4.147191172E1
5.966513162E1,9.573995590E0,6.935264111E0,-3.951339722E1,4.124400368E1
5.967511962E1,9.548474312E0,6.914038181E0,-3.959770203E1,4.131531546E1
5.968510762E1,9.518428802E0,6.964509487E0,-3.961343384E1,4.133193704E1
5.969509562E1,9.633687019E0,6.849956036E0,-3.968992615E1,4.141280069E1
5.970508362E1,9.646055222E0,7.002324581E0,-3.962841797E1,4.138224790E1
5.971507162E1,9.502930641E0,6.857498169E0,-3.979466248E1,4.148428779E1
5.972505962E1,9.771761894E0,6.725545883E0,-3.957916260E1,4.131864482E1
5.973504762E1,9.619016647E0,6.789138317E0,-3.957170105E1,4.128604370E1
5.974503562E1,9.671571732E0,6.909160137E0,-3.948912048E1,4.123913712E1
5.975502362E1,9.507004738E0,6.980305672E0,-3.951980591E1,4.124224612E1
5.976501162E1,9.474805832E0,6.987476349E0,-3.946194458E1,4.118060030E1
5.977499962E1,9.476513863E0,6.917536736E0,-3.962312317E1,4.132370408E1
5.978498762E1,9.562931061E0,6.860822678E0,-3.960484314E1,4.131663271E1
5.979497662E1,9.653524399E0,6.998062134E0,-3.955807495E1,4.131591341E1
5.980496462E1,9.722709656E0,6.805658817E0,-3.962739563E1,4.136639408E1
5.981495262E1,9.732586861E0,6.659903526E0,-3.962005615E1,4.133795364E1
5.982494062E1,9.624066353E0,6.818237305E0,-3.960328674E1,4.132228617E1
5.983492862E1,9.467111588E0,6.959983349E0,-3.965251160E1,4.135685247E1
5.984491662E1,9.651752472E0,6.985458374E0,-3.951771545E1,4.127472337E1
5.985490462E1,9.595427513E0,6.939678669E0,-3.953974915E1,4.127496980E1
5.986489262E1,9.662685394E0,6.946188927E0,-3.970266724E1,4.144778420E1
5.987488062E1,9.599804878E0,6.925948143E0,-3.961180115E1,4.134271159E1
5.988486862E1,9.410899162E0,7.054879665E0,-3.958239746E1,4.129288727E1
5.989485662E1,9.433110237E0,6.953967571E0,-3.981457520E1,4.150351349E1
5.990484462E1,9.597331047E0,6.982752800E0,-3.982077026E1,4.155191144E1
5.991483262E1,9.588475227E0,6.893159866E0,-4.002981567E1,4.173536454E1
5.992482062E1,9.708410263E0,6.915451050E0,-3.982029724E1,4.156600493E1
5.993480862E1,9.659178734E0,6.822972775E0,-3.993046570E1,4.164486502E1
5.994479662E1,9.657131195E0,6.970544338E0,-3.993321228E1,4.167145443E1
5.995478462E1,9.680181503E0,6.923175335E0,-4.004565430E1,4.177667649E1
5.996477262E1,9.672266960E0,6.918000698E0,-3.979682922E1,4.153551610E1
5.997476162E1,9.674992561E0,6.836219311E0,-3.974124146E1,4.146933383E1
5.998474962E1,9.655093193E0,6.816283703E0,-3.979426575E1,4.151224078E1
5.999473762E1,9.677036285E0,6.740518093E0,-3.991697693E1,4.162264603E1
6.000472562E1,9.794188499E0,6.726093769E0,-3.963670349E1,4.137915815E1
6.001471362E1,9.817990303E0,6.741800785E0,-3.965931702E1,4.140901155E1
6.002470162E1,9.683762550E0,6.904924393E0,-3.944221497E1,4.119637799E1
6.003468962E1,9.523365974E0,6.844013691E0,-3.930848694E1,4.102063101E1
6.004467762E1,9.723151207E0,6.805806637E0,-3.934425354E1,4.109536422E1
6.005466562E1,9.532840729E0,6.914801121E0,-3.966773987E1,4.137896945E1
6.006465362E1,9.582105637E0,6.891656876E0,-3.957952881E1,4.130194649E1
6.007464162E1,9.758611679E0,6.846754551E0,-3.943676758E1,4.119911634E1
6.008462962E1,9.767573357E0,6.880367756E0,-3.960455322E1,4.136744597E1
6.009461762E1,9.677086830E0,6.862764835E0,-3.986285400E1,4.159075234E1
6.010460562E1,9.585892677E0,6.946250916E0,-3.983372498E1,4.155556985E1
6.011459362E1,9.623403549E0,6.739236832E0,-3.975105286E1,4.145085538E1
6.012458162E1,9.649285316E0,6.799433708E0,-3.963955688E1,4.135982925E1
6.013456962E1,9.675830841E0,6.770359039E0,-3.965048218E1,4.137173191E1
6.014455762E1,9.490674973E0,6.847720146E0,-3.960171509E1,4.129479411E1
6.015454608E1,9.595659256E0,6.894659042E0,-3.973455811E1,4.145416876E1
6.016453408E1,9.615935326E0,6.914725304E0,-3.958473969E1,4.131865504E1
6.017452208E1,9.594707489E0,6.783609390E0,-3.949819183E1,4.120901511E1
6.018451008E1,9.470685005E0,6.840846539E0,-3.967321014E1,4.135764330E1
6.019449808E1,9.470685005E0,6.840846539E0,-3.967321014E1,4.135764330E1
6.020448608E1,9.454763412E0,6.846548557E0,-3.984056854E1,4.151552336E1
6.021447408E1,9.536053658E0,6.759249687E0,-3.973699188E1,4.142043336E1
6.022446208E1,9.620537758E0,6.592386246E0,-3.968311310E1,4.136138015E1
6.023445008E1,9.490175247E0,6.872528076E0,-3.959349823E1,4.129092116E1
6.024443808E1,9.573192596E0,6.870585918E0,-3.977565765E1,4.148438151E1
6.025442608E1,9.594331741E0,6.955548763E0,-3.979802704E1,4.152485781E1
6.026441408E1,9.595697403E0,6.881333351E0,-3.974709320E1,4.146397925E1
6.027440208E1,9.561875343E0,6.867863178E0,-3.985678864E1,4.155912180E1
6.028439008E1,9.517395020E0,6.944862366E0,-3.980204010E1,4.150920762E1
6.029437808E1,9.643902779E0,6.897547722E0,-3.973711395E1,4.146829211E1
6.030436608E1,9.605679512E0,6.772792816E0,-3.984430695E1,4.154164895E1
6.031435408E1,9.777294159E0,6.717026234E0,-3.950572968E1,4.124823147E1
6.032434208E1,9.658512115E0,6.885853291E0,-3.981296539E1,4.154243668E1
6.033433008E1,9.474926949E0,6.821326256E0,-3.992971039E1,4.160152046E1
6.034431908E1,9.624054909E0,6.895179749E0,-3.971988678E1,4.144677723E1
6.035430708E1,9.579989433E0,6.851696491E0,-3.971062469E1,4.142047387E1
6.036429508E1,9.756927490E0,6.803243637E0,-3.966765594E1,4.141261506E1
6.037428308E1,9.706313133E0,6.818216801E0,-3.991623688E1,4.164140441E1
6.038427108E1,9.732536316E0,6.658738613E0,-3.974933624E1,4.146167863E1
6.039425908E1,9.689393997E0,6.607094765E0,-3.990991974E1,4.159735269E1
6.040424708E1,9.778612137E0,6.682278633E0,-3.965207672E1,4.138310394E1
6.041423508E1,9.778755188E0,6.797499657E0,-3.963101959E1,4.138173230E1
6.042422308E1,9.708595276E0,6.890636444E0,-3.985770416E1,4.159776766E1
6.043421108E1,9.622007370E0,6.886011600E0,-3.962755585E1,4.135629776E1
6.044419908E1,9.660435677E0,6.895021915E0,-3.951592255E1,4.125982888E1
6.045418708E1,9.531833649E0,6.939416409E0,-3.971514130E1,4.142829710E1
6.046417508E1,9.683871269E0,6.832750320E0,-3.990535736E1,4.162813214E1
6.047416308E1,9.670401573E0,6.792764187E0,-3.983997345E1,4.155576731E1
6.048415108E1,9.885455132E0,6.772618294E0,-3.980413055E1,4.156873093E1
6.049413908E1,9.692286491E0,6.788945675E0,-3.986391449E1,4.158319227E1
6.050412708E1,9.838915825E0,6.718184948E0,-3.995993805E1,4.169814052E1
6.051411508E1,9.877515793E0,6.696026325E0,-4.001729584E1,4.175866441E1
6.052410408E1,9.987138748E0,6.728373528E0,-4.002642059E1,4.179866381E1
6.053409208E1,9.731575012E0,6.737787247E0,-3.995542145E1,4.167177741E1
6.054408008E1,9.873120308E0,6.726297379E0,-3.982697296E1,4.158015580E1
6.055406808E1,9.690457344E0,6.799100876E0,-3.980171967E1,4.152480734E1
6.056405608E1,9.700782776E0,6.727051735E0,-3.979246521E1,4.150661030E1
6.057404408E1,9.684622765E0,6.732985973E0,-3.992613220E1,4.163197150E1
6.058403208E1,9.759699821E0,6.625471115E0,-3.998266602E1,4.168647490E1
6.059402008E1,9.862423897E0,6.679252148E0,-3.993725586E1,4.167570299E1
6.060400808E1,9.839798927E0,6.657564640E0,-4.000148010E1,4.172844618E1
6.061399608E1,9.720499039E0,6.808767796E0,-4.006567383E1,4.178642889E1
6.062398408E1,9.754650116E0,6.814403534E0,-3.995999146E1,4.169400690E1
6.063397208E1,9.571854591E0,6.760914326E0,-4.014273071E1,4.181828777E1
6.064396008E1,9.758256912E0,6.910850048E0,-4.003779602E1,4.178526698E1
6.065394808E1,9.715968132E0,6.782414913E0,-4.007302856E1,4.178814194E1
6.066393608E1,9.792275429E0,6.714990616E0,-4.004377747E1,4.176701894E1
6.067392408E1,9.747143745E0,6.712360382E0,-4.020652771E1,4.191213981E1
6.068391208E1,9.661674500E0,6.746685028E0,-4.006979370E1,4.176666231E1
6.069390008E1,9.699275970E0,6.705029011E0,-4.014770508E1,4.184341754E1
6.070388908E1,9.675461769E0,6.789692402E0,-3.998431396E1,4.169484197E1
6.071387708E1,9.524330139E0,6.853107929E0,-3.994345093E1,4.163120494E1
6.072386508E1,9.738148689E0,6.675804138E0,-3.988598633E1,4.159675235E1
6.073385308E1,9.619817734E0,6.768428326E0,-3.986022949E1,4.155948039E1
6.074384108E1,9.665487289E0,6.883919239E0,-3.986407471E1,4.159272101E1
6.075382908E1,9.551041603E0,6.896987438E0,-4.006838989E1,4.176441907E1
6.076381708E1,9.696541786E0,6.862424374E0,-3.998976135E1,4.171686474E1
6.077380508E1,9.630833626E0,6.955830574E0,-3.988459778E1,4.161631501E1
6.078379308E1,9.728049278E0,6.923970699E0,-3.987449646E1,4.162393279E1
6.079378108E1,9.685681343E0,6.935851097E0,-3.993736267E1,4.167626891E1
6.080376908E1,9.620789528E0,6.946938992E0,-3.988571167E1,4.161357408E1
6.081375708E1,9.664378166E0,6.942311764E0,-4.002648926E1,4.175782250E1
6.082374508E1,9.579216003E0,6.900911331E0,-3.985877991E1,4.157049786E1
6.083373308E1,9.494831085E0,6.935892105E0,-3.983171082E1,4.153099569E1
6.084372108E1,9.587506294E0,6.847604275E0,-3.979513550E1,4.150256342E1
6.085370908E1,9.533082962E0,7.006542206E0,-3.993177795E1,4.164754729E1
6.086369708E1,9.611208916E0,6.968095303E0,-3.981034851E1,4.154267129E1
6.087368508E1,9.607573509E0,6.976507187E0,-3.998966980E1,4.171511491E1
6.088367308E1,9.525803566E0,6.976346970E0,-3.985734558E1,4.156944007E1
6.089366208E1,9.658182144E0,6.938313484E0,-4.011149597E1,4.183721771E1
6.090365008E1,9.690193176E0,6.953523636E0,-4.000772095E1,4.174768341E1
6.091363808E1,9.662299156E0,6.944065571E0,-3.996543884E1,4.169911718E1
6.092362608E1,9.689214706E0,6.894369602E0,-3.983515930E1,4.157226396E1
6.093361408E1,9.477485657E0,6.874374390E0,-3.993151855E1,4.161256940E1
6.094360208E1,9.536602974E0,6.840935230E0,-3.991383362E1,4.160359726E1
6.095359008E1,9.446146011E0,6.883432865E0,-3.988972473E1,4.156683127E1
6.096357808E1,9.635281563E0,6.805733204E0,-3.976478577E1,4.147764268E1
6.097356608E1,9.722227097E0,6.803595066E0,-3.974109650E1,4.147487621E1
6.098355408E1,9.794030190E0,6.845463753E0,-3.974980927E1,4.150699625E1
6.099354208E1,9.711647987E0,6.726551533E0,-3.990642548E1,4.161833005E1
6.100353008E1,9.626012802E0,6.813810349E0,-3.979523468E1,4.150600965E1
6.101351808E1,9.592743874E0,6.803145885E0,-3.986598969E1,4.156441582E1
6.102350608E1,9.707007408E0,6.763760567E0,-3.969689178E1,4.142242952E1
6.103349408E1,9.570166588E0,6.893771172E0,-3.980425262E1,4.151494546E1
6.104348208E1,9.570166588E0,6.893771172E0,-3.980425262E1,4.151494546E1
6.105347008E1,9.644866943E0,6.821482658E0,-3.986081696E1,4.157452119E1
6.106345808E1,9.869645119E0,6.777548313E0,-3.990117645E1,4.165871983E1
6.107344608E1,9.542652130E0,6.876485825E0,-3.988730621E1,4.158539965E1
6.108343508E1,9.759786606E0,6.745379925E0,-3.986586761E1,4.159376138E1
6.109342308E1,9.696575165E0,6.806429863E0,-3.982419586E1,4.154897873E1
6.110341108E1,9.599301338E0,6.906308651E0,-3.987487030E1,4.159145305E1
6.111339908E1,9.477815628E0,7.012511253E0,-3.999771881E1,4.169918240E1
6.112338708E1,9.552279472E0,6.965649128E0,-4.011141205E1,4.181736108E1
6.113337508E1,9.600325584E0,6.947868824E0,-3.988370514E1,4.160707954E1
6.114336308E1,9.562334061E0,6.890367985E0,-3.989304352E1,4.159772019E1
6.115335108E1,9.445199966E0,7.075664520E0,-3.967910004E1,4.139695412E1
6.116334000E1,9.460645676E0,7.082718372E0,-3.974925995E1,4.146893274E1
6.117332800E1,9.458722115E0,6.955371380E0,-3.974752045E1,4.144526507E1
6.118331600E1,9.434061050E0,7.069767952E0,-3.967528534E1,4.138974986E1
6.119330400E1,9.383967400E0,7.184491158E0,-3.979743195E1,4.151519417E1
6.120329200E1,9.413177490E0,7.105482578E0,-3.971004486E1,4.142443067E1
6.121328000E1,9.586410522E0,6.933850765E0,-3.963680267E1,4.136488462E1
6.122326800E1,9.724428177E0,6.867929935E0,-3.991522980E1,4.165283345E1
6.123325600E1,9.697590828E0,6.867725372E0,-3.995406342E1,4.168376306E1
6.124324400E1,9.741771698E0,6.907456398E0,-3.983765411E1,4.158910621E1
6.125323200E1,9.614086151E0,6.976083755E0,-3.970314789E1,4.144196363E1
6.126322100E1,9.678903580E0,6.956973076E0,-3.973184967E1,4.148132745E1
6.127320900E1,9.582067490E0,6.920248985E0,-3.984394073E1,4.156014289E1
6.128319700E1,9.716533661E0,6.844159126E0,-3.973671722E1,4.147602001E1
6.129318500E1,9.611597061E0,6.958287239E0,-3.982975006E1,4.155971065E1
6.130317300E1,9.666439056E0,6.807740688E0,-3.982118988E1,4.153928912E1
6.131316100E1,9.676862717E0,6.889685154E0,-3.956147003E1,4.130640803E1
6.132314900E1,9.620620728E0,6.920331955E0,-3.945928192E1,4.120051295E1
6.133313700E1,9.611250877E0,6.779450893E0,-3.973937225E1,4.144339278E1
6.134312500E1,9.621290207E0,6.740817547E0,-3.968791962E1,4.139008106E1
6.135311300E1,9.589958191E0,6.815676212E0,-3.973802948E1,4.144311435E1
6.136310100E1,9.693213463E0,6.916734219E0,-3.965142059E1,4.140090282E1
6.137308900E1,9.500407219E0,6.875131130E0,-3.978869629E1,4.148090546E1
6.138307700E1,9.577372551E0,6.782563686E0,-3.976158142E1,4.145735872E1
6.139306500E1,9.471014977E0,6.860717297E0,-3.996548462E1,4.164144002E1
6.140305300E1,9.500902176E0,6.971216202E0,-3.989965820E1,4.160345806E1
6.141304100E1,9.527015686E0,6.989675045E0,-3.969531250E1,4.141663216E1
6.142302900E1,9.508337021E0,7.011281013E0,-3.980088806E1,4.151719192E1
6.143301700E1,9.377465248E0,7.032461643E0,-3.979911804E1,4.148930185E1
6.144300600E1,9.548964500E0,7.007499218E0,-3.980532837E1,4.153013285E1
6.145299400E1,9.486791611E0,6.921821117E0,-3.976788330E1,4.146559254E1
6.146298200E1,9.536416054E0,7.018603802E0,-3.977478027E1,4.149984550E1
6.147297000E1,9.404101372E0,6.995935917E0,-4.003817749E1,4.171853184E1
6.148295800E1,9.494946480E0,6.855883598E0,-4.007589722E1,4.175206206E1
6.149294600E1,9.525856018E0,6.901823044E0,-4.004196167E1,4.173410822E1
6.150293400E1,9.544858932E0,6.843856335E0,-3.992636108E1,4.161798903E1
6.151292200E1,9.540585518E0,6.808484554E0,-3.987158203E1,4.155864877E1
6.152291000E1,9.590227127E0,6.842321873E0,-3.982392883E1,4.152993056E1
6.153289800E1,9.538564682E0,6.795712948E0,-3.990591431E1,4.158903614E1
6.154288600E1,9.713264465E0,6.687107563E0,-3.987808228E1,4.158516995E1
6.155287400E1,9.482913971E0,6.760390282E0,-3.988702393E1,4.155241523E1
6.156286200E1,9.729168892E0,6.732376575E0,-3.987654114E1,4.159471306E1
6.157285000E1,9.758495331E0,6.842972755E0,-3.986282349E1,4.160648031E1
6.158283800E1,9.682177544E0,6.879831314E0,-3.992611694E1,4.165538927E1
6.159282600E1,9.648448944E0,6.735052586E0,-3.980552673E1,4.150823363E1
6.160281400E1,9.632234573E0,6.767759323E0,-3.991458130E1,4.161437623E1
6.161280200E1,9.576653481E0,6.677775860E0,-3.995701599E1,4.162773245E1
6.162279100E1,9.810133934E0,6.838316441E0,-4.011207581E1,4.185665927E1
6.163277900E1,9.776233673E0,6.766224384E0,-4.005459595E1,4.178190031E1
6.164276700E1,9.681047440E0,6.912185669E0,-3.984332275E1,4.158114186E1
6.165275500E1,9.465622902E0,6.781637192E0,-3.986358643E1,4.152943706E1
6.166274300E1,9.572733879E0,6.821134090E0,-3.987396240E1,4.157039790E1
6.167273100E1,9.549152374E0,6.822321415E0,-3.980030823E1,4.149451669E1
6.168271900E1,9.609573364E0,6.847798824E0,-3.980746460E1,4.151951935E1
6.169270700E1,9.728430748E0,6.785406113E0,-3.974435425E1,4.147647280E1
6.170269500E1,9.598409653E0,7.084539890E0,-3.943699646E1,4.120190363E1
6.171268300E1,9.548480034E0,6.969924450E0,-3.962875366E1,4.135446088E1
6.172267100E1,9.630111694E0,6.884000778E0,-3.960783386E1,4.133895283E1
6.173265900E1,9.620073318E0,6.800665379E0,-3.978762817E1,4.149518305E1
6.174264700E1,9.588692665E0,6.814552784E0,-3.966409302E1,4.137174678E1
6.175263500E1,9.596058846E0,6.707402229E0,-3.968783569E1,4.137871303E1
6.176262300E1,9.748774529E0,6.905247211E0,-3.946844482E1,4.123686677E1
6.177261100E1,9.647590637E0,6.774422646E0,-3.955691528E1,4.127612329E1
6.178259900E1,9.669818878E0,6.806221485E0,-3.972772217E1,4.145023470E1
6.179258700E1,9.554904938E0,6.799585819E0,-3.986949158E1,4.155847608E1
6.180257500E1,9.657972336E0,6.921779156E0,-3.968588257E1,4.142652208E1
6.181256400E1,9.472806931E0,6.862766266E0,-3.968290710E1,4.137106172E1
6.182255200E1,9.785989761E0,6.785015583E0,-3.955386353E1,4.130750721E1
6.183254000E1,9.639841080E0,6.816855907E0,-3.972819519E1,4.144545275E1
6.184252800E1,9.649092674E0,6.875367165E0,-3.970021057E1,4.143045236E1
6.185251600E1,9.596589088E0,6.783308029E0,-3.981883240E1,4.151683036E1
6.186250400E1,9.609230042E0,6.745928764E0,-3.974824524E1,4.144596309E1
6.187249200E1,9.772638321E0,6.778299332E0,-3.971708679E1,4.145958013E1
6.188248000E1,9.575544357E0,6.849089622E0,-3.974137878E1,4.144850137E1
6.189246800E1,9.575544357E0,6.849089622E0,-3.974137878E1,4.144850137E1
6.190245600E1,9.557426453E0,6.847252369E0,-3.983158875E1,4.153052766E1
6.191244400E1,9.564790726E0,6.898274899E0,-3.987332153E1,4.158068287E1
6.192243200E1,9.511455536E0,6.879720688E0,-3.982221985E1,4.151635264E1
6.193242000E1,9.462261200E0,7.015998840E0,-3.937199402E1,4.109638110E1
6.194240800E1,9.535708427E0,6.894035816E0,-3.970353699E1,4.141048556E1
6.195239600E1,9.474469185E0,6.962076187E0,-3.974632263E1,4.144883875E1
6.196238400E1,9.507602692E0,6.969684601E0,-3.973042297E1,4.144246038E1
6.197237200E1,9.459821701E0,7.003768444E0,-3.969779968E1,4.140599351E1
6.198236000E1,9.517471313E0,6.910836697E0,-3.974485779E1,4.144871101E1
6.199234800E1,9.355588913E0,7.055604935E0,-3.979124451E1,4.148073944E1
6.200233700E1,9.440037727E0,7.046277046E0,-3.972123718E1,4.143115996E1
6.201232500E1,9.677633286E0,6.964721680E0,-3.968025208E1,4.143291371E1
6.202231300E1,9.627514839E0,6.821881771E0,-3.969635010E1,4.141288838E1
6.203230100E1,9.730587006E0,6.873686790E0,-3.961103821E1,4.136382769E1
6.204228900E1,9.754464149E0,6.815238953E0,-3.985290527E1,4.159147883E1
6.205227700E1,9.790657043E0,6.833852291E0,-3.982266235E1,4.157406571E1
6.206226500E1,9.806972504E0,6.834215641E0,-3.979576111E1,4.155220590E1
6.207225300E1,9.695305824E0,6.780688763E0,-3.979800415E1,4.151936692E1
6.208224100E1,9.826577187E0,6.752355099E0,-3.968453979E1,4.143692336E1
6.209222900E1,9.720315933E0,6.836138248E0,-3.953208923E1,4.127957615E1
6.210221700E1,9.739467621E0,6.762383938E0,-3.972177124E1,4.145366300E1
6.211220500E1,9.694999695E0,6.817990303E0,-3.958993530E1,4.132603281E1
6.212219300E1,9.607810020E0,6.693862438E0,-3.981958008E1,4.150562330E1
6.213218100E1,9.634102821E0,6.695550442E0,-3.967301941E1,4.137142494E1
6.214216900E1,9.693579674E0,6.748176575E0,-3.945918274E1,4.118896061E1
6.215215700E1,9.667050362E0,6.719425201E0,-3.962367249E1,4.133567417E1
6.216214458E1,9.693569183E0,6.703186512E0,-3.966215515E1,4.137613496E1
6.217213258E1,9.707076073E0,6.834621429E0,-3.968121338E1,4.141905445E1
6.218212158E1,9.722534180E0,6.787419796E0,-3.971980286E1,4.145189353E1
6.219210958E1,9.763014793E0,6.824698448E0,-3.975262451E1,4.149896532E1
6.220209758E1,9.626908302E0,6.732097626E0,-3.971279907E1,4.141382513E1
6.221208558E1,9.690966606E0,6.715861320E0,-3.940061951E1,4.112695521E1
6.222207358E1,9.624883652E0,6.619109631E0,-3.945117188E1,4.114420931E1
6.223206158E1,9.695128441E0,6.711780071E0,-3.948750305E1,4.121051328E1
6.224204958E1,9.780954361E0,6.664679050E0,-3.952679443E1,4.126078639E1
6.225203758E1,9.623117447E0,6.736080170E0,-3.951788330E1,4.122671787E1
6.226202558E1,9.735407829E0,6.621807575E0,-3.955921936E1,4.127418488E1
6.227201358E1,9.562232971E0,6.678631783E0,-3.971611023E1,4.139335495E1
6.228200158E1,9.747268677E0,6.588646412E0,-3.971925354E1,4.142509638E1
6.229198958E1,9.762642860E0,6.630507469E0,-3.953384399E1,4.125769802E1
6.230197758E1,9.731802940E0,6.740119934E0,-3.977917480E1,4.150325232E1
6.231196558E1,9.767530441E0,6.710033894E0,-3.960458374E1,4.133947580E1
6.232195358E1,9.724493980E0,6.658494949E0,-3.960568237E1,4.132204514E1
6.233194158E1,9.654685974E0,6.779621601E0,-3.963146973E1,4.135008613E1
6.234192958E1,9.661932945E0,6.718951702E0,-3.967988586E1,4.138829064E1
6.235191758E1,9.485792160E0,6.776011467E0,-3.975776672E1,4.143156525E1
6.236190658E1,9.582043648E0,6.940097332E0,-3.985189819E1,4.157107529E1
6.237189458E1,9.578010559E0,6.842302799E0,-4.000207520E1,4.169797853E1
6.238188258E1,9.686645508E0,6.890215397E0,-4.002937317E1,4.175711778E1
6.239187058E1,9.707564354E0,6.779846191E0,-3.979554749E1,4.151973892E1
6.240185858E1,9.889222145E0,6.656161308E0,-3.972685242E1,4.147678870E1
6.241184658E1,9.795206070E0,6.661392212E0,-3.961645508E1,4.134953109E1
6.242183458E1,9.842960358E0,6.604403973E0,-3.967770386E1,4.141041178E1
6.243182258E1,9.585595131E0,6.705018520E0,-3.973977661E1,4.142572573E1
6.244181058E1,9.609280586E0,6.830937386E0,-3.970910645E1,4.142237455E1
6.245179858E1,9.550329208E0,6.817926407E0,-3.953671265E1,4.124129672E1
6.246178658E1,9.667162895E0,6.616403580E0,-3.967996216E1,4.137306167E1
6.247177458E1,9.626667023E0,6.784201622E0,-3.962498474E1,4.133808807E1
6.248176258E1,9.687099457E0,6.775948524E0,-3.970529175E1,4.142781152E1
6.249175058E1,9.618062973E0,6.821444511E0,-3.967552185E1,4.139065444E1
6.250173858E1,9.704059601E0,6.775774002E0,-3.957756042E1,4.130935941E1
6.251172658E1,9.517833710E0,6.791714191E0,-3.975759888E1,4.144132248E1
6.252171458E1,9.685870171E0,6.860131264E0,-3.965539551E1,4.139357287E1
6.253170258E1,9.629785538E0,6.812120914E0,-3.975096130E1,4.146416146E1
6.254169058E1,9.665084839E0,6.837022781E0,-3.979313660E1,4.151689374E1
6.255167958E1,9.526247978E0,6.938042164E0,-3.974697876E1,4.145730515E1
6.256166758E1,9.619658470E0,6.887947083E0,-3.971525574E1,4.144011562E1
6.257165558E1,9.492000580E0,7.000947952E0,-3.990823364E1,4.161464237E1
6.258164358E1,9.644635201E0,6.912793159E0,-3.985923767E1,4.158803344E1
6.259163158E1,9.663022041E0,6.800952435E0,-3.999209595E1,4.170125522E1
6.260161958E1,9.710704803E0,6.761576176E0,-3.995442200E1,4.166980366E1
6.261160758E1,9.488042831E0,6.794044018E0,-3.992219543E1,4.159283207E1
6.262159558E1,9.546046257E0,6.817584515E0,-3.990339661E1,4.159191650E1
6.263158358E1,9.515157700E0,6.867238998E0,-3.989396667E1,4.158396054E1
6.264157158E1,9.602416039E0,6.854801655E0,-3.981646729E1,4.152765063E1
6.265155958E1,9.701031685E0,6.796616554E0,-3.982594299E1,4.155008722E1
6.266154758E1,9.616762161E0,6.905033588E0,-3.982870483E1,4.155102083E1
6.267153558E1,9.794123650E0,6.788818836E0,-3.995620728E1,4.169546041E1
6.268152358E1,9.819103241E0,6.807528496E0,-3.973728943E1,4.149469127E1
6.269151158E1,9.732836723E0,6.736092091E0,-3.977032471E1,4.149435835E1
6.270149958E1,9.748597145E0,6.685512543E0,-3.974127197E1,4.146202989E1
6.271148758E1,9.621359825E0,6.674959660E0,-3.987825012E1,4.156200770E1
6.272147558E1,9.737457275E0,6.639535427E0,-3.980680847E1,4.151485885E1
6.273146358E1,9.590200424E0,6.659024715E0,-3.983659363E1,4.151227224E1
6.274145258E1,9.590200424E0,6.659024715E0,-3.983659363E1,4.151227224E1
6.275144058E1,9.670472145E0,6.742042542E0,-3.961964417E1,4.133629607E1
6.276142858E1,9.791224480E0,6.640529156E0,-3.979806519E1,4.151928102E1
6.277141658E1,9.619410515E0,6.749397278E0,-3.976817322E1,4.146799999E1
6.278140458E1,9.457060814E0,6.772981167E0,-3.983761597E1,4.150114359E1
6.279139258E1,9.623661041E0,6.802791595E0,-3.944287109E1,4.116591922E1
6.280138058E1,9.604336739E0,6.660133362E0,-3.945593262E1,4.115059270E1
6.281136858E1,9.764345169E0,6.722578526E0,-3.971878052E1,4.145017520E1
6.282135658E1,9.557813644E0,6.757871151E0,-3.969329834E1,4.138331255E1
6.283134458E1,9.799407959E0,6.684855938E0,-3.951637268E1,4.125844647E1
6.284133258E1,9.787422180E0,6.526817322E0,-3.986071777E1,4.156043550E1
6.285132058E1,9.824804306E0,6.694940090E0,-3.958363342E1,4.133053396E1
6.286130858E1,9.718085289E0,6.796037674E0,-3.974133301E1,4.147289306E1
6.287129658E1,9.858678818E0,6.723030090E0,-3.963278198E1,4.139021731E1
6.288128458E1,9.849363327E0,6.737488270E0,-3.972799683E1,4.148153129E1
6.289127258E1,9.691901207E0,6.525903225E0,-3.954689026E1,4.123683900E1
6.290126058E1,9.701076508E0,6.550981522E0,-3.965350342E1,4.134521227E1
6.291124858E1,9.739339828E0,6.703083515E0,-3.955836487E1,4.128741091E1
6.292123758E1,9.724905014E0,6.443312645E0,-3.960122681E1,4.128374038E1
6.293122558E1,9.712511063E0,6.522508621E0,-3.960696411E1,4.129876022E1
6.294121358E1,9.721209526E0,6.487565041E0,-3.970933533E1,4.139349861E1
6.295120158E1,9.701405525E0,6.561171055E0,-3.965756226E1,4.135079780E1
6.296118958E1,9.700299263E0,6.634363651E0,-3.989797974E1,4.159278031E1
6.297117758E1,9.737535477E0,6.584153652E0,-3.972734070E1,4.142984764E1
6.298116558E1,9.828977585E0,6.564656734E0,-3.975382996E1,4.147373283E1
6.299115358E1,9.758210182E0,6.560510159E0,-3.957184601E1,4.128188411E1
6.300114158E1,9.656028748E0,6.718251228E0,-3.980802155E1,4.150966598E1
6.301112958E1,9.763812065E0,6.816448689E0,-3.989247894E1,4.163178924E1
6.302111758E1,9.782654762E0,6.652744770E0,-3.982787323E1,4.154778975E1
6.303110558E1,9.840774536E0,6.699801445E0,-3.991648102E1,4.165397508E1
6.304109358E1,9.751846313E0,6.687595844E0,-3.997158051E1,4.168392607E1
6.305108158E1,9.750507355E0,6.637205124E0,-3.995584869E1,4.166046964E1
6.306106958E1,9.752408028E0,6.662652493E0,-3.973070526E1,4.144911750E1
6.307105758E1,9.653362274E0,6.632496834E0,-3.965756989E1,4.135094034E1
6.308104558E1,9.781500816E0,6.644436359E0,-3.973001862E1,4.145239043E1
6.309103358E1,9.715044022E0,6.705972672E0,-3.977599335E1,4.149074350E1
6.310102158E1,9.736605644E0,6.630548000E0,-3.986284637E1,4.156696016E1
6.311101058E1,9.664846420E0,6.652166843E0,-3.977402496E1,4.146846563E1
6.312099858E1,9.551548958E0,6.900239944E0,-3.955771637E1,4.127539610E1
6.313098658E1,9.497297287E0,6.852940083E0,-3.949285126E1,4.119279966E1
6.314097458E1,9.436336517E0,6.957894802E0,-3.958809662E1,4.128769963E1
6.315096258E1,9.408288956E0,6.853597641E0,-3.968045807E1,4.135246612E1
6.316095021E1,9.336764336E0,6.894681931E0,-3.960027313E1,4.126612944E1
6.317093821E1,9.232377052E0,6.911713123E0,-3.939102936E1,4.104463130E1
6.318092621E1,9.562207222E0,6.810063839E0,-3.958902740E1,4.129290335E1
6.319091421E1,9.513385773E0,6.910149574E0,-3.958731842E1,4.129661555E1
6.320090221E1,9.478324890E0,6.843218327E0,-3.967964935E1,4.136596249E1
6.321089021E1,9.586784363E0,6.775974751E0,-3.961464691E1,4.131755702E1
6.322087821E1,9.596192360E0,6.883276463E0,-3.957041168E1,4.129508304E1
6.323086621E1,9.315578461E0,6.838124275E0,-3.983860016E1,4.148076673E1
6.324085421E1,9.612642288E0,6.854702950E0,-3.994544220E1,4.165366967E1
6.325084221E1,9.507753372E0,6.845536232E0,-3.956522369E1,4.126336955E1
6.326083021E1,9.560261726E0,6.834630966E0,-3.973288727E1,4.143444359E1
6.327081821E1,9.598435402E0,6.942040920E0,-3.987026215E1,4.159278420E1
6.328080621E1,9.555768013E0,6.820289135E0,-3.985182953E1,4.154512442E1
6.329079421E1,9.579407692E0,6.842389584E0,-3.963480377E1,4.134611248E1
6.330078321E1,9.601843834E0,6.930385590E0,-3.974831390E1,4.147474060E1
6.331077121E1,9.554075241E0,6.856880665E0,-3.955809784E1,4.126912006E1
6.332075921E1,9.444036484E0,6.795036316E0,-3.943852997E1,4.111885200E1
6.333074721E1,9.470944405E0,6.735266685E0,-3.939865875E1,4.107696333E1
6.334073521E1,9.452000618E0,6.937186718E0,-3.928713226E1,4.099931264E1
6.335072321E1,9.444032669E0,6.902174473E0,-3.960495758E1,4.129627623E1
6.336071121E1,9.440826416E0,6.842662334E0,-3.940212250E1,4.109109987E1
6.337069921E1,9.540264130E0,6.745044231E0,-3.960309601E1,4.129064634E1
6.338068721E1,9.618298531E0,6.808213234E0,-3.971741486E1,4.142869147E1
6.339067521E1,9.759251595E0,6.664929867E0,-3.972467804E1,4.144531731E1
6.340066321E1,9.747543335E0,6.707330704E0,-3.972873688E1,4.145329203E1
6.341065121E1,9.531883240E0,6.769521236E0,-3.951753998E1,4.121066830E1
6.342063921E1,9.670310020E0,6.772692204E0,-3.944792938E1,4.117673358E1
6.343062721E1,9.489881516E0,6.773136139E0,-3.975388336E1,4.142830514E1
6.344061521E1,9.649285316E0,6.739466667E0,-3.966422272E1,4.137365928E1
6.345060321E1,9.413162231E0,6.920717239E0,-3.947435760E1,4.116708465E1
6.346059121E1,9.442686081E0,7.035844803E0,-3.961627960E1,4.132937263E1
6.347058021E1,9.511006355E0,6.960608482E0,-3.964221954E1,4.135716241E1
6.348056821E1,9.618684769E0,6.850273609E0,-3.949686432E1,4.122435732E1
6.349055621E1,9.409408569E0,6.909703255E0,-3.984844208E1,4.152323813E1
6.350054421E1,9.463274956E0,6.824695110E0,-3.994460297E1,4.161371580E1
6.351053221E1,9.411101341E0,7.008308411E0,-3.981856537E1,4.151148472E1
6.352052021E1,9.459150314E0,6.928384781E0,-3.970658112E1,4.140157756E1
6.353050821E1,9.309030533E0,6.902876377E0,-3.989096832E1,4.154030700E1
6.354049621E1,9.381326675E0,6.998466492E0,-3.970769501E1,4.139672531E1
6.355048421E1,9.315328598E0,6.939272404E0,-3.953778839E1,4.120880439E1
6.356047221E1,9.486057281E0,6.803146362E0,-3.966364288E1,4.134576943E1
6.357046021E1,9.347133636E0,6.771859169E0,-3.965683746E1,4.130244232E1
6.358044821E1,9.387783051E0,6.889776230E0,-3.960909271E1,4.128534501E1
6.359043621E1,9.387783051E0,6.889776230E0,-3.960909271E1,4.128534501E1
6.360042421E1,9.408063889E0,6.893907070E0,-3.967771149E1,4.135647966E1
6.361041221E1,9.481165886E0,6.892626762E0,-3.970151520E1,4.139578625E1
6.362040021E1,9.461538315E0,6.874011040E0,-3.964965057E1,4.133845093E1
6.363038821E1,9.525792122E0,6.870175362E0,-3.959880829E1,4.130382117E1
6.364037621E1,9.472066879E0,6.863221645E0,-3.980805206E1,4.149102158E1
6.365036521E1,9.514827728E0,6.951681614E0,-3.976361847E1,4.147292102E1
6.366035321E1,9.431427956E0,6.913218021E0,-3.983481598E1,4.151574377E1
6.367034121E1,9.569085121E0,6.903919220E0,-3.985697174E1,4.156693021E1
6.368032921E1,9.545453072E0,6.923836231E0,-3.979662323E1,4.150694403E1
6.369031721E1,9.601657867E0,6.771451950E0,-3.992047882E1,4.161356779E1
6.370030521E1,9.534550667E0,6.823487759E0,-4.017313385E1,4.184911379E1
6.371029321E1,9.526389122E0,6.982738018E0,-3.987271881E1,4.158538716E1
6.372028121E1,9.447512627E0,6.958341599E0,-4.000005341E1,4.168546851E1
6.373026921E1,9.529070854E0,6.929631710E0,-3.970677948E1,4.141800724E1
6.374025721E1,9.428703308E0,6.941600800E0,-3.980228424E1,4.148865024E1
6.375024521E1,9.349203110E0,6.926187992E0,-3.980425262E1,4.146996752E1
6.376023321E1,9.308740616E0,7.041037083E0,-3.982601166E1,4.150108504E1
6.377022121E1,9.346520424E0,6.992290497E0,-3.983773041E1,4.151258044E1
6.378020921E1,9.458137512E0,6.829260826E0,-3.993788910E1,4.160685225E1
6.379019721E1,9.380569458E0,6.936416149E0,-3.996607208E1,4.163407102E1
6.380018521E1,9.315746307E0,6.880918503E0,-3.992217255E1,4.156813719E1
6.381017321E1,9.414938927E0,6.922829628E0,-3.979569244E1,4.147606276E1
6.382016121E1,9.427221298E0,6.850203037E0,-4.006847382E1,4.172865175E1
6.383015021E1,9.464458466E0,6.951071262E0,-3.989603424E1,4.158830261E1
6.384013821E1,9.311611176E0,6.925220966E0,-4.005902863E1,4.170600152E1
6.385012621E1,9.444773674E0,6.821235657E0,-3.998149872E1,4.164436631E1
6.386011421E1,9.366429329E0,6.810743332E0,-4.019638824E1,4.183139791E1
6.387010221E1,9.438282013E0,6.956531048E0,-4.015573883E1,4.183249757E1
6.388009021E1,9.444530487E0,6.966902256E0,-3.996736908E1,4.165486135E1
6.389007821E1,9.457540512E0,6.910951138E0,-3.990119171E1,4.158499030E1
6.390006621E1,9.456801414E0,6.832074642E0,-4.003404999E1,4.169932248E1
6.391005421E1,9.440849304E0,6.889454365E0,-3.998523712E1,4.165829335E1
6.392004221E1,9.424269676E0,7.016440392E0,-3.996204376E1,4.165347808E1
6.393003021E1,9.502664566E0,6.766681194E0,-3.997046661E1,4.163804522E1
6.394001821E1,9.553041458E0,6.805936337E0,-4.014331818E1,4.182185272E1
6.395000621E1,9.499526024E0,6.791303158E0,-3.993410492E1,4.160643615E1
6.395999421E1,9.602274895E0,6.715016365E0,-3.987137604E1,4.155745126E1
6.396998221E1,9.564155579E0,6.687660694E0,-3.984943390E1,4.152318942E1
6.397997021E1,9.671952248E0,6.644299984E0,-3.992258453E1,4.161137030E1
6.398995821E1,9.588189125E0,6.777556419E0,-3.989508820E1,4.158709781E1
6.399994721E1,9.728962898E0,6.663160801E0,-3.992507172E1,4.163005864E1
6.400993521E1,9.678883553E0,6.804494381E0,-3.987093353E1,4.158934084E1
6.401992321E1,9.482268333E0,6.875578880E0,-3.965851593E1,4.135196348E1
6.402991121E1,9.476195335E0,6.942148685E0,-3.961562347E1,4.132056788E1
6.403989921E1,9.546021461E0,6.859991074E0,-3.970153046E1,4.140528377E1
6.404988721E1,9.455425262E0,6.898097992E0,-3.970005035E1,4.138940469E1
6.405987521E1,9.675184250E0,6.775583267E0,-3.970088959E1,4.142074786E1
6.406986321E1,9.424768448E0,6.943467617E0,-3.959642792E1,4.129061766E1
6.407985121E1,9.452658653E0,7.015504837E0,-3.966352081E1,4.137348120E1
6.408983921E1,9.512327194E0,6.943635941E0,-3.969567108E1,4.140585407E1
6.409982721E1,9.636962891E0,6.870511532E0,-3.962818146E1,4.135780154E1
6.410981521E1,9.589757919E0,6.878256321E0,-3.969014740E1,4.140750738E1
6.411980321E1,9.620511055E0,6.715377808E0,-3.989455414E1,4.158396304E1
6.412979121E1,9.625977516E0,6.628762722E0,-3.977092743E1,4.145270325E1
6.413977921E1,9.734205246E0,6.725595474E0,-3.982668304E1,4.154699831E1
6.414976721E1,9.527442932E0,6.851835728E0,-3.986022186E1,4.155186047E1
6.415975621E1,9.545063019E0,6.781562805E0,-3.983452606E1,4.151972168E1
6.416974521E1,9.515626907E0,6.802290440E0,-3.970302582E1,4.139019896E1
6.417973321E1,9.536241531E0,6.854255199E0,-3.966855621E1,4.137046131E1
6.418972121E1,9.393029213E0,6.961874485E0,-3.976958466E1,4.145258204E1
6.419970921E1,9.554859161E0,6.968324661E0,-3.979100800E1,4.151116958E1
6.420969721E1,9.440332413E0,6.959065437E0,-3.978233337E1,4.147508308E1
6.421968521E1,9.469805717E0,6.822453022E0,-3.977989197E1,4.145675929E1
6.422967321E1,9.363619804E0,6.927258968E0,-3.982691956E1,4.149515410E1
6.423966121E1,9.399614334E0,7.025825977E0,-3.964701843E1,4.134732217E1
6.424964921E1,9.288516998E0,7.000325203E0,-3.983135986E1,4.149479883E1
6.425963721E1,9.571332932E0,6.765054226E0,-3.976889038E1,4.146011354E1
6.426962521E1,9.367605209E0,6.896208286E0,-3.972457886E1,4.139265492E1
6.427961321E1,9.475927353E0,6.932619095E0,-3.965357971E1,4.135529943E1
6.428960121E1,9.339382172E0,7.036564350E0,-3.975239563E1,4.143658113E1
6.429958921E1,9.513643265E0,7.009025097E0,-3.990547180E1,4.161829550E1
6.430957721E1,9.456852913E0,6.988033295E0,-3.974919128E1,4.145193462E1
6.431956521E1,9.558680534E0,7.003301144E0,-3.966629028E1,4.139842008E1
6.432955321E1,9.451801300E0,6.811398983E0,-3.987327576E1,4.154046008E1
6.433954221E1,9.497925758E0,6.935301781E0,-3.974403381E1,4.144752379E1
6.434953021E1,9.624906540E0,6.867977619E0,-3.973106384E1,4.145317089E1
6.435951821E1,9.709764481E0,6.904902458E0,-3.967358398E1,4.142403252E1
6.436950621E1,9.561531067E0,6.893634319E0,-3.980497742E1,4.151362785E1
6.437949421E1,9.577884674E0,6.823937893E0,-3.984243774E1,4.154180844E1
6.438948221E1,9.593902588E0,6.860406399E0,-3.972692871E1,4.144076505E1
6.439947021E1,9.522180557E0,6.881428719E0,-3.981405640E1,4.151126438E1
6.440945821E1,9.499628067E0,6.804090500E0,-3.985620117E1,4.153378568E1
6.441944621E1,9.656785965E0,6.783203602E0,-3.969221497E1,4.140938656E1
6.442943421E1,9.481338501E0,6.857884407E0,-3.983763123E1,4.152063607E1
6.443942221E1,9.481338501E0,6.857884407E0,-3.983763123E1,4.152063607E1
6.444941021E1,9.627772331E0,6.814866066E0,-3.965805054E1,4.137508153E1
6.445939821E1,9.431961060E0,6.933024883E0,-3.976048279E1,4.144785537E1
6.446938621E1,9.615378380E0,6.897937775E0,-3.966468811E1,4.139232453E1
6.447937421E1,9.519505501E0,6.969057560E0,-3.987277222E1,4.158156698E1
6.448936221E1,9.511921883E0,7.005247116E0,-3.976351929E1,4.148117177E1
6.449935021E1,9.583578110E0,6.860004902E0,-3.971464539E1,4.142653370E1
6.450933921E1,9.586429596E0,6.848031998E0,-3.981903076E1,4.152529814E1
6.451932721E1,9.513471603E0,6.928535461E0,-3.974586487E1,4.145171311E1
6.452931521E1,9.624898911E0,6.992600918E0,-3.983255005E1,4.157123032E1
6.453930321E1,9.476324081E0,6.981110096E0,-3.987956238E1,4.158023703E1
6.454929121E1,9.577376366E0,7.033020020E0,-3.967121887E1,4.141249951E1
6.455927921E1,9.449218750E0,6.966404438E0,-3.972276306E1,4.142120750E1
6.456926721E1,9.440798759E0,6.944235802E0,-3.974635315E1,4.143819109E1
6.457925521E1,9.453859329E0,7.045470715E0,-3.962661743E1,4.134347497E1
6.458924321E1,9.561747551E0,7.021941185E0,-3.974206543E1,4.147488926E1
6.459923121E1,9.583032608E0,7.008738518E0,-3.997570801E1,4.170148871E1
6.460921921E1,9.491256714E0,7.089476585E0,-3.980176544E1,4.152740257E1
6.461920721E1,9.519397736E0,6.988702297E0,-3.988359833E1,4.159521978E1
6.462919521E1,9.532450676E0,7.098359108E0,-3.961173248E1,4.135630143E1
6.463918321E1,9.431808472E0,7.126053810E0,-3.974956512E1,4.147008056E1
6.464917121E1,9.415892601E0,7.165657520E0,-3.955419159E1,4.128607215E1
6.465915921E1,9.307333946E0,7.213585377E0,-3.975165558E1,4.145909310E1
6.466914721E1,9.281872749E0,7.256895542E0,-3.991936493E1,4.162176583E1
6.467913621E1,9.387301445E0,7.271438122E0,-3.988065338E1,4.161083699E1
6.468912421E1,9.413257599E0,7.335330963E0,-3.985704803E1,4.160529746E1
6.469911221E1,9.402076721E0,7.219805717E0,-3.979633331E1,4.152436377E1
6.470910021E1,9.548083305E0,7.115077019E0,-3.999399567E1,4.172900556E1
6.471908821E1,9.493948936E0,7.092933178E0,-3.997000885E1,4.168988336E1
6.472907621E1,9.482580185E0,7.106891155E0,-3.987859344E1,4.160203654E1
6.473906421E1,9.502880096E0,7.039112568E0,-3.992177582E1,4.163654669E1
6.474905221E1,9.432922363E0,7.159481525E0,-3.965569305E1,4.138613526E1
6.475904021E1,9.564547539E0,7.091588020E0,-3.988494110E1,4.162426836E1
6.476902821E1,9.402366638E0,7.148578167E0,-3.983568573E1,4.154983184E1
6.477901621E1,9.444136620E0,7.181085110E0,-3.970050812E1,4.143537190E1
6.478900421E1,9.418921471E0,7.162763119E0,-3.965425873E1,4.138213978E1
6.479899221E1,9.414943695E0,7.130411148E0,-3.976953888E1,4.148614408E1
6.480898021E1,9.526781082E0,7.095212460E0,-3.970803070E1,4.144670433E1
6.481896821E1,9.449428558E0,6.996884346E0,-3.984037018E1,4.153917653E1
6.482895621E1,9.489536285E0,7.004419804E0,-3.967539215E1,4.139142348E1
6.483894421E1,9.424714088E0,6.961022854E0,-3.979697418E1,4.148590398E1
6.484893321E1,9.442484856E0,6.998252392E0,-3.978289032E1,4.148270024E1
6.485892121E1,9.559998512E0,6.948035240E0,-3.984987640E1,4.156538722E1
6.486890921E1,9.627644539E0,6.919137001E0,-3.981507111E1,4.154281988E1
6.487889721E1,9.543849945E0,6.920584202E0,-3.984708405E1,4.155441811E1
6.488888521E1,9.548645020E0,6.832259655E0,-3.961986542E1,4.132299758E1
6.489887321E1,9.451732635E0,6.922635078E0,-3.974871063E1,4.143933063E1
6.490886121E1,9.259592056E0,7.003406048E0,-3.960395050E1,4.127057834E1
6.491884921E1,9.295160294E0,7.024188995E0,-3.962723541E1,4.130444313E1
6.492883721E1,9.282687187E0,7.064336777E0,-3.963713837E1,4.131798487E1
6.493882521E1,9.390010834E0,7.088960648E0,-3.957448578E1,4.128638506E1
6.494881321E1,9.244186401E0,7.175568104E0,-3.965105438E1,4.134186587E1
6.495880121E1,9.369436264E0,7.108686924E0,-3.961447906E1,4.132344029E1
6.496878921E1,9.326117516E0,6.965045929E0,-3.963587189E1,4.130969224E1
6.497877721E1,9.379306793E0,6.948648930E0,-3.967522430E1,4.135672305E1
6.498876521E1,9.268015862E0,7.115308285E0,-3.970719147E1,4.139063643E1
6.499875321E1,9.279338837E0,7.086372852E0,-3.977243805E1,4.145080986E1
6.500874121E1,9.295039177E0,7.035630703E0,-3.981911469E1,4.149047779E1
6.501873021E1,9.360231400E0,7.100019455E0,-3.974128723E1,4.144145411E1
6.502871821E1,9.396007538E0,7.007764339E0,-3.992366028E1,4.160880158E1
6.503870621E1,9.453084946E0,7.085100174E0,-3.989285278E1,4.160527806E1
6.504869421E1,9.317367554E0,7.123048306E0,-3.995788574E1,4.164353237E1
6.505868221E1,9.489016533E0,7.095097065E0,-3.983674622E1,4.156137854E1
6.506867021E1,9.403842926E0,6.996189594E0,-3.985881042E1,4.154640417E1
6.507865821E1,9.371087074E0,7.023470879E0,-3.995783997E1,4.163862859E1
6.508864621E1,9.359100342E0,6.982353687E0,-4.008085632E1,4.174710847E1
6.509863421E1,9.405466080E0,6.977790356E0,-3.990011597E1,4.158330921E1
6.510862221E1,9.457981110E0,7.075521469E0,-3.982875061E1,4.154330013E1
6.511861021E1,9.453574181E0,7.064213753E0,-3.982354736E1,4.153538377E1
6.512859821E1,9.395851135E0,7.059641838E0,-3.993545532E1,4.162885001E1
6.513858621E1,9.546393394E0,7.036705494E0,-3.970704651E1,4.144029915E1
6.514857421E1,9.459874153E0,7.015255451E0,-3.982200623E1,4.152704189E1
6.515856221E1,9.595638275E0,6.979720592E0,-3.967083740E1,4.140734372E1
6.516854987E1,9.427202225E0,7.015629292E0,-3.982868958E1,4.152608469E1
6.517853787E1,9.417993546E0,6.992315292E0,-3.999443054E1,4.167907808E1
6.518852587E1,9.365868568E0,6.915129662E0,-4.005592346E1,4.171349322E1
6.519851487E1,9.383126259E0,7.102792740E0,-4.004512024E1,4.173852391E1
6.520850287E1,9.436177254E0,7.117648125E0,-3.991189575E1,4.162525410E1
6.521849087E1,9.549891472E0,6.963004589E0,-3.979382324E1,4.151183239E1
6.522847887E1,9.476872444E0,7.048510075E0,-3.992710876E1,4.163732244E1
6.523846687E1,9.570031166E0,7.174146175E0,-3.982344055E1,4.158076824E1
6.524845487E1,9.358183861E0,7.139244080E0,-3.986024475E1,4.156180365E1
6.525844287E1,9.575833321E0,6.894234657E0,-3.969529724E1,4.141187847E1
6.526843087E1,9.444663048E0,6.845253944E0,-3.995234680E1,4.162029765E1
6.527841887E1,9.552732468E0,6.926588535E0,-3.993223572E1,4.163911353E1
6.528840687E1,9.552732468E0,6.926588535E0,-3.993223572E1,4.163911353E1
6.529839487E1,9.687366486E0,6.889666080E0,-3.991142273E1,4.164413803E1
6.530838287E1,9.821166992E0,6.751506329E0,-3.990670776E1,4.164833110E1
6.531837087E1,9.749923706E0,6.852236748E0,-4.007574463E1,4.181004028E1
6.532835887E1,9.880713463E0,6.769715309E0,-3.974209595E1,4.150773102E1
6.533834687E1,9.671640396E0,6.830740452E0,-3.993699646E1,4.165529173E1
6.534833487E1,9.803067207E0,6.930459023E0,-3.973634338E1,4.151034057E1
6.535832287E1,9.595965385E0,6.967343330E0,-3.991351318E1,4.163790292E1
6.536831187E1,9.634163857E0,6.961674690E0,-3.960504150E1,4.135022781E1
6.537829987E1,9.513279915E0,7.039103985E0,-3.971333313E1,4.143911568E1
6.538828787E1,9.555210114E0,7.087055683E0,-3.950044250E1,4.125304057E1
6.539827587E1,9.431404114E0,7.238124371E0,-3.955593872E1,4.130392374E1
6.540826387E1,9.401527405E0,7.192744255E0,-3.960359192E1,4.133483737E1
6.541825187E1,9.451483727E0,7.116824150E0,-3.972138977E1,4.144597129E1
6.542823987E1,9.554068565E0,7.147390842E0,-3.977507019E1,4.152615598E1
6.543822787E1,9.489398956E0,7.048349857E0,-3.972622681E1,4.144756959E1
6.544821587E1,9.605031013E0,7.041316986E0,-3.974139404E1,4.148753025E1
6.545820387E1,9.523486137E0,7.017253876E0,-3.987049866E1,4.158840347E1
6.546819187E1,9.555786133E0,7.014051437E0,-3.991244507E1,4.163548051E1
6.547817987E1,9.497244835E0,7.050669193E0,-3.977311707E1,4.149470372E1
6.548816787E1,9.483094215E0,6.997865677E0,-3.967320251E1,4.138673939E1
6.549815587E1,9.468947411E0,7.113086700E0,-3.984532166E1,4.156809624E1
6.550814387E1,9.323351860E0,7.145563126E0,-3.979566956E1,4.149312326E1
6.551813187E1,9.350608826E0,7.164794445E0,-3.991561890E1,4.161760201E1
6.552811987E1,9.436535835E0,7.169700146E0,-3.985278320E1,4.157760380E1
6.553810787E1,9.359897614E0,7.139047146E0,-3.974765015E1,4.145418398E1
6.554809687E1,9.495931625E0,7.146140099E0,-3.972677612E1,4.146633305E1
6.555808487E1,9.423785210E0,7.103774548E0,-3.977659607E1,4.149034750E1
6.556807287E1,9.366454124E0,7.160411358E0,-3.972383118E1,4.143651430E1
6.557806087E1,9.381105423E0,7.080557346E0,-3.970469666E1,4.140775734E1
6.558804887E1,9.450083733E0,7.177556515E0,-3.953675842E1,4.127925225E1
6.559803687E1,9.401130676E0,7.120738983E0,-3.966769409E1,4.138371825E1
6.560802487E1,9.492351532E0,7.175576687E0,-3.983795166E1,4.157710946E1
6.561801287E1,9.376417160E0,7.044593334E0,-3.985691833E1,4.154656945E1
6.562800087E1,9.554525375E0,7.128252506E0,-3.981970215E1,4.156572648E1
6.563798887E1,9.411173820E0,7.184384823E0,-3.997021484E1,4.168697222E1
6.564797687E1,9.510219574E0,7.213994980E0,-3.985386658E1,4.160308499E1
6.565796487E1,9.532459259E0,7.021949768E0,-3.994015503E1,4.165803094E1
6.566795287E1,9.481731415E0,7.016140938E0,-3.984843445E1,4.155751668E1
6.567794087E1,9.607738495E0,7.065137863E0,-3.981175232E1,4.155960099E1
6.568792887E1,9.460190773E0,7.106547832E0,-3.965199280E1,4.137969024E1
6.569791687E1,9.546864510E0,7.017567635E0,-3.996171570E1,4.168126197E1
6.570790487E1,9.522999763E0,7.113661766E0,-3.986624146E1,4.160058793E1
6.571789287E1,9.475916862E0,6.996101379E0,-3.984869385E1,4.155306049E1
6.572788187E1,9.540358543E0,7.000892162E0,-3.966380310E1,4.139140259E1
6.573786987E1,9.453513145E0,7.165569782E0,-3.995309448E1,4.167690079E1
6.574785787E1,9.329580307E0,7.149191380E0,-3.982078552E1,4.151923609E1
6.575784587E1,9.407200813E0,6.984719753E0,-3.973753357E1,4.142889464E1
6.576783387E1,9.480587006E0,7.065059185E0,-3.972084045E1,4.144323537E1
6.577782187E1,9.550049782E0,6.982508659E0,-3.982487488E1,4.154490988E1
6.578780987E1,9.368440628E0,7.168350220E0,-3.968809509E1,4.140407971E1
6.579779787E1,9.429482460E0,7.015781403E0,-3.992886353E1,4.162271580E1
6.580778587E1,9.425799370E0,7.036533833E0,-3.983308411E1,4.153351769E1
6.581777387E1,9.401335716E0,6.765501499E0,-3.986076355E1,4.150948801E1
6.582776187E1,9.468965530E0,6.849565506E0,-3.986652374E1,4.154416410E1
6.583774987E1,9.600157738E0,6.724344254E0,-3.998931122E1,4.167163119E1
6.584773787E1,9.642746925E0,6.796172619E0,-3.979282379E1,4.150469077E1
6.585772587E1,9.708575249E0,6.846329212E0,-4.003820038E1,4.176345468E1
6.586771387E1,9.657120705E0,6.912095070E0,-4.003691864E1,4.176112897E1
6.587770187E1,9.583431244E0,6.962501526E0,-3.995475006E1,4.167374035E1
6.588768987E1,9.577032089E0,6.969981670E0,-3.981420135E1,4.153878691E1
6.589767787E1,9.614377022E0,6.918480396E0,-3.990784454E1,4.162856799E1
6.590766687E1,9.625246048E0,6.883202076E0,-3.994522858E1,4.166107438E1
6.591765487E1,9.606114388E0,6.822489738E0,-3.992377472E1,4.162609263E1
6.592764287E1,9.590746880E0,6.813681126E0,-3.974169159E1,4.144648027E1
6.593763087E1,9.665754318E0,6.774376392E0,-3.991199493E1,4.162074389E1
6.594761887E1,9.733680725E0,6.765995502E0,-3.988884735E1,4.161301934E1
6.595760687E1,9.720101357E0,6.787341595E0,-3.980142975E1,4.152953390E1
6.596759487E1,9.535675049E0,6.876618385E0,-3.973606110E1,4.143876845E1
6.597758287E1,9.487595558E0,6.975459099E0,-3.984803009E1,4.155161851E1
6.598757087E1,9.477175713E0,6.956400394E0,-3.968677521E1,4.139140602E1
6.599755887E1,9.453065872E0,6.892684937E0,-3.981740570E1,4.150054646E1
6.600754687E1,9.443551064E0,6.828179836E0,-3.988124847E1,4.154899128E1
6.601753487E1,9.440264702E0,6.895467758E0,-3.975058746E1,4.143398698E1
6.602752287E1,9.383887291E0,6.837901115E0,-3.973111725E1,4.139294517E1
6.603751087E1,9.520566940E0,6.815382004E0,-3.965847015E1,4.135075431E1
6.604749887E1,9.351801872E0,6.812618732E0,-3.977269745E1,4.142143690E1
6.605748687E1,9.468917847E0,6.854426861E0,-3.971308136E1,4.139773428E1
6.606747487E1,9.460375786E0,6.922019005E0,-3.976866913E1,4.146034372E1
6.607746287E1,9.394479752E0,7.135539055E0,-3.977356720E1,4.148624851E1
6.608745087E1,9.404171944E0,7.094255447E0,-3.978112030E1,4.148860618E1
6.609743887E1,9.498057365E0,6.945902824E0,-3.979224396E1,4.149555806E1
6.610742787E1,9.513010025E0,7.006192684E0,-3.972698212E1,4.144655841E1
6.611741587E1,9.529655457E0,6.921865463E0,-3.958838654E1,4.130335220E1
6.612740387E1,9.529655457E0,6.921865463E0,-3.958838654E1,4.130335220E1
6.613739187E1,9.515857697E0,6.913169384E0,-3.978937531E1,4.149141894E1
6.614737987E1,9.608449936E0,7.032898903E0,-3.977013397E1,4.151442561E1
6.615736787E1,9.550858498E0,7.005671024E0,-3.988813019E1,4.160962935E1
6.616735508E1,9.611894608E0,6.877703667E0,-3.966434479E1,4.138781914E1
6.617734308E1,9.546260834E0,7.019803047E0,-3.969402313E1,4.142492249E1
6.618733108E1,9.578886032E0,7.047692776E0,-3.963578033E1,4.138139816E1
6.619731908E1,9.525088310E0,6.951033592E0,-3.965320587E1,4.136932331E1
6.620730708E1,9.562108040E0,6.929800034E0,-3.947548676E1,4.120400579E1
6.621729508E1,9.608972549E0,6.980716228E0,-3.970078278E1,4.143929181E1
6.622728308E1,9.722454071E0,7.016568184E0,-3.958363342E1,4.135967090E1
6.623727108E1,9.414892197E0,6.979451656E0,-3.969955444E1,4.139332752E1
6.624725908E1,9.588063240E0,7.105927467E0,-3.975009155E1,4.150295098E1
6.625724708E1,9.378673553E0,7.148331165E0,-3.980244446E1,4.151256124E1
6.626723508E1,9.443335533E0,7.096432209E0,-3.966914368E1,4.139054114E1
6.627722308E1,9.270873070E0,7.226843834E0,-3.988986206E1,4.158578428E1
6.628721208E1,9.500211716E0,7.095067978E0,-3.966032410E1,4.139487069E1
6.629720008E1,9.586988449E0,6.867177486E0,-3.976293945E1,4.147480956E1
6.630718808E1,9.687180519E0,6.795909882E0,-3.956405640E1,4.129576753E1
6.631717608E1,9.653638840E0,6.791236401E0,-3.997882080E1,4.168476637E1
6.632716408E1,9.606356621E0,6.911684990E0,-3.984414673E1,4.156452220E1
6.633715208E1,9.529335022E0,6.939012527E0,-4.007325745E1,4.177109148E1
6.634714008E1,9.750590324E0,6.991698742E0,-3.997221375E1,4.173410757E1
6.635712808E1,9.633316040E0,6.929605007E0,-3.991424561E1,4.164093185E1
6.636711608E1,9.596642494E0,6.998692513E0,-3.996595764E1,4.169358481E1
6.637710408E1,9.664570808E0,6.940087795E0,-3.996307373E1,4.169671461E1
6.638709208E1,9.679678917E0,6.927021503E0,-3.997059631E1,4.170525603E1
6.639708008E1,9.489466667E0,7.033499718E0,-3.994227600E1,4.165219692E1
6.640706808E1,9.619570732E0,6.933871269E0,-3.976655579E1,4.149691158E1
6.641705608E1,9.517420769E0,6.901029587E0,-3.994960022E1,4.164343964E1
6.642704408E1,9.656792641E0,6.918688774E0,-3.996481323E1,4.169302334E1
6.643703208E1,9.574505806E0,6.801947117E0,-3.996066284E1,4.165083698E1
6.644702008E1,9.673323631E0,6.853844166E0,-3.990097046E1,4.162494220E1
6.645700808E1,9.636541367E0,6.720364571E0,-3.995576477E1,4.164720120E1
6.646699608E1,9.734556198E0,6.708704472E0,-3.971337891E1,4.143574259E1
6.647698408E1,9.805679321E0,6.801370144E0,-3.989056396E1,4.163732792E1
6.648697308E1,9.562944412E0,6.993742943E0,-3.975964355E1,4.148724625E1
6.649696108E1,9.626237869E0,6.985552311E0,-3.979504395E1,4.153441849E1
6.650694908E1,9.603960991E0,7.110436440E0,-3.981753540E1,4.157199175E1
6.651693708E1,9.595907211E0,7.026285648E0,-3.991584778E1,4.165003036E1
6.652692508E1,9.604727745E0,7.025139332E0,-3.980433655E1,4.154501878E1
6.653691308E1,9.452252388E0,7.176785469E0,-3.978717041E1,4.151951654E1
6.654690108E1,9.469604492E0,7.253217220E0,-3.974375916E1,4.149516792E1
6.655688908E1,9.449949265E0,7.245660782E0,-3.984696960E1,4.158824507E1
6.656687708E1,9.372364044E0,7.234220982E0,-3.983518982E1,4.155740017E1
6.657686508E1,9.477508545E0,7.213674068E0,-3.982716370E1,4.156997991E1
6.658685308E1,9.323073387E0,7.232605457E0,-3.968743896E1,4.140438492E1
6.659684108E1,9.329813004E0,7.207821846E0,-3.983692932E1,4.154490395E1
6.660682908E1,9.258386612E0,7.342905045E0,-3.977850342E1,4.149656987E1
6.661681708E1,9.255076408E0,7.311052322E0,-3.977243042E1,4.148438437E1
6.662680508E1,9.315787315E0,7.466828823E0,-3.970985413E1,4.146576830E1
6.663679308E1,9.219853401E0,7.412983418E0,-3.962621307E1,4.135450136E1
6.664678108E1,9.181236267E0,7.518362045E0,-3.963324738E1,4.137167104E1
6.665676908E1,9.333308220E0,7.395540714E0,-3.969980621E1,4.144730725E1
6.666675708E1,9.312686920E0,7.437662601E0,-3.964437103E1,4.139711484E1
6.667674508E1,9.417844772E0,7.263129234E0,-3.953701019E1,4.128709267E1
6.668673408E1,9.315788269E0,7.286341190E0,-3.960985565E1,4.133781978E1
6.669672208E1,9.278314590E0,7.404541969E0,-3.967768097E1,4.141536829E1
6.670671008E1,9.406315804E0,7.319646358E0,-3.972760773E1,4.147696729E1
6.671669808E1,9.431131363E0,7.197447777E0,-3.977756500E1,4.150908540E1
6.672668608E1,9.350309372E0,7.226047039E0,-3.967870331E1,4.140100889E1
6.673667408E1,9.375402451E0,7.146673203E0,-3.979489899E1,4.150430212E1
6.674666208E1,9.263428688E0,7.167200565E0,-3.956198883E1,4.125931210E1
6.675665008E1,9.237334251E0,7.287442684E0,-3.974669647E1,4.145159883E1
6.676663808E1,9.268114090E0,7.160653591E0,-3.982360077E1,4.151014426E1
6.677662608E1,9.293913841E0,7.346141338E0,-3.969232941E1,4.142250162E1
6.678661408E1,9.213011742E0,7.410187244E0,-3.959131622E1,4.131903654E1
6.679660208E1,9.278482437E0,7.259228230E0,-3.964836884E1,4.136157374E1
6.680659008E1,9.348246574E0,7.279609203E0,-3.968547821E1,4.141641709E1
6.681657808E1,9.263418198E0,7.299829960E0,-3.969945526E1,4.141431132E1
6.682656608E1,9.333556175E0,7.210703373E0,-3.988918304E1,4.159635126E1
6.683655408E1,9.334993362E0,7.149205208E0,-3.989360809E1,4.159030179E1
6.684654208E1,9.394098282E0,7.133852482E0,-3.993320465E1,4.163894532E1
6.685653008E1,9.445196152E0,7.164446831E0,-3.985019684E1,4.157618569E1
6.686651808E1,9.375423431E0,7.057171822E0,-3.973361969E1,4.143021569E1
6.687650608E1,9.499918938E0,7.083065033E0,-3.994384003E1,4.166447679E1
6.688649408E1,9.596219063E0,7.112506866E0,-3.979090118E1,4.154504773E1
6.689648308E1,9.459188461E0,7.095375538E0,-3.988875580E1,4.160448821E1
6.690647108E1,9.317043304E0,7.118335724E0,-3.987886810E1,4.156683919E1
6.691645908E1,9.612362862E0,6.866772652E0,-3.995586395E1,4.166558713E1
6.692644708E1,9.533557892E0,6.953817368E0,-3.982054901E1,4.153216134E1
6.693643508E1,9.625791550E0,6.937273979E0,-3.993000031E1,4.165557055E1
6.694642308E1,9.474635124E0,6.953131676E0,-3.998892975E1,4.168008221E1
6.695641108E1,9.606423378E0,7.075635910E0,-3.998537445E1,4.172742699E1
6.696639908E1,9.504567146E0,7.060124397E0,-3.991133881E1,4.163048304E1
6.697638708E1,9.504567146E0,7.060124397E0,-3.991133881E1,4.163048304E1
6.698637508E1,9.499091148E0,7.131597519E0,-4.000870514E1,4.173474455E1
6.699636308E1,9.433651924E0,7.197055340E0,-3.998578644E1,4.170916579E1
6.700635108E1,9.404067993E0,7.112081528E0,-3.996659088E1,4.166949226E1
6.701633908E1,9.347889900E0,7.113276958E0,-4.000226593E1,4.169128247E1
6.702632708E1,9.494102478E0,7.055150986E0,-3.991031647E1,4.162627173E1
6.703631508E1,9.447382927E0,7.087974548E0,-3.990485382E1,4.161597993E1
6.704630308E1,9.425772667E0,7.147590160E0,-3.984387970E1,4.156281974E1
6.705629108E1,9.308617592E0,7.170026302E0,-3.973957062E1,4.144023542E1
6.706627908E1,9.555836678E0,7.127977371E0,-3.973007965E1,4.148013145E1
6.707626708E1,9.425682068E0,7.054967880E0,-3.978626251E1,4.149171892E1
6.708625508E1,9.376336098E0,7.179141998E0,-3.971627045E1,4.143474263E1
6.709624308E1,9.253929138E0,7.259162426E0,-3.974915314E1,4.145269375E1
6.710623208E1,9.415294647E0,7.156053543E0,-3.974004364E1,4.146236781E1
6.711622008E1,9.469768524E0,7.164870262E0,-3.970355988E1,4.144133864E1
6.712620808E1,9.464564323E0,7.239971161E0,-3.977153778E1,4.151831376E1
6.713619608E1,9.425270081E0,7.253562450E0,-3.990013885E1,4.163497286E1
6.714618408E1,9.417634010E0,7.295276165E0,-3.999300385E1,4.172952481E1
6.715617208E1,9.236045837E0,7.337756634E0,-3.991658783E1,4.162308493E1
6.716616083E1,9.286155701E0,7.343974113E0,-3.981005096E1,4.153320119E1
6.717614883E1,9.202369690E0,7.339685440E0,-3.988248444E1,4.158325571E1